{
"type": "FeatureCollection",
"name": "phi_mm-millbrook",
"crs": { "type": "name", "properties": { "name": "urn:ogc:def:crs:EPSG::27700" } },
"features": [
{"type":"Feature","properties":{"mainhabs":"Deciduous woodland","habcodes":"DWOOD","featdesc":null,"featcodes":null,"otherclass":null,"addhabs":null,"primsource":"National Forest Inventory 2023 (DWOOD)","areaha":0.04,"version":"Sep_25","uid":"PHID49953761_023956823","shape_length":null,"shape_area":null},"geometry":{"type":"MultiPolygon","coordinates":[[[[499524.62,239545.54],[499528.32,239555.34],[499539.21999999997206,239582.34],[499543.32,239592.24],[499550.615600000019185,239589.7483],[499532.62,239545.94],[499528.520000000018626,239536.14000000001397],[499526.727599999983795,239533.1954],[499524.62,239545.54]]]]}},
{"type":"Feature","properties":{"mainhabs":"Deciduous woodland","habcodes":"DWOOD","featdesc":null,"featcodes":null,"otherclass":null,"addhabs":null,"primsource":"National Forest Inventory 2023 (DWOOD)","areaha":0.67,"version":"Sep_25","uid":"PHID49958641_023955940","shape_length":null,"shape_area":null},"geometry":{"type":"MultiPolygon","coordinates":[[[[499565.553699999989476,239584.6465],[499566.196,239584.4271],[499586.378000000026077,239593.600100000010571],[499602.179899999988265,239592.356999999989057],[499607.479,239589.5],[499635.26,239597.769999999989523],[499647.349999999976717,239599.950000000011642],[499658.650000000023283,239602.72],[499667.960000000020955,239607.28],[499687.38,239618.18],[499694.650000000023283,239624.87],[499698.71999999997206,239627.170000000012806],[499701.520000000018626,239627.32],[499702.340399999986403,239627.252],[499714.0168999999878,239610.897999999986496],[499709.424899999983609,239606.924999999988358],[499690.690899999986868,239590.7171],[499632.767999999981839,239561.3621],[499616.78000000002794,239541.7051],[499611.74,239520.9901],[499590.830000000016298,239558.769999999989523],[499542.770000000018626,239529.79],[499529.94,239514.3801],[499528.393099999986589,239523.4406],[499527.983,239522.26500000001397],[499525.12699999997858,239511.266],[499520.745999999984633,239498.12],[499519.042000000015832,239494.833000000013271],[499512.347,239491.487],[499513.782,239496.892],[499517.270000000018626,239496.631],[499518.528,239499.057999999989988],[499522.825000000011642,239511.948],[499525.685,239522.962999999988824],[499527.558000000019092,239528.3316],[499528.886,239532.138],[499531.881,239539.522],[499538.452,239552.13200000001234],[499543.534999999974389,239563.676],[499547.854,239571.665],[499550.787000000011176,239575.049],[499554.941,239578.00099999998929],[499559.347,239580.938],[499562.273999999975786,239583.377],[499563.26569999998901,239585.4279],[499565.553699999989476,239584.6465]]]]}},
{"type":"Feature","properties":{"mainhabs":"Deciduous woodland","habcodes":"DWOOD","featdesc":null,"featcodes":null,"otherclass":null,"addhabs":null,"primsource":"National Forest Inventory 2023 (DWOOD)","areaha":7.24,"version":"Sep_25","uid":"PHID49958793_023941651","shape_length":null,"shape_area":null},"geometry":{"type":"MultiPolygon","coordinates":[[[[499506.19,239439.04],[499506.21999999997206,239439.34],[499506.32,239440.04],[499506.520000000018626,239440.64000000001397],[499507.020000000018626,239441.24],[499507.82,239441.84],[499508.62,239442.24],[499511.099999999976717,239443.63],[499535.96999999997206,239457.6],[499583.21999999997206,239483.04],[499610.520000000018626,239498.14000000001397],[499663.919999999983702,239528.74],[499695.71999999997206,239546.64000000001397],[499747.75,239576.69],[499767.25,239588.69],[499789.75,239602.99],[499836.799999999988358,239632.4],[499850.0,239640.9],[499889.669999999983702,239666.579999999987194],[499908.770000000018626,239679.480000000010477],[499955.37,239713.579999999987194],[499968.5869,239724.503],[499986.682900000014342,239739.304],[499982.797100000025239,239747.2848],[500000.0,239760.60999999998603],[500000.76,239761.170000000012806],[500019.26,239775.34],[500037.56,239789.94],[500055.960000000020955,239804.94],[500080.960000000020955,239824.54],[500083.460000000020955,239826.54],[500089.26,239831.64000000001397],[500094.960000000020955,239835.94],[500102.159999999974389,239842.64000000001397],[500105.0599,239839.54],[500108.485900000028778,239842.391],[500118.951899999985471,239851.041999999986729],[500120.683599999989383,239850.029199999989942],[500121.207999999984168,239850.473],[500126.960000000020955,239855.34],[500137.159999999974389,239863.94],[500167.06,239889.44],[500172.26,239893.94],[500181.35999999998603,239902.44],[500195.159999999974389,239914.74],[500208.75,239926.13],[500213.849999999976717,239930.43],[500231.75,239946.730000000010477],[500245.049999999988358,239958.53],[500258.349999999976717,239970.63],[500270.549999999988358,239981.829999999987194],[500274.349999999976717,239985.13],[500283.629000000015367,239993.916999999986729],[500287.01400000002468,239989.736],[500266.049999999988358,239967.63],[500246.950000000011642,239948.329999999987194],[500230.650000000023283,239931.93],[500215.450000000011642,239915.829999999987194],[500204.150000000023283,239904.13],[500181.450000000011642,239880.829999999987194],[500162.75,239861.53],[500149.650000000023283,239848.329999999987194],[500124.549999999988358,239822.43],[500102.349999999976717,239799.63],[500101.108,239798.337999999988824],[500095.596000000019558,239804.7357],[500095.419999999983702,239804.94],[500093.96999999997206,239804.200000000011642],[500092.590000000025611,239803.6],[500090.919999999983702,239803.01],[500089.450000000011642,239802.62],[500088.169999999983702,239801.93],[500069.99,239783.10999999998603],[500068.909999999974389,239782.18],[500067.38,239781.26],[500065.53000000002794,239780.49],[500063.53000000002794,239779.420000000012806],[500061.53000000002794,239778.5],[500059.38,239777.10999999998603],[500057.69,239775.730000000010477],[500055.849999999976717,239774.04],[500051.700000000011642,239770.35],[500048.01,239766.97],[500045.849999999976717,239764.66],[500044.01,239761.59],[500042.01,239757.13],[500041.090000000025611,239754.829999999987194],[500040.01,239753.13],[500021.049999999988358,239733.53],[500001.150000000023283,239713.56],[500000.0,239712.43],[499992.150000000023283,239704.730000000010477],[499986.549999999988358,239699.03],[499980.950000000011642,239693.93],[499955.049999999988358,239669.53],[499946.549999999988358,239661.230000000010477],[499929.450000000011642,239645.91],[499922.5,239639.769999999989523],[499880.020000000018626,239607.14000000001397],[499868.520000000018626,239600.04],[499867.919999999983702,239600.09],[499867.31,239600.10999999998603],[499866.700000000011642,239600.10999999998603],[499866.090000000025611,239600.07],[499865.479999999981374,239600.019999999989523],[499864.87,239599.93],[499864.270000000018626,239599.829999999987194],[499863.669999999983702,239599.700000000011642],[499863.07,239599.56],[499862.479999999981374,239599.4],[499861.900000000023283,239599.22],[499861.32,239599.03],[499860.74,239598.81],[499860.169999999983702,239598.579999999987194],[499859.60999999998603,239598.329999999987194],[499859.049999999988358,239598.06],[499858.5,239597.769999999989523],[499857.960000000020955,239597.46],[499857.44,239597.13],[499856.919999999983702,239596.79],[499856.419999999983702,239596.43],[499855.93,239596.049999999988358],[499855.460000000020955,239595.66],[499855.0,239595.25],[499854.56,239594.82],[499853.960000000020955,239594.200000000011642],[499853.38,239593.579999999987194],[499852.799999999988358,239592.93],[499852.24,239592.28],[499851.69,239591.62],[499851.150000000023283,239590.950000000011642],[499850.10999999998603,239589.57],[499849.10999999998603,239588.170000000012806],[499848.150000000023283,239586.730000000010477],[499847.68,239586.01],[499847.21999999997206,239585.28],[499846.659999999974389,239584.31],[499846.159999999974389,239583.31],[499845.710000000020955,239582.28],[499845.330000000016298,239581.22],[499845.020000000018626,239580.15],[499844.909999999974389,239579.59],[499844.85999999998603,239579.03],[499844.840000000025611,239578.46],[499844.87,239577.89000000001397],[499844.93,239577.32],[499845.01,239576.75],[499845.12,239576.170000000012806],[499845.24,239575.59],[499845.37,239575.019999999989523],[499845.60999999998603,239573.85999999998603],[499845.71999999997206,239573.29],[499845.81,239572.71],[499845.88,239572.14000000001397],[499845.909999999974389,239571.57],[499845.909999999974389,239571.0],[499845.85999999998603,239570.44],[499845.76,239569.88],[499845.599999999976717,239569.26],[499845.419999999983702,239568.65],[499845.21999999997206,239568.04],[499844.99,239567.44],[499844.75,239566.85],[499844.479999999981374,239566.269999999989523],[499844.200000000011642,239565.69],[499843.900000000023283,239565.12],[499843.580000000016298,239564.56],[499843.25,239564.0],[499842.900000000023283,239563.46],[499842.539999999979045,239562.920000000012806],[499842.18,239562.39000000001397],[499841.799999999988358,239561.85999999998603],[499841.020000000018626,239560.84],[499840.62,239560.34],[499839.840000000025611,239559.38],[499839.039999999979045,239558.44],[499838.24,239557.51],[499837.419999999983702,239556.579999999987194],[499836.580000000016298,239555.670000000012806],[499835.74,239554.769999999989523],[499834.88,239553.88],[499834.020000000018626,239553.0],[499830.409999999974389,239549.450000000011642],[499826.75,239545.96],[499823.049999999988358,239542.5],[499819.340000000025611,239539.06],[499809.599999999976717,239530.43],[499800.641,239523.098999999987427],[499799.53000000002794,239522.19],[499795.849999999976717,239519.51],[499792.0,239517.07],[499788.080000000016298,239514.72],[499784.200000000011642,239512.31],[499780.460000000020955,239509.71],[499776.659999999974389,239506.79],[499772.94,239503.769999999989523],[499769.28000000002794,239500.68],[499765.669999999983702,239497.519999999989523],[499762.12,239494.299999999988358],[499756.539999999979045,239488.88],[499751.150000000023283,239483.26],[499745.729999999981374,239477.66],[499740.10999999998603,239472.29],[499735.21999999997206,239468.18],[499730.18,239464.24],[499725.159999999974389,239460.29],[499720.299999999988358,239456.15],[499713.659999999974389,239450.07],[499707.06,239443.950000000011642],[499700.49,239437.81],[499694.7869,239432.328100000013364],[499681.409999999974389,239419.47],[499678.789999999979045,239417.53],[499676.099999999976717,239415.700000000011642],[499673.37,239413.94],[499670.599999999976717,239412.21],[499667.830000000016298,239410.5],[499665.06,239408.769999999989523],[499662.330000000016298,239407.0],[499646.19,239395.99],[499645.03000000002794,239395.10999999998603],[499643.909999999974389,239394.15],[499642.849999999976717,239393.10999999998603],[499641.849999999976717,239392.01],[499640.93,239390.85],[499640.080000000016298,239389.64000000001397],[499639.330000000016298,239388.38],[499638.669999999983702,239387.07],[499638.12,239385.72],[499637.81,239384.81],[499637.520000000018626,239383.89000000001397],[499637.26,239382.97],[499637.01,239382.04],[499636.770000000018626,239381.10999999998603],[499636.549999999988358,239380.18],[499636.330000000016298,239379.24],[499635.700000000011642,239376.420000000012806],[499635.46999999997206,239375.480000000010477],[499635.24,239374.549999999988358],[499635.0,239373.62],[499634.74,239372.700000000011642],[499634.450000000011642,239371.78],[499633.76,239369.64000000001397],[499633.020000000018626,239367.51],[499632.19,239365.420000000012806],[499631.21999999997206,239363.41],[499630.049999999988358,239361.51],[499629.710000000020955,239361.049999999988358],[499629.340000000025611,239360.60999999998603],[499628.950000000011642,239360.19],[499628.53000000002794,239359.799999999988358],[499628.090000000025611,239359.43],[499627.64000000001397,239359.079999999987194],[499627.159999999974389,239358.75],[499626.659999999974389,239358.44],[499626.150000000023283,239358.14000000001397],[499625.63,239357.87],[499625.090000000025611,239357.60999999998603],[499624.539999999979045,239357.37],[499623.979999999981374,239357.15],[499623.409999999974389,239356.94],[499622.840000000025611,239356.75],[499622.25,239356.579999999987194],[499621.669999999983702,239356.41],[499620.49,239356.13],[499619.900000000023283,239356.01],[499619.32,239355.9],[499618.729999999981374,239355.799999999988358],[499618.150000000023283,239355.71],[499617.580000000016298,239355.64000000001397],[499616.400000000023283,239355.49],[499615.210000000020955,239355.35999999998603],[499614.03000000002794,239355.24],[499612.840000000025611,239355.13],[499605.71999999997206,239354.53],[499604.539999999979045,239354.420000000012806],[499603.349999999976717,239354.299999999988358],[499602.169999999983702,239354.170000000012806],[499594.400000000023283,239353.39000000001397],[499586.76,239351.97],[499586.169999999983702,239351.76],[499585.60999999998603,239351.49],[499585.090000000025611,239351.170000000012806],[499584.599999999976717,239350.799999999988358],[499584.13,239350.38],[499583.69,239349.93],[499583.270000000018626,239349.44],[499582.87,239348.920000000012806],[499582.49,239348.37],[499582.13,239347.81],[499581.770000000018626,239347.230000000010477],[499581.43,239346.64000000001397],[499581.090000000025611,239346.04],[499580.43,239344.85999999998603],[499580.099999999976717,239344.28],[499579.770000000018626,239343.71],[499579.43,239343.16],[499578.43,239341.68],[499577.39000000001397,239340.200000000011642],[499576.35999999998603,239338.71],[499575.37,239337.200000000011642],[499574.46999999997206,239335.65],[499573.71999999997206,239334.06],[499573.150000000023283,239332.41],[499572.82,239330.69],[499572.76,239330.0],[499572.729999999981374,239329.299999999988358],[499572.71999999997206,239328.60999999998603],[499572.729999999981374,239327.91],[499572.770000000018626,239327.22],[499572.82,239326.519999999989523],[499572.900000000023283,239325.829999999987194],[499572.99,239325.13],[499573.090000000025611,239324.44],[499573.200000000011642,239323.74],[499573.460000000020955,239322.35999999998603],[499573.599999999976717,239321.66],[499574.159999999974389,239318.9],[499574.289999999979045,239318.22],[499575.020000000018626,239315.1],[499575.88,239312.0],[499576.68,239308.89000000001397],[499577.21999999997206,239305.75],[499577.28000000002794,239305.03],[499577.270000000018626,239304.32],[499577.21999999997206,239303.6],[499577.13,239302.89000000001397],[499576.99,239302.18],[499576.81,239301.47],[499576.590000000025611,239300.769999999989523],[499576.340000000025611,239300.079999999987194],[499576.06,239299.39000000001397],[499575.75,239298.72],[499575.419999999983702,239298.07],[499575.06,239297.43],[499574.68,239296.81],[499574.492000000027474,239296.519999999989523],[499574.289999999979045,239296.21],[499573.849999999976717,239295.57],[499573.39000000001397,239294.93],[499572.919999999983702,239294.299999999988358],[499572.44,239293.69],[499571.950000000011642,239293.079999999987194],[499571.44,239292.480000000010477],[499570.919999999983702,239291.89000000001397],[499570.39000000001397,239291.31],[499569.849999999976717,239290.75],[499569.299999999988358,239290.200000000011642],[499568.729999999981374,239289.66],[499568.150000000023283,239289.14000000001397],[499567.56,239288.63],[499566.950000000011642,239288.14000000001397],[499566.07,239287.450000000011642],[499565.159999999974389,239286.79],[499564.24,239286.14000000001397],[499563.31,239285.519999999989523],[499562.349999999976717,239284.93],[499561.39000000001397,239284.35],[499560.409999999974389,239283.799999999988358],[499559.419999999983702,239283.26],[499558.419999999983702,239282.75],[499557.419999999983702,239282.269999999989523],[499556.49,239281.93],[499555.51,239281.730000000010477],[499554.479999999981374,239281.62],[499553.44,239281.56],[499552.39000000001397,239281.519999999989523],[499551.37,239281.450000000011642],[499550.38,239281.31],[499549.460000000020955,239281.06],[499548.62,239280.66],[499547.88,239280.07],[499547.5,239279.670000000012806],[499547.12,239279.28],[499546.74,239278.88],[499546.37,239278.480000000010477],[499546.0,239278.07],[499545.63,239277.670000000012806],[499544.89000000001397,239276.85],[499544.53000000002794,239276.44],[499544.159999999974389,239276.03],[499543.44,239275.21],[499543.080000000016298,239274.79],[499542.35999999998603,239273.97],[499542.0,239273.549999999988358],[499541.64000000001397,239273.14000000001397],[499541.270000000018626,239272.730000000010477],[499531.74,239261.72],[499529.900000000023283,239259.88],[499527.960000000020955,239258.15],[499525.94,239256.5],[499523.87,239254.9],[499519.68,239251.769999999989523],[499517.60999999998603,239250.170000000012806],[499515.590000000025611,239248.519999999989523],[499498.71999999997206,239233.84],[499491.909999999974389,239227.44],[499485.51,239220.64000000001397],[499484.25,239219.12],[499483.049999999988358,239217.54],[499481.94,239215.9],[499480.88,239214.22],[499479.89000000001397,239212.49],[499478.950000000011642,239210.74],[499478.07,239208.950000000011642],[499477.21999999997206,239207.15],[499476.419999999983702,239205.34],[499477.825000000011642,239203.742],[499467.520000000018626,239191.84],[499466.12,239188.84],[499462.71999999997206,239179.14000000001397],[499459.71999999997206,239167.84],[499454.520000000018626,239153.04],[499450.020000000018626,239143.04],[499446.82,239137.04],[499443.12,239132.44],[499433.520000000018626,239122.74],[499424.62,239113.44],[499414.82,239103.24],[499409.32,239098.14000000001397],[499405.020000000018626,239092.44],[499401.21999999997206,239086.54],[499396.43,239078.03],[499391.53000000002794,239068.230000000010477],[499387.830000000016298,239059.43],[499384.830000000016298,239050.329999999987194],[499376.770000000018626,239050.19],[499374.62,239041.950000000011642],[499372.69,239033.64000000001397],[499370.409999999974389,239024.41],[499368.330000000016298,239015.13],[499366.770000000018626,239000.0],[499364.9903,238982.708000000013271],[499363.595900000014808,238969.16],[499362.060699999972712,238954.244],[499362.055999999982305,238954.199],[499361.03000000002794,238944.230000000010477],[499360.405099999974482,238939.231],[499360.229999999981374,238937.829999999987194],[499360.03090000001248,238935.839],[499359.63,238931.829999999987194],[499359.43,238925.03],[499359.43,238915.230000000010477],[499360.229999999981374,238897.63],[499361.43,238888.230000000010477],[499363.229999999981374,238878.230000000010477],[499364.63,238865.829999999987194],[499364.479999999981374,238864.51],[499364.32,238863.19],[499364.13,238861.87],[499363.919999999983702,238860.56],[499363.700000000011642,238859.25],[499363.46999999997206,238857.94],[499363.229999999981374,238856.63],[499363.090000000025611,238855.96],[499362.94,238855.29],[499362.76,238854.62],[499362.56,238853.96],[499362.340000000025611,238853.31],[499362.099999999976717,238852.66],[499361.830000000016298,238852.03],[499361.53000000002794,238851.39000000001397],[499361.19,238850.769999999989523],[499360.830000000016298,238850.170000000012806],[499360.450000000011642,238849.579999999987194],[499360.039999999979045,238849.0],[499359.62,238848.43],[499358.74,238847.31],[499358.289999999979045,238846.769999999989523],[499357.830000000016298,238846.230000000010477],[499357.450000000011642,238845.799999999988358],[499357.06,238845.38],[499356.659999999974389,238844.96],[499356.24,238844.57],[499355.81,238844.18],[499355.35999999998603,238843.81],[499354.909999999974389,238843.46],[499354.44,238843.13],[499353.950000000011642,238842.82],[499353.460000000020955,238842.53],[499352.950000000011642,238842.269999999989523],[499352.43,238842.03],[499351.039999999979045,238841.519999999989523],[499349.60999999998603,238841.12],[499348.159999999974389,238840.79],[499346.69,238840.51],[499345.229999999981374,238840.230000000010477],[499344.68,238840.10999999998603],[499344.12,238839.99],[499343.549999999988358,238839.85],[499342.99,238839.72],[499341.849999999976717,238839.46],[499341.28000000002794,238839.35],[499340.71999999997206,238839.26],[499340.150000000023283,238839.18],[499339.580000000016298,238839.13],[499339.020000000018626,238839.10999999998603],[499338.46999999997206,238839.13],[499337.909999999974389,238839.18],[499337.37,238839.28],[499336.830000000016298,238839.43],[499327.830000000016298,238844.230000000010477],[499327.039999999979045,238844.68],[499326.24,238845.12],[499324.659999999974389,238846.019999999989523],[499323.85999999998603,238846.47],[499322.28000000002794,238847.37],[499321.5,238847.829999999987194],[499320.710000000020955,238848.299999999988358],[499319.94,238848.769999999989523],[499319.159999999974389,238849.25],[499318.39000000001397,238849.730000000010477],[499317.63,238850.230000000010477],[499316.75,238850.88],[499315.94,238851.62],[499315.18,238852.43],[499314.479999999981374,238853.299999999988358],[499313.830000000016298,238854.200000000011642],[499313.200000000011642,238855.14000000001397],[499312.60999999998603,238856.079999999987194],[499312.03000000002794,238857.03],[499310.99,238858.79],[499310.5,238859.69],[499310.020000000018626,238860.59],[499309.549999999988358,238861.5],[499309.12,238862.43],[499308.700000000011642,238863.35999999998603],[499308.31,238864.31],[499307.960000000020955,238865.26],[499307.63,238866.230000000010477],[499307.51,238866.63],[499307.32,238867.26],[499307.06,238868.31],[499306.830000000016298,238869.37],[499306.650000000023283,238870.44],[499306.5,238871.51],[499306.430999999982305,238872.128999999986263],[499306.38,238872.59],[499306.299999999988358,238873.670000000012806],[499306.25,238874.75],[499306.229999999981374,238875.829999999987194],[499306.24,238876.94],[499306.270000000018626,238878.049999999988358],[499306.340000000025611,238879.16],[499306.43,238880.26],[499306.549999999988358,238881.37],[499306.700000000011642,238882.47],[499306.88,238883.56],[499307.090000000025611,238884.65],[499307.330000000016298,238885.730000000010477],[499307.400000000023283,238889.09],[499307.580000000016298,238892.450000000011642],[499307.89000000001397,238895.799999999988358],[499308.330000000016298,238899.13],[499310.07,238908.85999999998603],[499312.13,238918.53],[499313.25,238923.35999999998603],[499314.46999999997206,238928.170000000012806],[499315.46999999997206,238931.885],[499315.76,238932.96],[499317.13,238937.730000000010477],[499318.809,238942.560999999986961],[499319.580000000016298,238944.78],[499322.35999999998603,238951.72],[499324.93,238958.730000000010477],[499328.24,238969.53],[499331.289999999979045,238980.4],[499334.13,238991.329999999987194],[499336.14000000001397,239000.0],[499336.849999999976717,239003.079999999987194],[499339.13,239014.93],[499339.69,239018.93],[499340.32,239022.920000000012806],[499341.039999999979045,239026.9],[499341.89000000001397,239030.84],[499342.93,239034.72],[499344.07,239038.57],[499345.090000000025611,239042.44],[499346.479999999981374,239049.049999999988358],[499347.89000000001397,239055.64000000001397],[499349.210000000020955,239060.670000000012806],[499350.44,239064.81],[499361.68,239109.74],[499346.299999999988358,239095.0],[499342.9386,239091.5955],[499341.615,239092.7401],[499342.87,239093.91],[499360.349999999976717,239110.96],[499362.797000000020489,239113.378999999986263],[499369.099999999976717,239119.60999999998603],[499369.520000000018626,239119.920000000012806],[499380.19,239131.49],[499393.200000000011642,239145.420000000012806],[499394.10999999998603,239146.1],[499404.549999999988358,239158.96],[499411.82,239167.43],[499417.03000000002794,239174.03],[499421.78000000002794,239180.85],[499426.0,239186.91],[499429.520000000018626,239192.730000000010477],[499430.669999999983702,239194.34],[499434.539999999979045,239200.019999999989523],[499438.53000000002794,239207.579999999987194],[499439.900000000023283,239210.54],[499442.43,239215.37],[499445.13,239220.700000000011642],[499449.85999999998603,239231.09],[499453.960000000020955,239241.28],[499458.32,239251.54],[499464.12,239266.14000000001397],[499475.520000000018626,239294.24],[499476.12,239295.44],[499478.419999999983702,239301.04],[499480.82,239308.64000000001397],[499480.919999999983702,239308.84],[499482.62,239314.04],[499483.520000000018626,239317.14000000001397],[499485.21999999997206,239323.74],[499485.62,239325.04],[499486.82,239330.04],[499487.32,239332.44],[499488.32,239337.74],[499490.12,239347.94],[499491.62,239359.14000000001397],[499493.419999999983702,239372.14000000001397],[499495.62,239389.94],[499497.62,239407.64000000001397],[499499.12,239421.64000000001397],[499500.12,239432.04],[499500.32,239437.54],[499500.340000000025611,239439.25],[499504.020000000018626,239439.14000000001397],[499506.19,239439.04]],[[499608.539999999979045,239425.31],[499608.85999999998603,239425.32],[499611.200000000011642,239425.670000000012806],[499613.520000000018626,239426.19],[499615.830000000016298,239426.78],[499616.63,239426.99],[499617.6411,239427.2397],[499618.25,239427.39000000001397],[499619.87,239427.81],[499621.46999999997206,239428.269999999989523],[499622.26,239428.519999999989523],[499623.049999999988358,239428.79],[499623.830000000016298,239429.07],[499624.599999999976717,239429.38],[499625.35999999998603,239429.72],[499627.18,239430.730000000010477],[499628.87,239431.96],[499630.450000000011642,239433.35],[499631.960000000020955,239434.82],[499633.43,239436.32],[499635.679,239438.568999999988591],[499636.830000000016298,239439.72],[499638.479999999981374,239441.47],[499640.039999999979045,239443.29],[499644.07,239448.43],[499644.32,239448.74],[499644.56,239449.04],[499644.799999999988358,239449.35],[499645.049999999988358,239449.65],[499645.53000000002794,239450.269999999989523],[499645.78000000002794,239450.57],[499646.020000000018626,239450.88],[499646.270000000018626,239451.18],[499646.520000000018626,239451.49],[499646.76,239451.79],[499647.01,239452.1],[499647.14000000001397,239452.25],[499647.270000000018626,239452.41],[499647.419999999983702,239452.56],[499647.57,239452.72],[499647.89000000001397,239453.019999999989523],[499648.06,239453.16],[499648.24,239453.299999999988358],[499648.599999999976717,239453.56],[499648.789999999979045,239453.670000000012806],[499648.96999999997206,239453.769999999989523],[499649.169999999983702,239453.85999999998603],[499649.35999999998603,239453.93],[499649.549999999988358,239453.99],[499649.74,239454.03],[499649.93,239454.049999999988358],[499650.12,239454.049999999988358],[499650.31,239454.04],[499650.49,239454.0],[499650.68,239453.93],[499651.44,239453.51],[499652.13,239452.96],[499652.770000000018626,239452.329999999987194],[499653.979999999981374,239451.0],[499654.210000000020955,239450.74],[499654.44,239450.47],[499654.5051,239450.393099999986589],[499654.659999999974389,239450.21],[499654.87,239449.93],[499655.090000000025611,239449.66],[499655.299999999988358,239449.38],[499655.5,239449.1],[499655.919999999983702,239448.54],[499656.13,239448.269999999989523],[499656.349999999976717,239447.99],[499656.57,239447.730000000010477],[499656.799999999988358,239447.46],[499657.28000000002794,239446.96],[499657.62,239446.670000000012806],[499657.99,239446.420000000012806],[499658.400000000023283,239446.22],[499658.82,239446.049999999988358],[499659.26,239445.91],[499659.71999999997206,239445.799999999988358],[499660.18,239445.71],[499660.650000000023283,239445.64000000001397],[499661.590000000025611,239445.54],[499662.049999999988358,239445.49],[499662.849999999976717,239445.43],[499663.26,239445.41],[499663.669999999983702,239445.4],[499664.5,239445.420000000012806],[499664.909999999974389,239445.450000000011642],[499665.32,239445.5],[499665.71999999997206,239445.56],[499666.12,239445.64000000001397],[499666.51,239445.74],[499666.89000000001397,239445.87],[499667.26,239446.01],[499667.60999999998603,239446.18],[499667.960000000020955,239446.37],[499668.28000000002794,239446.59],[499669.520000000018626,239447.64000000001397],[499670.63,239448.829999999987194],[499671.669999999983702,239450.09],[499672.69,239451.35999999998603],[499672.960000000020955,239451.72],[499673.21999999997206,239452.09],[499673.46999999997206,239452.47],[499673.700000000011642,239452.85999999998603],[499673.93,239453.26],[499674.159999999974389,239453.65],[499674.38,239454.06],[499674.60999999998603,239454.450000000011642],[499674.840000000025611,239454.85],[499675.07,239455.24],[499675.31,239455.62],[499675.57,239455.99],[499675.830000000016298,239456.35],[499676.12,239456.69],[499676.419999999983702,239457.01],[499676.74,239457.32],[499677.090000000025611,239457.6],[499677.840000000025611,239458.07],[499678.659999999974389,239458.420000000012806],[499679.51,239458.700000000011642],[499680.39000000001397,239458.93],[499681.270000000018626,239459.170000000012806],[499682.13,239459.450000000011642],[499682.960000000020955,239459.799999999988358],[499683.39000000001397,239460.01],[499683.830000000016298,239460.21],[499684.28000000002794,239460.41],[499684.71999999997206,239460.62],[499685.150000000023283,239460.84],[499685.56,239461.079999999987194],[499685.950000000011642,239461.35],[499686.31,239461.66],[499686.63,239462.0],[499688.49,239464.730000000010477],[499690.299999999988358,239467.5],[499693.599999999976717,239471.91],[499694.900000000023283,239473.730000000010477],[499696.169999999983702,239475.57],[499697.03000000002794,239476.920000000012806],[499697.85999999998603,239478.299999999988358],[499698.669999999983702,239479.69],[499699.46999999997206,239481.079999999987194],[499699.75,239481.59],[499700.0,239482.12],[499700.229999999981374,239482.65],[499700.460000000020955,239483.19],[499700.900000000023283,239484.269999999989523],[499701.14000000001397,239484.81],[499701.39000000001397,239485.329999999987194],[499701.669999999983702,239485.85],[499701.99,239486.37],[499702.349999999976717,239486.87],[499702.729999999981374,239487.35],[499703.14000000001397,239487.81],[499703.57,239488.25],[499704.020000000018626,239488.68],[499704.479999999981374,239489.1],[499704.950000000011642,239489.5],[499705.44,239489.89000000001397],[499705.93,239490.269999999989523],[499706.419999999983702,239490.64000000001397],[499711.7291,239493.548799999989569],[499716.85999999998603,239496.35999999998603],[499717.25,239497.269999999989523],[499717.580000000016298,239498.200000000011642],[499717.87,239499.15],[499718.12,239500.10999999998603],[499718.35999999998603,239501.07],[499718.460000000020955,239501.54],[499718.539999999979045,239502.019999999989523],[499718.599999999976717,239502.5],[499718.650000000023283,239502.980000000010477],[499718.69,239503.46],[499718.75,239504.920000000012806],[499718.76,239505.4],[499718.799999999988358,239506.38],[499718.830000000016298,239506.85999999998603],[499718.87,239507.34],[499718.93,239507.82],[499719.0,239508.299999999988358],[499719.090000000025611,239508.769999999989523],[499719.159999999974389,239509.07],[499719.24,239509.37],[499719.330000000016298,239509.68],[499719.43,239509.980000000010477],[499719.539999999979045,239510.29],[499719.659999999974389,239510.6],[499719.789999999979045,239510.9],[499719.93,239511.200000000011642],[499720.090000000025611,239511.49],[499720.25,239511.769999999989523],[499720.419999999983702,239512.04],[499720.60999999998603,239512.31],[499720.799999999988358,239512.56],[499721.01,239512.79],[499721.21999999997206,239513.01],[499721.450000000011642,239513.22],[499721.69,239513.4],[499721.94,239513.56],[499722.200000000011642,239513.700000000011642],[499722.479999999981374,239513.82],[499722.76,239513.91],[499723.94,239514.15],[499726.340000000025611,239514.43],[499727.53000000002794,239514.64000000001397],[499728.270000000018626,239514.84],[499729.0,239515.049999999988358],[499729.729999999981374,239515.28],[499730.460000000020955,239515.5],[499731.19,239515.730000000010477],[499731.93,239515.93],[499732.669999999983702,239516.10999999998603],[499733.01,239516.18],[499733.349999999976717,239516.230000000010477],[499733.700000000011642,239516.26],[499734.039999999979045,239516.28],[499734.74,239516.28],[499735.44,239516.24],[499735.799999999988358,239516.21],[499736.849999999976717,239516.12],[499737.210000000020955,239516.09],[499737.56,239516.06],[499738.26,239516.019999999989523],[499738.960000000020955,239516.019999999989523],[499739.31,239516.04],[499739.659999999974389,239516.07],[499740.0,239516.10999999998603],[499740.349999999976717,239516.21],[499740.659999999974389,239516.4],[499740.94,239516.64000000001397],[499741.210000000020955,239516.91],[499741.729999999981374,239517.51],[499742.0,239517.79],[499742.289999999979045,239518.03],[499742.599999999976717,239518.21],[499742.94,239518.31],[499743.979999999981374,239518.41],[499745.03000000002794,239518.41],[499746.080000000016298,239518.34],[499747.14000000001397,239518.26],[499748.19,239518.200000000011642],[499749.24,239518.200000000011642],[499750.229999999981374,239518.3047],[499750.28000000002794,239518.31],[499752.60999999998603,239518.74],[499754.93,239519.24],[499757.25,239519.78],[499757.88,239519.94],[499758.5,239520.1],[499759.13,239520.28],[499759.76,239520.450000000011642],[499760.38,239520.64000000001397],[499761.0,239520.82],[499761.62,239521.019999999989523],[499762.25,239521.21],[499762.85999999998603,239521.41],[499763.479999999981374,239521.60999999998603],[499763.909999999974389,239521.769999999989523],[499764.330000000016298,239521.93],[499764.75,239522.12],[499765.159999999974389,239522.329999999987194],[499765.57,239522.549999999988358],[499765.960000000020955,239522.79],[499766.349999999976717,239523.049999999988358],[499766.71999999997206,239523.32],[499767.080000000016298,239523.60999999998603],[499767.419999999983702,239523.920000000012806],[499767.75,239524.24],[499768.06,239524.57],[499768.349999999976717,239524.920000000012806],[499768.62,239525.28],[499768.94,239525.79],[499769.200000000011642,239526.329999999987194],[499769.419999999983702,239526.89000000001397],[499769.599999999976717,239527.46],[499769.75,239528.049999999988358],[499769.88,239528.65],[499769.99,239529.26],[499770.229999999981374,239530.480000000010477],[499770.35999999998603,239531.079999999987194],[499770.51,239531.670000000012806],[499770.700000000011642,239532.25],[499770.919999999983702,239532.81],[499771.19,239533.35],[499771.35999999998603,239533.66],[499771.53000000002794,239533.96],[499771.710000000020955,239534.269999999989523],[499772.090000000025611,239534.87],[499772.289999999979045,239535.170000000012806],[499772.49,239535.46],[499772.5783,239535.5778],[499772.700000000011642,239535.74],[499772.93,239536.019999999989523],[499773.159999999974389,239536.28],[499773.400000000023283,239536.53],[499773.650000000023283,239536.769999999989523],[499773.919999999983702,239536.99],[499774.200000000011642,239537.200000000011642],[499774.49,239537.39000000001397],[499775.049999999988358,239537.670000000012806],[499775.447999999974854,239537.796],[499775.650000000023283,239537.85999999998603],[499776.270000000018626,239537.99],[499776.919999999983702,239538.079999999987194],[499777.56,239538.16],[499778.200000000011642,239538.26],[499778.830000000016298,239538.39000000001397],[499779.43,239538.579999999987194],[499779.99,239538.85999999998603],[499781.599999999976717,239539.88],[499783.169999999983702,239540.97],[499784.710000000020955,239542.1],[499786.229999999981374,239543.26],[499787.169999999983702,239544.03],[499788.07,239544.829999999987194],[499789.85999999998603,239546.480000000010477],[499790.78000000002794,239547.28],[499791.729999999981374,239548.03],[499792.96999999997206,239548.85999999998603],[499794.270000000018626,239549.59],[499795.62,239550.25],[499796.99,239550.87],[499798.35999999998603,239551.480000000010477],[499799.729999999981374,239552.10999999998603],[499801.07,239552.78],[499802.37,239553.53],[499802.960000000020955,239553.9],[499803.549999999988358,239554.28],[499804.710000000020955,239555.06],[499805.849999999976717,239555.88],[499806.400000000023283,239556.31],[499806.950000000011642,239556.75],[499807.479999999981374,239557.21],[499807.99,239557.670000000012806],[499808.49,239558.16],[499808.96999999997206,239558.670000000012806],[499809.419999999983702,239559.18],[499809.849999999976717,239559.700000000011642],[499810.26,239560.25],[499810.64000000001397,239560.81],[499811.01,239561.39000000001397],[499811.35999999998603,239561.980000000010477],[499811.68,239562.579999999987194],[499811.8506,239562.910200000012992],[499811.99,239563.18],[499812.270000000018626,239563.799999999988358],[499812.51,239564.35999999998603],[499812.71999999997206,239564.920000000012806],[499812.919999999983702,239565.480000000010477],[499813.10999999998603,239566.06],[499813.43,239567.22],[499813.57,239567.81],[499813.700000000011642,239568.4],[499813.82,239568.99],[499813.919999999983702,239569.579999999987194],[499814.020000000018626,239570.18],[499814.10999999998603,239570.769999999989523],[499814.150000000023283,239571.079999999987194],[499814.18,239571.38],[499814.200000000011642,239571.69],[499814.21999999997206,239572.01],[499814.229999999981374,239572.32],[499814.229999999981374,239572.63],[499814.21999999997206,239572.94],[499814.210000000020955,239573.26],[499814.19,239573.57],[499814.159999999974389,239573.89000000001397],[499814.12,239574.200000000011642],[499814.020000000018626,239574.82],[499813.960000000020955,239575.13],[499813.88,239575.43],[499813.81,239575.730000000010477],[499813.71999999997206,239576.03],[499813.62,239576.329999999987194],[499813.520000000018626,239576.62],[499813.400000000023283,239576.91],[499813.28000000002794,239577.19],[499813.150000000023283,239577.47],[499813.01,239577.74],[499812.85999999998603,239578.0],[499812.69,239578.26],[499812.5,239578.51],[499812.299999999988358,239578.76],[499812.080000000016298,239579.0],[499811.849999999976717,239579.24],[499811.599999999976717,239579.46],[499811.340000000025611,239579.670000000012806],[499811.080000000016298,239579.87],[499810.799999999988358,239580.049999999988358],[499810.520000000018626,239580.21],[499810.229999999981374,239580.35999999998603],[499809.94,239580.49],[499809.64000000001397,239580.59],[499809.349999999976717,239580.68],[499809.049999999988358,239580.730000000010477],[499808.75,239580.76],[499808.450000000011642,239580.76],[499808.159999999974389,239580.74],[499807.87,239580.68],[499806.450000000011642,239580.25],[499805.06,239579.74],[499803.69,239579.14000000001397],[499802.37,239578.480000000010477],[499801.03000000002794,239577.769999999989523],[499799.700000000011642,239577.06],[499798.37,239576.34],[499797.06,239575.59],[499795.76,239574.81],[499771.919999999983702,239558.670000000012806],[499752.479999999981374,239546.56],[499739.82,239540.14000000001397],[499729.520000000018626,239534.64000000001397],[499697.12,239516.84],[499682.71999999997206,239508.74],[499670.020000000018626,239501.54],[499658.520000000018626,239494.64000000001397],[499646.919999999983702,239487.74],[499613.919999999983702,239467.14000000001397],[499600.82,239459.64000000001397],[499592.13,239454.170000000012806],[499602.12,239434.64000000001397],[499604.82,239427.88],[499604.99,239427.60999999998603],[499605.19,239427.34],[499605.400000000023283,239427.079999999987194],[499605.63,239426.82],[499605.88,239426.579999999987194],[499606.14000000001397,239426.35],[499606.409999999974389,239426.13],[499606.69,239425.93],[499606.979999999981374,239425.76],[499607.28000000002794,239425.60999999998603],[499607.590000000025611,239425.49],[499607.900000000023283,239425.39000000001397],[499608.21999999997206,239425.329999999987194],[499608.539999999979045,239425.31]]]]}},
{"type":"Feature","properties":{"mainhabs":"Deciduous woodland","habcodes":"DWOOD","featdesc":null,"featcodes":null,"otherclass":null,"addhabs":null,"primsource":"National Forest Inventory 2023 (DWOOD)","areaha":0.47,"version":"Sep_25","uid":"PHID49974486_024048890","shape_length":null,"shape_area":null},"geometry":{"type":"MultiPolygon","coordinates":[[[[499710.10999999998603,240500.31],[499711.700000000011642,240500.71],[499714.12,240502.200000000011642],[499716.229999999981374,240503.920000000012806],[499718.150000000023283,240506.049999999988358],[499727.979999999981374,240520.39000000001397],[499739.01,240537.41],[499742.10999999998603,240536.35999999998603],[499752.599999999976717,240530.5],[499775.599999999976717,240518.5],[499793.74,240508.89000000001397],[499792.900000000023283,240507.6],[499789.599999999976717,240503.0],[499789.099999999976717,240502.299999999988358],[499786.299999999988358,240498.1],[499782.900000000023283,240493.5],[499777.200000000011642,240486.6],[499769.5,240476.1],[499769.46999999997206,240476.049999999988358],[499768.43,240474.47],[499763.0,240466.59],[499760.400000000023283,240467.799999999988358],[499759.400000000023283,240468.299999999988358],[499757.299999999988358,240469.1],[499756.900000000023283,240469.299999999988358],[499752.799999999988358,240471.1],[499746.700000000011642,240473.6],[499737.799999999988358,240477.299999999988358],[499734.0,240478.799999999988358],[499721.900000000023283,240483.9],[499710.919999999983702,240488.769999999989523],[499710.400000000023283,240489.0],[499702.700000000011642,240492.5],[499694.599999999976717,240496.200000000011642],[499687.400000000023283,240499.6],[499679.599999999976717,240503.1],[499675.900000000023283,240504.700000000011642],[499675.599999999976717,240504.799999999988358],[499674.700000000011642,240505.200000000011642],[499673.700000000011642,240505.4],[499673.400000000023283,240505.4],[499672.200000000011642,240505.0],[499671.099999999976717,240504.700000000011642],[499670.0,240504.200000000011642],[499669.200000000011642,240503.799999999988358],[499668.400000000023283,240503.200000000011642],[499667.700000000011642,240502.6],[499667.599999999976717,240502.4],[499667.0,240501.4],[499666.599999999976717,240500.299999999988358],[499666.5,240499.700000000011642],[499666.5,240498.799999999988358],[499671.900000000023283,240495.6],[499675.200000000011642,240493.9],[499685.200000000011642,240488.799999999988358],[499695.900000000023283,240483.1],[499700.299999999988358,240481.0],[499704.700000000011642,240479.200000000011642],[499715.400000000023283,240474.9],[499719.799999999988358,240472.9],[499720.5,240472.6],[499722.299999999988358,240471.799999999988358],[499727.200000000011642,240469.0],[499732.0,240466.1],[499738.599999999976717,240462.0],[499750.400000000023283,240454.5],[499758.599999999976717,240449.799999999988358],[499757.200000000011642,240444.6],[499756.900000000023283,240442.9],[499756.700000000011642,240441.4],[499756.700000000011642,240440.39000000001397],[499750.400000000023283,240443.9],[499740.200000000011642,240449.700000000011642],[499728.799999999988358,240456.200000000011642],[499716.599999999976717,240463.200000000011642],[499703.799999999988358,240470.200000000011642],[499675.799999999988358,240486.0],[499663.12,240493.049999999988358],[499659.799999999988358,240494.9],[499655.8197,240497.1745],[499659.728,240507.62599999998929],[499665.60999999998603,240516.01],[499670.74,240514.15],[499676.700000000011642,240511.730000000010477],[499682.340000000025611,240509.35],[499688.19,240506.62],[499693.81,240503.59],[499699.830000000016298,240500.94],[499701.539999999979045,240500.31],[499703.909999999974389,240499.799999999988358],[499706.419999999983702,240499.670000000012806],[499709.169999999983702,240500.07],[499710.10999999998603,240500.31]]]]}},
{"type":"Feature","properties":{"mainhabs":"Deciduous woodland","habcodes":"DWOOD","featdesc":null,"featcodes":null,"otherclass":null,"addhabs":null,"primsource":"National Forest Inventory 2023 (DWOOD)","areaha":0.09,"version":"Sep_25","uid":"PHID49979087_024012330","shape_length":null,"shape_area":null},"geometry":{"type":"MultiPolygon","coordinates":[[[[499758.93,240073.96],[499755.244200000015553,240075.3739],[499756.979999999981374,240079.43],[499759.979999999981374,240084.730000000010477],[499763.18,240090.329999999987194],[499764.28000000002794,240092.43],[499766.080000000016298,240095.730000000010477],[499767.580000000016298,240098.230000000010477],[499769.979999999981374,240101.93],[499773.03000000002794,240106.0],[499774.03000000002794,240107.4],[499776.63,240110.799999999988358],[499781.13,240116.5],[499783.63,240119.4],[499786.729999999981374,240122.9],[499787.830000000016298,240124.0],[499791.729999999981374,240127.6],[499803.03000000002794,240138.6],[499807.63,240143.200000000011642],[499814.13,240149.5],[499815.729999999981374,240151.0],[499816.94,240152.730000000010477],[499817.919999999983702,240154.53],[499819.150000000023283,240156.730000000010477],[499820.210000000020955,240159.43],[499820.700000000011642,240161.12],[499821.200000000011642,240163.200000000011642],[499821.799999999988358,240165.6],[499822.200000000011642,240168.4],[499822.5,240171.799999999988358],[499822.5,240175.299999999988358],[499822.200000000011642,240178.4],[499821.799999999988358,240181.299999999988358],[499821.5,240183.700000000011642],[499821.0,240186.4],[499820.700000000011642,240187.6],[499819.700000000011642,240190.799999999988358],[499816.299999999988358,240201.0],[499810.700000000011642,240217.9],[499804.0,240237.6],[499800.5,240248.700000000011642],[499800.599999999976717,240249.5],[499800.900000000023283,240250.799999999988358],[499801.400000000023283,240251.9],[499801.700000000011642,240252.4],[499802.400000000023283,240253.1],[499803.799999999988358,240254.299999999988358],[499804.299999999988358,240254.799999999988358],[499804.700000000011642,240255.299999999988358],[499805.479999999981374,240255.76],[499806.0,240253.700000000011642],[499805.0,240249.200000000011642],[499805.0,240247.200000000011642],[499808.799999999988358,240234.4],[499815.299999999988358,240215.4],[499816.799999999988358,240210.5],[499821.099999999976717,240196.9],[499822.900000000023283,240191.5],[499823.0,240191.0],[499824.099999999976717,240186.4],[499824.900000000023283,240181.9],[499825.700000000011642,240176.799999999988358],[499826.200000000011642,240172.700000000011642],[499826.400000000023283,240170.4],[499826.5,240168.6],[499826.5,240165.700000000011642],[499826.299999999988358,240164.299999999988358],[499825.900000000023283,240162.0],[499825.599999999976717,240161.1],[499823.299999999988358,240154.4],[499820.099999999976717,240145.299999999988358],[499819.13,240143.5],[499814.43,240140.799999999988358],[499812.63,240139.6],[499812.03000000002794,240139.1],[499810.830000000016298,240138.0],[499802.63,240130.799999999988358],[499795.729999999981374,240124.299999999988358],[499790.43,240119.4],[499787.93,240117.200000000011642],[499786.43,240115.799999999988358],[499783.13,240112.1],[499781.43,240110.200000000011642],[499778.330000000016298,240106.4],[499776.13,240103.6],[499774.03000000002794,240100.5],[499772.43,240098.0],[499769.93,240093.9],[499767.13,240089.1],[499764.03000000002794,240084.1],[499762.229999999981374,240080.9],[499759.93,240076.5],[499758.93,240073.96]]]]}},
{"type":"Feature","properties":{"mainhabs":"Deciduous woodland","habcodes":"DWOOD","featdesc":null,"featcodes":null,"otherclass":null,"addhabs":null,"primsource":"National Forest Inventory 2023 (DWOOD)","areaha":1.69,"version":"Sep_25","uid":"PHID49979204_023991317","shape_length":null,"shape_area":null},"geometry":{"type":"MultiPolygon","coordinates":[[[[499857.195,239950.488000000012107],[499858.121999999973923,239956.048],[499859.62300000002142,239964.73499999998603],[499861.809,239972.151000000012573],[499862.593,239972.174999999988358],[499865.681999999971595,239972.268000000010943],[499864.183000000019092,239969.769999999989523],[499862.147,239964.071],[499860.685999999986961,239955.612],[499859.707,239949.742],[499859.142999999981839,239948.453],[499860.21999999997206,239947.19],[499860.210000000020955,239947.22],[499860.85999999998603,239946.41],[499866.973999999987427,239936.653],[499873.971000000019558,239925.488000000012107],[499875.2106,239923.5097],[499875.465000000025611,239922.71],[499885.783999999985099,239905.644],[499889.31339999998454,239893.7738],[499853.210000000020955,239868.46],[499856.951300000015181,239861.1003],[499845.303000000014435,239854.049999999988358],[499835.381,239850.082],[499832.206,239845.715999999985797],[499820.701,239836.351],[499794.950000000011642,239826.35999999998603],[499786.14000000001397,239840.420000000012806],[499775.637999999977183,239850.276000000012573],[499753.663999999989755,239873.057999999989988],[499732.2502,239883.6243],[499732.278999999980442,239884.46],[499724.910900000017136,239887.2458],[499724.712,239887.321],[499701.12,239896.24],[499702.10999999998603,239898.5],[499703.07,239900.72],[499704.10999999998603,239903.1],[499705.200000000011642,239905.6],[499706.400000000023283,239908.35],[499707.62,239911.14000000001397],[499701.900000000023283,239913.59],[499693.893099999986589,239917.0172],[499727.93,240000.0],[499736.85999999998603,239996.948],[499748.32,239997.18],[499748.69,239994.1],[499747.669999999983702,239990.72],[499744.710000000020955,239981.01],[499744.700000000011642,239960.6],[499745.450000000011642,239955.64000000001397],[499745.85999999998603,239952.9],[499745.06,239949.200000000011642],[499745.32,239947.66],[499745.62,239946.14000000001397],[499746.299999999988358,239943.1],[499746.599999999976717,239941.87],[499746.950000000011642,239940.64000000001397],[499747.37,239939.450000000011642],[499747.900000000023283,239938.299999999988358],[499748.020000000018626,239938.10999999998603],[499748.159999999974389,239937.920000000012806],[499748.330000000016298,239937.76],[499748.520000000018626,239937.60999999998603],[499748.71999999997206,239937.47],[499748.94,239937.35999999998603],[499749.169999999983702,239937.25],[499749.409999999974389,239937.170000000012806],[499749.650000000023283,239937.1],[499749.900000000023283,239937.049999999988358],[499750.150000000023283,239937.019999999989523],[499750.400000000023283,239937.01],[499750.64000000001397,239937.019999999989523],[499750.87,239937.049999999988358],[499751.099999999976717,239937.1],[499751.37,239937.170000000012806],[499752.99,239937.65],[499753.26,239937.74],[499753.53000000002794,239937.82],[499753.789999999979045,239937.91],[499754.06,239938.0],[499754.330000000016298,239938.1],[499754.590000000025611,239938.19],[499754.849999999976717,239938.29],[499755.12,239938.39000000001397],[499755.64000000001397,239938.59],[499755.900000000023283,239938.700000000011642],[499757.12,239939.200000000011642],[499758.330000000016298,239939.71],[499759.5,239940.299999999988358],[499760.080000000016298,239940.670000000012806],[499760.62,239941.1],[499761.159999999974389,239941.54],[499761.710000000020955,239941.950000000011642],[499762.299999999988358,239942.299999999988358],[499762.599999999976717,239942.43],[499762.919999999983702,239942.54],[499763.24,239942.62],[499763.57,239942.68],[499763.900000000023283,239942.700000000011642],[499764.419999999983702,239942.700000000011642],[499764.669999999983702,239942.69],[499764.93,239942.670000000012806],[499765.450000000011642,239942.60999999998603],[499765.700000000011642,239942.56],[499765.960000000020955,239942.51],[499766.210000000020955,239942.450000000011642],[499766.460000000020955,239942.38],[499766.700000000011642,239942.299999999988358],[499766.919999999983702,239942.200000000011642],[499767.13,239942.049999999988358],[499767.32,239941.89000000001397],[499767.5,239941.71],[499767.69,239941.53],[499767.88,239941.35999999998603],[499768.080000000016298,239941.21],[499768.299999999988358,239941.1],[499768.450000000011642,239941.04],[499768.60999999998603,239940.99],[499768.950000000011642,239940.93],[499769.12,239940.91],[499769.289999999979045,239940.91],[499769.450000000011642,239940.93],[499769.60999999998603,239940.97],[499769.76,239941.019999999989523],[499769.900000000023283,239941.1],[499770.039999999979045,239941.230000000010477],[499770.14000000001397,239941.39000000001397],[499770.169999999983702,239941.480000000010477],[499770.200000000011642,239941.579999999987194],[499770.21999999997206,239941.78],[499770.229999999981374,239941.89000000001397],[499770.229999999981374,239942.68],[499770.25,239942.9],[499770.270000000018626,239943.0],[499770.299999999988358,239943.1],[499770.450000000011642,239943.53],[499770.60999999998603,239943.96],[499770.789999999979045,239944.38],[499770.99,239944.79],[499771.200000000011642,239945.200000000011642],[499771.419999999983702,239945.6],[499771.659999999974389,239945.99],[499771.909999999974389,239946.38],[499772.159999999974389,239946.76],[499772.700000000011642,239947.5],[499772.960000000020955,239947.82],[499773.24,239948.12],[499773.539999999979045,239948.4],[499773.849999999976717,239948.670000000012806],[499774.18,239948.920000000012806],[499774.88,239949.38],[499775.24,239949.59],[499775.60999999998603,239949.79],[499775.99,239949.99],[499776.35999999998603,239950.170000000012806],[499777.12,239950.53],[499777.5,239950.700000000011642],[499778.349999999976717,239951.06],[499779.210000000020955,239951.39000000001397],[499780.080000000016298,239951.71],[499780.950000000011642,239952.019999999989523],[499781.82,239952.35],[499782.669999999983702,239952.700000000011642],[499783.5,239953.1],[499784.299999999988358,239953.60999999998603],[499785.07,239954.18],[499785.849999999976717,239954.72],[499786.700000000011642,239955.1],[499786.950000000011642,239955.170000000012806],[499787.200000000011642,239955.230000000010477],[499787.460000000020955,239955.269999999989523],[499787.71999999997206,239955.29],[499787.979999999981374,239955.29],[499788.229999999981374,239955.26],[499788.46999999997206,239955.200000000011642],[499788.700000000011642,239955.1],[499788.82,239955.019999999989523],[499788.919999999983702,239954.91],[499789.020000000018626,239954.79],[499789.10999999998603,239954.66],[499789.19,239954.519999999989523],[499789.270000000018626,239954.39000000001397],[499789.35999999998603,239954.26],[499789.450000000011642,239954.14000000001397],[499789.539999999979045,239954.04],[499789.650000000023283,239953.96],[499789.770000000018626,239953.91],[499789.900000000023283,239953.9],[499790.10999999998603,239953.93],[499790.210000000020955,239953.950000000011642],[499790.409999999974389,239954.01],[499790.81,239954.170000000012806],[499790.900000000023283,239954.22],[499791.099999999976717,239954.299999999988358],[499791.650000000023283,239954.54],[499792.18,239954.799999999988358],[499793.24,239955.35999999998603],[499793.76,239955.64000000001397],[499794.299999999988358,239955.9],[499794.700000000011642,239956.06],[499795.10999999998603,239956.200000000011642],[499795.520000000018626,239956.299999999988358],[499795.950000000011642,239956.38],[499796.38,239956.44],[499796.82,239956.47],[499797.26,239956.480000000010477],[499797.700000000011642,239956.480000000010477],[499798.150000000023283,239956.46],[499799.03000000002794,239956.4],[499799.46999999997206,239956.35],[499799.900000000023283,239956.299999999988358],[499800.479999999981374,239956.230000000010477],[499801.07,239956.15],[499801.650000000023283,239956.06],[499802.24,239955.950000000011642],[499802.82,239955.82],[499803.38,239955.66],[499803.94,239955.47],[499804.479999999981374,239955.26],[499805.0,239955.0],[499805.5,239954.700000000011642],[499805.909999999974389,239954.43],[499806.31,239954.15],[499806.71999999997206,239953.87],[499807.12,239953.579999999987194],[499807.51,239953.29],[499807.909999999974389,239953.0],[499808.299999999988358,239952.700000000011642],[499809.539999999979045,239951.75],[499810.700000000011642,239950.700000000011642],[499810.789999999979045,239950.579999999987194],[499810.830000000016298,239950.44],[499810.830000000016298,239950.29],[499810.799999999988358,239950.13],[499810.75,239949.97],[499810.68,239949.799999999988358],[499810.590000000025611,239949.63],[499810.409999999974389,239949.269999999989523],[499810.340000000025611,239949.1],[499810.270000000018626,239948.920000000012806],[499810.229999999981374,239948.76],[499810.21999999997206,239948.6],[499810.24,239948.44],[499810.299999999988358,239948.299999999988358],[499810.37,239948.19],[499810.460000000020955,239948.079999999987194],[499810.539999999979045,239947.980000000010477],[499810.729999999981374,239947.79],[499810.840000000025611,239947.700000000011642],[499810.94,239947.60999999998603],[499811.049999999988358,239947.53],[499811.409999999974389,239947.32],[499811.650000000023283,239947.200000000011642],[499811.770000000018626,239947.15],[499811.900000000023283,239947.1],[499812.229999999981374,239946.99],[499812.56,239946.87],[499812.89000000001397,239946.769999999989523],[499813.21999999997206,239946.66],[499813.549999999988358,239946.56],[499813.89000000001397,239946.46],[499814.21999999997206,239946.35999999998603],[499814.56,239946.269999999989523],[499814.89000000001397,239946.170000000012806],[499815.229999999981374,239946.079999999987194],[499815.56,239945.99],[499815.900000000023283,239945.9],[499817.21999999997206,239945.579999999987194],[499818.56,239945.32],[499819.900000000023283,239945.1],[499820.270000000018626,239945.06],[499820.659999999974389,239945.03],[499821.049999999988358,239945.03],[499821.44,239945.06],[499821.830000000016298,239945.10999999998603],[499822.200000000011642,239945.200000000011642],[499822.56,239945.32],[499822.900000000023283,239945.47],[499823.21999999997206,239945.66],[499823.5,239945.9],[499823.68,239946.079999999987194],[499823.849999999976717,239946.26],[499824.169999999983702,239946.64000000001397],[499824.330000000016298,239946.84],[499824.479999999981374,239947.03],[499824.63,239947.24],[499824.770000000018626,239947.44],[499824.919999999983702,239947.65],[499825.06,239947.85],[499825.62,239948.69],[499825.76,239948.89000000001397],[499825.900000000023283,239949.1],[499826.479999999981374,239950.12],[499826.99,239951.200000000011642],[499827.549999999988358,239952.230000000010477],[499828.299999999988358,239953.1],[499828.669999999983702,239953.4],[499829.06,239953.68],[499829.450000000011642,239953.950000000011642],[499829.85999999998603,239954.21],[499830.270000000018626,239954.450000000011642],[499830.69,239954.69],[499831.10999999998603,239954.91],[499831.539999999979045,239955.13],[499832.419999999983702,239955.549999999988358],[499832.849999999976717,239955.75],[499833.289999999979045,239955.96],[499833.729999999981374,239956.16],[499834.169999999983702,239956.37],[499834.599999999976717,239956.579999999987194],[499835.039999999979045,239956.799999999988358],[499835.88,239957.26],[499836.299999999988358,239957.5],[499838.700000000011642,239959.1],[499838.849999999976717,239959.299999999988358],[499838.96999999997206,239959.5],[499842.520000000018626,239957.78],[499843.460000000020955,239957.32],[499844.400000000023283,239956.88],[499845.340000000025611,239956.450000000011642],[499846.289999999979045,239956.019999999989523],[499849.14000000001397,239954.76],[499850.099999999976717,239954.34],[499852.950000000011642,239953.079999999987194],[499853.89000000001397,239952.64000000001397],[499854.81,239952.16],[499855.69,239951.60999999998603],[499856.53000000002794,239950.99],[499857.195,239950.488000000012107]]]]}},
{"type":"Feature","properties":{"mainhabs":"Deciduous woodland","habcodes":"DWOOD","featdesc":null,"featcodes":null,"otherclass":null,"addhabs":null,"primsource":"National Forest Inventory 2023 (DWOOD)","areaha":0.04,"version":"Sep_25","uid":"PHID49985653_024020921","shape_length":null,"shape_area":null},"geometry":{"type":"MultiPolygon","coordinates":[[[[499860.028,240208.805],[499849.07,240182.528],[499842.289999999979045,240183.269999999989523],[499843.599999999976717,240186.200000000011642],[499849.0,240197.799999999988358],[499850.900000000023283,240201.5],[499852.0,240203.9],[499853.0,240206.299999999988358],[499853.900000000023283,240208.799999999988358],[499854.799999999988358,240211.700000000011642],[499855.400000000023283,240214.299999999988358],[499856.099999999976717,240216.799999999988358],[499859.14000000001397,240225.32],[499860.770000000018626,240228.799999999988358],[499861.99,240231.84],[499863.039999999979045,240235.59],[499863.89000000001397,240239.59],[499863.96999999997206,240244.549999999988358],[499863.78000000002794,240247.24],[499865.01,240244.85],[499866.28000000002794,240241.21],[499867.49,240239.57],[499869.99,240236.81],[499870.772999999986496,240235.651000000012573],[499870.772999999986496,240234.381],[499869.411000000021886,240230.780999999988126],[499862.939000000013039,240215.62400000001071],[499860.028,240208.805]]]]}},
{"type":"Feature","properties":{"mainhabs":"Deciduous woodland","habcodes":"DWOOD","featdesc":null,"featcodes":null,"otherclass":null,"addhabs":null,"primsource":"National Forest Inventory 2023 (DWOOD)","areaha":1.97,"version":"Sep_25","uid":"PHID49989039_023975417","shape_length":null,"shape_area":null},"geometry":{"type":"MultiPolygon","coordinates":[[[[499745.590000000025611,239657.769999999989523],[499743.229999999981374,239660.43],[499742.049999999988358,239663.230000000010477],[499742.427199999976438,239664.5042],[499742.789999999979045,239665.730000000010477],[499743.590000000025611,239668.0],[499750.816999999980908,239672.534000000014203],[499844.24,239731.14000000001397],[499826.934,239765.87400000001071],[499797.590000000025611,239824.769999999989523],[499838.53000000002794,239840.59],[499842.020000000018626,239842.15],[499887.419999999983702,239766.019999999989523],[499891.710000000020955,239768.66],[499895.950000000011642,239771.37],[499900.150000000023283,239774.170000000012806],[499904.289999999979045,239777.03],[499908.39000000001397,239779.99],[499912.38,239783.09],[499915.918,239786.13],[499916.210000000020955,239786.38],[499917.81,239787.85],[499919.38,239789.35],[499920.909999999974389,239790.9],[499922.37,239792.5],[499923.75,239794.170000000012806],[499925.020000000018626,239795.920000000012806],[499926.099999999976717,239797.56],[499927.169999999983702,239799.21],[499929.289999999979045,239802.53],[499930.35999999998603,239804.18],[499931.44,239805.829999999987194],[499938.039999999979045,239815.549999999988358],[499939.049999999988358,239816.799999999988358],[499940.14000000001397,239817.980000000010477],[499941.299999999988358,239819.10999999998603],[499942.5,239820.19],[499943.729999999981374,239821.230000000010477],[499945.020000000018626,239822.29],[499946.330000000016298,239823.329999999987194],[499947.669999999983702,239824.329999999987194],[499949.37,239825.41],[499991.51,239855.99],[499992.51,239855.920000000012806],[499993.51,239855.799999999988358],[499994.5,239855.65],[499995.49,239855.47],[499996.46999999997206,239855.25],[499997.450000000011642,239855.0],[499998.43,239854.72],[499999.39000000001397,239854.41],[500000.0,239854.19],[500001.150000000023283,239853.769999999989523],[500001.289999999979045,239853.71],[500002.21999999997206,239853.329999999987194],[500003.150000000023283,239852.920000000012806],[500004.06,239852.480000000010477],[500004.950000000011642,239852.03],[500005.840000000025611,239851.56],[500006.71999999997206,239851.049999999988358],[500007.599999999976717,239850.53],[500008.460000000020955,239849.97],[500009.31,239849.39000000001397],[500010.14000000001397,239848.79],[500010.94,239848.15],[500011.729999999981374,239847.49],[500012.479999999981374,239846.799999999988358],[500013.19,239846.079999999987194],[500013.88,239845.329999999987194],[500014.51,239844.549999999988358],[500015.10999999998603,239843.74],[500015.659999999974389,239842.9],[500016.150000000023283,239842.03],[500016.590000000025611,239841.19],[500017.01,239840.35],[500017.43,239839.5],[500017.830000000016298,239838.64000000001397],[500018.21999999997206,239837.78],[500018.599999999976717,239836.9],[500018.960000000020955,239836.03],[500019.31,239835.14000000001397],[500019.650000000023283,239834.25],[500019.960000000020955,239833.35999999998603],[500020.26,239832.46],[500020.539999999979045,239831.56],[500020.789999999979045,239830.65],[500021.03000000002794,239829.730000000010477],[500021.25,239828.81],[500021.44,239827.89000000001397],[500021.60999999998603,239826.96],[500021.75,239826.03],[500021.950000000011642,239824.60999999998603],[500022.159999999974389,239823.18],[500022.340000000025611,239821.75],[500022.49,239820.32],[500022.580000000016298,239818.89000000001397],[500022.60999999998603,239817.46],[500022.549999999988358,239816.03],[500022.46999999997206,239815.06],[500022.37,239814.079999999987194],[500022.24,239813.10999999998603],[500022.080000000016298,239812.14000000001397],[500021.88,239811.19],[500021.63,239810.25],[500021.32,239809.329999999987194],[500020.950000000011642,239808.43],[500020.729999999981374,239807.980000000010477],[500020.479999999981374,239807.53],[500020.210000000020955,239807.1],[500019.919999999983702,239806.68],[500019.60999999998603,239806.269999999989523],[500019.28000000002794,239805.87],[500018.94,239805.480000000010477],[500018.580000000016298,239805.10999999998603],[500018.200000000011642,239804.76],[500017.81,239804.420000000012806],[500017.409999999974389,239804.1],[500017.0,239803.79],[500016.580000000016298,239803.5],[500016.150000000023283,239803.230000000010477],[500001.150000000023283,239793.51],[500000.0,239792.769999999989523],[499980.950000000011642,239780.43],[499960.950000000011642,239766.03],[499946.549999999988358,239752.829999999987194],[499913.75,239724.03],[499803.289999999979045,239652.35999999998603],[499780.282200000016019,239652.544],[499779.479999999981374,239653.65],[499775.94,239656.299999999988358],[499771.520000000018626,239658.22],[499765.919999999983702,239659.84],[499762.090000000025611,239659.54],[499758.26,239658.51],[499753.729,239657.4743],[499749.85999999998603,239656.59],[499745.590000000025611,239657.769999999989523]]]]}},
{"type":"Feature","properties":{"mainhabs":"Deciduous woodland","habcodes":"DWOOD","featdesc":null,"featcodes":null,"otherclass":null,"addhabs":null,"primsource":"National Forest Inventory 2023 (DWOOD)","areaha":0.96,"version":"Sep_25","uid":"PHID49996649_024001087","shape_length":null,"shape_area":null},"geometry":{"type":"MultiPolygon","coordinates":[[[[499899.919999999983702,239978.81],[499900.650000000023283,239983.269999999989523],[499907.185,240002.188],[499918.727000000013504,240010.006],[499928.407,240018.942000000010012],[499949.629000000015367,240027.878],[499969.362000000022817,240035.696],[499979.787000000011176,240043.886999999987893],[499992.072999999974854,240046.121000000013737],[500006.222,240049.845],[500014.409999999974389,240061.37],[500015.07,240061.920000000012806],[500015.960000000020955,240062.74],[500017.44,240064.26],[500017.93,240064.700000000011642],[500018.18,240064.89000000001397],[500018.44,240065.06],[500018.979999999981374,240065.35999999998603],[500019.270000000018626,240065.49],[500019.85999999998603,240065.71],[500020.159999999974389,240065.799999999988358],[500020.46999999997206,240065.88],[500021.080000000016298,240066.01],[500021.700000000011642,240066.1],[500022.200000000011642,240066.10999999998603],[500022.700000000011642,240066.04],[500023.200000000011642,240065.91],[500024.19,240065.579999999987194],[500024.69,240065.44],[500025.19,240065.34],[500025.700000000011642,240065.299999999988358],[500027.599999999976717,240065.37],[500036.379000000015367,240056.919],[500044.943000000028405,240057.291],[500055.849999999976717,240065.29],[500056.900000000023283,240065.700000000011642],[500059.38,240066.56],[500060.299999999988358,240066.91],[500060.599999999976717,240067.04],[500060.909999999974389,240067.16],[500062.099999999976717,240067.700000000011642],[500062.289999999979045,240067.82],[500062.460000000020955,240067.980000000010477],[500062.599999999976717,240068.16],[500062.729999999981374,240068.37],[500062.849999999976717,240068.579999999987194],[500062.960000000020955,240068.799999999988358],[500063.080000000016298,240069.019999999989523],[500063.210000000020955,240069.22],[500063.349999999976717,240069.41],[500063.51,240069.57],[500063.700000000011642,240069.700000000011642],[500064.299999999988358,240069.97],[500064.93,240070.170000000012806],[500065.580000000016298,240070.31],[500066.24,240070.420000000012806],[500067.650000000023283,240070.57],[500073.700000000011642,240070.5],[500074.080000000016298,240070.46],[500074.450000000011642,240070.4],[500074.82,240070.32],[500075.19,240070.22],[500077.38,240069.519999999989523],[500078.12,240069.35],[500078.5,240069.299999999988358],[500078.909999999974389,240069.299999999988358],[500079.31,240069.35999999998603],[500079.710000000020955,240069.49],[500080.10999999998603,240069.64000000001397],[500081.289999999979045,240070.19],[500081.69,240070.35],[500082.090000000025611,240070.46],[500082.49,240070.519999999989523],[500082.900000000023283,240070.5],[500083.88,240070.35],[500085.53000000002794,240070.019999999989523],[500086.5,240069.76],[500087.450000000011642,240069.44],[500088.07,240069.200000000011642],[500088.96999999997206,240068.78],[500089.26,240068.62],[500089.82,240068.28],[500090.49,240067.829999999987194],[500090.76,240067.62],[500090.89000000001397,240067.51],[500091.10999999998603,240067.269999999989523],[500091.200000000011642,240067.15],[500091.270000000018626,240067.019999999989523],[500091.32,240066.89000000001397],[500091.340000000025611,240066.76],[500091.340000000025611,240066.63],[500091.299999999988358,240066.5],[500090.56,240065.07],[500089.43,240063.28],[500098.62,240061.09],[500105.839099999982864,240059.193],[500096.302000000025146,240053.23499999998603],[500047.028,240032.163],[500030.694000000017695,240023.356999999989057],[500021.275000000023283,240017.113000000012107],[500012.913999999989755,240010.551],[500009.8442,240007.4172],[500007.833999999973457,240005.365],[500004.266,240001.347],[500003.547000000020489,240000.472],[499998.396,239994.201],[499994.2083,239988.4897],[499993.652,239987.731],[499990.601000000024214,239981.63],[499988.841000000014901,239976.571],[499988.602100000018254,239975.018000000010943],[499984.2549,239973.519],[499971.223899999982677,239970.168],[499965.63890000001993,239951.18],[499952.23489999998128,239954.903],[499945.934400000027381,239952.4811],[499943.656000000017229,239954.0],[499938.75199999997858,239956.34],[499932.282,239957.438],[499926.642999999981839,239957.980000000010477],[499919.053000000014435,239957.658],[499909.147,239957.448],[499900.806999999971595,239957.655999999988126],[499893.78000000002794,239958.878],[499897.503900000010617,239960.85999999998603],[499899.919999999983702,239978.81]]]]}},
{"type":"Feature","properties":{"mainhabs":"Deciduous woodland","habcodes":"DWOOD","featdesc":null,"featcodes":null,"otherclass":null,"addhabs":null,"primsource":"National Forest Inventory 2023 (DWOOD)","areaha":0.16,"version":"Sep_25","uid":"PHID50007102_024002973","shape_length":null,"shape_area":null},"geometry":{"type":"MultiPolygon","coordinates":[[[[500044.197900000028312,240015.219000000011874],[500030.794899999978952,240005.911],[500017.3909,240001.443],[500012.022400000016205,240005.6929],[500017.782,240010.86799999998766],[500026.566999999980908,240017.536],[500036.408999999985099,240023.462999999988824],[500047.196,240029.222],[500096.884000000020023,240050.742],[500110.3074,240058.0188],[500113.076899999985471,240057.291],[500119.4069,240046.866],[500108.6089,240042.397999999986496],[500101.1629,240034.579999999987194],[500087.386899999983143,240025.644],[500066.909900000027847,240018.57],[500055.739899999985937,240018.57],[500044.197900000028312,240015.219000000011874]]]]}},
{"type":"Feature","properties":{"mainhabs":"Deciduous woodland","habcodes":"DWOOD","featdesc":null,"featcodes":null,"otherclass":null,"addhabs":null,"primsource":"National Forest Inventory 2023 (DWOOD)","areaha":1.33,"version":"Sep_25","uid":"PHID50028970_024013829","shape_length":null,"shape_area":null},"geometry":{"type":"MultiPolygon","coordinates":[[[[500274.299999999988358,240091.41],[500266.099999999976717,240115.700000000011642],[500243.599999999976717,240183.5],[500235.49,240207.5],[500237.599999999976717,240207.700000000011642],[500238.799999999988358,240208.1],[500240.599999999976717,240208.9],[500241.299999999988358,240209.700000000011642],[500242.799999999988358,240211.799999999988358],[500244.5,240214.299999999988358],[500245.0,240214.9],[500246.099999999976717,240215.799999999988358],[500247.299999999988358,240216.6],[500251.200000000011642,240218.4],[500254.099999999976717,240219.4],[500256.5,240219.9],[500258.0,240219.700000000011642],[500258.38,240219.62400000001071],[500261.919999999983702,240222.63],[500264.599999999976717,240223.15],[500271.150000000023283,240224.01],[500273.840000000025611,240224.230000000010477],[500283.789999999979045,240224.54],[500292.18,240226.68],[500311.599999999976717,240226.29],[500312.099999999976717,240225.79],[500312.900000000023283,240225.29],[500316.400000000023283,240224.39000000001397],[500321.099999999976717,240222.59],[500324.200000000011642,240221.19],[500326.5,240219.49],[500327.900000000023283,240217.59],[500328.400000000023283,240216.49],[500328.799999999988358,240215.49],[500329.099999999976717,240213.99],[500329.299999999988358,240213.09],[500329.5,240212.29],[500330.0,240211.79],[500330.599999999976717,240211.29],[500339.172000000020489,240180.086000000010245],[500337.642,240152.777],[500322.174,240128.753],[500328.321,240123.647999999986496],[500339.900000000023283,240125.394999999989523],[500340.208999999973457,240125.662000000011176],[500340.208999999973457,240122.155999999988126],[500340.672000000020489,240118.848999999987427],[500341.598,240116.534000000014203],[500342.788,240113.623],[500343.713999999978114,240110.581],[500343.913,240107.670000000012806],[500343.450000000011642,240105.288999999989755],[500342.656000000017229,240103.503],[500340.935999999986961,240101.122],[500338.223999999987427,240098.41],[500334.917000000015832,240096.095],[500331.147,240093.912000000011176],[500328.50099999998929,240092.192000000010012],[500326.715000000025611,240090.737],[500325.060999999986961,240088.885],[500323.738000000012107,240086.57],[500322.414999999979045,240083.858],[500320.893999999971129,240081.278],[500318.909999999974389,240078.63200000001234],[500316.661000000021886,240076.51500000001397],[500314.941,240074.266],[500313.48599999997532,240071.554],[500311.700000000011642,240067.85],[500309.25199999997858,240064.278],[500305.68,240060.37599999998929],[500300.19,240055.943999999988591],[500296.882999999972526,240053.695],[500294.282,240052.24],[500292.041000000026543,240051.411],[500288.213999999978114,240049.984],[500287.782,240049.823],[500285.691,240047.918],[500284.51400000002468,240045.824],[500283.852000000013504,240043.772999999986496],[500282.794,240040.201],[500281.007999999972526,240036.828],[500279.419999999983702,240034.38],[500276.973,240032.065],[500272.9375,240029.0207],[500245.868000000016764,240029.692000000010012],[500240.582,240038.805],[500239.691999999980908,240049.9058],[500282.849999999976717,240066.53],[500276.82,240083.91],[500276.200000000011642,240085.799999999988358],[500274.299999999988358,240091.41]]]]}},
{"type":"Feature","properties":{"mainhabs":"Deciduous woodland","habcodes":"DWOOD","featdesc":null,"featcodes":null,"otherclass":null,"addhabs":null,"primsource":"National Forest Inventory 2023 (DWOOD)","areaha":0.21,"version":"Sep_25","uid":"PHID50032665_024007378","shape_length":null,"shape_area":null},"geometry":{"type":"MultiPolygon","coordinates":[[[[500292.56,240028.56],[500291.900000000023283,240028.549999999988358],[500283.119,240028.768000000010943],[500277.76,240028.901000000012573],[500278.913,240029.771],[500281.742000000027474,240032.446999999985565],[500283.597,240035.307],[500285.585000000020955,240039.062],[500286.718,240042.886],[500287.202,240044.385],[500287.833999999973457,240045.511],[500289.007999999972526,240046.532],[500289.297000000020489,240046.64000000001397],[500293.267999999981839,240048.119],[500298.462,240051.141],[500301.979,240053.532],[500307.74,240058.184],[500311.607000000018161,240062.408],[500314.303000000014435,240066.342],[500316.159999999974389,240070.193],[500317.471000000019558,240072.635],[500318.895000000018626,240074.498],[500321.15500000002794,240076.625],[500323.393999999971129,240079.611],[500325.059,240082.435999999986961],[500326.391,240085.166999999986729],[500327.509000000020023,240087.122],[500328.794,240088.560999999986961],[500330.271,240089.764],[500332.717,240091.355000000010477],[500336.532,240093.563],[500340.159999999974389,240096.103],[500343.227000000013504,240099.171],[500345.271,240101.99900000001071],[500346.330000000016298,240104.38200000001234],[500346.933000000019092,240107.483],[500346.684,240111.127],[500345.618000000016764,240114.63],[500344.379000000015367,240117.659000000014203],[500343.593,240119.625],[500343.208999999973457,240122.365],[500343.208999999973457,240125.57],[500343.325000000011642,240127.4681],[500356.503900000010617,240135.445],[500371.2306,240118.5001],[500375.549999999988358,240113.53],[500362.25,240099.53],[500344.950000000011642,240081.13],[500326.349999999976717,240061.63],[500321.849999999976717,240057.53],[500319.650000000023283,240057.329999999987194],[500318.650000000023283,240056.13],[500319.049999999988358,240054.63],[500296.849999999976717,240032.03],[500293.150000000023283,240028.329999999987194],[500292.56,240028.56]]]]}},
{"type":"Feature","properties":{"mainhabs":"Deciduous woodland","habcodes":"DWOOD","featdesc":null,"featcodes":null,"otherclass":null,"addhabs":null,"primsource":"National Forest Inventory 2023 (DWOOD)","areaha":1.1,"version":"Sep_25","uid":"PHID50052509_024034309","shape_length":null,"shape_area":null},"geometry":{"type":"MultiPolygon","coordinates":[[[[500491.21999999997206,240331.1],[500494.06,240334.10999999998603],[500493.200000000011642,240381.62],[500499.49,240382.14000000001397],[500499.799999999988358,240394.79],[500512.549999999988358,240395.84],[500513.099999999976717,240383.69],[500523.799999999988358,240380.49],[500575.096000000019558,240365.005],[500565.303000000014435,240353.799],[500557.63,240344.671],[500552.14000000001397,240338.189000000013039],[500549.295999999972992,240335.079999999987194],[500545.789999999979045,240333.228],[500542.483,240332.103],[500539.44,240330.913],[500537.256999999983236,240329.59],[500534.87599999998929,240327.407],[500532.957999999984168,240324.827],[500531.304,240320.66],[500526.871999999973923,240310.606],[500525.653,240306.678000000014435],[500523.962,240302.139],[500522.375,240298.567000000010012],[500520.98499999998603,240296.318],[500519.266,240294.268000000010943],[500517.148999999975786,240292.284000000014203],[500514.635,240290.961000000010245],[500511.593,240289.439000000013039],[500508.615999999979977,240287.587],[500505.375,240284.74299999998766],[500504.541000000026543,240284.09],[500488.75,240299.56],[500447.659900000027847,240290.678000000014435],[500427.355900000024121,240290.498],[500419.697900000028312,240304.056000000011409],[500414.060899999982212,240314.036],[500405.770000000018626,240331.24],[500405.900000000023283,240334.19],[500405.93,240335.950000000011642],[500405.950000000011642,240336.829999999987194],[500405.96999999997206,240338.16],[500405.99,240339.0],[500407.106000000028871,240397.699],[500407.19,240402.10999999998603],[500437.69,240401.68],[500450.555600000021514,240400.6239],[500450.583999999973457,240396.420000000012806],[500453.94,240396.321],[500454.438000000023749,240345.948],[500455.561999999976251,240336.423],[500456.12689999997383,240336.0391],[500463.302000000025146,240331.163999999989755],[500491.21999999997206,240331.1]]]]}},
{"type":"Feature","properties":{"mainhabs":"Deciduous woodland","habcodes":"DWOOD","featdesc":null,"featcodes":null,"otherclass":null,"addhabs":null,"primsource":"National Forest Inventory 2023 (DWOOD)","areaha":0.12,"version":"Sep_25","uid":"PHID50054571_024032001","shape_length":null,"shape_area":null},"geometry":{"type":"MultiPolygon","coordinates":[[[[500511.35999999998603,240277.41],[500506.702999999979511,240281.972],[500507.291000000026543,240282.432999999989988],[500510.409999999974389,240285.170000000012806],[500513.06,240286.818],[500516.005,240288.291999999986729],[500518.90500000002794,240289.818],[500521.449000000022352,240292.202],[500523.423,240294.556000000011409],[500525.033999999985099,240297.163],[500526.740999999979977,240301.005],[500528.493000000016764,240305.709],[500529.685999999986961,240309.553000000014435],[500534.071999999985565,240319.50099999998929],[500535.601000000024214,240323.354],[500537.114,240325.388],[500539.066,240327.178000000014435],[500540.773999999975786,240328.212999999988824],[500543.512999999977183,240329.285],[500546.981000000028871,240330.464],[500551.158,240332.671],[500554.392,240336.206],[500559.923,240342.736],[500567.581,240351.847],[500569.995999999984633,240354.611],[500572.854,240357.881],[500573.579000000027008,240358.16],[500577.51400000002468,240363.351],[500577.898600000014994,240363.8617],[500584.7281,240358.8929],[500573.919999999983702,240345.269999999989523],[500558.96999999997206,240326.75],[500536.31,240298.12],[500528.919999999983702,240288.480000000010477],[500516.586100000014994,240273.0949],[500511.35999999998603,240277.41]]]]}},
{"type":"Feature","properties":{"mainhabs":"Deciduous woodland","habcodes":"DWOOD","featdesc":null,"featcodes":null,"otherclass":null,"addhabs":"LCGRA, RBEDS","primsource":"National Forest Inventory 2023 (DWOOD)","areaha":0.06,"version":"Sep_25","uid":"PHID50068128_024107921","shape_length":null,"shape_area":null},"geometry":{"type":"MultiPolygon","coordinates":[[[[500700.109,241069.671],[500693.946999999985565,241068.943],[500689.022999999986496,241068.714],[500683.093999999982771,241068.888],[500678.830000000016298,241069.258],[500670.582,241070.465],[500667.506,241070.915],[500667.343,241070.941],[500667.194000000017695,241070.971],[500667.047000000020489,241071.008],[500666.901000000012573,241071.051],[500666.756999999983236,241071.1],[500666.615,241071.155],[500666.474999999976717,241071.215],[500666.337999999988824,241071.282],[500666.204000000027008,241071.353],[500666.072999999974854,241071.431000000011409],[500665.945,241071.513],[500665.82,241071.601],[500665.700000000011642,241071.693],[500665.582999999984168,241071.791],[500665.46999999997206,241071.893000000010943],[500665.362000000022817,241072.0],[500665.259000000020023,241072.112],[500665.128000000026077,241072.267],[500665.036000000021886,241072.389],[500664.950000000011642,241072.514],[500664.868000000016764,241072.642],[500664.792000000015832,241072.774],[500664.721000000019558,241072.909000000014203],[500664.656000000017229,241073.046],[500664.597,241073.185999999986961],[500664.543,241073.329],[500664.495999999984633,241073.473],[500664.454000000027008,241073.62],[500664.418,241073.768000000010943],[500664.38900000002468,241073.916999999986729],[500664.365999999979977,241074.067000000010012],[500664.348999999987427,241074.218],[500664.693000000028405,241078.147],[500665.298,241085.049999999988358],[500665.321,241085.363000000012107],[500665.347,241085.57],[500665.381999999983236,241085.776000000012573],[500665.424999999988358,241085.980000000010477],[500665.477000000013504,241086.182999999989988],[500665.537000000011176,241086.38200000001234],[500665.604999999981374,241086.579999999987194],[500665.680999999982305,241086.774],[500665.76500000001397,241086.965999999985797],[500665.857000000018161,241087.154],[500665.956,241087.337999999988824],[500666.061999999976251,241087.517],[500666.174999999988358,241087.693],[500666.294999999983702,241087.864],[500666.422000000020489,241088.029],[500666.555999999982305,241088.19],[500666.696,241088.344000000011874],[500666.843,241088.49299999998766],[500666.995,241088.635],[500667.153999999980442,241088.771],[500667.318000000028405,241088.9],[500667.636,241089.12],[500667.815,241089.228],[500667.99800000002142,241089.329],[500668.185,241089.423],[500668.246999999973923,241089.451],[500668.375,241089.508],[500668.569000000017695,241089.586000000010245],[500668.766,241089.655],[500668.966000000014901,241089.717],[500677.050999999977648,241087.923],[500683.602000000013504,241086.926],[500685.23599999997532,241086.677],[500685.852000000013504,241086.576],[500686.435,241086.457],[500687.011999999987893,241086.315],[500687.581,241086.15],[500688.136,241085.962999999988824],[500688.849999999976717,241085.685999999986961],[500689.555,241085.364],[500690.246999999973923,241084.997],[500690.924999999988358,241084.592],[500692.109,241083.793],[500694.631999999983236,241081.673],[500696.25099999998929,241080.416999999986729],[500699.237000000022817,241078.076],[500700.621999999973923,241076.805],[500702.920999999972992,241074.448],[500703.762999999977183,241073.332],[500704.928000000014435,241071.788],[500705.680999999982305,241070.796],[500706.207,241069.753999999986263],[500703.995999999984633,241069.755],[500700.835000000020955,241069.75700000001234],[500700.109,241069.671]]]]}},
{"type":"Feature","properties":{"mainhabs":"Deciduous woodland","habcodes":"DWOOD","featdesc":null,"featcodes":null,"otherclass":null,"addhabs":"LCGRA, RBEDS","primsource":"National Forest Inventory 2023 (DWOOD)","areaha":0.95,"version":"Sep_25","uid":"PHID50084710_024107445","shape_length":null,"shape_area":null},"geometry":{"type":"MultiPolygon","coordinates":[[[[500905.26,241122.46],[500909.299999999988358,241121.18],[500907.07,241109.269999999989523],[500903.340000000025611,241094.200000000011642],[500895.979999999981374,241073.29],[500889.85999999998603,241059.24],[500886.710000000020955,241050.81],[500885.07,241046.19],[500884.07,241041.18],[500884.210000000020955,241036.21],[500884.2609,241035.8151],[500873.959900000016205,241033.3548],[500874.2574,241032.182],[500874.320599999977276,241031.9331],[500866.349899999971967,241024.1901],[500856.729899999976624,241023.2701],[500856.969900000025518,241022.480099999986123],[500846.100099999981467,241027.9],[500843.299999999988358,241027.6],[500837.799999999988358,241027.5],[500836.746999999973923,241027.525],[500833.599999999976717,241027.6],[500829.200000000011642,241027.9],[500824.299999999988358,241028.5],[500818.799999999988358,241029.6],[500814.099999999976717,241030.6],[500804.900000000023283,241032.6],[500794.400000000023283,241035.299999999988358],[500788.0,241036.799999999988358],[500783.099999999976717,241037.9],[500740.299999999988358,241047.299999999988358],[500734.900000000023283,241048.200000000011642],[500732.5,241048.700000000011642],[500721.0,241049.799999999988358],[500716.200000000011642,241050.4],[500709.099999999976717,241051.299999999988358],[500704.400000000023283,241051.799999999988358],[500691.5,241053.6],[500688.099999999976717,241053.9],[500683.200000000011642,241054.1],[500679.0,241054.6],[500675.299999999988358,241054.799999999988358],[500670.5,241054.799999999988358],[500666.900000000023283,241054.299999999988358],[500661.900000000023283,241054.0],[500658.5,241053.799999999988358],[500655.099999999976717,241053.9],[500652.700000000011642,241054.200000000011642],[500651.799999999988358,241054.4],[500650.538999999989755,241054.9098],[500647.099999999976717,241056.299999999988358],[500637.200000000011642,241060.9],[500633.099999999976717,241062.6],[500629.299999999988358,241064.4],[500627.0,241065.700000000011642],[500623.799999999988358,241067.799999999988358],[500620.0,241070.4],[500616.5,241072.5],[500613.400000000023283,241074.0],[500610.799999999988358,241074.9],[500607.5,241076.0],[500607.0,241076.299999999988358],[500606.200000000011642,241076.200000000011642],[500598.44,241076.6],[500598.270000000018626,241076.6],[500598.099999999976717,241076.63],[500597.710000000020955,241076.75],[500597.31,241076.87],[500596.909999999974389,241077.019999999989523],[500596.520000000018626,241077.18],[500594.87,241078.39000000001397],[500591.69,241082.64000000001397],[500591.419999999983702,241083.0],[500591.159999999974389,241083.37],[500590.409999999974389,241084.480000000010477],[500590.159999999974389,241084.85999999998603],[500589.909999999974389,241085.230000000010477],[500589.650000000023283,241085.6],[500589.400000000023283,241085.97],[500589.14000000001397,241086.34],[500588.88,241086.700000000011642],[500588.60999999998603,241087.06],[500588.330000000016298,241087.420000000012806],[500588.049999999988358,241087.76],[500587.10999999998603,241088.579999999987194],[500585.96999999997206,241089.16],[500584.74,241089.60999999998603],[500583.53000000002794,241090.04],[500582.53000000002794,241090.4],[500580.51,241091.04],[500579.51,241091.37],[500578.520000000018626,241091.75],[500576.93,241092.53],[500573.89000000001397,241094.41],[500572.31,241095.21],[500562.020000000018626,241099.25],[500559.700000000011642,241112.230000000010477],[500562.055700000026263,241114.0821],[500562.396699999982957,241114.350100000010571],[500569.794999999983702,241110.261999999987893],[500589.044,241100.098],[500606.31,241090.378],[500622.423,241080.791],[500627.76500000001397,241077.573],[500629.647999999986496,241076.551],[500631.558000000019092,241075.571999999985565],[500634.552000000025146,241074.215],[500638.571,241072.806000000011409],[500643.99900000001071,241071.344000000011874],[500646.842,241070.655999999988126],[500652.262999999977183,241069.609],[500657.837,241069.053000000014435],[500667.216000000014901,241068.935999999986961],[500675.358,241067.745],[500678.598999999987427,241067.271],[500682.978,241066.891],[500689.039999999979045,241066.712999999988824],[500694.11099999997532,241066.948],[500696.716000000014901,241067.256],[500700.952,241067.75700000001234],[500706.206,241067.753999999986263],[500710.576,241067.32],[500715.191,241065.815],[500718.127900000021327,241064.9063],[500718.131999999983236,241064.905],[500722.346000000019558,241063.602000000013504],[500731.085000000020955,241061.15],[500733.711000000010245,241060.480000000010477],[500738.278999999980442,241059.471],[500741.37400000001071,241059.005],[500744.474999999976717,241058.687],[500749.695,241058.442000000010012],[500750.089800000016112,241058.448],[500750.093,241058.448],[500751.495,241058.467],[500753.337999999988824,241058.479],[500760.924,241057.534000000014203],[500768.169999999983702,241056.230000000010477],[500779.652,241054.782],[500784.315,241054.432999999989988],[500786.01500000001397,241054.293],[500787.74900000001071,241054.198],[500789.495999999984633,241054.157],[500791.270000000018626,241054.179],[500794.580000000016298,241054.423],[500797.26400000002468,241054.847],[500798.609,241055.152],[500798.660299999988638,241055.1636],[500799.891,241055.443],[500804.18,241056.688],[500806.754000000015367,241057.564000000013039],[500809.293,241058.547],[500812.887999999977183,241060.15],[500814.577,241060.981],[500816.240999999979977,241061.848],[500817.908,241062.783],[500821.069000000017695,241064.813],[500824.050999999977648,241067.189000000013039],[500826.791000000026543,241069.761],[500829.476000000024214,241072.5],[500832.006999999983236,241075.227000000013504],[500836.321,241080.437],[500843.7034,241091.6814],[500843.708999999973457,241091.69],[500846.462,241095.88200000001234],[500851.38,241102.321],[500857.642999999981839,241109.441],[500861.957,241113.983],[500866.63900000002468,241118.204],[500868.254000000015367,241119.612],[500871.196,241122.016],[500873.727000000013504,241123.706],[500874.272,241124.07],[500874.865999999979977,241124.432999999989988],[500875.24900000001071,241124.666999999986729],[500875.863000000012107,241124.998],[500876.49,241125.304],[500877.129000000015367,241125.585],[500878.365,241126.041999999986729],[500878.48499999998603,241126.079],[500879.033,241126.246000000013737],[500879.707999999984168,241126.422],[500880.689599999983329,241126.394],[500882.544,241126.34],[500880.211000000010245,241125.147],[500879.914999999979045,241125.083000000013271],[500879.647,241125.013],[500879.381999999983236,241124.932],[500879.120999999984633,241124.84],[500878.863000000012107,241124.737],[500878.60999999998603,241124.62400000001071],[500878.362000000022817,241124.50099999998929],[500878.119,241124.367],[500877.881999999983236,241124.223999999987427],[500877.651000000012573,241124.071999999985565],[500877.425999999977648,241123.91],[500877.207999999984168,241123.739],[500876.996999999973923,241123.559],[500876.653999999980442,241123.229],[500876.465000000025611,241123.027],[500876.283999999985099,241122.817000000010012],[500876.113000000012107,241122.598999999987427],[500875.950000000011642,241122.375],[500875.797000000020489,241122.144],[500875.653,241121.907],[500875.608,241121.826],[500875.518999999971129,241121.665],[500875.395000000018626,241121.416999999986729],[500875.281000000017229,241121.163999999989755],[500875.397999999986496,241111.717],[500872.935,241103.799999999988358],[500866.51500000001397,241087.863000000012107],[500865.938000000023749,241085.448],[500862.36099999997532,241072.391],[500861.69,241069.534000000014203],[500860.053000000014435,241064.062],[500857.936999999976251,241058.628],[500855.304,241052.62],[500854.163,241050.173],[500852.685999999986961,241048.155999999988126],[500853.039999999979045,241047.769999999989523],[500849.64000000001397,241043.980000000010477],[500844.909999999974389,241041.07],[500839.51,241039.76],[500838.049999999988358,241038.69],[500833.57,241040.84],[500832.49,241038.6],[500839.020000000018626,241035.47],[500840.090000000025611,241037.71],[500842.039999999979045,241038.63],[500845.330000000016298,241039.4],[500850.07,241042.25],[500854.330000000016298,241046.72],[500854.721000000019558,241046.316],[500857.468999999982771,241051.582],[500860.15500000002794,241057.71],[500862.325000000011642,241063.280999999988126],[500864.01,241068.915],[500864.686999999976251,241071.799],[500868.902,241087.181000000011409],[500875.262999999977183,241102.97],[500876.544,241107.083000000013271],[500877.864,241111.329999999987194],[500877.960000000020955,241121.39000000001397],[500878.409999999974389,241121.855000000010477],[500878.65500000002794,241122.079],[500878.908,241122.293],[500879.170999999972992,241122.496000000013737],[500879.441,241122.688],[500879.718999999982771,241122.869],[500880.004000000015367,241123.038],[500880.294999999983702,241123.196],[500880.593,241123.340999999985797],[500881.114,241123.560999999986961],[500881.425999999977648,241123.672],[500881.743000000016764,241123.769999999989523],[500882.063000000023749,241123.856],[500882.386999999987893,241123.928000000014435],[500882.712999999988824,241123.987],[500883.041000000026543,241124.033],[500883.370999999984633,241124.065],[500883.702999999979511,241124.083000000013271],[500883.761999999987893,241124.076],[500889.688000000023749,241123.332],[500890.270000000018626,241125.49],[500890.60999999998603,241125.480000000010477],[500892.28000000002794,241125.35],[500893.919999999983702,241125.21],[500895.549999999988358,241125.03],[500897.150000000023283,241124.78],[500898.71999999997206,241124.46],[500900.270000000018626,241124.04],[500901.849999999976717,241123.549999999988358],[500903.37,241123.06],[500905.26,241122.46]]]]}},
{"type":"Feature","properties":{"mainhabs":"Deciduous woodland","habcodes":"DWOOD","featdesc":null,"featcodes":null,"otherclass":null,"addhabs":null,"primsource":"National Forest Inventory 2023 (DWOOD)","areaha":1.91,"version":"Sep_25","uid":"PHID50086417_024122657","shape_length":null,"shape_area":null},"geometry":{"type":"MultiPolygon","coordinates":[[[[500892.723999999987427,241231.472],[500892.482000000018161,241230.76500000001397],[500891.479,241228.280999999988126],[500889.632999999972526,241224.329],[500888.371999999973923,241221.965999999985797],[500885.621999999973923,241217.226],[500877.347,241200.366],[500876.337999999988824,241197.904],[500875.517999999981839,241195.631],[500874.789999999979045,241193.327],[500874.143999999971129,241190.987],[500873.614,241188.631],[500873.281000000017229,241186.127],[500873.117000000027474,241184.385],[500872.896,241182.651000000012573],[500872.359,241179.777],[500872.331,241179.627],[500872.332,241178.827],[500872.38,241178.337],[500872.458999999973457,241177.853],[500872.566999999980908,241177.373],[500872.699000000022352,241176.897],[500872.852000000013504,241176.424999999988358],[500873.022999999986496,241175.956],[500873.208999999973457,241175.488000000012107],[500873.40500000002794,241175.022],[500873.608,241174.557],[500873.815,241174.090999999985797],[500874.022999999986496,241173.625],[500874.227000000013504,241173.157],[500874.424999999988358,241172.688],[500874.49900000001071,241172.50099999998929],[500874.613000000012107,241172.215],[500874.787000000011176,241171.738000000012107],[500874.944000000017695,241171.258],[500876.175999999977648,241167.162000000011176],[500876.571999999985565,241165.035],[500876.727000000013504,241163.825000000011642],[500876.835000000020955,241162.60999999998603],[500876.897999999986496,241161.392],[500876.854999999981374,241159.394999999989523],[500876.754000000015367,241158.105000000010477],[500876.63900000002468,241156.813],[500876.552000000025146,241155.521],[500876.340000000025611,241149.764],[500876.462,241149.121000000013737],[500876.62599999998929,241148.49900000001071],[500876.826,241147.886999999987893],[500877.050999999977648,241147.280999999988126],[500877.292000000015832,241146.679],[500877.538999999989755,241146.078],[500877.783,241145.476],[500878.01500000001397,241144.869],[500878.223,241144.255],[500879.75099999998929,241138.961000000010245],[500879.908,241137.929],[500880.017,241136.975],[500880.076,241136.019],[500880.068000000028405,241135.06],[500880.022999999986496,241134.423],[500879.954000000027008,241133.814000000013039],[500879.85999999998603,241133.209],[500879.742000000027474,241132.608],[500879.62400000001071,241132.106999999989057],[500879.538999999989755,241131.82],[500879.441999999980908,241131.536],[500879.333999999973457,241131.25700000001234],[500879.215000000025611,241130.981999999989057],[500879.083999999973457,241130.712],[500878.941999999980908,241130.448],[500878.789999999979045,241130.19],[500878.538,241129.815],[500878.358,241129.575000000011642],[500878.169,241129.343],[500877.971000000019558,241129.11799999998766],[500877.766,241128.9],[500877.553000000014435,241128.688],[500877.06,241128.266],[500876.770000000018626,241128.057],[500876.473,241127.858],[500876.169,241127.666],[500875.864,241127.476],[500875.74800000002142,241127.402],[500875.560999999986961,241127.284000000014203],[500875.261999999987893,241127.085],[500870.011,241123.63],[500866.963999999978114,241121.141],[500865.311999999976251,241119.701],[500860.56,241115.416999999986729],[500856.166000000026543,241110.791],[500849.832999999984168,241103.59],[500848.636,241102.024],[500848.6299,241102.016],[500844.829000000027008,241097.038999999989755],[500834.710000000020955,241081.627],[500830.503000000026077,241076.546],[500828.028999999980442,241073.881],[500825.392,241071.191],[500822.740999999979977,241068.703],[500819.902,241066.441],[500816.87699999997858,241064.498],[500815.288999999989755,241063.606999999989057],[500813.673,241062.76500000001397],[500812.038999999989755,241061.961000000010245],[500808.523999999975786,241060.394],[500806.07,241059.443999999988591],[500803.579000000027008,241058.596],[500799.391,241057.38],[500796.886,241056.812],[500794.349999999976717,241056.411],[500791.184,241056.178000000014435],[500789.506999999983236,241056.157],[500787.827999999979511,241056.196999999985565],[500786.151000000012573,241056.288999999989755],[500785.968,241056.304],[500784.478,241056.426],[500781.99900000001071,241056.715],[500782.041000000026543,241062.954],[500780.346000000019558,241062.971],[500779.19,241061.62400000001071],[500780.169,241060.546],[500779.902,241056.766],[500770.947999999974854,241057.896],[500770.940200000011828,241057.897],[500768.472,241058.208000000013271],[500761.224999999976717,241059.511999999987893],[500753.456,241060.480000000010477],[500751.474999999976717,241060.467],[500749.728,241060.443],[500744.62400000001071,241060.682],[500741.625,241060.99],[500738.643999999971129,241061.439000000013039],[500734.174,241062.426],[500731.603,241063.082],[500722.912000000011176,241065.521],[500715.795999999972992,241067.721],[500714.244,241068.227699999988545],[500714.24,241068.229],[500711.196,241069.221],[500710.422000000020489,241069.689000000013039],[500709.797000000020489,241070.106],[500709.189000000013039,241070.549],[500708.599999999976717,241071.01500000001397],[500707.582,241071.922],[500707.049999999988358,241072.453],[500706.539999999979045,241073.005],[500706.292000000015832,241073.333000000013271],[500704.456,241075.767],[500702.028999999980442,241078.255],[500700.544999999983702,241079.617],[500697.493000000016764,241082.01],[500695.901000000012573,241083.245],[500693.327,241085.408],[500692.007999999972526,241086.298],[500691.239,241086.75700000001234],[500690.449000000022352,241087.177],[500689.635,241087.548],[500688.824000000022352,241087.863000000012107],[500688.184,241088.078],[500687.534999999974389,241088.266],[500686.879000000015367,241088.428000000014435],[500686.217,241088.563],[500685.550999999977648,241088.672],[500680.1141,241089.500399999989895],[500680.10999999998603,241089.50099999998929],[500677.354999999981374,241089.920000000012806],[500667.298,241092.956],[500663.066600000020117,241095.6236],[500660.642,241097.152],[500660.588999999978114,241097.185999999986961],[500654.457,241102.439000000013039],[500654.319000000017695,241102.545000000012806],[500650.837999999988824,241105.208000000013271],[500649.951,241105.886999999987893],[500649.934,241105.864],[500648.196999999985565,241103.49299999998766],[500648.055999999982305,241103.301],[500652.82,241100.22],[500656.753000000026077,241097.168],[500662.206,241092.935999999986961],[500662.446999999985565,241092.622],[500662.615999999979977,241092.378],[500662.775000000023283,241092.128],[500662.924,241091.871000000013737],[500663.061999999976251,241091.609],[500663.19,241091.340999999985797],[500663.305999999982305,241091.068],[500663.411000000021886,241090.79],[500663.505,241090.509],[500663.587,241090.223],[500663.652,241089.932999999989988],[500663.696999999985565,241089.644999999989523],[500663.723,241089.356],[500663.731000000028871,241089.067000000010012],[500663.724999999976717,241088.777],[500663.704000000027008,241088.487],[500663.672000000020489,241088.196],[500663.629000000015367,241087.905],[500663.577,241087.614],[500663.517,241087.321999999985565],[500663.452999999979511,241087.030999999988126],[500663.384000000020023,241086.739],[500663.313000000023749,241086.446999999985565],[500663.240999999979977,241086.154],[500663.169999999983702,241085.862],[500663.102000000013504,241085.57],[500663.038,241085.278],[500662.979999999981374,241084.987],[500662.336000000010245,241082.584],[500661.895000000018626,241081.119],[500661.563000000023749,241079.628],[500661.419999999983702,241078.517],[500661.378000000026077,241078.191],[500661.289999999979045,241077.106],[500660.689000000013039,241073.397],[500660.708999999973457,241073.21],[500660.713999999978114,241073.106999999989057],[500660.713999999978114,241073.003999999986263],[500660.710000000020955,241072.901000000012573],[500660.702,241072.799],[500660.689000000013039,241072.696],[500660.672000000020489,241072.595],[500660.651000000012573,241072.494],[500660.62599999998929,241072.394],[500660.597,241072.295000000012806],[500660.564000000013039,241072.196999999985565],[500660.527,241072.101],[500660.48599999997532,241072.006],[500660.441,241071.913999999989755],[500660.392999999981839,241071.823],[500660.340000000025611,241071.734],[500660.283999999985099,241071.647999999986496],[500660.223999999987427,241071.564000000013039],[500660.161000000021886,241071.483],[500660.037000000011176,241071.346],[500659.962,241071.275],[500659.885,241071.208000000013271],[500659.804,241071.143000000010943],[500659.722,241071.079999999987194],[500659.63900000002468,241071.019],[500659.555,241070.959],[500659.49900000001071,241070.920000000012806],[500659.471000000019558,241070.9],[500659.1335,241070.9339],[500652.553000000014435,241071.59],[500649.028,241072.271],[500647.267,241072.611],[500644.494,241073.282],[500643.009000000020023,241073.682299999985844],[500639.163,241074.718],[500635.297000000020489,241076.073],[500632.427000000025146,241077.37400000001071],[500630.581,241078.32],[500630.4998,241078.3645],[500630.496999999973923,241078.366],[500628.757999999972526,241079.309],[500623.450000000011642,241082.50700000001234],[500619.603699999977835,241084.7958],[500614.446,241087.8646],[500614.441999999980908,241087.867],[500607.311999999976251,241092.109],[500598.407,241097.122],[500590.00199999997858,241101.854],[500588.7489,241102.5154],[500588.744,241102.518000000010943],[500570.745999999984633,241112.022],[500564.103699999977835,241115.6922],[500564.19,241115.76],[500566.799999999988358,241118.299999999988358],[500568.0,241119.1],[500571.099999999976717,241121.4],[500573.200000000011642,241123.200000000011642],[500578.909999999974389,241135.38],[500581.19,241135.24],[500582.210000000020955,241135.19],[500583.24,241135.170000000012806],[500584.26,241135.16],[500585.289999999979045,241135.18],[500586.32,241135.230000000010477],[500587.340000000025611,241135.299999999988358],[500588.35999999998603,241135.4],[500589.38,241135.53],[500590.39000000001397,241135.68],[500591.400000000023283,241135.85999999998603],[500592.849999999976717,241136.22],[500594.26,241136.69],[500595.659999999974389,241137.230000000010477],[500597.049999999988358,241137.79],[500598.450000000011642,241138.329999999987194],[500599.87,241138.78],[500600.44,241138.94],[500601.020000000018626,241139.09],[500601.590000000025611,241139.25],[500602.169999999983702,241139.39000000001397],[500602.75,241139.54],[500603.340000000025611,241139.670000000012806],[500603.919999999983702,241139.799999999988358],[500604.51,241139.920000000012806],[500605.090000000025611,241140.019999999989523],[500605.68,241140.12],[500606.270000000018626,241140.200000000011642],[500606.85999999998603,241140.269999999989523],[500607.450000000011642,241140.32],[500608.039999999979045,241140.35999999998603],[500608.63,241140.37],[500609.21999999997206,241140.37],[500609.81,241140.35],[500610.400000000023283,241140.31],[500612.35999999998603,241139.82],[500614.200000000011642,241138.88],[500615.99,241137.75],[500617.789999999979045,241136.66],[500619.700000000011642,241135.85],[500623.12,241134.89000000001397],[500626.549999999988358,241133.99],[500629.979999999981374,241133.07],[500633.39000000001397,241132.06],[500635.06,241131.5],[500636.710000000020955,241130.9],[500638.35999999998603,241130.29],[500640.020000000018626,241129.670000000012806],[500641.68,241129.09],[500642.49,241128.85],[500643.31,241128.66],[500644.150000000023283,241128.51],[500644.99,241128.4],[500645.840000000025611,241128.31],[500646.69,241128.230000000010477],[500647.549999999988358,241128.15],[500648.400000000023283,241128.07],[500649.24,241127.96],[500650.080000000016298,241127.829999999987194],[500650.900000000023283,241127.66],[500651.710000000020955,241127.43],[500652.51,241127.15],[500655.07,241125.84],[500657.419999999983702,241124.15],[500659.599999999976717,241122.19],[500661.669999999983702,241120.07],[500663.700000000011642,241117.9],[500665.74,241115.79],[500666.56,241114.93],[500667.330000000016298,241114.019999999989523],[500668.080000000016298,241113.079999999987194],[500668.799999999988358,241112.10999999998603],[500670.200000000011642,241110.13],[500670.909999999974389,241109.15],[500671.63,241108.18],[500672.37,241107.25],[500673.14000000001397,241106.35],[500673.950000000011642,241105.5],[500674.81,241104.700000000011642],[500675.729999999981374,241103.980000000010477],[500676.71999999997206,241103.34],[500689.590000000025611,241096.68],[500699.299999999988358,241091.769999999989523],[500704.169999999983702,241089.35],[500708.14000000001397,241087.46],[500709.080000000016298,241087.01],[500725.99,241080.60999999998603],[500730.479999999981374,241079.019999999989523],[500734.99,241077.480000000010477],[500739.51,241075.980000000010477],[500744.049999999988358,241074.519999999989523],[500747.88,241073.41],[500751.74,241072.46],[500755.64000000001397,241071.62],[500759.549999999988358,241070.84],[500763.46999999997206,241070.07],[500764.830000000016298,241069.81],[500766.200000000011642,241069.57],[500767.580000000016298,241069.35],[500768.950000000011642,241069.15],[500770.330000000016298,241068.96],[500771.710000000020955,241068.79],[500773.090000000025611,241068.64000000001397],[500774.479999999981374,241068.5],[500775.87,241068.37],[500777.26,241068.26],[500778.64000000001397,241068.16],[500780.03000000002794,241068.079999999987194],[500782.82,241067.94],[500784.210000000020955,241067.89000000001397],[500785.599999999976717,241067.85],[500786.51,241067.84],[500787.43,241067.85999999998603],[500788.35999999998603,241067.920000000012806],[500789.28000000002794,241068.0],[500790.200000000011642,241068.10999999998603],[500791.13,241068.25],[500792.049999999988358,241068.420000000012806],[500792.960000000020955,241068.62],[500793.85999999998603,241068.85],[500794.76,241069.10999999998603],[500795.650000000023283,241069.4],[500796.53000000002794,241069.72],[500797.39000000001397,241070.06],[500798.24,241070.44],[500799.07,241070.85],[500799.88,241071.28],[500800.669999999983702,241071.75],[500801.44,241072.24],[500802.53000000002794,241072.99],[500803.599999999976717,241073.769999999989523],[500804.650000000023283,241074.59],[500805.68,241075.450000000011642],[500806.69,241076.34],[500807.659999999974389,241077.26],[500808.599999999976717,241078.22],[500809.49,241079.22],[500810.349999999976717,241080.24],[500811.150000000023283,241081.299999999988358],[500811.900000000023283,241082.39000000001397],[500812.599999999976717,241083.51],[500813.24,241084.670000000012806],[500813.81,241085.85],[500815.549999999988358,241089.799999999988358],[500817.210000000020955,241093.79],[500818.71999999997206,241097.829999999987194],[500820.03000000002794,241101.94],[500824.289999999979045,241117.19],[500825.419999999983702,241121.34],[500826.53000000002794,241125.5],[500827.57,241129.670000000012806],[500828.94,241137.85],[500830.159999999974389,241146.06],[500833.830000000016298,241163.35],[500834.729999999981374,241167.76],[500835.03000000002794,241169.24],[500835.31,241170.71],[500835.590000000025611,241172.19],[500835.85999999998603,241173.66],[500836.35999999998603,241176.62],[500836.580000000016298,241178.10999999998603],[500836.710000000020955,241179.19],[500836.799999999988358,241180.28],[500836.830000000016298,241181.37],[500836.82,241182.46],[500836.770000000018626,241183.56],[500836.69,241184.66],[500836.57,241185.75],[500836.409999999974389,241186.84],[500836.229999999981374,241187.920000000012806],[500836.03000000002794,241188.99],[500835.89000000001397,241189.62],[500835.76,241190.25],[500835.62,241190.89000000001397],[500835.46999999997206,241191.519999999989523],[500835.31,241192.15],[500834.950000000011642,241193.39000000001397],[500834.75,241194.01],[500834.53000000002794,241194.60999999998603],[500834.289999999979045,241195.21],[500834.03000000002794,241195.799999999988358],[500833.74,241196.38],[500833.43,241196.94],[500833.24,241197.24],[500833.03000000002794,241197.54],[500832.799999999988358,241197.82],[500832.56,241198.09],[500832.299999999988358,241198.35999999998603],[500831.770000000018626,241198.87],[500831.49,241199.12],[500831.21999999997206,241199.37],[500830.94,241199.62],[500830.669999999983702,241199.87],[500830.150000000023283,241200.39000000001397],[500829.909999999974389,241200.66],[500829.68,241200.93],[500829.46999999997206,241201.22],[500829.28000000002794,241201.519999999989523],[500829.10999999998603,241201.829999999987194],[500828.96999999997206,241202.16],[500828.770000000018626,241202.74],[500828.63,241203.34],[500828.53000000002794,241203.950000000011642],[500828.479999999981374,241204.57],[500828.460000000020955,241205.19],[500828.49,241205.81],[500828.56,241206.420000000012806],[500828.71999999997206,241207.35999999998603],[500828.93,241208.28],[500829.18,241209.200000000011642],[500829.450000000011642,241210.10999999998603],[500829.729999999981374,241211.019999999989523],[500830.0,241211.93],[500830.25,241212.85],[500830.450000000011642,241213.78],[500830.51,241214.12],[500830.539999999979045,241214.46],[500830.56,241214.81],[500830.56,241215.16],[500830.549999999988358,241215.51],[500830.53000000002794,241215.85999999998603],[500830.5,241216.21],[500830.460000000020955,241216.57],[500830.409999999974389,241216.920000000012806],[500830.37,241217.28],[500830.32,241217.63],[500830.28000000002794,241217.980000000010477],[500830.229999999981374,241218.34],[500830.169999999983702,241219.04],[500830.150000000023283,241219.39000000001397],[500830.14000000001397,241219.730000000010477],[500830.150000000023283,241220.079999999987194],[500830.18,241220.420000000012806],[500830.21999999997206,241220.75],[500830.28000000002794,241221.09],[500830.37,241221.420000000012806],[500830.479999999981374,241221.75],[500830.729999999981374,241222.28],[500831.049999999988358,241222.769999999989523],[500831.43,241223.230000000010477],[500831.85999999998603,241223.65],[500832.330000000016298,241224.04],[500832.830000000016298,241224.41],[500833.349999999976717,241224.76],[500833.88,241225.09],[500834.400000000023283,241225.420000000012806],[500834.919999999983702,241225.74],[500835.229999999981374,241225.920000000012806],[500835.57,241226.07],[500835.919999999983702,241226.200000000011642],[500836.289999999979045,241226.299999999988358],[500836.659999999974389,241226.39000000001397],[500837.039999999979045,241226.47],[500837.43,241226.54],[500837.81,241226.6],[500838.57,241226.74],[500838.94,241226.82],[500839.299999999988358,241226.920000000012806],[500839.650000000023283,241227.03],[500839.979999999981374,241227.170000000012806],[500840.289999999979045,241227.329999999987194],[500840.580000000016298,241227.53],[500840.840000000025611,241227.76],[500841.080000000016298,241228.03],[500842.099999999976717,241229.670000000012806],[500842.849999999976717,241231.47],[500843.400000000023283,241233.37],[500843.82,241235.31],[500844.19,241237.25],[500845.88,241246.32],[500846.409999999974389,241249.07],[500846.960000000020955,241251.81],[500847.56,241254.549999999988358],[500850.56,241264.69],[500854.63,241277.60999999998603],[500854.75,241277.980000000010477],[500854.87,241278.35999999998603],[500855.10999999998603,241279.1],[500855.24,241279.47],[500855.35999999998603,241279.84],[500855.49,241280.200000000011642],[500855.60999999998603,241280.57],[500855.74,241280.94],[500855.85999999998603,241281.31],[500855.99,241281.68],[500856.10999999998603,241282.049999999988358],[500856.24,241282.420000000012806],[500856.35999999998603,241282.79],[500856.49,241283.16],[500857.210000000020955,241285.38],[500857.32,241285.76],[500857.539999999979045,241286.5],[500857.590000000025611,241286.78],[500857.580000000016298,241287.06],[500857.51,241287.329999999987194],[500857.409999999974389,241287.59],[500857.26,241287.85999999998603],[500857.080000000016298,241288.12],[500856.89000000001397,241288.38],[500856.68,241288.64000000001397],[500856.460000000020955,241288.9],[500856.25,241289.16],[500856.049999999988358,241289.420000000012806],[500855.87,241289.68],[500855.710000000020955,241289.950000000011642],[500855.590000000025611,241290.22],[500855.51,241290.49],[500855.479999999981374,241290.769999999989523],[500855.5,241291.049999999988358],[500856.13,241293.21],[500856.74,241295.37],[500858.26,241303.519999999989523],[500858.599999999976717,241305.56],[500858.93,241307.6],[500859.89000000001397,241314.15],[500859.960000000020955,241314.57],[500860.03000000002794,241314.980000000010477],[500860.10999999998603,241315.41],[500860.270000000018626,241316.25],[500860.340000000025611,241316.68],[500860.419999999983702,241317.10999999998603],[500860.56,241317.97],[500860.62,241318.4],[500860.669999999983702,241318.829999999987194],[500860.710000000020955,241319.25],[500860.75,241319.68],[500860.770000000018626,241320.1],[500860.78000000002794,241320.519999999989523],[500860.78000000002794,241320.94],[500860.76,241321.35],[500860.729999999981374,241321.76],[500860.68,241322.170000000012806],[500860.60999999998603,241322.57],[500860.51,241322.96],[500860.400000000023283,241323.35],[500860.270000000018626,241323.730000000010477],[500860.10999999998603,241324.10999999998603],[500859.93,241324.47],[500858.14000000001397,241326.480000000010477],[500855.840000000025611,241328.06],[500853.650000000023283,241329.76],[500849.85999999998603,241333.69],[500846.06,241337.60999999998603],[500844.520000000018626,241339.13],[500842.950000000011642,241340.63],[500841.35999999998603,241342.1],[500839.75,241343.54],[500838.13,241344.97],[500836.49,241346.39000000001397],[500834.76,241347.82],[500832.96999999997206,241349.18],[500831.12,241350.47],[500829.210000000020955,241351.68],[500827.26,241352.79],[500825.25,241353.81],[500823.200000000011642,241354.71],[500814.479999999981374,241358.200000000011642],[500820.200000000011642,241371.200000000011642],[500829.200000000011642,241392.1],[500831.099999999976717,241397.0],[500839.447999999974854,241386.605000000010477],[500839.40500000002794,241386.35999999998603],[500839.353,241386.115],[500839.293,241385.87],[500839.227000000013504,241385.62599999998929],[500839.153999999980442,241385.38200000001234],[500839.077,241385.138],[500838.995999999984633,241384.894],[500838.911000000021886,241384.651000000012573],[500838.825000000011642,241384.408],[500838.737000000022817,241384.166],[500838.647999999986496,241383.924999999988358],[500838.56,241383.684],[500838.473999999987427,241383.443999999988591],[500838.39000000001397,241383.204999999987194],[500838.309,241382.967],[500838.232000000018161,241382.729],[500838.159999999974389,241382.49299999998766],[500838.093999999982771,241382.25700000001234],[500838.034999999974389,241382.022999999986496],[500837.984,241381.79],[500837.941,241381.557999999989988],[500837.908,241381.328],[500837.885,241381.098999999987427],[500837.87400000001071,241380.871000000013737],[500837.875,241380.644999999989523],[500837.89000000001397,241380.420000000012806],[500837.918,241380.196999999985565],[500837.962,241379.976],[500838.021,241379.75700000001234],[500838.097,241379.538999999989755],[500838.191,241379.323],[500838.340000000025611,241379.048],[500839.18,241378.096],[500840.267999999981839,241377.449],[500841.516,241376.997],[500842.835000000020955,241376.63200000001234],[500844.293,241376.19],[500845.055,241375.950000000011642],[500845.831,241375.766],[500846.618000000016764,241375.62599999998929],[500847.411000000021886,241375.517],[500848.208999999973457,241375.427],[500848.445799999986775,241375.402],[500877.93,241338.69],[500895.614,241322.439000000013039],[500892.631999999983236,241317.611],[500899.151000000012573,241311.453],[500901.049999999988358,241292.450000000011642],[500909.28000000002794,241289.041],[500911.045999999972992,241288.309],[500909.593999999982771,241277.123],[500907.791000000026543,241271.594000000011874],[500906.789999999979045,241268.526000000012573],[500906.642999999981839,241268.347],[500906.553000000014435,241268.25],[500906.458999999973457,241268.155999999988126],[500906.36099999997532,241268.066],[500906.26,241267.980000000010477],[500906.153999999980442,241267.897999999986496],[500906.045999999972992,241267.821],[500905.935,241267.74900000001071],[500905.82,241267.681000000011409],[500905.702999999979511,241267.617],[500905.583999999973457,241267.559],[500905.462,241267.506],[500905.378000000026077,241267.473],[500905.337999999988824,241267.458000000013271],[500905.205000000016298,241267.413],[500905.077999999979511,241267.37599999998929],[500904.947999999974854,241267.345],[500904.818000000028405,241267.318],[500904.686999999976251,241267.297],[500904.555,241267.282],[500904.422000000020489,241267.272],[500904.288999999989755,241267.268000000010943],[500904.156000000017229,241267.269],[500904.022999999986496,241267.275],[500903.891,241267.287000000011176],[500903.759000000020023,241267.305],[500903.628000000026077,241267.328],[500894.425999999977648,241270.63],[500893.109,241271.878],[500891.688000000023749,241273.34],[500890.326,241274.856999999989057],[500889.028,241276.428000000014435],[500887.793,241278.051],[500886.625,241279.721],[500885.526000000012573,241281.435999999986961],[500884.304,241283.541999999986729],[500883.362000000022817,241285.348],[500882.492000000027474,241287.192000000010012],[500881.697999999974854,241289.068999999988591],[500880.982000000018161,241290.975],[500880.205000000016298,241293.356999999989057],[500877.378000000026077,241300.810999999986961],[500872.952999999979511,241300.537000000011176],[500873.419999999983702,241306.200000000011642],[500870.979999999981374,241306.4],[500870.229999999981374,241297.31],[500872.669999999983702,241297.10999999998603],[500877.865,241292.932],[500878.754000000015367,241290.193],[500879.506,241288.193],[500880.337999999988824,241286.228],[500881.24800000002142,241284.298],[500882.23599999997532,241282.404],[500883.51,241280.206],[500884.663,241278.407],[500885.886999999987893,241276.659000000014203],[500887.178000000014435,241274.962],[500888.538,241273.317000000010012],[500889.962,241271.728],[500891.451,241270.198],[500893.162000000011176,241268.576],[500902.830000000016298,241265.106],[500902.946999999985565,241265.049999999988358],[500903.060999999986961,241264.989],[500903.172000000020489,241264.923],[500903.281000000017229,241264.853],[500903.386999999987893,241264.778],[500903.489,241264.699],[500903.587999999988824,241264.616],[500903.773999999975786,241264.439000000013039],[500903.862000000022817,241264.344000000011874],[500903.946,241264.245],[500904.025000000023283,241264.143000000010943],[500904.099999999976717,241264.038],[500904.169999999983702,241263.929],[500904.23599999997532,241263.818],[500904.298,241263.704],[500904.354,241263.587999999988824],[500904.406000000017229,241263.469000000011874],[500904.452999999979511,241263.348999999987427],[500904.495,241263.226],[500904.532,241263.102000000013504],[500904.564000000013039,241262.977000000013504],[500904.591000000014901,241262.85],[500904.613000000012107,241262.723],[500904.629000000015367,241262.595],[500904.64000000001397,241262.465999999985797],[500904.645000000018626,241262.336000000010245],[500904.642,241262.123],[500900.51,241250.957],[500898.768999999971129,241246.25],[500893.916000000026543,241234.945],[500892.723999999987427,241231.472]]]]}},
{"type":"Feature","properties":{"mainhabs":"Deciduous woodland","habcodes":"DWOOD","featdesc":null,"featcodes":null,"otherclass":null,"addhabs":null,"primsource":"National Forest Inventory 2023 (DWOOD)","areaha":0.71,"version":"Sep_25","uid":"PHID50092431_024126108","shape_length":null,"shape_area":null},"geometry":{"type":"MultiPolygon","coordinates":[[[[500874.331,241179.378999999986263],[500874.331,241179.443],[500874.818000000028405,241182.049],[500874.87300000002142,241182.340999999985797],[500875.104999999981374,241184.165],[500875.268999999971129,241185.901000000012573],[500875.585000000020955,241188.279],[500876.085000000020955,241190.50099999998929],[500876.670999999972992,241192.62599999998929],[500876.707999999984168,241192.759],[500877.413,241194.99],[500878.205000000016298,241197.185],[500879.172000000020489,241199.545000000012806],[500884.467,241210.62599999998929],[500887.033,241214.698],[500890.12,241220.99299999998766],[500891.423,241223.434],[500893.314000000013039,241227.483],[500894.356000000028871,241230.066],[500894.700000000011642,241231.068999999988591],[500895.783,241234.225],[500896.531000000017229,241235.968],[500898.920999999972992,241241.534000000014203],[500900.62699999997858,241245.508],[500906.517999999981839,241261.429],[500908.449000000022352,241267.184],[500908.689000000013039,241267.897999999986496],[500911.553000000014435,241276.68],[500913.158999999985099,241289.054],[500912.843999999982771,241294.0399],[500912.392,241301.201],[500916.244,241300.459],[500924.806999999971595,241298.813],[500923.729,241294.574],[500926.24900000001071,241293.633],[500928.700000000011642,241299.571999999985565],[500917.3932,241302.628],[500932.650000000023283,241331.43],[500949.358,241367.725],[500951.799999999988358,241373.03],[500952.3372,241374.0386],[500963.12,241369.68],[500970.599999999976717,241366.9],[500974.289999999979045,241365.579999999987194],[500973.85999999998603,241364.35999999998603],[500942.330000000016298,241276.72],[500931.200000000011642,241245.799999999988358],[500925.700000000011642,241231.799999999988358],[500915.400000000023283,241202.299999999988358],[500910.900000000023283,241189.5],[500904.599999999976717,241172.200000000011642],[500897.966000000014901,241155.057],[500905.3555,241154.0355],[500902.63,241146.63],[500900.5,241139.79],[500890.931999999971595,241128.565],[500887.968,241128.776000000012573],[500885.946999999985565,241128.920000000012806],[500880.724999999976717,241129.497],[500881.457,241131.498],[500881.830000000016298,241132.863000000012107],[500881.936999999976251,241133.548],[500882.01500000001397,241134.24],[500882.066999999980908,241134.981],[500882.077,241136.071999999985565],[500882.01,241137.15],[500881.892999999981839,241138.174999999988358],[500881.892,241138.193],[500881.708999999973457,241139.391],[500880.131999999983236,241144.853],[500879.897,241145.547],[500879.848999999987427,241145.672],[500879.643999999971129,241146.209],[500879.145000000018626,241147.431000000011409],[500878.917000000015832,241148.00099999998929],[500878.715000000025611,241148.546],[500878.642,241148.769999999989523],[500878.544999999983702,241149.065],[500878.413999999989755,241149.563],[500878.347,241149.916],[500878.549999999988358,241155.416999999986729],[500878.632999999972526,241156.657],[500878.746999999973923,241157.938],[500878.853,241159.295000000012806],[500878.898999999975786,241161.422],[500878.830000000016298,241162.75],[500878.716000000014901,241164.041],[500878.549,241165.345],[500878.121999999973923,241167.634],[500876.852000000013504,241171.856999999989057],[500876.677000000025146,241172.392],[500876.482000000018161,241172.927],[500876.276000000012573,241173.446],[500876.065,241173.946],[500875.853,241174.432],[500875.243000000016764,241175.81],[500875.06,241176.245],[500874.892,241176.668],[500874.743000000016764,241177.076],[500874.615,241177.473],[500874.506999999983236,241177.85999999998603],[500874.423,241178.234],[500874.364,241178.596],[500874.332,241178.926],[500874.331,241179.378999999986263]]]]}},
{"type":"Feature","properties":{"mainhabs":"Deciduous woodland","habcodes":"DWOOD","featdesc":null,"featcodes":null,"otherclass":null,"addhabs":null,"primsource":"National Forest Inventory 2023 (DWOOD)","areaha":2.11,"version":"Sep_25","uid":"PHID50095037_024030424","shape_length":null,"shape_area":null},"geometry":{"type":"MultiPolygon","coordinates":[[[[500917.64000000001397,240238.34],[500902.14000000001397,240455.19],[500909.0,240454.1],[500916.200000000011642,240453.0],[500923.799999999988358,240451.5],[500973.5,240441.299999999988358],[500976.06,240443.700000000011642],[500985.5,240313.4],[500998.549999999988358,240165.03],[500998.62,240163.6],[500975.37,240140.18],[500965.14010000001872,240135.722],[500950.490999999979977,240162.24],[500940.956699999980628,240179.4977],[500939.87699999997858,240181.452],[500931.68,240196.29],[500916.080000000016298,240224.39000000001397],[500917.64000000001397,240238.34]]]]}},
{"type":"Feature","properties":{"mainhabs":"Deciduous woodland","habcodes":"DWOOD","featdesc":null,"featcodes":null,"otherclass":null,"addhabs":null,"primsource":"National Forest Inventory 2023 (DWOOD)","areaha":0.63,"version":"Sep_25","uid":"PHID50097168_024082431","shape_length":null,"shape_area":null},"geometry":{"type":"MultiPolygon","coordinates":[[[[500942.96999999997206,240916.519999999989523],[500948.409999999974389,240928.19],[500950.710000000020955,240927.29],[500951.729999999981374,240926.84],[500953.650000000023283,240925.99],[500952.960000000020955,240925.24],[500952.71999999997206,240924.269999999989523],[500952.799999999988358,240923.299999999988358],[500953.400000000023283,240921.299999999988358],[500954.0,240919.700000000011642],[500955.099999999976717,240918.5],[500956.299999999988358,240917.5],[500957.599999999976717,240916.6],[500958.900000000023283,240915.9],[500960.200000000011642,240914.9],[500993.200000000011642,240889.299999999988358],[501000.0,240883.5],[501001.299999999988358,240882.299999999988358],[501005.5,240878.299999999988358],[501008.099999999976717,240875.799999999988358],[501008.900000000023283,240875.200000000011642],[501009.099999999976717,240875.0],[501009.599999999976717,240874.200000000011642],[501010.0,240873.200000000011642],[501010.299999999988358,240872.0],[501010.400000000023283,240870.700000000011642],[501010.400000000023283,240868.4],[501010.099999999976717,240867.4],[501009.599999999976717,240866.4],[501008.599999999976717,240864.700000000011642],[501008.200000000011642,240863.9],[501007.599999999976717,240862.4],[501007.200000000011642,240860.799999999988358],[501007.0,240859.799999999988358],[501006.799999999988358,240858.200000000011642],[501006.700000000011642,240857.299999999988358],[501006.799999999988358,240855.700000000011642],[501007.5,240852.6],[501009.099999999976717,240847.299999999988358],[501010.599999999976717,240842.700000000011642],[501011.200000000011642,240840.9],[501011.700000000011642,240838.9],[501012.0,240837.1],[501008.784800000023097,240837.589],[501009.099999999976717,240834.700000000011642],[501009.5,240828.6],[501009.400000000023283,240826.5],[501009.299999999988358,240822.799999999988358],[501009.400000000023283,240819.200000000011642],[501009.799999999988358,240815.299999999988358],[501010.0,240812.4],[501010.400000000023283,240809.9],[501010.5,240808.5],[501011.0,240805.299999999988358],[501011.599999999976717,240802.9],[501012.400000000023283,240799.299999999988358],[501012.599999999976717,240798.200000000011642],[501012.99,240795.299999999988358],[501011.06,240794.99],[501011.020000000018626,240795.299999999988358],[501010.400000000023283,240800.299999999988358],[501009.400000000023283,240806.799999999988358],[501008.900000000023283,240809.5],[501008.700000000011642,240811.0],[501008.5,240814.4],[501008.200000000011642,240821.0],[501007.799999999988358,240826.6],[501007.599999999976717,240829.700000000011642],[501007.299999999988358,240833.200000000011642],[501006.700000000011642,240836.799999999988358],[501006.200000000011642,240838.9],[501005.299999999988358,240842.700000000011642],[501004.400000000023283,240845.4],[501003.599999999976717,240847.9],[501002.799999999988358,240852.6],[501002.599999999976717,240853.4],[501002.200000000011642,240856.200000000011642],[501002.099999999976717,240857.6],[501002.099999999976717,240857.799999999988358],[501002.700000000011642,240860.799999999988358],[501002.900000000023283,240861.6],[501003.099999999976717,240862.799999999988358],[501003.299999999988358,240864.1],[501003.700000000011642,240865.299999999988358],[501004.200000000011642,240866.4],[501004.400000000023283,240866.700000000011642],[501005.099999999976717,240867.700000000011642],[501006.900000000023283,240869.5],[501000.0,240874.6],[500999.770000000018626,240874.769999999989523],[500999.770000000018626,240838.96],[500995.74,240833.78],[500982.64000000001397,240806.41],[500981.710000000020955,240782.950000000011642],[500977.349999999976717,240740.63],[500950.090000000025611,240750.29],[500965.900000000023283,240862.25],[500930.39000000001397,240890.82],[500941.099999999976717,240912.5],[500942.96999999997206,240916.519999999989523]]]]}},
{"type":"Feature","properties":{"mainhabs":"Deciduous woodland","habcodes":"DWOOD","featdesc":null,"featcodes":null,"otherclass":null,"addhabs":null,"primsource":"National Forest Inventory 2023 (DWOOD)","areaha":0.15,"version":"Sep_25","uid":"PHID50101819_024087582","shape_length":null,"shape_area":null},"geometry":{"type":"MultiPolygon","coordinates":[[[[501038.75,240842.68],[501039.49,240836.04],[501032.882700000016484,240836.2948],[501015.262999999977183,240846.78],[501018.179,240878.013],[500996.90500000002794,240897.083699999988312],[501003.849899999971967,240900.9711],[501013.174899999983609,240907.0691],[501030.88,240905.480000000010477],[501035.549999999988358,240871.450000000011642],[501036.78000000002794,240866.78],[501037.520000000018626,240863.5],[501037.93,240858.66],[501038.26,240851.78],[501038.419999999983702,240846.85999999998603],[501038.75,240842.68]]]]}},
{"type":"Feature","properties":{"mainhabs":"Deciduous woodland","habcodes":"DWOOD","featdesc":null,"featcodes":null,"otherclass":null,"addhabs":null,"primsource":"National Forest Inventory 2023 (DWOOD)","areaha":0.17,"version":"Sep_25","uid":"PHID50103951_024125875","shape_length":null,"shape_area":null},"geometry":{"type":"MultiPolygon","coordinates":[[[[501019.520000000018626,241233.519999999989523],[501020.049999999988358,241235.519999999989523],[501020.64000000001397,241237.5],[501021.71999999997206,241240.75],[501022.909999999974389,241243.97],[501024.12,241247.18],[501025.28000000002794,241250.41],[501031.5,241268.730000000010477],[501035.710000000020955,241280.43],[501037.299999999988358,241284.41],[501039.039999999979045,241288.34],[501040.87,241292.230000000010477],[501041.669999999983702,241293.829999999987194],[501042.53000000002794,241295.41],[501043.450000000011642,241296.950000000011642],[501044.450000000011642,241298.44],[501045.539999999979045,241299.85999999998603],[501046.729999999981374,241301.19],[501047.539999999979045,241302.0],[501048.37,241302.79],[501049.21999999997206,241303.57],[501050.080000000016298,241304.329999999987194],[501050.960000000020955,241305.079999999987194],[501051.849999999976717,241305.81],[501052.75,241306.53],[501053.650000000023283,241307.24],[501054.57,241307.94],[501056.080000000016298,241308.93],[501057.669999999983702,241309.82],[501059.21999999997206,241310.76],[501059.520000000018626,241311.01],[501059.419999999983702,241309.450000000011642],[501058.409999999974389,241300.6],[501052.409999999974389,241257.18],[501051.270000000018626,241248.35],[501050.539999999979045,241243.71],[501049.68,241239.079999999987194],[501048.76,241234.450000000011642],[501048.21999999997206,241231.76],[501047.63,241229.1],[501046.979999999981374,241226.450000000011642],[501030.119,241230.312],[501019.520000000018626,241233.519999999989523]]]]}},
{"type":"Feature","properties":{"mainhabs":"Deciduous woodland","habcodes":"DWOOD","featdesc":null,"featcodes":null,"otherclass":null,"addhabs":"LCGRA, RBEDS","primsource":"National Forest Inventory 2023 (DWOOD)","areaha":0.14,"version":"Sep_25","uid":"PHID50106847_024128263","shape_length":null,"shape_area":null},"geometry":{"type":"MultiPolygon","coordinates":[[[[501063.200000000011642,241314.299999999988358],[501074.799999999988358,241307.200000000011642],[501083.700000000011642,241301.700000000011642],[501087.60999999998603,241299.269999999989523],[501077.729999999981374,241275.78],[501059.63,241233.56],[501055.588999999978114,241223.922],[501049.340000000025611,241225.604],[501049.400000000023283,241225.82],[501050.06,241228.53],[501050.659999999974389,241231.25],[501051.210000000020955,241233.96],[501052.13,241238.60999999998603],[501053.01,241243.29],[501053.75,241248.0],[501054.89000000001397,241256.84],[501060.89000000001397,241300.29],[501061.909999999974389,241309.22],[501062.218999999982771,241313.769999999989523],[501062.330000000016298,241313.91],[501062.789999999979045,241314.56],[501063.200000000011642,241314.299999999988358]]]]}},
{"type":"Feature","properties":{"mainhabs":"Deciduous woodland","habcodes":"DWOOD","featdesc":null,"featcodes":null,"otherclass":null,"addhabs":"GQSIG, LCGRA, RBEDS","primsource":"National Forest Inventory 2023 (DWOOD)","areaha":0.55,"version":"Sep_25","uid":"PHID50107448_024138431","shape_length":null,"shape_area":null},"geometry":{"type":"MultiPolygon","coordinates":[[[[501058.700000000011642,241317.200000000011642],[501038.700000000011642,241328.5],[501038.0,241329.6],[501037.200000000011642,241331.5],[501036.900000000023283,241333.799999999988358],[501036.900000000023283,241335.6],[501036.0,241336.4],[501030.03000000002794,241340.049999999988358],[501034.85999999998603,241347.97],[501036.49,241350.920000000012806],[501039.60999999998603,241356.16],[501042.229999999981374,241361.0],[501051.81,241380.41],[501058.53000000002794,241394.41],[501064.090000000025611,241405.39000000001397],[501070.650000000023283,241419.39000000001397],[501075.81,241432.82],[501079.080000000016298,241441.1],[501081.460000000020955,241449.12],[501081.87,241452.64000000001397],[501081.210000000020955,241454.94],[501079.659999999974389,241458.38],[501077.53000000002794,241461.16],[501075.420099999988452,241463.269900000013877],[501080.68,241468.29],[501083.330000000016298,241467.04],[501086.01,241465.829999999987194],[501088.700000000011642,241464.64000000001397],[501091.06,241463.6],[501105.150000000023283,241457.63],[501107.43,241456.53],[501109.64000000001397,241455.269999999989523],[501111.76,241453.87],[501113.78000000002794,241452.329999999987194],[501114.39000000001397,241451.799999999988358],[501114.96999999997206,241451.25],[501115.53000000002794,241450.66],[501116.06,241450.049999999988358],[501116.56,241449.41],[501117.03000000002794,241448.75],[501117.460000000020955,241448.07],[501117.849999999976717,241447.37],[501118.210000000020955,241446.65],[501118.37,241446.26],[501118.520000000018626,241445.85999999998603],[501118.64000000001397,241445.450000000011642],[501118.74,241445.03],[501118.82,241444.60999999998603],[501118.88,241444.18],[501118.919999999983702,241443.74],[501118.93,241443.299999999988358],[501118.93,241442.87],[501118.900000000023283,241442.43],[501118.849999999976717,241442.0],[501118.78000000002794,241441.579999999987194],[501118.69,241441.16],[501118.580000000016298,241440.75],[501118.44,241440.35],[501118.18,241439.60999999998603],[501117.900000000023283,241438.88],[501117.63,241438.15],[501116.789999999979045,241435.96],[501116.5,241435.230000000010477],[501116.21999999997206,241434.5],[501115.93,241433.78],[501115.64000000001397,241433.049999999988358],[501115.349999999976717,241432.329999999987194],[501115.06,241431.6],[501114.76,241430.88],[501114.460000000020955,241430.15],[501114.169999999983702,241429.43],[501113.57,241427.99],[501113.270000000018626,241427.26],[501112.96999999997206,241426.54],[501107.549999999988358,241413.700000000011642],[501100.919999999983702,241396.31],[501093.81,241379.420000000012806],[501086.01,241362.19],[501077.76,241345.18],[501073.96999999997206,241338.35999999998603],[501070.03000000002794,241331.63],[501066.789999999979045,241326.43],[501063.549999999988358,241320.25],[501061.460000000020955,241316.29],[501061.18,241315.82],[501061.07,241315.670000000012806],[501059.299999999988358,241316.81],[501058.700000000011642,241317.200000000011642]]]]}},
{"type":"Feature","properties":{"mainhabs":"Deciduous woodland","habcodes":"DWOOD","featdesc":null,"featcodes":null,"otherclass":null,"addhabs":null,"primsource":"National Forest Inventory 2023 (DWOOD)","areaha":1.13,"version":"Sep_25","uid":"PHID50179428_024036870","shape_length":null,"shape_area":null},"geometry":{"type":"MultiPolygon","coordinates":[[[[501636.696,240378.136],[501641.159999999974389,240426.74],[501745.071,240397.880800000013551],[501746.087999999988824,240399.763],[501754.299999999988358,240397.283],[501856.811999999976251,240368.329999999987194],[501934.349999999976717,240349.521],[501934.268999999971129,240349.153],[501927.761999999987893,240319.596],[501938.289999999979045,240315.519999999989523],[501937.830000000016298,240313.66],[501937.099999999976717,240310.670000000012806],[501924.75,240314.28],[501911.99,240318.019999999989523],[501880.56,240326.920000000012806],[501879.194599999987986,240327.3068],[501805.696699999971315,240348.1306],[501710.789899999974295,240375.019999999989523],[501709.789999999979045,240375.12],[501708.89000000001397,240375.22],[501699.19,240373.920000000012806],[501694.49,240373.22],[501635.39000000001397,240363.920000000012806],[501628.645000000018626,240362.943],[501628.352000000013504,240367.665],[501628.145000000018626,240371.00099999998929],[501627.778,240376.924],[501636.696,240378.136]]]]}},
{"type":"Feature","properties":{"mainhabs":"Lowland fens","habcodes":"LFENS","featdesc":null,"featcodes":null,"otherclass":null,"addhabs":"RBEDS","primsource":"Reedbeds at Marston Vale Millenium Country Park 2008 (LFENS)","areaha":0.04,"version":"Sep_25","uid":"PHID50020594_024121162","shape_length":null,"shape_area":null},"geometry":{"type":"MultiPolygon","coordinates":[[[[500209.21999999997206,241230.536],[500211.210000000020955,241230.16],[500213.74,241229.700000000011642],[500219.10999999998603,241228.64000000001397],[500217.57,241225.74],[500216.549999999988358,241223.88],[500215.57,241221.99],[500214.650000000023283,241220.07],[500213.830000000016298,241218.12],[500213.090000000025611,241216.10999999998603],[500212.39000000001397,241214.1],[500211.650000000023283,241212.1],[500209.71999999997206,241207.25],[500209.299999999988358,241206.38],[500208.799999999988358,241205.549999999988358],[500208.210000000020955,241204.78],[500207.99,241204.519999999989523],[500207.75,241204.28],[500207.49,241204.06],[500207.21999999997206,241203.84],[500206.659999999974389,241203.46],[500206.35999999998603,241203.28],[500206.06,241203.10999999998603],[500205.75,241202.950000000011642],[500205.43,241202.799999999988358],[500205.12,241202.65],[500204.479999999981374,241202.37],[500204.169999999983702,241202.24],[500203.210000000020955,241201.84],[500201.270000000018626,241201.06],[500200.299999999988358,241200.68],[500199.330000000016298,241200.31],[500198.349999999976717,241199.94],[500197.38,241199.579999999987194],[500195.419999999983702,241198.85999999998603],[500186.789999999979045,241195.78],[500178.617900000012014,241192.7152],[500178.142999999981839,241193.428000000014435],[500179.332999999984168,241195.809],[500186.34499999997206,241200.704],[500193.753000000026077,241207.451],[500201.162000000011176,241212.081],[500206.982000000018161,241217.505],[500209.495999999984633,241221.473999999987427],[500212.196999999985565,241225.37599999998929],[500212.858,241227.295000000012806],[500212.461000000010245,241229.014],[500209.21999999997206,241230.536]]]]}},
{"type":"Feature","properties":{"mainhabs":"Lowland fens","habcodes":"LFENS","featdesc":null,"featcodes":null,"otherclass":null,"addhabs":"RBEDS","primsource":"Reedbeds at Marston Vale Millenium Country Park 2008 (LFENS)","areaha":0.09,"version":"Sep_25","uid":"PHID50021476_024124824","shape_length":null,"shape_area":null},"geometry":{"type":"MultiPolygon","coordinates":[[[[500198.8491,241234.222799999988638],[500202.142999999981839,241235.563],[500206.31,241237.812],[500207.897,241240.391],[500208.162000000011176,241242.905],[500207.104,241245.88200000001234],[500201.414999999979045,241249.386999999987893],[500198.174,241252.364],[500196.392,241254.758],[500195.856000000028871,241258.462999999988824],[500197.364,241261.557999999989988],[500198.0172,241263.3558],[500200.14000000001397,241263.450000000011642],[500222.99,241264.700000000011642],[500224.830000000016298,241264.72],[500226.669999999983702,241264.56],[500228.49,241264.26],[500228.85999999998603,241264.16],[500229.229999999981374,241264.04],[500229.590000000025611,241263.9],[500229.94,241263.730000000010477],[500230.289999999979045,241263.54],[500230.62,241263.329999999987194],[500230.94,241263.1],[500231.25,241262.85],[500231.539999999979045,241262.59],[500231.81,241262.31],[500232.07,241262.019999999989523],[500232.299999999988358,241261.71],[500232.46999999997206,241261.47],[500232.63,241261.22],[500232.78000000002794,241260.96],[500233.039999999979045,241260.420000000012806],[500233.159999999974389,241260.14000000001397],[500233.35999999998603,241259.56],[500233.44,241259.269999999989523],[500233.51,241258.97],[500233.57,241258.670000000012806],[500233.650000000023283,241258.07],[500233.669999999983702,241257.47],[500233.659999999974389,241257.170000000012806],[500233.64000000001397,241256.87],[500233.599999999976717,241256.579999999987194],[500233.539999999979045,241256.29],[500233.450000000011642,241255.88],[500233.349999999976717,241255.46],[500233.13,241254.64000000001397],[500233.01,241254.230000000010477],[500232.89000000001397,241253.829999999987194],[500232.76,241253.420000000012806],[500232.63,241253.019999999989523],[500232.49,241252.60999999998603],[500232.210000000020955,241251.81],[500231.909999999974389,241251.01],[500231.76,241250.62],[500231.10999999998603,241248.89000000001397],[500230.46999999997206,241247.16],[500229.75,241245.47],[500228.909999999974389,241243.84],[500228.32,241242.85999999998603],[500227.71999999997206,241241.89000000001397],[500227.099999999976717,241240.93],[500226.46999999997206,241239.97],[500225.840000000025611,241239.019999999989523],[500225.19,241238.07],[500221.599999999976717,241232.81],[500220.669999999983702,241231.29],[500211.46999999997206,241232.769999999989523],[500201.96999999997206,241233.920000000012806],[500198.8491,241234.222799999988638]]]]}},
{"type":"Feature","properties":{"mainhabs":"Lowland fens","habcodes":"LFENS","featdesc":null,"featcodes":null,"otherclass":null,"addhabs":"RBEDS","primsource":"Reedbeds at Marston Vale Millenium Country Park 2008 (LFENS)","areaha":0.12,"version":"Sep_25","uid":"PHID50026832_024131655","shape_length":null,"shape_area":null},"geometry":{"type":"MultiPolygon","coordinates":[[[[500315.4487,241275.4949],[500316.829000000027008,241273.4737],[500264.62,241311.49],[500238.269900000013877,241330.47],[500210.299899999983609,241341.35],[500163.940200000011828,241359.633200000011129],[500168.653600000019651,241358.6911],[500180.411100000026636,241355.372],[500193.9742,241351.1532],[500203.925999999977648,241348.1341],[500219.599800000025425,241343.6154],[500231.3491,241340.606300000014016],[500243.7084,241336.3775],[500250.642500000016298,241333.668199999985518],[500259.3823,241329.1495],[500269.333999999973457,241323.1213],[500276.87,241318.292599999986123],[500285.609799999976531,241311.3646],[500293.1458,241304.1267],[500300.079900000011548,241295.989],[500307.01400000002468,241287.251500000013039],[500312.134199999971315,241280.6134],[500315.4487,241275.4949]]]]}},
{"type":"Feature","properties":{"mainhabs":"Lowland fens","habcodes":"LFENS","featdesc":null,"featcodes":null,"otherclass":null,"addhabs":"LCGRA, RBEDS","primsource":"Reedbeds at Marston Vale Millenium Country Park 2008 (LFENS)","areaha":0.03,"version":"Sep_25","uid":"PHID50046681_024082166","shape_length":null,"shape_area":null},"geometry":{"type":"MultiPolygon","coordinates":[[[[500459.471000000019558,240819.711000000010245],[500459.927000000025146,240820.76500000001397],[500460.132999999972526,240821.241],[500468.35999999998603,240826.695],[500478.619,240832.575000000011642],[500484.254000000015367,240834.636],[500486.286000000021886,240835.062],[500486.878000000026077,240835.62400000001071],[500486.64000000001397,240836.546],[500487.409999999974389,240835.31],[500485.039999999979045,240833.26],[500481.62,240829.9],[500478.729999999981374,240827.1],[500475.830000000016298,240824.32],[500473.460000000020955,240822.170000000012806],[500471.01,240820.13],[500468.520000000018626,240818.18],[500465.979999999981374,240816.32],[500463.400000000023283,240814.51],[500463.76,240813.420000000012806],[500464.799999999988358,240812.049999999988358],[500465.19,240811.59],[500466.43,240812.34],[500467.650000000023283,240813.15],[500468.830000000016298,240814.0],[500471.32,240815.950000000011642],[500473.74,240817.99],[500478.0,240821.79],[500482.44,240825.799999999988358],[500482.71999999997206,240826.06],[500483.799999999988358,240827.1],[500484.599999999976717,240827.9],[500485.12,240828.44],[500485.39000000001397,240828.71],[500485.909999999974389,240829.25],[500486.18,240829.51],[500486.44,240829.78],[500486.710000000020955,240830.049999999988358],[500487.789999999979045,240831.09],[500488.07,240831.35],[500488.340000000025611,240831.6],[500488.44,240831.68],[500488.549999999988358,240831.76],[500488.68,240831.84],[500488.799999999988358,240831.9],[500488.93,240831.94],[500489.039999999979045,240831.950000000011642],[500489.229999999981374,240831.87],[500490.700000000011642,240829.88],[500489.419,240829.976],[500488.43,240828.943999999988591],[500480.968999999982771,240819.814000000013039],[500471.053000000014435,240808.826],[500469.283999999985099,240807.43],[500468.313000000023749,240807.071999999985565],[500467.560999999986961,240806.794],[500463.193000000028405,240813.69],[500459.471000000019558,240819.711000000010245]]]]}},
{"type":"Feature","properties":{"mainhabs":"Lowland fens,Reedbeds","habcodes":"LFENS, RBEDS","featdesc":null,"featcodes":null,"otherclass":null,"addhabs":"LCGRA","primsource":"Reedbeds at Marston Vale Millenium Country Park 2008 (LFENS), Feedback from Natural England adviser or specialist 2023 (RBEDS)","areaha":6.64,"version":"Sep_25","uid":"PHID50014457_024115202","shape_length":null,"shape_area":null},"geometry":{"type":"MultiPolygon","coordinates":[[[[500118.25,241340.60999999998603],[500118.796099999977741,241342.1117],[500118.928399999975227,241342.4755],[500118.93,241342.480000000010477],[500120.32,241344.57],[500122.93,241347.049999999988358],[500125.200200000021141,241348.8372],[500125.28000000002794,241348.9],[500129.799999999988358,241351.82],[500129.803200000023935,241351.822699999989709],[500132.919999999983702,241354.43],[500135.900000000023283,241357.29],[500137.18,241359.14000000001397],[500138.38,241361.24],[500139.080000000016298,241362.829999999987194],[500139.400000000023283,241364.1],[500141.64000000001397,241368.484],[500143.789999999979045,241367.579999999987194],[500163.940200000011828,241359.633200000011129],[500210.299899999983609,241341.35],[500238.269900000013877,241330.47],[500264.62,241311.49],[500316.82909999997355,241273.4737],[500319.210000000020955,241271.74],[500320.614,241267.8859],[500325.457999999984168,241254.589],[500325.599999999976717,241254.200000000011642],[500327.1632,241230.5492],[500327.299999999988358,241228.480000000010477],[500303.270000000018626,241192.51],[500274.170999999972992,241149.4095],[500271.409999999974389,241145.32],[500269.9486,241131.170699999987846],[500269.028999999980442,241127.497299999988172],[500266.918200000014622,241121.159099999989849],[500263.908799999975599,241114.8309],[500260.2892,241109.1025],[500256.669600000022911,241105.1837],[500253.660199999983888,241101.874600000010105],[500251.244400000025053,241099.155399999988731],[500248.23489999998128,241092.527299999987008],[500246.420999999972992,241088.308500000013737],[500244.6154,241081.9803],[500243.4116,241077.7615],[500243.1065,241073.5427],[500243.1065,241069.3139],[500243.1065,241066.6047],[500244.0135,241061.7861],[500244.9204,241056.957499999989523],[500246.420999999972992,241052.4388],[500248.5318,241047.6201],[500250.947600000014063,241042.7915],[500251.846299999975599,241037.363099999987753],[500251.846299999975599,241034.353899999987334],[500251.846299999975599,241030.73499999998603],[500251.697900000028312,241026.366199999989476],[500251.401000000012573,241024.4068],[500250.642500000016298,241021.8475],[500248.68839999998454,241018.3785],[500246.577700000023469,241014.309700000012526],[500244.0135,241009.791],[500241.300800000026356,241005.2623],[500239.0417,241002.2531],[500236.930999999982305,240999.084],[500234.2183,240995.4651],[500231.200599999981932,240991.8561],[500228.1912,240988.3871],[500224.868399999977555,240985.36799999998766],[500221.5539,240982.6587],[500216.8872,240978.8898],[500213.416000000026543,240976.6305],[500209.351199999975506,240974.0712],[500202.417100000020582,240969.8524],[500197.140300000028219,240966.3834],[500189.3075,240962.16459999998915],[500184.929400000022724,240959.905300000013085],[500179.809200000017881,240957.6359],[500176.346299999975599,240956.2863],[500171.671299999987241,240954.926700000010896],[500166.9964,240954.1769],[500160.820799999986775,240953.567099999985658],[500155.6924,240953.4171],[500151.776000000012573,240953.4171],[500144.545099999988452,240954.6268],[500140.3236,240955.2266],[500137.90779999998631,240955.6765],[500130.981900000013411,240957.0361],[500121.631999999983236,240959.145500000013271],[500112.2904,240961.2549],[500105.5047,240963.0644],[500094.200699999986682,240966.6833],[500084.8591,240969.6925],[500080.489200000010896,240970.6022],[500077.323099999979604,240971.0521],[500072.499699999985751,240971.352000000013504],[500069.638700000010431,240971.352000000013504],[500066.925999999977648,240970.9021],[500064.815300000016578,240970.152299999987008],[500063.454900000011548,240968.942700000014156],[500062.3995,240967.583099999988917],[500062.102699999988545,240966.3834],[500061.8801,240964.953799999988405],[500061.8801,240963.4442],[500062.292299999971874,240962.2346],[500062.853,240960.655],[500063.454900000011548,240958.995499999989988],[500064.361800000013318,240957.296],[500065.268800000019837,240955.9864],[500066.777599999972153,240954.326899999985471],[500068.8801,240952.367399999988265],[500070.240600000019185,240951.0078],[500073.4067,240947.5388],[500075.517400000011548,240944.8296],[500076.7954,240942.790199999988545],[500077.174699999974109,240941.5105],[500077.174699999974109,240940.6108],[500077.174699999974109,240939.1012],[500076.869599999976344,240938.0515],[500076.119300000020303,240936.8419],[500074.9155,240935.782199999986915],[500071.18,240935.56],[500066.900000000023283,240936.829999999987194],[500062.76,240939.75],[500056.0,240946.19],[500045.943099999974947,240955.767],[500045.94,240955.769999999989523],[500036.82,240965.03],[500032.26,240971.28],[500028.21999999997206,240977.63],[500027.495799999975134,240979.90659999998752],[500027.48499999998603,240979.9406],[500027.479500000015832,240979.958000000013271],[500026.62,240982.66],[500025.9301,240985.5271],[500025.400000000023283,240987.730000000010477],[500025.210000000020955,240994.4],[500025.151599999982864,240999.8493],[500025.150000000023283,241000.0],[500025.47009999997681,241009.2905],[500026.10999999998603,241014.76],[500026.958800000022165,241019.516800000012154],[500027.01,241019.8038],[500027.1199,241020.4191],[500028.270000000018626,241024.49],[500030.052099999971688,241030.1059],[500031.64000000001397,241035.10999999998603],[500033.289999999979045,241042.60999999998603],[500034.18,241049.29],[500034.3895,241051.13200000001234],[500034.419999999983702,241051.4],[500034.38,241055.769999999989523],[500034.0601,241058.6385],[500033.2108,241063.815299999987474],[500033.210000000020955,241063.82],[500030.38,241073.62],[500029.128099999972619,241078.5864],[500029.117099999974016,241078.6298],[500029.1083000000217,241078.6647],[500028.26,241082.03],[500027.71999999997206,241085.920000000012806],[500027.599999999976717,241089.1],[500027.919899999978952,241091.8991],[500028.549999999988358,241094.950000000011642],[500029.7279,241098.444599999987986],[500030.650000000023283,241101.18],[500032.24,241105.0],[500034.888800000015181,241110.847799999988638],[500034.898500000010245,241110.8693],[500035.6104,241112.440800000011222],[500037.520000000018626,241115.49],[500039.024800000013784,241117.171],[500039.740600000019185,241117.9705],[500042.099999999976717,241120.01],[500045.150000000023283,241122.35999999998603],[500046.799899999983609,241123.4399],[500048.200000000011642,241125.03],[500050.151300000026822,241128.312],[500050.804300000017975,241129.4104],[500050.8078,241129.416300000011688],[500050.81,241129.420000000012806],[500053.347100000013597,241133.6152],[500053.349999999976717,241133.62],[500055.39000000001397,241136.22],[500058.82,241139.78],[500060.85999999998603,241141.76],[500062.26,241143.28],[500063.53000000002794,241145.19],[500064.1287,241146.2164],[500064.159999999974389,241146.269999999989523],[500064.177000000025146,241146.3106],[500064.93,241148.10999999998603],[500065.434200000017881,241150.0675],[500065.44,241150.09],[500066.07,241153.329999999987194],[500066.770000000018626,241157.589700000011362],[500068.299999999988358,241164.269999999989523],[500069.25,241167.64000000001397],[500071.409999999974389,241173.04],[500071.412200000020675,241173.043800000014016],[500073.13,241176.1],[500074.6604,241178.641],[500075.419999999983702,241180.799999999988358],[500075.74,241182.8406],[500075.669999999983702,241184.49],[500075.229999999981374,241186.4],[500074.590000000025611,241187.920000000012806],[500074.5723,241187.948200000013458],[500073.830000000016298,241189.13],[500072.4558,241190.6907],[500072.43,241190.72],[500071.0307,241192.179299999988871],[500067.412399999971967,241195.9376],[500067.409999999974389,241195.94],[500052.270000000018626,241212.34],[500052.2673,241212.3437],[500052.0084,241212.702],[500048.959800000011455,241216.920699999987846],[500048.580000000016298,241218.1306],[500048.460000000020955,241220.60999999998603],[500048.840000000025611,241223.28],[500049.729999999981374,241225.44],[500050.274800000013784,241226.3002],[500051.06,241227.54],[500056.340000000025611,241233.71],[500061.040199999988545,241239.1702],[500072.049999999988358,241251.96],[500076.37,241257.49],[500078.62310000002617,241260.522],[500079.87,241262.200000000011642],[500082.729999999981374,241265.59],[500085.020000000018626,241267.79],[500088.840000000025611,241270.4],[500091.960000000020955,241272.079999999987194],[500095.14000000001397,241273.85999999998603],[500097.164600000018254,241274.6469],[500099.71999999997206,241275.64000000001397],[500106.590000000025611,241278.69],[500106.966000000014901,241278.916],[500110.71999999997206,241281.170000000012806],[500111.74,241281.87],[500116.846200000029057,241286.5786],[500118.291099999973085,241287.911],[500124.080000000016298,241293.51],[500127.13,241297.450000000011642],[500129.289999999979045,241300.89000000001397],[500130.140599999984261,241303.2866],[500130.4387,241304.1264],[500130.44,241304.13],[500130.94,241306.29],[500131.0675,241308.2214],[500131.07,241308.26],[500131.07,241308.3862],[500131.07,241310.35999999998603],[500131.01,241311.44],[500130.69,241313.29],[500130.12,241314.94],[500128.78000000002794,241318.18],[500127.120500000019092,241321.4505],[500127.07,241321.549999999988358],[500124.650000000023283,241325.81],[500121.849999999976717,241330.39000000001397],[500119.6203,241334.6493],[500118.945499999972526,241336.276000000012573],[500118.671199999982491,241336.937],[500118.669999999983702,241336.94],[500118.289999999979045,241339.04],[500118.25,241340.60999999998603]],[[500317.561999999976251,241236.8553],[500316.449000000022352,241236.229],[500314.683000000019092,241235.468],[500314.35999999998603,241235.37],[500312.62,241234.32],[500311.580000000016298,241233.29],[500310.039999999979045,241232.29],[500309.229999999981374,241231.53],[500307.049999999988358,241232.12],[500305.81,241233.14000000001397],[500302.150000000023283,241227.94],[500292.090000000025611,241213.47],[500281.090000000025611,241197.18],[500269.69,241180.079999999987194],[500269.330000000016298,241178.670000000012806],[500272.35999999998603,241181.91],[500273.62,241183.269999999989523],[500274.87,241184.65],[500276.099999999976717,241186.04],[500277.31,241187.450000000011642],[500278.479999999981374,241188.88],[500279.60999999998603,241190.35],[500280.69,241191.85999999998603],[500285.979999999981374,241200.68],[500295.669999999983702,241215.81],[500296.25,241216.700000000011642],[500296.82,241217.59],[500297.400000000023283,241218.47],[500298.0,241219.35],[500298.599999999976717,241220.21],[500299.210000000020955,241221.07],[500299.849999999976717,241221.920000000012806],[500300.919999999983702,241223.19],[500302.090000000025611,241224.35999999998603],[500303.349999999976717,241225.46],[500304.659999999974389,241226.51],[500305.99,241227.519999999989523],[500307.049999999988358,241228.269999999989523],[500308.159999999974389,241228.97],[500309.270000000018626,241229.65],[500310.39000000001397,241230.34],[500311.46999999997206,241231.07],[500312.51,241231.85999999998603],[500313.270000000018626,241232.519999999989523],[500314.0,241233.21],[500314.71999999997206,241233.93],[500316.14000000001397,241235.37],[500316.87,241236.079999999987194],[500317.561999999976251,241236.8553]],[[500198.8491,241234.222799999988638],[500198.24,241233.975],[500198.042000000015832,241232.586000000010245],[500198.848400000017136,241231.6895],[500199.232000000018161,241231.263],[500202.275000000023283,241230.799999999988358],[500208.678699999989476,241230.556600000010803],[500209.21999999997206,241230.536],[500212.461000000010245,241229.014],[500212.858,241227.295000000012806],[500212.196999999985565,241225.37599999998929],[500209.495999999984633,241221.473999999987427],[500206.982000000018161,241217.505],[500201.162000000011176,241212.081],[500193.753000000026077,241207.451],[500186.34499999997206,241200.704],[500179.332999999984168,241195.809],[500178.142999999981839,241193.428000000014435],[500178.617900000012014,241192.7152],[500176.81,241191.980000000010477],[500175.020000000018626,241191.72],[500174.71999999997206,241191.76],[500174.419999999983702,241191.82],[500174.13,241191.88],[500173.840000000025611,241191.96],[500173.549999999988358,241192.049999999988358],[500173.26,241192.15],[500172.700000000011642,241192.37],[500172.409999999974389,241192.480000000010477],[500171.01,241193.079999999987194],[500170.71999999997206,241193.19],[500165.88,241195.1],[500161.039999999979045,241197.019999999989523],[500153.700000000011642,241200.01],[500150.460000000020955,241201.519999999989523],[500147.25,241203.079999999987194],[500144.31,241204.549999999988358],[500144.039999999979045,241204.60999999998603],[500143.770000000018626,241204.66],[500143.49,241204.68],[500142.93,241204.66],[500142.37,241204.579999999987194],[500142.099999999976717,241204.53],[500141.82,241204.47],[500141.53000000002794,241204.41],[500141.24,241204.34],[500140.960000000020955,241204.25],[500140.68,241204.14000000001397],[500133.35999999998603,241209.53],[500123.229999999981374,241216.96],[500114.49,241223.519999999989523],[500107.479999999981374,241229.06],[500105.63,241230.39000000001397],[500103.71999999997206,241231.64000000001397],[500101.770000000018626,241232.82],[500098.590000000025611,241234.62],[500095.39000000001397,241236.37],[500092.210000000020955,241238.170000000012806],[500083.700000000011642,241243.22],[500078.979999999981374,241245.91],[500078.53000000002794,241246.14000000001397],[500078.049999999988358,241246.29],[500077.68,241246.16],[500077.63,241246.1],[500077.590000000025611,241246.04],[500077.539999999979045,241245.97],[500077.5,241245.9],[500077.46999999997206,241245.829999999987194],[500077.43,241245.76],[500077.400000000023283,241245.68],[500077.37,241245.60999999998603],[500077.340000000025611,241245.53],[500077.31,241245.46],[500077.289999999979045,241245.38],[500077.26,241245.31],[500077.229999999981374,241245.230000000010477],[500077.200000000011642,241245.12],[500077.19,241244.99],[500077.19,241244.85999999998603],[500077.210000000020955,241244.74],[500077.25,241244.62],[500077.31,241244.519999999989523],[500077.39000000001397,241244.44],[500077.599999999976717,241244.299999999988358],[500077.81,241244.170000000012806],[500078.020000000018626,241244.03],[500078.44,241243.769999999989523],[500078.88,241243.51],[500079.090000000025611,241243.38],[500079.53000000002794,241243.14000000001397],[500079.75,241243.01],[500079.960000000020955,241242.89000000001397],[500080.18,241242.769999999989523],[500080.409999999974389,241242.65],[500081.07,241242.29],[500081.289999999979045,241242.18],[500081.729999999981374,241241.94],[500081.960000000020955,241241.82],[500082.18,241241.71],[500083.94,241240.75],[500084.159999999974389,241240.62],[500094.799999999988358,241234.54],[500101.44,241230.79],[500103.419999999983702,241229.579999999987194],[500105.330000000016298,241228.29],[500107.210000000020955,241226.93],[500109.06,241225.54],[500112.56,241222.74],[500116.07,241219.94],[500124.669999999983702,241213.39000000001397],[500132.43,241207.41],[500137.87,241202.94],[500127.900000000023283,241199.43],[500121.950000000011642,241197.22],[500121.049999999988358,241196.950000000011642],[500120.13,241196.730000000010477],[500119.200000000011642,241196.57],[500118.270000000018626,241196.46],[500117.330000000016298,241196.4],[500116.39000000001397,241196.39000000001397],[500115.090000000025611,241196.39000000001397],[500113.799999999988358,241196.41],[500112.5,241196.420000000012806],[500111.210000000020955,241196.44],[500109.909999999974389,241196.450000000011642],[500108.62,241196.47],[500100.96999999997206,241196.5],[500100.159999999974389,241196.44],[500099.35999999998603,241196.32],[500098.57,241196.13],[500097.789999999979045,241195.89000000001397],[500097.01,241195.62],[500096.229999999981374,241195.329999999987194],[500095.460000000020955,241195.03],[500094.700000000011642,241194.75],[500093.63,241194.35999999998603],[500092.57,241193.950000000011642],[500091.520000000018626,241193.5],[500090.5,241193.0],[500089.520000000018626,241192.43],[500089.13,241192.16],[500088.770000000018626,241191.85999999998603],[500088.419999999983702,241191.54],[500088.080000000016298,241191.19],[500087.770000000018626,241190.829999999987194],[500087.460000000020955,241190.46],[500087.169999999983702,241190.07],[500086.89000000001397,241189.68],[500086.60999999998603,241189.28],[500086.340000000025611,241188.89000000001397],[500086.10999999998603,241188.519999999989523],[500085.88,241188.14000000001397],[500085.68,241187.75],[500085.49,241187.34],[500085.330000000016298,241186.93],[500085.19,241186.51],[500085.090000000025611,241186.09],[500085.03000000002794,241185.66],[500085.01,241185.230000000010477],[500085.03000000002794,241184.799999999988358],[500085.07,241184.51],[500085.13,241184.230000000010477],[500085.19,241183.94],[500085.349999999976717,241183.38],[500085.450000000011642,241183.1],[500085.56,241182.829999999987194],[500085.68,241182.549999999988358],[500085.81,241182.28],[500085.94,241182.019999999989523],[500086.24,241181.5],[500086.400000000023283,241181.25],[500086.57,241181.0],[500086.93,241180.519999999989523],[500087.12,241180.29],[500087.31,241180.07],[500087.520000000018626,241179.85],[500087.71999999997206,241179.64000000001397],[500087.93,241179.43],[500088.150000000023283,241179.24],[500089.46999999997206,241178.07],[500089.919999999983702,241177.68],[500090.35999999998603,241177.29],[500090.81,241176.9],[500091.25,241176.51],[500091.700000000011642,241176.13],[500092.150000000023283,241175.74],[500094.43,241173.84],[500094.729999999981374,241173.68],[500095.049999999988358,241173.54],[500095.38,241173.43],[500095.710000000020955,241173.329999999987194],[500096.039999999979045,241173.26],[500096.39000000001397,241173.200000000011642],[500096.729999999981374,241173.15],[500097.080000000016298,241173.12],[500097.44,241173.09],[500098.159999999974389,241173.07],[500098.520000000018626,241173.07],[500099.24,241173.06],[500099.60999999998603,241173.06],[500100.330000000016298,241173.04],[500100.68,241173.019999999989523],[500101.039999999979045,241172.99],[500101.39000000001397,241172.94],[500109.419999999983702,241171.62],[500110.75,241171.25],[500112.049999999988358,241170.84],[500113.349999999976717,241170.39000000001397],[500114.64000000001397,241169.91],[500115.93,241169.41],[500117.210000000020955,241168.920000000012806],[500118.5,241168.43],[500127.039999999979045,241165.16],[500129.21999999997206,241164.4],[500131.450000000011642,241163.730000000010477],[500133.700000000011642,241163.18],[500135.96999999997206,241162.74],[500137.349999999976717,241162.549999999988358],[500138.729999999981374,241162.4],[500140.12,241162.299999999988358],[500141.51,241162.230000000010477],[500142.900000000023283,241162.19],[500144.299999999988358,241162.170000000012806],[500145.69,241162.170000000012806],[500147.080000000016298,241162.16],[500150.46999999997206,241162.18],[500153.85999999998603,241162.31],[500157.229999999981374,241162.62],[500159.0,241162.87],[500160.76,241163.170000000012806],[500162.5,241163.519999999989523],[500164.24,241163.93],[500165.960000000020955,241164.39000000001397],[500167.669999999983702,241164.91],[500169.849999999976717,241165.63],[500172.03000000002794,241166.37],[500174.19,241167.16],[500176.330000000016298,241168.01],[500179.729999999981374,241169.51],[500183.12,241171.0],[500185.44,241171.91],[500187.799999999988358,241172.74],[500190.169999999983702,241173.51],[500191.409999999974389,241173.81],[500192.68,241174.01],[500193.960000000020955,241174.15],[500195.24,241174.28],[500196.51,241174.44],[500197.770000000018626,241174.68],[500198.64000000001397,241174.91],[500199.5,241175.19],[500200.349999999976717,241175.5],[500201.18,241175.84],[500202.01,241176.21],[500202.82,241176.60999999998603],[500203.62,241177.03],[500204.409999999974389,241177.47],[500205.270000000018626,241177.97],[500206.10999999998603,241178.51],[500206.94,241179.06],[500207.76,241179.65],[500208.56,241180.25],[500209.340000000025611,241180.88],[500210.090000000025611,241181.54],[500210.830000000016298,241182.21],[500211.549999999988358,241182.91],[500212.24,241183.63],[500213.44,241184.93],[500214.62,241186.24],[500215.789999999979045,241187.57],[500216.94,241188.9],[500218.099999999976717,241190.25],[500219.270000000018626,241191.5582],[500221.667000000015832,241193.825000000011642],[500223.144099999975879,241196.2775],[500228.789999999979045,241203.14000000001397],[500230.169999999983702,241205.049999999988358],[500231.44,241207.03],[500232.62,241209.06],[500233.74,241211.14000000001397],[500234.81,241213.25],[500235.840000000025611,241215.38],[500236.85999999998603,241217.51],[500240.729999999981374,241225.5],[500243.450000000011642,241231.420000000012806],[500245.900000000023283,241237.450000000011642],[500247.849999999976717,241242.82],[500249.75,241248.21],[500251.57,241253.62],[500255.19,241265.0],[500256.07,241267.47],[500264.960000000020955,241265.35],[500273.19,241263.64000000001397],[500284.93,241260.75],[500287.32,241260.56],[500287.650000000023283,241261.68],[500286.080000000016298,241262.54],[500274.229999999981374,241265.47],[500261.03000000002794,241268.85],[500256.270000000018626,241270.43],[500256.74,241273.01],[500256.87,241274.0],[500256.979999999981374,241274.980000000010477],[500257.049999999988358,241275.980000000010477],[500257.080000000016298,241276.97],[500257.090000000025611,241277.96],[500257.07,241278.96],[500257.03000000002794,241279.950000000011642],[500256.960000000020955,241280.920000000012806],[500256.849999999976717,241281.89000000001397],[500256.729999999981374,241282.85999999998603],[500256.57,241283.829999999987194],[500256.39000000001397,241284.79],[500256.18,241285.75],[500255.94,241286.700000000011642],[500255.68,241287.64000000001397],[500255.39000000001397,241288.53],[500255.06,241289.420000000012806],[500254.700000000011642,241290.29],[500254.31,241291.15],[500253.900000000023283,241292.0],[500253.46999999997206,241292.84],[500253.020000000018626,241293.670000000012806],[500252.580000000016298,241294.51],[500252.19,241295.18],[500251.75,241295.829999999987194],[500251.28000000002794,241296.46],[500250.770000000018626,241297.06],[500250.229999999981374,241297.64000000001397],[500249.659999999974389,241298.18],[500249.06,241298.69],[500248.44,241299.16],[500248.039999999979045,241299.43],[500247.63,241299.68],[500247.200000000011642,241299.9],[500246.770000000018626,241300.10999999998603],[500246.32,241300.299999999988358],[500245.87,241300.47],[500245.409999999974389,241300.63],[500244.94,241300.769999999989523],[500244.46999999997206,241300.89000000001397],[500243.979999999981374,241301.0],[500243.5,241301.09],[500243.01,241301.170000000012806],[500242.51,241301.24],[500242.020000000018626,241301.29],[500241.520000000018626,241301.34],[500241.020000000018626,241301.37],[500240.03000000002794,241301.41],[500239.53000000002794,241301.420000000012806],[500239.039999999979045,241301.420000000012806],[500238.07,241301.4],[500237.330000000016298,241301.37],[500236.599999999976717,241301.32],[500235.85999999998603,241301.26],[500235.12,241301.18],[500234.38,241301.079999999987194],[500233.650000000023283,241300.950000000011642],[500232.919999999983702,241300.799999999988358],[500232.200000000011642,241300.62],[500231.49,241300.420000000012806],[500230.799999999988358,241300.18],[500230.10999999998603,241299.920000000012806],[500229.450000000011642,241299.62],[500228.799999999988358,241299.28],[500227.950000000011642,241298.81],[500227.099999999976717,241298.329999999987194],[500226.26,241297.85999999998603],[500225.419999999983702,241297.37],[500224.580000000016298,241296.89000000001397],[500222.919999999983702,241295.89000000001397],[500222.090000000025611,241295.38],[500221.270000000018626,241294.85999999998603],[500220.460000000020955,241294.34],[500216.35999999998603,241291.66],[500212.289999999979045,241288.950000000011642],[500206.03000000002794,241284.51],[500204.909999999974389,241283.84],[500203.74,241283.24],[500202.539999999979045,241282.700000000011642],[500201.32,241282.21],[500200.71999999997206,241281.97],[500200.10999999998603,241281.730000000010477],[500199.479999999981374,241281.519999999989523],[500198.849999999976717,241281.39000000001397],[500198.24,241281.37],[500197.650000000023283,241281.519999999989523],[500197.460000000020955,241281.60999999998603],[500197.28000000002794,241281.700000000011642],[500197.10999999998603,241281.799999999988358],[500196.94,241281.91],[500196.599999999976717,241282.15],[500196.44,241282.28],[500196.289999999979045,241282.420000000012806],[500196.13,241282.56],[500195.979999999981374,241282.700000000011642],[500195.840000000025611,241282.85],[500195.69,241283.0],[500195.13,241283.6],[500194.68,241284.10999999998603],[500194.21999999997206,241284.60999999998603],[500193.770000000018626,241285.12],[500193.330000000016298,241285.64000000001397],[500192.900000000023283,241286.170000000012806],[500192.5,241286.71],[500191.349999999976717,241287.64000000001397],[500194.96999999997206,241292.31],[500198.74,241296.87],[500205.64000000001397,241304.730000000010477],[500213.159999999974389,241313.38],[500218.89000000001397,241320.31],[500217.229999999981374,241321.730000000010477],[500210.07,241313.68],[500202.580000000016298,241304.99],[500196.87,241298.01],[500194.32,241295.25],[500191.78000000002794,241292.49],[500189.43,241289.799999999988358],[500188.10999999998603,241291.21],[500187.659999999974389,241291.74],[500187.200000000011642,241292.269999999989523],[500186.729999999981374,241292.769999999989523],[500186.229999999981374,241293.269999999989523],[500185.71999999997206,241293.74],[500185.19,241294.18],[500184.63,241294.59],[500184.06,241294.96],[500183.450000000011642,241295.299999999988358],[500182.85999999998603,241295.6],[500182.26,241295.89000000001397],[500181.06,241296.450000000011642],[500180.450000000011642,241296.72],[500179.229999999981374,241297.24],[500178.60999999998603,241297.480000000010477],[500177.99,241297.700000000011642],[500177.35999999998603,241297.920000000012806],[500175.789999999979045,241298.46],[500174.210000000020955,241298.980000000010477],[500172.599999999976717,241299.41],[500172.039999999979045,241299.51],[500171.460000000020955,241299.549999999988358],[500170.89000000001397,241299.54],[500169.460000000020955,241299.57],[500166.229999999981374,241308.9],[500162.770000000018626,241318.6],[500159.479999999981374,241327.38],[500156.10999999998603,241336.269999999989523],[500155.19,241338.43],[500154.14000000001397,241340.519999999989523],[500153.020000000018626,241342.579999999987194],[500150.830000000016298,241341.32],[500152.409999999974389,241338.44],[500154.169999999983702,241334.39000000001397],[500155.82,241330.299999999988358],[500157.909999999974389,241324.6],[500160.62,241317.53],[500163.419999999983702,241309.82],[500165.26,241304.549999999988358],[500165.74,241302.950000000011642],[500166.159999999974389,241301.32],[500166.53000000002794,241299.68],[500164.63,241299.700000000011642],[500162.159999999974389,241298.99],[500159.68,241298.329999999987194],[500157.18,241297.730000000010477],[500154.26,241297.1],[500151.32,241296.6],[500145.520000000018626,241295.82],[500141.599999999976717,241295.31],[500140.96999999997206,241295.19],[500140.349999999976717,241295.019999999989523],[500139.74,241294.799999999988358],[500139.159999999974389,241294.53],[500138.599999999976717,241294.22],[500138.32,241294.03],[500138.049999999988358,241293.829999999987194],[500137.789999999979045,241293.60999999998603],[500137.539999999979045,241293.38],[500137.299999999988358,241293.14000000001397],[500137.07,241292.89000000001397],[500136.63,241292.37],[500136.419999999983702,241292.09],[500136.21999999997206,241291.82],[500136.020000000018626,241291.54],[500135.82,241291.25],[500135.63,241290.97],[500135.44,241290.68],[500135.26,241290.4],[500134.93,241289.87],[500134.62,241289.329999999987194],[500134.330000000016298,241288.79],[500134.06,241288.230000000010477],[500133.82,241287.66],[500133.590000000025611,241287.09],[500133.39000000001397,241286.5],[500133.26,241286.06],[500133.159999999974389,241285.60999999998603],[500133.07,241285.16],[500133.0,241284.700000000011642],[500132.950000000011642,241284.24],[500132.919999999983702,241283.78],[500132.909999999974389,241283.32],[500132.919999999983702,241282.85999999998603],[500132.950000000011642,241282.4],[500132.99,241282.14000000001397],[500133.06,241281.89000000001397],[500133.150000000023283,241281.65],[500133.26,241281.41],[500133.39000000001397,241281.18],[500133.53000000002794,241280.96],[500133.69,241280.74],[500133.85999999998603,241280.53],[500134.039999999979045,241280.329999999987194],[500134.419999999983702,241279.950000000011642],[500134.62,241279.769999999989523],[500134.94,241279.49],[500135.26,241279.22],[500135.590000000025611,241278.950000000011642],[500135.93,241278.69],[500136.63,241278.19],[500136.979999999981374,241277.950000000011642],[500137.700000000011642,241277.49],[500138.07,241277.269999999989523],[500138.44,241277.06],[500139.200000000011642,241276.66],[500139.979999999981374,241276.299999999988358],[500140.37,241276.13],[500140.76,241275.97],[500141.159999999974389,241275.82],[500142.270000000018626,241275.420000000012806],[500143.38,241275.03],[500144.5,241274.65],[500146.74,241273.91],[500148.960000000020955,241273.13],[500157.419999999983702,241270.03],[500163.21999999997206,241267.56],[500169.69,241264.54],[500170.539999999979045,241264.21],[500171.419999999983702,241263.980000000010477],[500172.32,241263.799999999988358],[500173.229999999981374,241263.670000000012806],[500174.14000000001397,241263.56],[500175.44,241263.43],[500176.75,241263.32],[500178.06,241263.22],[500179.37,241263.15],[500180.69,241263.1],[500182.0,241263.06],[500183.31,241263.04],[500185.94,241263.04],[500190.669999999983702,241263.1],[500195.409999999974389,241263.24],[500198.0172,241263.3558],[500197.364,241261.557999999989988],[500195.856000000028871,241258.462999999988824],[500196.392,241254.758],[500198.174,241252.364],[500201.414999999979045,241249.386999999987893],[500207.104,241245.88200000001234],[500208.162000000011176,241242.905],[500207.897,241240.391],[500206.31,241237.812],[500202.142999999981839,241235.563],[500198.8491,241234.222799999988638]],[[500323.023999999975786,241241.247],[500323.76,241242.0],[500322.289999999979045,241244.4],[500321.520000000018626,241244.700000000011642],[500320.729999999981374,241244.94],[500319.93,241245.14000000001397],[500319.12,241245.299999999988358],[500318.299999999988358,241245.44],[500317.479999999981374,241245.549999999988358],[500316.659999999974389,241245.63],[500315.840000000025611,241245.68],[500315.01,241245.71],[500314.18,241245.72],[500313.349999999976717,241245.72],[500312.520000000018626,241245.700000000011642],[500310.85999999998603,241245.64000000001397],[500310.03000000002794,241245.6],[500309.200000000011642,241245.57],[500308.479999999981374,241245.519999999989523],[500307.74,241245.43],[500307.020000000018626,241245.31],[500306.289999999979045,241245.15],[500305.57,241244.96],[500304.85999999998603,241244.730000000010477],[500304.169999999983702,241244.47],[500303.49,241244.170000000012806],[500302.82,241243.85],[500302.18,241243.480000000010477],[500301.56,241243.09],[500300.96999999997206,241242.670000000012806],[500299.12,241241.14000000001397],[500297.37,241239.5],[500295.700000000011642,241237.769999999989523],[500294.10999999998603,241235.96],[500292.57,241234.12],[500288.799999999988358,241229.37],[500285.200000000011642,241224.5],[500275.0,241209.32],[500271.909999999974389,241204.480000000010477],[500268.88,241199.6],[500265.87,241194.72],[500262.799999999988358,241189.87],[500261.340000000025611,241187.670000000012806],[500259.840000000025611,241185.5],[500258.289999999979045,241183.37],[500256.710000000020955,241181.25],[500255.090000000025611,241179.170000000012806],[500253.44,241177.12],[500251.76,241175.079999999987194],[500249.63,241172.670000000012806],[500247.39000000001397,241170.34],[500245.039999999979045,241168.12],[500242.60999999998603,241166.0],[500240.099999999976717,241163.980000000010477],[500233.590000000025611,241159.079999999987194],[500226.950000000011642,241154.38],[500220.13,241149.93],[500203.700000000011642,241140.04],[500201.700000000011642,241138.88],[500199.710000000020955,241137.730000000010477],[500197.710000000020955,241136.59],[500195.700000000011642,241135.450000000011642],[500193.69,241134.32],[500191.68,241133.200000000011642],[500189.659999999974389,241132.09],[500187.63,241130.99],[500185.599999999976717,241129.91],[500184.75,241129.46],[500183.88,241129.03],[500183.0,241128.60999999998603],[500182.12,241128.22],[500181.21999999997206,241127.85],[500180.31,241127.51],[500179.39000000001397,241127.21],[500178.460000000020955,241126.950000000011642],[500177.53000000002794,241126.74],[500176.580000000016298,241126.579999999987194],[500175.63,241126.47],[500173.99,241126.35],[500172.349999999976717,241126.28],[500170.710000000020955,241126.26],[500169.07,241126.299999999988358],[500167.43,241126.41],[500165.799999999988358,241126.579999999987194],[500164.18,241126.84],[500159.299999999988358,241127.769999999989523],[500154.450000000011642,241128.85999999998603],[500151.840000000025611,241129.49],[500149.229999999981374,241130.13],[500146.64000000001397,241130.82],[500144.090000000025611,241131.63],[500135.049999999988358,241134.980000000010477],[500133.960000000020955,241135.37],[500132.85999999998603,241135.769999999989523],[500131.770000000018626,241136.15],[500130.659999999974389,241136.51],[500129.549999999988358,241136.829999999987194],[500124.950000000011642,241137.769999999989523],[500116.700000000011642,241139.19],[500111.729999999981374,241139.96],[500106.76,241140.64000000001397],[500101.78000000002794,241141.29],[500098.900000000023283,241141.63],[500096.020000000018626,241141.89000000001397],[500093.13,241142.079999999987194],[500090.24,241142.22],[500087.340000000025611,241142.31],[500084.450000000011642,241142.35999999998603],[500083.200000000011642,241142.37],[500081.950000000011642,241142.35],[500080.700000000011642,241142.32],[500079.450000000011642,241142.26],[500078.210000000020955,241142.18],[500076.960000000020955,241142.09],[500075.710000000020955,241141.97],[500074.46999999997206,241141.84],[500073.229999999981374,241141.69],[500071.99,241141.519999999989523],[500070.76,241141.34],[500070.039999999979045,241141.22],[500069.330000000016298,241141.079999999987194],[500068.62,241140.93],[500067.909999999974389,241140.76],[500067.210000000020955,241140.57],[500066.51,241140.35999999998603],[500065.82,241140.13],[500065.13,241139.87],[500064.460000000020955,241139.6],[500063.799999999988358,241139.299999999988358],[500063.150000000023283,241138.980000000010477],[500062.520000000018626,241138.63],[500061.88,241138.24],[500061.24,241137.829999999987194],[500060.63,241137.4],[500060.020000000018626,241136.950000000011642],[500059.43,241136.480000000010477],[500058.849999999976717,241135.99],[500058.28000000002794,241135.480000000010477],[500057.729999999981374,241134.96],[500057.19,241134.420000000012806],[500056.669999999983702,241133.87],[500056.159999999974389,241133.299999999988358],[500055.659999999974389,241132.730000000010477],[500055.18,241132.14000000001397],[500054.710000000020955,241131.549999999988358],[500054.26,241130.950000000011642],[500054.24,241130.71],[500054.19,241130.480000000010477],[500054.13,241130.25],[500053.950000000011642,241129.85999999998603],[500053.729999999981374,241129.49],[500053.5,241129.12],[500053.31,241128.730000000010477],[500052.979999999981374,241127.700000000011642],[500052.729999999981374,241126.65],[500052.460000000020955,241125.59],[500052.43,241125.480000000010477],[500052.349999999976717,241125.26],[500052.299999999988358,241125.15],[500052.26,241125.049999999988358],[500052.10999999998603,241124.72],[500052.06,241124.62],[500052.01,241124.51],[500051.950000000011642,241124.4],[500051.900000000023283,241124.299999999988358],[500051.85999999998603,241124.19],[500051.81,241124.079999999987194],[500051.76,241123.980000000010477],[500051.68,241123.76],[500051.590000000025611,241123.43],[500051.57,241123.31],[500051.56,241123.200000000011642],[500051.549999999988358,241123.079999999987194],[500051.56,241122.97],[500051.599999999976717,241122.87],[500051.659999999974389,241122.769999999989523],[500051.75,241122.69],[500051.85999999998603,241122.60999999998603],[500051.979999999981374,241122.549999999988358],[500052.10999999998603,241122.49],[500052.24,241122.44],[500052.38,241122.4],[500052.51,241122.37],[500052.63,241122.34],[500052.78000000002794,241122.32],[500052.94,241122.299999999988358],[500053.10999999998603,241122.29],[500053.270000000018626,241122.299999999988358],[500053.419999999983702,241122.329999999987194],[500053.57,241122.37],[500053.69,241122.450000000011642],[500053.799999999988358,241122.549999999988358],[500055.159999999974389,241122.31],[500054.51,241122.700000000011642],[500055.669999999983702,241125.0],[500058.31,241128.78],[500061.10999999998603,241132.14000000001397],[500062.909999999974389,241132.980000000010477],[500065.599999999976717,241134.079999999987194],[500067.81,241135.38],[500071.63,241136.47],[500078.669999999983702,241137.5],[500086.89000000001397,241137.329999999987194],[500098.49,241136.950000000011642],[500107.669999999983702,241135.79],[500115.210000000020955,241134.519999999989523],[500119.53000000002794,241133.76],[500130.53000000002794,241132.16],[500134.68,241130.66],[500141.599999999976717,241128.14000000001397],[500158.960000000020955,241122.65],[500167.49,241121.57],[500176.69,241120.54],[500186.669999999983702,241125.26],[500200.909999999974389,241132.46],[500213.799999999988358,241138.94],[500219.12,241142.53],[500230.26,241150.28],[500232.93,241152.12],[500235.599999999976717,241153.950000000011642],[500238.26,241155.79],[500240.93,241157.63],[500242.700000000011642,241158.93],[500244.409999999974389,241160.31],[500246.080000000016298,241161.75],[500247.69,241163.24],[500253.56,241169.19],[500254.63,241170.31],[500255.710000000020955,241171.43],[500256.799999999988358,241172.54],[500257.88,241173.66],[500258.94,241174.799999999988358],[500259.96999999997206,241175.96],[500260.960000000020955,241177.15],[500261.909999999974389,241178.38],[500264.31,241181.94],[500269.01,241189.16],[500276.10999999998603,241200.57],[500279.64000000001397,241206.16],[500283.21999999997206,241211.730000000010477],[500288.289999999979045,241219.019999999989523],[500296.51,241230.12],[500301.950000000011642,241237.59],[500302.150000000023283,241237.79],[500302.35999999998603,241237.980000000010477],[500302.799999999988358,241238.35999999998603],[500303.039999999979045,241238.53],[500303.520000000018626,241238.85],[500303.770000000018626,241238.99],[500303.975800000014715,241239.179],[500304.576,241239.730000000010477],[500306.299999999988358,241240.172],[500308.061999999976251,241240.62400000001071],[500312.398999999975786,241241.166],[500323.023999999975786,241241.247]],[[500063.409999999974389,241026.71],[500062.419999999983702,241026.79],[500061.44,241026.76],[500061.200000000011642,241026.72],[500060.960000000020955,241026.66],[500060.729999999981374,241026.57],[500060.51,241026.46],[500060.289999999979045,241026.329999999987194],[500060.080000000016298,241026.18],[500059.88,241026.01],[500059.69,241025.829999999987194],[500059.51,241025.63],[500059.340000000025611,241025.43],[500059.18,241025.22],[500059.03000000002794,241025.0],[500058.89000000001397,241024.78],[500058.770000000018626,241024.549999999988358],[500058.659999999974389,241024.329999999987194],[500058.43,241023.829999999987194],[500058.200000000011642,241023.34],[500057.979999999981374,241022.84],[500057.75,241022.35],[500057.090000000025611,241020.85],[500056.88,241020.35],[500056.659999999974389,241019.85],[500056.450000000011642,241019.35],[500056.24,241018.84],[500055.82,241017.84],[500055.60999999998603,241017.329999999987194],[500055.400000000023283,241016.829999999987194],[500055.200000000011642,241016.329999999987194],[500054.99,241015.82],[500054.789999999979045,241015.32],[500054.580000000016298,241014.81],[500050.38,241004.230000000010477],[500048.37,241000.0],[500047.830000000016298,240998.87],[500047.44,240998.25],[500047.01,240997.65],[500046.520000000018626,240997.09],[500045.99,240996.579999999987194],[500045.789999999979045,240996.420000000012806],[500045.580000000016298,240996.26],[500045.349999999976717,240996.12],[500045.12,240995.99],[500044.88,240995.87],[500044.64000000001397,240995.769999999989523],[500044.39000000001397,240995.68],[500044.13,240995.60999999998603],[500043.87,240995.549999999988358],[500043.60999999998603,240995.519999999989523],[500042.89000000001397,240995.46],[500041.799999999988358,240995.43],[500041.07,240995.43],[500039.96999999997206,240995.46],[500039.60999999998603,240995.480000000010477],[500038.88,240995.5],[500038.51,240995.519999999989523],[500035.799999999988358,240995.730000000010477],[500033.090000000025611,240995.9],[500032.520000000018626,240995.88],[500031.950000000011642,240995.82],[500031.39000000001397,240995.700000000011642],[500030.840000000025611,240995.549999999988358],[500030.299999999988358,240995.35],[500029.770000000018626,240995.13],[500029.51,240995.0],[500029.24,240994.85999999998603],[500028.960000000020955,240994.71],[500028.68,240994.54],[500028.43,240994.35999999998603],[500028.200000000011642,240994.16],[500028.01,240993.950000000011642],[500027.85999999998603,240993.72],[500027.78000000002794,240993.47],[500027.76,240993.200000000011642],[500027.770000000018626,240993.03],[500027.789999999979045,240992.85999999998603],[500027.799999999988358,240992.69],[500027.840000000025611,240992.35],[500027.85999999998603,240992.170000000012806],[500027.919999999983702,240991.66],[500027.950000000011642,240991.49],[500027.96999999997206,240991.32],[500028.0,240991.15],[500028.039999999979045,240990.81],[500028.07,240990.64000000001397],[500028.090000000025611,240990.47],[500029.14000000001397,240982.88],[500030.13,240977.21],[500030.32,240976.51],[500030.56,240975.84],[500030.849999999976717,240975.18],[500031.18,240974.53],[500031.53000000002794,240973.9],[500031.909999999974389,240973.29],[500032.26,240972.76],[500032.62,240972.24],[500032.99,240971.730000000010477],[500033.38,240971.22],[500033.78000000002794,240970.730000000010477],[500034.200000000011642,240970.25],[500034.62,240969.78],[500035.06,240969.32],[500035.51,240968.87],[500038.01,240966.43],[500039.270000000018626,240965.22],[500041.770000000018626,240962.78],[500043.03000000002794,240961.56],[500050.64000000001397,240954.13],[500056.96999999997206,240947.81],[500062.18,240942.87],[500064.849999999976717,240940.54],[500065.01,240940.46],[500065.19,240940.420000000012806],[500065.38,240940.41],[500065.57,240940.420000000012806],[500065.770000000018626,240940.46],[500065.960000000020955,240940.5],[500066.150000000023283,240940.56],[500066.330000000016298,240940.62],[500066.51,240940.69],[500066.68,240940.76],[500067.020000000018626,240940.920000000012806],[500067.19,240941.019999999989523],[500067.51,240941.22],[500067.659999999974389,240941.329999999987194],[500067.81,240941.450000000011642],[500067.950000000011642,240941.579999999987194],[500068.080000000016298,240941.72],[500068.169999999983702,240941.829999999987194],[500068.24,240941.950000000011642],[500068.299999999988358,240942.079999999987194],[500068.349999999976717,240942.22],[500068.39000000001397,240942.37],[500068.43,240942.670000000012806],[500068.43,240942.829999999987194],[500068.409999999974389,240943.15],[500068.38,240943.31],[500068.349999999976717,240943.46],[500068.31,240943.62],[500068.26,240943.769999999989523],[500068.210000000020955,240943.91],[500068.150000000023283,240944.049999999988358],[500058.39000000001397,240953.6],[500043.56,240967.88],[500040.57,240970.76],[500038.830000000016298,240972.730000000010477],[500037.150000000023283,240974.75],[500035.57,240976.63],[500035.400000000023283,240976.89000000001397],[500035.26,240977.170000000012806],[500035.150000000023283,240977.46],[500035.06,240977.76],[500034.99,240978.06],[500034.94,240978.38],[500034.900000000023283,240978.700000000011642],[500034.87,240979.019999999989523],[500034.82,240980.68],[500034.799999999988358,240981.01],[500034.770000000018626,240981.34],[500034.74,240981.66],[500034.68,240981.97],[500033.56,240987.230000000010477],[500033.32,240988.19],[500033.090000000025611,240989.19],[500033.07,240990.13],[500033.450000000011642,240990.9],[500033.549999999988358,240991.0],[500033.669999999983702,240991.079999999987194],[500033.789999999979045,240991.14000000001397],[500033.919999999983702,240991.18],[500034.049999999988358,240991.21],[500034.18,240991.22],[500034.46999999997206,240991.22],[500034.62,240991.200000000011642],[500034.770000000018626,240991.170000000012806],[500034.919999999983702,240991.13],[500035.080000000016298,240991.09],[500035.400000000023283,240990.99],[500035.56,240990.93],[500035.89000000001397,240990.82],[500036.210000000020955,240990.72],[500036.38,240990.670000000012806],[500036.539999999979045,240990.62],[500036.85999999998603,240990.56],[500037.01,240990.53],[500037.169999999983702,240990.519999999989523],[500037.32,240990.519999999989523],[500038.44,240990.56],[500040.669999999983702,240990.66],[500042.900000000023283,240990.799999999988358],[500044.020000000018626,240990.89000000001397],[500045.650000000023283,240991.06],[500047.28000000002794,240991.31],[500048.85999999998603,240991.730000000010477],[500049.13,240991.84],[500049.39000000001397,240991.980000000010477],[500049.63,240992.15],[500049.87,240992.329999999987194],[500050.080000000016298,240992.54],[500050.289999999979045,240992.769999999989523],[500050.479999999981374,240993.01],[500050.650000000023283,240993.26],[500050.799999999988358,240993.51],[500050.94,240993.769999999989523],[500051.32,240994.549999999988358],[500051.5,240994.94],[500051.69,240995.329999999987194],[500051.87,240995.730000000010477],[500052.049999999988358,240996.12],[500052.21999999997206,240996.519999999989523],[500052.400000000023283,240996.91],[500052.909999999974389,240998.10999999998603],[500053.080000000016298,240998.5],[500053.24,240998.9],[500053.400000000023283,240999.31],[500053.68,241000.0],[500055.06,241003.41],[500056.69,241007.519999999989523],[500060.24,241016.97],[500060.94,241018.21],[500061.659999999974389,241019.46],[500062.37,241020.71],[500063.18,241022.10999999998603],[500063.25,241022.200000000011642],[500063.32,241022.269999999989523],[500063.409999999974389,241022.32],[500063.5,241022.35],[500063.60999999998603,241022.35999999998603],[500063.71999999997206,241022.35999999998603],[500063.830000000016298,241022.35],[500063.950000000011642,241022.32],[500064.080000000016298,241022.29],[500064.200000000011642,241022.24],[500064.340000000025611,241022.19],[500064.46999999997206,241022.14000000001397],[500064.599999999976717,241022.079999999987194],[500064.729999999981374,241022.01],[500064.87,241021.950000000011642],[500065.13,241021.829999999987194],[500065.37,241021.730000000010477],[500065.479999999981374,241021.69],[500066.53000000002794,241021.35999999998603],[500068.60999999998603,241020.700000000011642],[500069.650000000023283,241020.35999999998603],[500071.729999999981374,241019.700000000011642],[500078.289999999979045,241017.64000000001397],[500082.94,241016.46],[500084.799999999988358,241016.10999999998603],[500086.669999999983702,241015.799999999988358],[500088.539999999979045,241015.480000000010477],[500095.700000000011642,241013.97],[500097.599999999976717,241013.4],[500099.49,241012.76],[500101.37,241012.12],[500103.26,241011.5],[500110.28000000002794,241009.35999999998603],[500115.53000000002794,241007.6],[500115.87,241007.420000000012806],[500116.159999999974389,241007.19],[500116.43,241006.91],[500116.68,241006.6],[500117.14000000001397,241005.96],[500117.85999999998603,241004.85999999998603],[500118.200000000011642,241004.299999999988358],[500118.539999999979045,241003.730000000010477],[500119.200000000011642,241002.59],[500119.539999999979045,241002.019999999989523],[500119.88,241001.46],[500120.24,241000.91],[500120.85999999998603,241000.0],[500121.14000000001397,240999.59],[500122.090000000025611,240998.299999999988358],[500123.080000000016298,240997.049999999988358],[500124.12,240995.829999999987194],[500125.19,240994.65],[500126.0,240993.84],[500126.840000000025611,240993.06],[500127.71999999997206,240992.31],[500128.60999999998603,240991.59],[500129.53000000002794,240990.9],[500130.460000000020955,240990.22],[500131.69,240989.37],[500132.94,240988.54],[500134.200000000011642,240987.730000000010477],[500135.46999999997206,240986.94],[500136.76,240986.170000000012806],[500138.38,240985.230000000010477],[500140.039999999979045,240984.34],[500141.74,240983.57],[500143.5,240982.96],[500144.460000000020955,240982.69],[500145.409999999974389,240982.450000000011642],[500146.38,240982.22],[500147.349999999976717,240982.01],[500148.32,240981.81],[500149.289999999979045,240981.63],[500150.270000000018626,240981.46],[500151.24,240981.299999999988358],[500152.21999999997206,240981.15],[500155.520000000018626,240980.68],[500158.830000000016298,240980.26],[500161.020000000018626,240980.04],[500163.21999999997206,240979.9],[500165.419999999983702,240979.9],[500166.200000000011642,240979.950000000011642],[500166.979999999981374,240980.03],[500167.76,240980.15],[500168.53000000002794,240980.299999999988358],[500169.299999999988358,240980.480000000010477],[500170.06,240980.68],[500170.81,240980.91],[500171.56,240981.15],[500172.31,240981.4],[500175.53000000002794,240982.54],[500177.150000000023283,240983.10999999998603],[500178.76,240983.68],[500180.38,240984.25],[500188.07,240986.97],[500190.650000000023283,240988.019999999989523],[500195.69,240990.420000000012806],[500201.799999999988358,240993.32],[500202.270000000018626,240993.480000000010477],[500202.75,240993.59],[500203.25,240993.65],[500203.75,240993.66],[500204.26,240993.65],[500206.799999999988358,240993.35999999998603],[500207.39000000001397,240993.34],[500209.85999999998603,240993.38],[500218.62,240991.34],[500226.830000000016298,240989.43],[500228.85999999998603,240993.12],[500221.63,240994.96],[500212.580000000016298,240997.019999999989523],[500206.349999999976717,240998.35],[500205.599999999976717,240998.480000000010477],[500204.830000000016298,240998.549999999988358],[500204.06,240998.56],[500203.299999999988358,240998.5],[500202.549999999988358,240998.35],[500201.830000000016298,240998.13],[500201.31,240997.920000000012806],[500200.789999999979045,240997.700000000011642],[500200.270000000018626,240997.49],[500199.75,240997.269999999989523],[500199.229999999981374,240997.04],[500198.71999999997206,240996.82],[500198.200000000011642,240996.59],[500197.18,240996.13],[500196.150000000023283,240995.670000000012806],[500195.64000000001397,240995.44],[500184.99,240990.62],[500180.270000000018626,240988.66],[500175.49,240986.85],[500173.06,240985.97],[500170.60999999998603,240985.200000000011642],[500168.10999999998603,240984.57],[500165.580000000016298,240984.15],[500164.71999999997206,240984.07],[500163.849999999976717,240984.03],[500162.99,240984.04],[500162.12,240984.079999999987194],[500161.25,240984.14000000001397],[500160.39000000001397,240984.230000000010477],[500159.520000000018626,240984.329999999987194],[500158.650000000023283,240984.450000000011642],[500157.789999999979045,240984.56],[500156.93,240984.68],[500154.76,240984.980000000010477],[500152.580000000016298,240985.31],[500150.419999999983702,240985.700000000011642],[500148.28000000002794,240986.170000000012806],[500146.169999999983702,240986.75],[500144.94,240987.15],[500143.71999999997206,240987.59],[500142.520000000018626,240988.07],[500141.340000000025611,240988.579999999987194],[500140.159999999974389,240989.13],[500139.0,240989.71],[500137.849999999976717,240990.32],[500136.71999999997206,240990.950000000011642],[500135.599999999976717,240991.59],[500134.150000000023283,240992.43],[500132.700000000011642,240993.29],[500131.28000000002794,240994.21],[500129.94,240995.21],[500128.710000000020955,240996.34],[500127.450000000011642,240997.68],[500126.830000000016298,240998.37],[500126.21999999997206,240999.06],[500125.62,240999.769999999989523],[500125.44,241000.0],[500125.039999999979045,241000.49],[500124.479999999981374,241001.230000000010477],[500123.94,241001.97],[500122.849999999976717,241003.59],[500121.78000000002794,241005.22],[500120.700000000011642,241006.84],[500119.919999999983702,241007.97],[500119.10999999998603,241009.079999999987194],[500118.21999999997206,241010.10999999998603],[500117.200000000011642,241011.0],[500116.799999999988358,241011.28],[500116.39000000001397,241011.54],[500115.960000000020955,241011.78],[500115.53000000002794,241012.0],[500115.080000000016298,241012.200000000011642],[500114.63,241012.39000000001397],[500114.169999999983702,241012.57],[500113.229999999981374,241012.89000000001397],[500112.76,241013.04],[500112.28000000002794,241013.18],[500111.32,241013.44],[500110.840000000025611,241013.579999999987194],[500110.349999999976717,241013.71],[500109.88,241013.84],[500109.400000000023283,241013.980000000010477],[500108.93,241014.12],[500105.590000000025611,241015.15],[500102.24,241016.16],[500098.88,241017.1],[500094.770000000018626,241018.14000000001397],[500090.650000000023283,241019.079999999987194],[500086.950000000011642,241019.700000000011642],[500083.25,241020.329999999987194],[500081.38,241020.769999999989523],[500079.520000000018626,241021.269999999989523],[500077.669999999983702,241021.81],[500075.840000000025611,241022.38],[500074.01,241022.980000000010477],[500071.43,241023.97],[500068.88,241025.04],[500066.289999999979045,241026.019999999989523],[500065.349999999976717,241026.31],[500064.38,241026.549999999988358],[500063.409999999974389,241026.71]],[[500038.21999999997206,241071.19],[500037.450000000011642,241073.79],[500036.46999999997206,241076.57],[500035.409999999974389,241079.32],[500034.450000000011642,241082.1],[500034.200000000011642,241083.03],[500034.0,241083.980000000010477],[500033.85999999998603,241084.94],[500033.78000000002794,241085.9],[500033.789999999979045,241086.85999999998603],[500033.82,241087.38],[500033.87,241087.91],[500033.94,241088.44],[500034.03000000002794,241088.97],[500034.13,241089.49],[500034.25,241090.01],[500034.39000000001397,241090.519999999989523],[500034.549999999988358,241091.03],[500034.71999999997206,241091.53],[500034.909999999974389,241092.019999999989523],[500035.299999999988358,241092.96],[500035.700000000011642,241093.88],[500036.12,241094.799999999988358],[500036.53000000002794,241095.72],[500037.37,241097.56],[500038.169999999983702,241099.420000000012806],[500041.71999999997206,241108.22],[500043.710000000020955,241112.26],[500043.840000000025611,241112.38],[500043.99,241112.47],[500044.159999999974389,241112.54],[500044.340000000025611,241112.579999999987194],[500044.53000000002794,241112.59],[500044.74,241112.579999999987194],[500044.94,241112.56],[500045.14000000001397,241112.519999999989523],[500045.340000000025611,241112.47],[500045.53000000002794,241112.41],[500045.700000000011642,241112.329999999987194],[500046.24,241112.09],[500046.5,241111.97],[500047.039999999979045,241111.71],[500047.56,241111.450000000011642],[500047.830000000016298,241111.32],[500048.090000000025611,241111.18],[500048.349999999976717,241111.049999999988358],[500050.169999999983702,241110.07],[500052.520000000018626,241108.71],[500054.849999999976717,241107.299999999988358],[500057.200000000011642,241105.950000000011642],[500059.840000000025611,241104.6],[500062.539999999979045,241103.35999999998603],[500065.26,241102.18],[500067.460000000020955,241101.299999999988358],[500069.68,241100.51],[500071.93,241099.769999999989523],[500073.460000000020955,241099.31],[500075.0,241098.9],[500076.56,241098.549999999988358],[500078.14000000001397,241098.29],[500079.71999999997206,241098.14000000001397],[500080.909999999974389,241098.07],[500082.099999999976717,241098.03],[500083.289999999979045,241098.01],[500084.46999999997206,241098.01],[500085.659999999974389,241098.03],[500086.849999999976717,241098.06],[500088.039999999979045,241098.1],[500089.229999999981374,241098.16],[500092.340000000025611,241098.44],[500095.450000000011642,241098.66],[500096.150000000023283,241098.65],[500096.849999999976717,241098.62],[500097.539999999979045,241098.549999999988358],[500098.229999999981374,241098.420000000012806],[500098.89000000001397,241098.22],[500099.51,241097.93],[500099.74,241097.78],[500099.960000000020955,241097.63],[500100.18,241097.47],[500100.39000000001397,241097.29],[500100.599999999976717,241097.1],[500100.99,241096.71],[500101.169999999983702,241096.51],[500101.349999999976717,241096.299999999988358],[500101.53000000002794,241096.079999999987194],[500101.700000000011642,241095.85999999998603],[500101.85999999998603,241095.65],[500102.35999999998603,241094.980000000010477],[500102.849999999976717,241094.299999999988358],[500103.330000000016298,241093.62],[500103.799999999988358,241092.94],[500105.24,241090.9],[500105.729999999981374,241090.230000000010477],[500108.03000000002794,241087.170000000012806],[500110.479999999981374,241084.230000000010477],[500111.710000000020955,241082.93],[500113.0,241081.670000000012806],[500114.31,241080.44],[500115.63,241079.22],[500116.950000000011642,241078.01],[500123.03000000002794,241072.60999999998603],[500124.799999999988358,241071.26],[500126.60999999998603,241069.950000000011642],[500128.44,241068.68],[500130.289999999979045,241067.43],[500132.150000000023283,241066.200000000011642],[500138.69,241062.06],[500140.349999999976717,241060.81],[500141.96999999997206,241059.53],[500143.580000000016298,241058.22],[500145.169999999983702,241056.89000000001397],[500151.340000000025611,241051.60999999998603],[500157.39000000001397,241046.700000000011642],[500165.090000000025611,241040.829999999987194],[500166.099999999976717,241040.14000000001397],[500167.169999999983702,241039.519999999989523],[500168.28000000002794,241038.980000000010477],[500169.409999999974389,241038.51],[500170.580000000016298,241038.12],[500171.289999999979045,241037.920000000012806],[500172.020000000018626,241037.74],[500172.75,241037.6],[500173.49,241037.47],[500174.229999999981374,241037.35999999998603],[500174.96999999997206,241037.26],[500175.710000000020955,241037.18],[500176.460000000020955,241037.1],[500177.200000000011642,241037.019999999989523],[500178.19,241036.93],[500179.200000000011642,241036.87],[500180.200000000011642,241036.85],[500181.200000000011642,241036.89000000001397],[500182.200000000011642,241036.97],[500183.19,241037.12],[500184.159999999974389,241037.34],[500184.669999999983702,241037.49],[500185.169999999983702,241037.670000000012806],[500185.659999999974389,241037.87],[500186.150000000023283,241038.09],[500186.62,241038.34],[500187.090000000025611,241038.6],[500187.549999999988358,241038.88],[500188.0,241039.170000000012806],[500188.450000000011642,241039.480000000010477],[500188.89000000001397,241039.799999999988358],[500189.32,241040.13],[500189.75,241040.47],[500190.169999999983702,241040.81],[500190.580000000016298,241041.16],[500190.99,241041.519999999989523],[500191.400000000023283,241041.87],[500191.799999999988358,241042.22],[500192.580000000016298,241042.96],[500193.32,241043.730000000010477],[500194.039999999979045,241044.53],[500194.74,241045.35],[500195.450000000011642,241046.15],[500196.18,241046.94],[500196.93,241047.69],[500197.74,241048.4],[500198.87,241049.299999999988358],[500200.01,241050.19],[500201.169999999983702,241051.049999999988358],[500202.349999999976717,241051.9],[500203.539999999979045,241052.72],[500204.75,241053.51],[500205.979999999981374,241054.26],[500206.700000000011642,241054.68],[500207.450000000011642,241055.079999999987194],[500208.21999999997206,241055.41],[500209.020000000018626,241055.64000000001397],[500209.830000000016298,241055.72],[500210.13,241055.71],[500210.419999999983702,241055.69],[500210.71999999997206,241055.66],[500211.020000000018626,241055.62],[500211.31,241055.56],[500211.89000000001397,241055.420000000012806],[500212.18,241055.329999999987194],[500212.76,241055.13],[500213.039999999979045,241055.019999999989523],[500213.32,241054.89000000001397],[500213.590000000025611,241054.769999999989523],[500214.13,241054.49],[500214.650000000023283,241054.19],[500214.900000000023283,241054.04],[500215.409999999974389,241053.71],[500215.900000000023283,241053.37],[500216.39000000001397,241053.019999999989523],[500216.87,241052.670000000012806],[500217.080000000016298,241052.5],[500217.340000000025611,241052.299999999988358],[500217.81,241051.920000000012806],[500218.270000000018626,241051.54],[500218.71999999997206,241051.15],[500219.169999999983702,241050.75],[500220.049999999988358,241049.93],[500221.68,241048.34],[500224.900000000023283,241045.12],[500226.520000000018626,241043.51],[500228.169999999983702,241041.950000000011642],[500235.159999999974389,241035.54],[500240.63,241030.62],[500240.64000000001397,241030.60999999998603],[500241.14000000001397,241030.12],[500241.57,241029.72],[500242.020000000018626,241029.329999999987194],[500242.479999999981374,241028.950000000011642],[500242.950000000011642,241028.579999999987194],[500243.12,241028.46],[500243.289999999979045,241028.329999999987194],[500243.460000000020955,241028.21],[500243.82,241027.97],[500244.18,241027.75],[500244.37,241027.65],[500244.56,241027.56],[500244.76,241027.480000000010477],[500244.960000000020955,241027.420000000012806],[500245.169999999983702,241027.39000000001397],[500245.31,241027.38],[500246.020000000018626,241026.47],[500246.700000000011642,241026.75],[500246.49,241027.88],[500246.89000000001397,241028.21],[500246.349999999976717,241029.920000000012806],[500244.94,241031.549999999988358],[500244.799999999988358,241031.68],[500244.099999999976717,241032.299999999988358],[500243.75,241032.62],[500243.049999999988358,241033.24],[500242.340000000025611,241033.85999999998603],[500241.64000000001397,241034.480000000010477],[500241.289999999979045,241034.799999999988358],[500240.590000000025611,241035.420000000012806],[500232.580000000016298,241042.59],[500228.659999999974389,241046.38],[500224.81,241050.26],[500217.150000000023283,241057.21],[500216.60999999998603,241057.60999999998603],[500216.049999999988358,241057.97],[500215.460000000020955,241058.299999999988358],[500214.840000000025611,241058.579999999987194],[500214.210000000020955,241058.829999999987194],[500213.56,241059.04],[500212.89000000001397,241059.200000000011642],[500212.21999999997206,241059.329999999987194],[500211.539999999979045,241059.420000000012806],[500210.87,241059.46],[500210.19,241059.46],[500209.53000000002794,241059.420000000012806],[500209.03000000002794,241059.37],[500208.53000000002794,241059.31],[500208.03000000002794,241059.230000000010477],[500207.539999999979045,241059.15],[500207.039999999979045,241059.049999999988358],[500206.549999999988358,241058.94],[500206.06,241058.82],[500205.57,241058.69],[500205.090000000025611,241058.54],[500204.60999999998603,241058.38],[500204.14000000001397,241058.21],[500203.68,241058.019999999989523],[500203.21999999997206,241057.82],[500202.549999999988358,241057.51],[500201.88,241057.19],[500201.21999999997206,241056.85999999998603],[500200.57,241056.519999999989523],[500199.919999999983702,241056.15],[500199.299999999988358,241055.76],[500198.68,241055.35],[500198.099999999976717,241054.91],[500197.53000000002794,241054.44],[500196.789999999979045,241053.769999999989523],[500196.049999999988358,241053.079999999987194],[500195.330000000016298,241052.38],[500194.62,241051.670000000012806],[500193.210000000020955,241050.24],[500192.51,241049.519999999989523],[500191.799999999988358,241048.81],[500191.080000000016298,241048.10999999998603],[500190.349999999976717,241047.41],[500187.599999999976717,241044.920000000012806],[500184.69,241042.60999999998603],[500184.289999999979045,241042.34],[500183.85999999998603,241042.10999999998603],[500183.409999999974389,241041.920000000012806],[500182.950000000011642,241041.75],[500182.46999999997206,241041.62],[500181.979999999981374,241041.51],[500181.49,241041.43],[500180.979999999981374,241041.37],[500180.479999999981374,241041.329999999987194],[500179.96999999997206,241041.31],[500179.460000000020955,241041.299999999988358],[500178.960000000020955,241041.31],[500178.450000000011642,241041.329999999987194],[500177.960000000020955,241041.35],[500177.419999999983702,241041.39000000001397],[500176.87,241041.450000000011642],[500176.330000000016298,241041.53],[500175.789999999979045,241041.62],[500175.25,241041.72],[500174.710000000020955,241041.84],[500174.18,241041.980000000010477],[500173.650000000023283,241042.13],[500173.12,241042.299999999988358],[500172.599999999976717,241042.480000000010477],[500172.090000000025611,241042.670000000012806],[500171.580000000016298,241042.88],[500171.080000000016298,241043.1],[500170.580000000016298,241043.34],[500170.099999999976717,241043.59],[500169.340000000025611,241044.0],[500168.590000000025611,241044.420000000012806],[500167.840000000025611,241044.85999999998603],[500167.10999999998603,241045.31],[500166.38,241045.769999999989523],[500165.659999999974389,241046.25],[500164.950000000011642,241046.74],[500164.25,241047.25],[500163.56,241047.769999999989523],[500162.88,241048.299999999988358],[500162.210000000020955,241048.84],[500161.56,241049.4],[500159.700000000011642,241051.03],[500157.849999999976717,241052.68],[500156.020000000018626,241054.34],[500154.169999999983702,241055.99],[500152.31,241057.62],[500144.12,241064.450000000011642],[500141.729999999981374,241066.19],[500139.299999999988358,241067.88],[500136.849999999976717,241069.53],[500134.39000000001397,241071.18],[500125.60999999998603,241076.85],[500124.330000000016298,241077.799999999988358],[500123.099999999976717,241078.81],[500121.919999999983702,241079.87],[500120.770000000018626,241080.980000000010477],[500119.669999999983702,241082.13],[500118.599999999976717,241083.32],[500117.580000000016298,241084.53],[500116.39000000001397,241085.980000000010477],[500115.21999999997206,241087.450000000011642],[500114.07,241088.920000000012806],[500112.93,241090.4],[500111.799999999988358,241091.9],[500109.43,241095.25],[500107.049999999988358,241098.6],[500106.43,241099.38],[500105.76,241100.14000000001397],[500105.049999999988358,241100.85],[500104.289999999979045,241101.519999999989523],[500103.5,241102.15],[500102.68,241102.72],[500101.82,241103.230000000010477],[500101.38,241103.450000000011642],[500100.94,241103.65],[500100.479999999981374,241103.829999999987194],[500100.020000000018626,241103.980000000010477],[500099.549999999988358,241104.10999999998603],[500099.06,241104.230000000010477],[500098.580000000016298,241104.32],[500098.090000000025611,241104.4],[500097.590000000025611,241104.46],[500097.099999999976717,241104.51],[500096.599999999976717,241104.54],[500095.60999999998603,241104.56],[500094.62,241104.54],[500093.830000000016298,241104.480000000010477],[500093.039999999979045,241104.4],[500092.25,241104.299999999988358],[500091.460000000020955,241104.170000000012806],[500090.68,241104.04],[500089.099999999976717,241103.76],[500088.32,241103.64000000001397],[500087.53000000002794,241103.519999999989523],[500086.74,241103.43],[500085.950000000011642,241103.37],[500084.53000000002794,241103.299999999988358],[500083.12,241103.269999999989523],[500081.700000000011642,241103.28],[500080.289999999979045,241103.35999999998603],[500078.88,241103.49],[500077.49,241103.71],[500076.56,241103.89000000001397],[500075.64000000001397,241104.10999999998603],[500074.71999999997206,241104.34],[500073.799999999988358,241104.60999999998603],[500072.900000000023283,241104.9],[500072.0,241105.21],[500071.10999999998603,241105.549999999988358],[500070.229999999981374,241105.91],[500069.35999999998603,241106.299999999988358],[500068.5,241106.71],[500067.659999999974389,241107.14000000001397],[500066.24,241107.9],[500064.840000000025611,241108.68],[500063.44,241109.480000000010477],[500062.039999999979045,241110.269999999989523],[500060.63,241111.06],[500059.210000000020955,241111.81],[500051.78000000002794,241115.5],[500050.580000000016298,241116.03],[500049.349999999976717,241116.49],[500048.099999999976717,241116.88],[500046.830000000016298,241117.22],[500045.549999999988358,241117.49],[500045.150000000023283,241117.56],[500044.74,241117.6],[500044.32,241117.62],[500043.89000000001397,241117.60999999998603],[500043.450000000011642,241117.579999999987194],[500043.020000000018626,241117.53],[500042.590000000025611,241117.44],[500042.18,241117.34],[500041.770000000018626,241117.200000000011642],[500041.39000000001397,241117.03],[500041.020000000018626,241116.84],[500040.68,241116.60999999998603],[500040.38,241116.35999999998603],[500040.099999999976717,241116.07],[500039.87,241115.76],[500039.51,241115.18],[500039.330000000016298,241114.88],[500039.159999999974389,241114.59],[500038.82,241113.99],[500038.659999999974389,241113.69],[500038.49,241113.39000000001397],[500038.330000000016298,241113.079999999987194],[500038.18,241112.78],[500038.020000000018626,241112.47],[500037.57,241111.54],[500037.43,241111.230000000010477],[500037.28000000002794,241110.920000000012806],[500037.0,241110.299999999988358],[500036.849999999976717,241109.99],[500036.710000000020955,241109.670000000012806],[500036.57,241109.35999999998603],[500034.799999999988358,241105.38],[500033.080000000016298,241101.37],[500031.51,241097.47],[500030.12,241093.5],[500029.729999999981374,241092.16],[500029.400000000023283,241090.799999999988358],[500029.10999999998603,241089.43],[500028.87,241088.049999999988358],[500028.76,241087.28],[500028.69,241086.49],[500028.700000000011642,241085.71],[500028.840000000025611,241084.950000000011642],[500028.99,241084.450000000011642],[500029.150000000023283,241083.96],[500029.32,241083.47],[500029.68,241082.51],[500030.06,241081.549999999988358],[500030.26,241081.07],[500030.450000000011642,241080.59],[500030.650000000023283,241080.10999999998603],[500030.840000000025611,241079.63],[500031.03000000002794,241079.14000000001397],[500031.210000000020955,241078.66],[500031.38,241078.170000000012806],[500032.62,241074.5],[500033.789999999979045,241070.799999999988358],[500034.68,241067.6],[500035.419999999983702,241064.35999999998603],[500036.090000000025611,241061.1],[500036.44,241059.200000000011642],[500036.700000000011642,241057.28],[500036.87,241055.35999999998603],[500036.94,241053.420000000012806],[500036.909999999974389,241051.49],[500036.849999999976717,241050.19],[500036.76,241048.89000000001397],[500036.650000000023283,241047.59],[500036.5,241046.299999999988358],[500036.32,241045.01],[500036.10999999998603,241043.72],[500035.87,241042.44],[500035.580000000016298,241041.170000000012806],[500035.26,241039.91],[500034.669999999983702,241037.72],[500034.06,241035.54],[500033.44,241033.35999999998603],[500032.789999999979045,241031.19],[500029.909999999974389,241021.85],[500028.87,241018.10999999998603],[500028.06,241014.31],[500027.840000000025611,241012.82],[500027.64000000001397,241011.329999999987194],[500027.479999999981374,241009.829999999987194],[500027.37,241008.329999999987194],[500027.31,241006.829999999987194],[500027.24,241004.329999999987194],[500027.270000000018626,241001.829999999987194],[500027.419999999983702,241000.85999999998603],[500031.349999999976717,241000.769999999989523],[500031.270000000018626,241002.15],[500031.25,241003.54],[500031.28000000002794,241004.920000000012806],[500031.38,241006.299999999988358],[500031.57,241007.670000000012806],[500031.799999999988358,241009.019999999989523],[500032.049999999988358,241010.37],[500032.32,241011.71],[500032.599999999976717,241013.049999999988358],[500032.89000000001397,241014.39000000001397],[500033.200000000011642,241015.72],[500033.520000000018626,241017.049999999988358],[500034.590000000025611,241021.24],[500035.74,241025.420000000012806],[500037.479999999981374,241030.88],[500039.25,241036.329999999987194],[500039.85999999998603,241038.63],[500040.349999999976717,241040.950000000011642],[500040.75,241043.29],[500041.080000000016298,241045.64000000001397],[500041.270000000018626,241047.32],[500041.409999999974389,241049.0],[500041.51,241050.68],[500041.53000000002794,241052.37],[500041.49,241054.06],[500041.35999999998603,241055.730000000010477],[500041.200000000011642,241057.12],[500041.020000000018626,241058.51],[500040.81,241059.9],[500040.57,241061.28],[500040.31,241062.65],[500040.020000000018626,241064.019999999989523],[500039.700000000011642,241065.39000000001397],[500039.01,241068.200000000011642],[500038.270000000018626,241071.01],[500038.21999999997206,241071.19]]]]}},
{"type":"Feature","properties":{"mainhabs":"Lowland fens,Reedbeds","habcodes":"LFENS, RBEDS","featdesc":null,"featcodes":null,"otherclass":null,"addhabs":"LCGRA","primsource":"Reedbeds at Marston Vale Millenium Country Park 2008 (LFENS), Feedback from Natural England adviser or specialist 2023 (RBEDS)","areaha":0.05,"version":"Sep_25","uid":"PHID50015253_024118503","shape_length":null,"shape_area":null},"geometry":{"type":"MultiPolygon","coordinates":[[[[500163.93,241185.09],[500164.12,241184.980000000010477],[500164.32,241184.89000000001397],[500164.900000000023283,241184.72],[500165.51,241184.63],[500166.12,241184.59],[500167.020000000018626,241184.549999999988358],[500167.919999999983702,241184.54],[500168.82,241184.549999999988358],[500169.31,241184.57],[500169.799999999988358,241184.62],[500170.28000000002794,241184.670000000012806],[500171.26,241184.79],[500171.74,241184.85],[500172.229999999981374,241184.91],[500172.710000000020955,241184.950000000011642],[500172.82,241184.950000000011642],[500173.03000000002794,241184.96],[500173.349999999976717,241184.96],[500173.460000000020955,241184.950000000011642],[500173.669999999983702,241184.94],[500173.78000000002794,241184.93],[500173.89000000001397,241184.91],[500173.99,241184.89000000001397],[500174.099999999976717,241184.87],[500174.200000000011642,241184.85],[500174.5,241184.76],[500174.599999999976717,241184.72],[500174.69,241184.68],[500174.849999999976717,241184.57],[500174.94,241184.420000000012806],[500175.0,241184.230000000010477],[500175.020000000018626,241184.019999999989523],[500175.0,241183.79],[500174.960000000020955,241183.56],[500174.909999999974389,241183.32],[500174.840000000025611,241183.10999999998603],[500174.76,241182.91],[500174.549999999988358,241182.46],[500174.289999999979045,241182.04],[500173.979999999981374,241181.64000000001397],[500173.650000000023283,241181.269999999989523],[500173.289999999979045,241180.91],[500172.909999999974389,241180.57],[500172.520000000018626,241180.24],[500172.13,241179.93],[500171.49,241179.47],[500170.830000000016298,241179.049999999988358],[500170.150000000023283,241178.66],[500169.460000000020955,241178.299999999988358],[500168.75,241177.96],[500168.039999999979045,241177.64000000001397],[500167.56,241177.4],[500166.840000000025611,241177.01],[500166.590000000025611,241176.87],[500166.349999999976717,241176.74],[500166.099999999976717,241176.60999999998603],[500165.599999999976717,241176.37],[500165.349999999976717,241176.26],[500165.099999999976717,241176.16],[500164.85999999998603,241176.079999999987194],[500164.60999999998603,241176.01],[500164.35999999998603,241175.96],[500164.10999999998603,241175.93],[500163.85999999998603,241175.920000000012806],[500163.60999999998603,241175.94],[500163.35999999998603,241175.980000000010477],[500163.10999999998603,241176.04],[500160.590000000025611,241177.15],[500159.68,241177.53],[500158.76,241177.91],[500157.840000000025611,241178.269999999989523],[500156.909999999974389,241178.6],[500155.479999999981374,241178.99],[500154.01,241179.29],[500152.56,241179.62],[500152.289999999979045,241179.69],[500152.03000000002794,241179.76],[500151.76,241179.829999999987194],[500151.5,241179.91],[500151.229999999981374,241179.99],[500150.979999999981374,241180.079999999987194],[500150.71999999997206,241180.18],[500150.46999999997206,241180.29],[500150.0,241180.6],[500149.580000000016298,241180.99],[500149.200000000011642,241181.420000000012806],[500148.81,241181.85999999998603],[500148.39000000001397,241182.25],[500148.049999999988358,241182.519999999989523],[500147.710000000020955,241182.769999999989523],[500147.349999999976717,241183.019999999989523],[500146.99,241183.25],[500146.62,241183.480000000010477],[500146.24,241183.69],[500145.85999999998603,241183.89000000001397],[500145.46999999997206,241184.079999999987194],[500145.080000000016298,241184.26],[500144.39000000001397,241184.53],[500143.669999999983702,241184.730000000010477],[500142.93,241184.88],[500142.18,241184.980000000010477],[500141.43,241185.03],[500140.68,241185.04],[500138.270000000018626,241184.94],[500135.85999999998603,241184.769999999989523],[500134.94,241184.68],[500133.12,241184.5],[500132.210000000020955,241184.4],[500131.299999999988358,241184.29],[500130.400000000023283,241184.170000000012806],[500129.799999999988358,241184.06],[500129.21999999997206,241183.89000000001397],[500128.64000000001397,241183.71],[500128.06,241183.51],[500127.46999999997206,241183.329999999987194],[500126.88,241183.18],[500125.960000000020955,241183.019999999989523],[500125.729999999981374,241182.99],[500125.49,241182.96],[500125.03000000002794,241182.920000000012806],[500124.789999999979045,241182.9],[500124.549999999988358,241182.89000000001397],[500124.32,241182.88],[500123.849999999976717,241182.88],[500123.60999999998603,241182.89000000001397],[500123.38,241182.9],[500123.150000000023283,241182.920000000012806],[500122.909999999974389,241182.94],[500122.68,241182.97],[500122.21999999997206,241183.049999999988358],[500122.080000000016298,241183.079999999987194],[500121.93,241183.12],[500121.78000000002794,241183.170000000012806],[500121.63,241183.230000000010477],[500121.479999999981374,241183.299999999988358],[500121.200000000011642,241183.46],[500121.06,241183.56],[500120.799999999988358,241183.76],[500120.68,241183.87],[500120.56,241183.99],[500120.460000000020955,241184.10999999998603],[500120.35999999998603,241184.24],[500120.270000000018626,241184.37],[500120.200000000011642,241184.5],[500120.080000000016298,241184.78],[500120.049999999988358,241184.93],[500120.03000000002794,241185.07],[500120.020000000018626,241185.22],[500120.03000000002794,241185.43],[500120.049999999988358,241185.65],[500120.080000000016298,241185.87],[500120.12,241186.079999999987194],[500120.169999999983702,241186.299999999988358],[500120.24,241186.51],[500120.32,241186.71],[500120.409999999974389,241186.91],[500120.520000000018626,241187.1],[500120.64000000001397,241187.269999999989523],[500120.78000000002794,241187.44],[500120.93,241187.579999999987194],[500121.46999999997206,241188.03],[500122.039999999979045,241188.43],[500122.63,241188.79],[500123.26,241189.1],[500124.63,241189.69],[500126.020000000018626,241190.230000000010477],[500127.43,241190.75],[500128.35999999998603,241191.07],[500129.299999999988358,241191.39000000001397],[500130.25,241191.68],[500131.210000000020955,241191.94],[500132.18,241192.16],[500133.78000000002794,241192.38],[500135.39000000001397,241192.53],[500136.99,241192.74],[500141.03000000002794,241193.519999999989523],[500145.090000000025611,241194.15],[500145.349999999976717,241194.01],[500145.78000000002794,241193.85999999998603],[500146.210000000020955,241193.74],[500146.64000000001397,241193.60999999998603],[500147.659999999974389,241193.14000000001397],[500150.60999999998603,241192.16],[500151.650000000023283,241191.829999999987194],[500152.700000000011642,241191.5],[500153.74,241191.170000000012806],[500154.909999999974389,241190.75],[500156.06,241190.25],[500157.18,241189.71],[500158.289999999979045,241189.13],[500159.080000000016298,241188.700000000011642],[500159.85999999998603,241188.24],[500160.63,241187.76],[500161.39000000001397,241187.26],[500162.13,241186.75],[500162.46999999997206,241186.47],[500162.64000000001397,241186.31],[500162.789999999979045,241186.15],[500162.950000000011642,241185.99],[500163.099999999976717,241185.82],[500163.26,241185.66],[500163.580000000016298,241185.35999999998603],[500163.75,241185.22],[500163.93,241185.09]]]]}},
{"type":"Feature","properties":{"mainhabs":"Lowland fens,Reedbeds","habcodes":"LFENS, RBEDS","featdesc":null,"featcodes":null,"otherclass":null,"addhabs":"LCGRA","primsource":"Reedbeds at Marston Vale Millenium Country Park 2008 (LFENS), Feedback from Natural England adviser or specialist 2023 (RBEDS)","areaha":0.03,"version":"Sep_25","uid":"PHID50017313_024128270","shape_length":null,"shape_area":null},"geometry":{"type":"MultiPolygon","coordinates":[[[[500188.87,241273.43],[500188.700000000011642,241273.43],[500187.39000000001397,241273.60999999998603],[500186.090000000025611,241273.87],[500182.69,241274.71],[500182.10999999998603,241274.87],[500181.520000000018626,241275.019999999989523],[500179.78000000002794,241275.5],[500179.19,241275.670000000012806],[500178.62,241275.85],[500178.039999999979045,241276.03],[500177.460000000020955,241276.22],[500176.71999999997206,241276.56],[500176.01,241277.01],[500175.32,241277.47],[500174.580000000016298,241277.85],[500173.39000000001397,241278.34],[500172.18,241278.799999999988358],[500170.960000000020955,241279.230000000010477],[500170.080000000016298,241279.49],[500168.299999999988358,241279.93],[500167.409999999974389,241280.16],[500167.12,241280.25],[500166.82,241280.34],[500166.24,241280.54],[500165.94,241280.64000000001397],[500165.650000000023283,241280.75],[500165.37,241280.85999999998603],[500165.080000000016298,241280.97],[500164.789999999979045,241281.09],[500163.950000000011642,241281.480000000010477],[500163.669999999983702,241281.62],[500163.400000000023283,241281.76],[500162.85999999998603,241282.06],[500162.590000000025611,241282.22],[500162.340000000025611,241282.39000000001397],[500162.10999999998603,241282.59],[500161.89000000001397,241282.81],[500161.69,241283.049999999988358],[500161.51,241283.31],[500161.349999999976717,241283.579999999987194],[500161.200000000011642,241283.87],[500161.06,241284.16],[500160.94,241284.450000000011642],[500160.840000000025611,241284.75],[500160.75,241285.049999999988358],[500160.60999999998603,241285.53],[500160.549999999988358,241285.769999999989523],[500160.49,241286.019999999989523],[500160.39000000001397,241286.519999999989523],[500160.330000000016298,241287.019999999989523],[500160.31,241287.269999999989523],[500160.31,241287.769999999989523],[500160.330000000016298,241288.01],[500160.37,241288.26],[500160.419999999983702,241288.5],[500160.46999999997206,241288.700000000011642],[500160.53000000002794,241288.9],[500160.69,241289.299999999988358],[500160.78000000002794,241289.5],[500160.88,241289.69],[500161.099999999976717,241290.049999999988358],[500161.229999999981374,241290.230000000010477],[500161.49,241290.57],[500161.789999999979045,241290.87],[500161.94,241291.01],[500162.10999999998603,241291.15],[500162.31,241291.299999999988358],[500162.53000000002794,241291.450000000011642],[500162.76,241291.579999999987194],[500163.0,241291.71],[500163.24,241291.81],[500163.49,241291.89000000001397],[500163.74,241291.950000000011642],[500163.99,241291.980000000010477],[500164.24,241291.97],[500164.49,241291.93],[500168.0,241290.82],[500171.729999999981374,241289.799999999988358],[500177.210000000020955,241288.24],[500177.659999999974389,241288.049999999988358],[500178.099999999976717,241287.85],[500178.53000000002794,241287.64000000001397],[500178.96999999997206,241287.41],[500179.39000000001397,241287.18],[500179.94,241286.85],[500180.46999999997206,241286.49],[500180.960000000020955,241286.07],[500183.25,241283.769999999989523],[500183.979999999981374,241283.01],[500185.44,241281.47],[500185.87,241281.07],[500186.32,241280.700000000011642],[500187.700000000011642,241279.62],[500188.14000000001397,241279.230000000010477],[500188.32,241279.07],[500188.49,241278.9],[500188.830000000016298,241278.54],[500188.979999999981374,241278.35],[500189.14000000001397,241278.16],[500189.28000000002794,241277.97],[500189.43,241277.769999999989523],[500189.56,241277.56],[500189.700000000011642,241277.35999999998603],[500189.94,241276.94],[500190.06,241276.700000000011642],[500190.12,241276.57],[500190.169999999983702,241276.450000000011642],[500190.210000000020955,241276.32],[500190.26,241276.18],[500190.289999999979045,241276.049999999988358],[500190.330000000016298,241275.91],[500190.349999999976717,241275.78],[500190.39000000001397,241275.5],[500190.400000000023283,241275.37],[500190.400000000023283,241275.09],[500190.340000000025611,241274.700000000011642],[500190.299999999988358,241274.57],[500190.26,241274.450000000011642],[500190.18,241274.29],[500190.090000000025611,241274.14000000001397],[500189.96999999997206,241274.0],[500189.840000000025611,241273.87],[500189.700000000011642,241273.76],[500189.539999999979045,241273.65],[500189.38,241273.57],[500189.210000000020955,241273.5],[500189.039999999979045,241273.450000000011642],[500188.87,241273.43]]]]}},
{"type":"Feature","properties":{"mainhabs":"Lowland fens,Reedbeds","habcodes":"LFENS, RBEDS","featdesc":null,"featcodes":null,"otherclass":null,"addhabs":"LCGRA","primsource":"Reedbeds at Marston Vale Millenium Country Park 2008 (LFENS), Feedback from Natural England adviser or specialist 2023 (RBEDS)","areaha":0.06,"version":"Sep_25","uid":"PHID50047640_024102212","shape_length":null,"shape_area":null},"geometry":{"type":"MultiPolygon","coordinates":[[[[500470.56,241013.829999999987194],[500477.10999999998603,241027.29],[500484.14000000001397,241041.57],[500487.580000000016298,241049.07],[500490.60999999998603,241062.920000000012806],[500493.210000000020955,241079.4],[500493.39000000001397,241087.28],[500493.01,241100.5],[500492.26,241110.65],[500493.729999999981374,241111.5],[500494.090000000025611,241108.99],[500494.0,241101.85],[500493.950000000011642,241086.35999999998603],[500493.93,241083.519999999989523],[500493.900000000023283,241080.670000000012806],[500493.840000000025611,241077.829999999987194],[500493.74,241074.99],[500492.85999999998603,241067.31],[500491.46999999997206,241059.69],[500490.94,241056.99],[500489.82,241051.59],[500489.32,241048.88],[500489.18,241047.980000000010477],[500489.080000000016298,241047.079999999987194],[500489.01,241046.170000000012806],[500488.950000000011642,241045.269999999989523],[500488.900000000023283,241044.35999999998603],[500488.78000000002794,241042.54],[500488.700000000011642,241041.63],[500488.590000000025611,241040.730000000010477],[500488.450000000011642,241039.84],[500488.26,241038.93],[500488.03000000002794,241038.04],[500487.76,241037.15],[500487.450000000011642,241036.269999999989523],[500487.099999999976717,241035.420000000012806],[500486.700000000011642,241034.579999999987194],[500486.270000000018626,241033.76],[500485.789999999979045,241032.97],[500483.10999999998603,241029.329999999987194],[500480.44,241025.68],[500474.96999999997206,241016.96],[500472.87,241013.5],[500470.789999999979045,241010.04],[500469.76,241008.299999999988358],[500469.669999999983702,241008.15],[500469.169999999983702,241007.4],[500469.07,241007.24],[500468.96999999997206,241007.09],[500468.88,241006.94],[500468.78000000002794,241006.78],[500468.700000000011642,241006.62],[500468.60999999998603,241006.47],[500468.539999999979045,241006.31],[500468.46999999997206,241006.14000000001397],[500468.409999999974389,241005.980000000010477],[500468.35999999998603,241005.82],[500468.31,241005.65],[500468.28000000002794,241005.480000000010477],[500468.26,241005.31],[500468.25,241005.14000000001397],[500468.51,241004.28],[500469.14000000001397,241003.56],[500469.960000000020955,241002.93],[500470.770000000018626,241002.34],[500473.729999999981374,241000.0],[500473.960000000020955,240999.81],[500477.289999999979045,240997.46],[500487.520000000018626,240990.97],[500500.19,240982.65],[500501.35999999998603,240981.89000000001397],[500502.539999999979045,240981.13],[500503.729999999981374,240980.39000000001397],[500504.93,240979.670000000012806],[500506.14000000001397,240978.96],[500507.37,240978.28],[500508.60999999998603,240977.63],[500511.210000000020955,240976.549999999988358],[500513.909999999974389,240975.72],[500516.64000000001397,240974.93],[500519.299999999988358,240973.99],[500524.599999999976717,240971.549999999988358],[500538.080000000016298,240965.91],[500540.44,240964.97],[500542.81,240964.07],[500545.19,240963.19],[500547.57,240962.299999999988358],[500549.94,240961.39000000001397],[500552.289999999979045,240960.420000000012806],[500557.63,240957.57],[500562.93,240954.60999999998603],[500577.0,240948.12],[500578.229999999981374,240947.56],[500579.46999999997206,240947.01],[500581.950000000011642,240945.93],[500583.18,240945.35999999998603],[500584.39000000001397,240944.769999999989523],[500585.580000000016298,240944.13],[500586.729999999981374,240943.44],[500587.840000000025611,240942.68],[500596.24,240935.47],[500596.37,240935.35],[500596.590000000025611,240935.15],[500596.93,240934.84],[500597.270000000018626,240934.519999999989523],[500597.60999999998603,240934.19],[500597.950000000011642,240933.87],[500598.28000000002794,240933.54],[500598.62,240933.21],[500598.89000000001397,240932.75],[500595.849999999976717,240934.32],[500587.81,240938.84],[500575.770000000018626,240945.64000000001397],[500572.090000000025611,240947.66],[500569.99,240948.82],[500557.03000000002794,240954.670000000012806],[500527.770000000018626,240967.43],[500505.340000000025611,240976.69],[500485.669999999983702,240990.079999999987194],[500471.520000000018626,241000.0],[500465.64000000001397,241004.13],[500470.56,241013.829999999987194]]]]}},
{"type":"Feature","properties":{"mainhabs":"Lowland fens,Reedbeds","habcodes":"LFENS, RBEDS","featdesc":null,"featcodes":null,"otherclass":null,"addhabs":"LCGRA","primsource":"Reedbeds at Marston Vale Millenium Country Park 2008 (LFENS), Feedback from Natural England adviser or specialist 2023 (RBEDS)","areaha":0.11,"version":"Sep_25","uid":"PHID50049588_024085491","shape_length":null,"shape_area":null},"geometry":{"type":"MultiPolygon","coordinates":[[[[500478.51,240880.84],[500478.710000000020955,240881.09],[500478.919999999983702,240881.34],[500479.07,240881.51],[500479.229999999981374,240881.670000000012806],[500479.57,240881.99],[500479.93,240882.29],[500480.31,240882.57],[500480.710000000020955,240882.81],[500480.909999999974389,240882.920000000012806],[500481.12,240883.03],[500481.539999999979045,240883.21],[500481.979999999981374,240883.35],[500482.200000000011642,240883.4],[500482.46999999997206,240883.450000000011642],[500482.74,240883.49],[500483.020000000018626,240883.519999999989523],[500483.31,240883.53],[500483.599999999976717,240883.519999999989523],[500483.88,240883.5],[500484.159999999974389,240883.46],[500484.43,240883.39000000001397],[500484.68,240883.299999999988358],[500484.919999999983702,240883.18],[500485.150000000023283,240883.04],[500485.349999999976717,240882.87],[500486.789999999979045,240881.299999999988358],[500488.25,240879.730000000010477],[500490.82,240877.21],[500491.94,240876.170000000012806],[500493.090000000025611,240875.14000000001397],[500494.26,240874.15],[500496.159999999974389,240872.66],[500498.12,240871.25],[500498.450000000011642,240871.019999999989523],[500498.78000000002794,240870.81],[500499.13,240870.6],[500499.479999999981374,240870.4],[500499.830000000016298,240870.21],[500500.53000000002794,240869.81],[500500.87,240869.60999999998603],[500501.200000000011642,240869.39000000001397],[500501.520000000018626,240869.15],[500501.82,240868.9],[500502.10999999998603,240868.63],[500504.099999999976717,240865.69],[500505.099999999976717,240864.35],[500506.10999999998603,240863.01],[500507.12,240861.68],[500507.85999999998603,240860.799999999988358],[500509.419999999983702,240859.12],[500510.169999999983702,240858.25],[500510.76,240857.46],[500511.330000000016298,240856.64000000001397],[500511.88,240855.81],[500512.400000000023283,240854.96],[500512.900000000023283,240854.10999999998603],[500513.39000000001397,240853.24],[500513.330000000016298,240852.920000000012806],[500513.229999999981374,240852.28],[500513.19,240851.96],[500513.169999999983702,240851.63],[500513.169999999983702,240851.31],[500513.200000000011642,240850.99],[500513.37,240849.829999999987194],[500513.49,240849.049999999988358],[500513.60999999998603,240848.26],[500513.729999999981374,240847.480000000010477],[500513.849999999976717,240846.69],[500513.979999999981374,240846.07],[500514.159999999974389,240845.47],[500514.35999999998603,240844.87],[500514.539999999979045,240844.26],[500514.68,240843.56],[500514.76,240842.84],[500514.789999999979045,240842.480000000010477],[500514.81,240842.12],[500514.830000000016298,240841.4],[500514.830000000016298,240841.04],[500514.840000000025611,240840.670000000012806],[500514.840000000025611,240840.31],[500514.849999999976717,240839.950000000011642],[500514.849999999976717,240839.74],[500514.840000000025611,240839.519999999989523],[500514.82,240839.299999999988358],[500514.789999999979045,240839.079999999987194],[500514.75,240838.87],[500514.710000000020955,240838.65],[500514.659999999974389,240838.43],[500514.520000000018626,240838.01],[500514.35999999998603,240837.59],[500514.26,240837.39000000001397],[500514.159999999974389,240837.200000000011642],[500514.039999999979045,240837.01],[500513.919999999983702,240836.829999999987194],[500513.789999999979045,240836.66],[500513.650000000023283,240836.49],[500513.51,240836.329999999987194],[500513.349999999976717,240836.19],[500513.039999999979045,240835.94],[500512.69,240835.730000000010477],[500512.330000000016298,240835.56],[500511.94,240835.420000000012806],[500511.53000000002794,240835.32],[500511.12,240835.25],[500510.700000000011642,240835.200000000011642],[500510.270000000018626,240835.19],[500509.849999999976717,240835.200000000011642],[500509.44,240835.230000000010477],[500509.039999999979045,240835.29],[500508.56,240835.39000000001397],[500508.090000000025611,240835.519999999989523],[500507.62,240835.670000000012806],[500506.68,240835.99],[500506.210000000020955,240836.14000000001397],[500505.74,240836.269999999989523],[500505.270000000018626,240836.38],[500504.789999999979045,240836.44],[500504.31,240836.450000000011642],[500501.71999999997206,240836.35],[500501.31,240836.329999999987194],[500499.68,240836.29],[500499.270000000018626,240836.29],[500498.460000000020955,240836.269999999989523],[500498.0,240836.29],[500497.549999999988358,240836.35999999998603],[500497.099999999976717,240836.47],[500496.659999999974389,240836.62],[500496.229999999981374,240836.799999999988358],[500495.799999999988358,240837.0],[500495.38,240837.230000000010477],[500494.96999999997206,240837.46],[500494.57,240837.71],[500494.18,240837.97],[500493.69,240838.299999999988358],[500493.210000000020955,240838.66],[500492.74,240839.049999999988358],[500492.289999999979045,240839.450000000011642],[500491.87,240839.88],[500491.46999999997206,240840.329999999987194],[500491.099999999976717,240840.799999999988358],[500490.770000000018626,240841.29],[500490.479999999981374,240841.81],[500488.419999999983702,240845.94],[500487.669999999983702,240847.46],[500486.93,240848.99],[500486.19,240850.51],[500485.44,240852.04],[500484.580000000016298,240853.51],[500483.60999999998603,240854.920000000012806],[500482.68,240856.35999999998603],[500481.840000000025611,240857.799999999988358],[500481.43,240858.53],[500481.049999999988358,240859.269999999989523],[500480.700000000011642,240860.019999999989523],[500480.400000000023283,240860.79],[500478.789999999979045,240866.37],[500478.330000000016298,240868.09],[500478.10999999998603,240868.94],[500477.89000000001397,240869.799999999988358],[500477.46999999997206,240871.519999999989523],[500477.270000000018626,240872.39000000001397],[500477.18,240872.75],[500477.12,240873.13],[500477.06,240873.5],[500477.01,240873.88],[500476.96999999997206,240874.25],[500476.93,240875.01],[500476.93,240875.769999999989523],[500476.96999999997206,240876.53],[500477.01,240876.91],[500477.049999999988358,240877.28],[500477.099999999976717,240877.6],[500477.169999999983702,240877.91],[500477.25,240878.230000000010477],[500477.340000000025611,240878.54],[500477.44,240878.85],[500477.56,240879.15],[500477.69,240879.450000000011642],[500477.830000000016298,240879.74],[500477.979999999981374,240880.03],[500478.150000000023283,240880.31],[500478.330000000016298,240880.579999999987194],[500478.51,240880.84]]]]}},
{"type":"Feature","properties":{"mainhabs":"Lowland fens,Reedbeds","habcodes":"LFENS, RBEDS","featdesc":null,"featcodes":null,"otherclass":null,"addhabs":"LCGRA","primsource":"Reedbeds at Marston Vale Millenium Country Park 2008 (LFENS), Feedback from Natural England adviser or specialist 2023 (RBEDS)","areaha":0.1,"version":"Sep_25","uid":"PHID50051354_024104829","shape_length":null,"shape_area":null},"geometry":{"type":"MultiPolygon","coordinates":[[[[500526.74,241021.99],[500526.49,241021.980000000010477],[500526.169999999983702,241022.0],[500525.849999999976717,241022.04],[500525.69,241022.07],[500525.539999999979045,241022.09],[500525.06,241022.18],[500524.909999999974389,241022.21],[500524.75,241022.24],[500524.590000000025611,241022.28],[500524.43,241022.31],[500524.28000000002794,241022.34],[500524.12,241022.38],[500523.960000000020955,241022.41],[500523.81,241022.450000000011642],[500521.21999999997206,241023.0],[500518.650000000023283,241023.62],[500518.13,241023.78],[500517.64000000001397,241023.980000000010477],[500517.150000000023283,241024.230000000010477],[500516.69,241024.519999999989523],[500516.24,241024.829999999987194],[500515.799999999988358,241025.170000000012806],[500515.38,241025.53],[500514.96999999997206,241025.89000000001397],[500514.57,241026.269999999989523],[500513.299999999988358,241027.19],[500512.06,241028.15],[500510.840000000025611,241029.15],[500509.64000000001397,241030.16],[500508.460000000020955,241031.200000000011642],[500507.289999999979045,241032.24],[500506.07,241033.35],[500504.88,241034.5],[500503.76,241035.700000000011642],[500502.74,241036.980000000010477],[500501.85999999998603,241038.35999999998603],[500501.56,241038.93],[500501.28000000002794,241039.51],[500501.03000000002794,241040.1],[500500.799999999988358,241040.700000000011642],[500500.590000000025611,241041.31],[500500.400000000023283,241041.93],[500500.21999999997206,241042.549999999988358],[500500.049999999988358,241043.18],[500499.89000000001397,241043.81],[500499.44,241045.700000000011642],[500499.169999999983702,241046.91],[500498.909999999974389,241048.13],[500498.69,241049.35],[500498.520000000018626,241050.579999999987194],[500498.409999999974389,241051.82],[500498.39000000001397,241053.049999999988358],[500498.409999999974389,241053.65],[500498.46999999997206,241054.25],[500498.549999999988358,241054.85],[500498.659999999974389,241055.44],[500498.799999999988358,241056.03],[500498.950000000011642,241056.62],[500499.13,241057.200000000011642],[500499.32,241057.78],[500499.53000000002794,241058.35],[500499.75,241058.920000000012806],[500499.979999999981374,241059.480000000010477],[500500.21999999997206,241060.04],[500500.46999999997206,241060.59],[500500.87,241061.44],[500501.28000000002794,241062.28],[500501.71999999997206,241063.10999999998603],[500502.169999999983702,241063.93],[500502.64000000001397,241064.74],[500503.13,241065.54],[500503.64000000001397,241066.32],[500504.169999999983702,241067.09],[500504.71999999997206,241067.85],[500505.12,241068.35],[500505.539999999979045,241068.85],[500505.99,241069.32],[500506.479999999981374,241069.76],[500506.99,241070.16],[500507.53000000002794,241070.480000000010477],[500508.10999999998603,241070.730000000010477],[500508.710000000020955,241070.89000000001397],[500508.96999999997206,241070.93],[500509.229999999981374,241070.950000000011642],[500509.49,241070.96],[500509.75,241070.96],[500510.020000000018626,241070.94],[500510.28000000002794,241070.920000000012806],[500510.549999999988358,241070.88],[500510.81,241070.829999999987194],[500511.07,241070.769999999989523],[500511.330000000016298,241070.700000000011642],[500511.590000000025611,241070.62],[500511.849999999976717,241070.519999999989523],[500512.099999999976717,241070.420000000012806],[500512.349999999976717,241070.31],[500512.590000000025611,241070.19],[500512.830000000016298,241070.06],[500513.06,241069.920000000012806],[500513.28000000002794,241069.769999999989523],[500513.49,241069.62],[500513.700000000011642,241069.450000000011642],[500513.900000000023283,241069.28],[500514.090000000025611,241069.10999999998603],[500514.35999999998603,241068.829999999987194],[500514.64000000001397,241068.549999999988358],[500514.909999999974389,241068.26],[500515.169999999983702,241067.97],[500515.69,241067.37],[500515.94,241067.07],[500516.18,241066.76],[500516.419999999983702,241066.44],[500516.650000000023283,241066.13],[500516.88,241065.81],[500517.10999999998603,241065.480000000010477],[500517.32,241065.16],[500517.539999999979045,241064.82],[500518.400000000023283,241063.4],[500519.07,241062.299999999988358],[500519.71999999997206,241061.21],[500520.35999999998603,241060.1],[500520.96999999997206,241058.980000000010477],[500521.549999999988358,241057.84],[500522.479999999981374,241055.88],[500523.39000000001397,241053.920000000012806],[500524.299999999988358,241051.950000000011642],[500526.51,241046.91],[500526.74,241046.25],[500526.919999999983702,241045.579999999987194],[500527.06,241044.89000000001397],[500527.159999999974389,241044.200000000011642],[500527.24,241043.5],[500527.32,241042.1],[500527.340000000025611,241041.4],[500527.340000000025611,241040.200000000011642],[500527.28000000002794,241037.79],[500527.26,241036.59],[500527.299999999988358,241035.39000000001397],[500527.419999999983702,241033.730000000010477],[500527.63,241032.079999999987194],[500527.78000000002794,241031.35],[500527.979999999981374,241030.62],[500528.400000000023283,241029.18],[500528.57,241028.450000000011642],[500528.650000000023283,241027.920000000012806],[500528.700000000011642,241027.39000000001397],[500528.710000000020955,241026.85],[500528.69,241026.31],[500528.650000000023283,241025.769999999989523],[500528.57,241025.230000000010477],[500528.479999999981374,241024.700000000011642],[500528.419999999983702,241024.44],[500528.349999999976717,241024.16],[500528.26,241023.87],[500528.150000000023283,241023.579999999987194],[500528.03000000002794,241023.299999999988358],[500527.89000000001397,241023.03],[500527.74,241022.769999999989523],[500527.57,241022.54],[500527.39000000001397,241022.34],[500527.19,241022.18],[500526.96999999997206,241022.06],[500526.74,241021.99]]]]}},
{"type":"Feature","properties":{"mainhabs":"Lowland fens,Reedbeds","habcodes":"LFENS, RBEDS","featdesc":null,"featcodes":null,"otherclass":null,"addhabs":"LCGRA","primsource":"Reedbeds at Marston Vale Millenium Country Park 2008 (LFENS), Feedback from Natural England adviser or specialist 2023 (RBEDS)","areaha":0.02,"version":"Sep_25","uid":"PHID50053341_024110446","shape_length":null,"shape_area":null},"geometry":{"type":"MultiPolygon","coordinates":[[[[500548.539999999979045,241099.64000000001397],[500569.44,241090.16],[500568.69,241090.26],[500568.0,241090.46],[500567.289999999979045,241090.62],[500565.229999999981374,241090.96],[500563.18,241091.31],[500562.409999999974389,241091.480000000010477],[500561.650000000023283,241091.65],[500560.89000000001397,241091.829999999987194],[500560.13,241092.019999999989523],[500559.37,241092.22],[500557.87,241092.66],[500557.330000000016298,241092.85],[500556.81,241093.1],[500556.31,241093.38],[500555.81,241093.68],[500555.31,241093.99],[500554.82,241094.299999999988358],[500554.31,241094.579999999987194],[500553.799999999988358,241094.84],[500553.26,241095.04],[500552.710000000020955,241095.200000000011642],[500552.150000000023283,241095.31],[500551.580000000016298,241095.39000000001397],[500550.43,241095.53],[500549.85999999998603,241095.62],[500549.299999999988358,241095.730000000010477],[500548.75,241095.88],[500547.950000000011642,241096.19],[500547.18,241096.56],[500546.419999999983702,241096.96],[500545.659999999974389,241097.34],[500544.88,241097.69],[500544.049999999988358,241097.97],[500543.210000000020955,241098.18],[500542.340000000025611,241098.35],[500541.479999999981374,241098.49],[500540.60999999998603,241098.65],[500539.75,241098.829999999987194],[500538.909999999974389,241099.07],[500538.03000000002794,241099.39000000001397],[500537.159999999974389,241099.75],[500536.31,241100.14000000001397],[500535.460000000020955,241100.56],[500534.63,241101.01],[500533.82,241101.49],[500533.01,241101.980000000010477],[500532.210000000020955,241102.49],[500531.419999999983702,241103.01],[500530.64000000001397,241103.54],[500528.590000000025611,241104.56],[500526.07,241105.87],[500523.53000000002794,241107.12],[500520.96999999997206,241108.35],[500520.19,241108.68],[500519.39000000001397,241108.97],[500518.580000000016298,241109.24],[500517.78000000002794,241109.51],[500516.99,241109.81],[500516.21999999997206,241110.16],[500515.5,241110.579999999987194],[500510.460000000020955,241114.07],[500510.039999999979045,241114.37],[500509.82,241114.51],[500509.60999999998603,241114.66],[500509.39000000001397,241114.81],[500509.18,241114.96],[500508.960000000020955,241115.1],[500508.75,241115.25],[500508.53000000002794,241115.4],[500508.32,241115.54],[500508.13,241115.670000000012806],[500505.37,241116.329999999987194],[500503.60999999998603,241116.730000000010477],[500502.93,241116.87],[500506.200000000011642,241118.78],[500519.080000000016298,241113.079999999987194],[500534.840000000025611,241105.950000000011642],[500548.539999999979045,241099.64000000001397]]]]}},
{"type":"Feature","properties":{"mainhabs":"Lowland fens,Reedbeds","habcodes":"LFENS, RBEDS","featdesc":null,"featcodes":null,"otherclass":null,"addhabs":"LCGRA","primsource":"Reedbeds at Marston Vale Millenium Country Park 2008 (LFENS), Feedback from Natural England adviser or specialist 2023 (RBEDS)","areaha":0.07,"version":"Sep_25","uid":"PHID50054149_024078128","shape_length":null,"shape_area":null},"geometry":{"type":"MultiPolygon","coordinates":[[[[500561.450000000011642,240766.730000000010477],[500561.06,240766.670000000012806],[500560.919999999983702,240766.66],[500560.789999999979045,240766.64000000001397],[500560.669999999983702,240766.63],[500560.539999999979045,240766.62],[500560.43,240766.60999999998603],[500560.31,240766.6],[500559.770000000018626,240766.53],[500559.21999999997206,240766.47],[500558.68,240766.420000000012806],[500558.14000000001397,240766.35999999998603],[500557.590000000025611,240766.299999999988358],[500557.049999999988358,240766.25],[500556.5,240766.19],[500555.960000000020955,240766.14000000001397],[500555.409999999974389,240766.079999999987194],[500554.87,240766.03],[500554.32,240765.97],[500553.78000000002794,240765.920000000012806],[500547.03000000002794,240765.269999999989523],[500545.88,240765.230000000010477],[500544.729999999981374,240765.269999999989523],[500543.590000000025611,240765.35999999998603],[500542.44,240765.5],[500541.289999999979045,240765.65],[500540.150000000023283,240765.81],[500537.539999999979045,240766.26],[500534.93,240766.68],[500533.82,240766.730000000010477],[500532.700000000011642,240766.700000000011642],[500531.590000000025611,240766.68],[500530.49,240766.769999999989523],[500530.159999999974389,240766.829999999987194],[500529.82,240766.9],[500529.479999999981374,240767.0],[500529.159999999974389,240767.13],[500528.849999999976717,240767.28],[500528.580000000016298,240767.47],[500528.349999999976717,240767.700000000011642],[500528.18,240767.97],[500528.10999999998603,240768.10999999998603],[500528.049999999988358,240768.26],[500528.0,240768.4],[500527.950000000011642,240768.549999999988358],[500527.909999999974389,240768.71],[500527.88,240768.85999999998603],[500527.849999999976717,240769.019999999989523],[500527.81,240769.34],[500527.789999999979045,240769.49],[500527.78000000002794,240769.65],[500527.78000000002794,240770.670000000012806],[500527.789999999979045,240771.21],[500527.81,240771.75],[500527.82,240772.29],[500527.85999999998603,240773.37],[500527.89000000001397,240773.91],[500527.909999999974389,240774.450000000011642],[500528.13,240777.39000000001397],[500528.340000000025611,240780.329999999987194],[500528.35999999998603,240781.71],[500528.299999999988358,240783.09],[500528.18,240784.47],[500527.99,240785.84],[500527.78000000002794,240786.81],[500527.520000000018626,240787.78],[500527.299999999988358,240788.74],[500527.19,240789.72],[500527.169999999983702,240790.34],[500527.159999999974389,240790.950000000011642],[500527.090000000025611,240793.13],[500527.10999999998603,240793.37],[500527.159999999974389,240793.60999999998603],[500527.24,240793.85],[500527.330000000016298,240794.079999999987194],[500527.43,240794.329999999987194],[500527.56,240794.579999999987194],[500527.700000000011642,240794.829999999987194],[500527.849999999976717,240795.06],[500528.020000000018626,240795.29],[500528.200000000011642,240795.51],[500528.400000000023283,240795.72],[500528.60999999998603,240795.920000000012806],[500528.82,240796.1],[500529.049999999988358,240796.26],[500529.289999999979045,240796.41],[500529.53000000002794,240796.549999999988358],[500529.78000000002794,240796.66],[500530.039999999979045,240796.76],[500530.299999999988358,240796.85],[500530.56,240796.93],[500530.830000000016298,240797.0],[500531.090000000025611,240797.07],[500531.35999999998603,240797.12],[500531.64000000001397,240797.170000000012806],[500531.909999999974389,240797.22],[500532.19,240797.25],[500532.460000000020955,240797.28],[500533.020000000018626,240797.32],[500533.299999999988358,240797.32],[500533.580000000016298,240797.329999999987194],[500533.849999999976717,240797.329999999987194],[500534.409999999974389,240797.31],[500534.68,240797.29],[500535.700000000011642,240797.21],[500536.210000000020955,240797.16],[500536.71999999997206,240797.1],[500537.229999999981374,240797.03],[500537.74,240796.93],[500538.229999999981374,240796.82],[500538.71999999997206,240796.670000000012806],[500539.19,240796.49],[500539.64000000001397,240796.28],[500540.080000000016298,240796.04],[500540.64000000001397,240795.66],[500540.909999999974389,240795.450000000011642],[500541.169999999983702,240795.230000000010477],[500541.419999999983702,240795.0],[500541.650000000023283,240794.76],[500541.87,240794.5],[500542.07,240794.230000000010477],[500542.24,240793.950000000011642],[500542.38,240793.65],[500542.74,240792.78],[500542.849999999976717,240792.480000000010477],[500542.950000000011642,240792.19],[500543.039999999979045,240791.89000000001397],[500543.12,240791.59],[500543.18,240791.28],[500543.21999999997206,240790.97],[500543.25,240790.60999999998603],[500543.229999999981374,240789.89000000001397],[500543.210000000020955,240789.53],[500543.200000000011642,240789.170000000012806],[500543.200000000011642,240788.81],[500543.21999999997206,240788.46],[500543.270000000018626,240788.15],[500543.330000000016298,240787.85],[500543.419999999983702,240787.56],[500543.520000000018626,240787.26],[500543.64000000001397,240786.980000000010477],[500543.789999999979045,240786.71],[500543.950000000011642,240786.450000000011642],[500544.06,240786.28],[500544.19,240786.13],[500544.330000000016298,240785.99],[500544.479999999981374,240785.85999999998603],[500544.64000000001397,240785.730000000010477],[500544.81,240785.62],[500544.99,240785.51],[500545.349999999976717,240785.31],[500545.919999999983702,240785.04],[500546.099999999976717,240784.950000000011642],[500546.479999999981374,240784.79],[500546.88,240784.62],[500547.289999999979045,240784.5],[500547.71999999997206,240784.4],[500548.150000000023283,240784.31],[500548.580000000016298,240784.24],[500549.020000000018626,240784.170000000012806],[500549.450000000011642,240784.1],[500549.88,240784.01],[500550.299999999988358,240783.89000000001397],[500550.710000000020955,240783.75],[500551.169999999983702,240783.549999999988358],[500551.64000000001397,240783.329999999987194],[500552.090000000025611,240783.1],[500552.539999999979045,240782.85],[500552.979999999981374,240782.579999999987194],[500553.409999999974389,240782.299999999988358],[500553.82,240782.0],[500554.210000000020955,240781.670000000012806],[500554.590000000025611,240781.329999999987194],[500554.94,240780.97],[500555.28000000002794,240780.6],[500555.62,240780.22],[500555.94,240779.84],[500556.270000000018626,240779.450000000011642],[500556.580000000016298,240779.06],[500557.159999999974389,240778.24],[500557.419999999983702,240777.81],[500557.89000000001397,240777.04],[500558.81,240775.480000000010477],[500559.270000000018626,240774.71],[500561.5,240770.93],[500561.82,240770.269999999989523],[500562.080000000016298,240769.57],[500562.31,240768.87],[500562.400000000023283,240768.519999999989523],[500562.46999999997206,240768.170000000012806],[500562.5,240767.81],[500562.46999999997206,240767.450000000011642],[500562.450000000011642,240767.35],[500562.409999999974389,240767.25],[500562.289999999979045,240767.09],[500562.210000000020955,240767.019999999989523],[500562.12,240766.96],[500562.03000000002794,240766.91],[500561.919999999983702,240766.85999999998603],[500561.81,240766.82],[500561.700000000011642,240766.79],[500561.57,240766.76],[500561.450000000011642,240766.730000000010477]]]]}},
{"type":"Feature","properties":{"mainhabs":"Lowland fens,Reedbeds","habcodes":"LFENS, RBEDS","featdesc":null,"featcodes":null,"otherclass":null,"addhabs":"LCGRA","primsource":"Reedbeds at Marston Vale Millenium Country Park 2008 (LFENS), Feedback from Natural England adviser or specialist 2023 (RBEDS)","areaha":3.67,"version":"Sep_25","uid":"PHID50054513_024071086","shape_length":null,"shape_area":null},"geometry":{"type":"MultiPolygon","coordinates":[[[[500538.5819,240691.6337],[500537.455200000025798,240693.511399999988498],[500534.7426,240695.9307],[500530.521100000012666,240698.34],[500526.299600000027567,240701.3492],[500521.781299999973271,240704.068399999989197],[500518.1617,240708.2872],[500516.050999999977648,240713.1058],[500513.3384,240719.1341],[500510.62579999997979,240724.862499999988358],[500507.9131,240729.081199999985984],[500503.691700000024866,240735.1095],[500501.5809,240740.238099999987753],[500498.266400000022259,240748.3758],[500495.2487,240752.8945],[500491.934200000017881,240755.003900000010617],[500488.322900000028312,240756.213599999988219],[500483.796299999987241,240760.4324],[500480.4818,240765.560900000011316],[500477.464099999982864,240771.589199999987613],[500473.25089999998454,240779.117],[500469.6313,240786.055],[500465.113000000012107,240793.8928],[500458.7808,240803.8399],[500452.7537,240813.177300000010291],[500445.819599999987986,240825.8436],[500441.9032,240834.8811],[500439.792399999976624,240838.200099999987287],[500422.007800000021234,240865.932200000010198],[500417.481299999984913,240872.560300000011921],[500414.1668,240875.8793],[500410.852300000027753,240877.3889],[500407.8346,240879.1984],[500404.520100000023376,240884.017],[500401.205599999986589,240890.0453],[500398.492900000012014,240897.583099999988917],[500396.3822,240906.0207],[500395.483499999972992,240911.4491],[500394.57650000002468,240915.967800000013085],[500393.974600000015926,240921.996099999989383],[500393.669600000022911,240928.3243],[500393.669600000022911,240931.943300000013551],[500394.873299999977462,240937.371699999988778],[500397.2891,240942.190299999987474],[500399.696699999971315,240945.5094],[500404.520100000023376,240948.5185],[500409.648500000010245,240950.328],[500421.406000000017229,240950.937800000014249],[500425.9021,240951.1243],[500428.636899999983143,240951.2377],[500435.2659,240950.6279],[500441.9032,240949.728200000012293],[500447.9303,240948.818399999989197],[500457.577,240947.0189],[500466.011699999973644,240944.599599999986822],[500474.751500000013039,240942.190299999987474],[500481.68560000002617,240940.380800000013551],[500488.01779999997234,240938.2714],[500496.1557,240934.352600000012899],[500502.4879,240930.4337],[500507.9131,240925.6151],[500513.033300000010058,240920.786499999987427],[500518.1617,240917.4774],[500522.9851,240915.6679],[500532.326799999980722,240914.758200000011129],[500541.973500000021886,240913.8584],[500549.8063,240912.9487],[500555.2315,240912.049],[500563.979500000015832,240910.5394],[500568.497800000011921,240909.6396],[500573.3212,240907.8302],[500576.338899999973364,240905.720800000010058],[500579.348300000012387,240902.7016],[500582.060999999986961,240899.6925],[500584.773600000014994,240895.173799999989569],[500588.3932,240888.5357],[500594.123499999986961,240879.4983],[500597.132900000025984,240874.969600000011269],[500601.049300000013318,240871.0507],[500605.8727,240867.7416],[500612.204900000011548,240864.4226],[500618.833900000026915,240861.7134],[500624.259199999971315,240858.994100000010803],[500629.387600000016391,240855.98499999998603],[500635.719800000020768,240851.1564],[500641.441899999976158,240845.7379],[500645.3583000000217,240840.9093],[500649.5798,240835.4909],[500653.199299999978393,240829.4626],[500657.4208000000217,240824.9339],[500664.049799999978859,240819.205500000010943],[500670.077,240814.087],[500674.900299999979325,240809.568300000013551],[500681.8344,240801.1207],[500686.65779999998631,240796.602000000013504],[500692.388099999981932,240792.983],[500695.70260000001872,240788.7643],[500696.601299999980256,240786.6549],[500696.601299999980256,240784.245499999989988],[500695.999499999976251,240782.4361],[500695.1007,240780.626599999988684],[500693.2868,240778.817099999985658],[500691.481199999980163,240775.807999999989988],[500690.277400000020862,240772.7888],[500690.169999999983702,240769.60999999998603],[500690.099999999976717,240769.39000000001397],[500690.049999999988358,240769.170000000012806],[500690.023600000014994,240769.0251],[500690.01,240768.950000000011642],[500689.99,240768.730099999986123],[500689.99,240768.51],[500690.01,240768.299999999988358],[500690.049999999988358,240768.019999999989523],[500690.299999999988358,240766.62],[500690.35999999998603,240766.3401],[500690.409999999974389,240766.06],[500690.53000000002794,240765.5001],[500690.580000000016298,240765.2201],[500690.64000000001397,240764.94],[500690.789999999979045,240764.1],[500691.28000000002794,240760.980000000010477],[500691.64000000001397,240757.84],[500691.650000000023283,240757.35],[500691.62,240756.87],[500691.539999999979045,240756.39000000001397],[500691.4301,240755.9205],[500691.28000000002794,240755.46],[500691.099999999976717,240754.99],[500690.900000000023283,240754.54],[500690.68,240754.079999999987194],[500690.44,240753.63],[500690.19,240753.18],[500689.94,240752.74],[500689.68,240752.299999999988358],[500689.18,240751.420000000012806],[500688.950000000011642,240750.980000000010477],[500688.169999999983702,240749.51],[500687.37,240748.06],[500686.56,240746.60999999998603],[500685.71999999997206,240745.18],[500684.87,240743.75],[500684.01,240742.34],[500683.13,240740.93],[500681.479999999981374,240738.43],[500679.729999999981374,240736.0],[500677.909999999974389,240733.62],[500676.039999999979045,240731.29],[500675.35999999998603,240730.47],[500674.64000000001397,240729.65],[500673.87,240728.87],[500673.049999999988358,240728.16],[500672.18,240727.579999999987194],[500671.24,240727.170000000012806],[500670.25,240726.97],[500669.81,240726.94],[500669.38,240726.91],[500668.520000000018626,240726.89000000001397],[500668.090000000025611,240726.89000000001397],[500667.659999999974389,240726.9],[500666.799999999988358,240726.94],[500666.35999999998603,240726.96],[500665.93,240726.99],[500665.07,240727.07],[500664.210000000020955,240727.170000000012806],[500663.78000000002794,240727.230000000010477],[500663.349999999976717,240727.28],[500662.919999999983702,240727.34],[500662.49,240727.41],[500662.07,240727.47],[500661.64000000001397,240727.54],[500659.93,240727.88],[500658.229999999981374,240728.29],[500656.610900000028778,240728.649800000013784],[500656.520000000018626,240728.670000000012806],[500654.799999999988358,240728.96],[500654.229999999981374,240729.01],[500654.090399999986403,240729.0149],[500653.659999999974389,240729.03],[500653.080000000016298,240729.01],[500652.5,240728.950000000011642],[500651.919999999983702,240728.85999999998603],[500651.349999999976717,240728.74],[500650.789999999979045,240728.579999999987194],[500650.25,240728.39000000001397],[500649.71999999997206,240728.16],[500649.217799999983981,240727.9138],[500649.210000000020955,240727.91],[500649.2059,240727.9075],[500648.979999999981374,240727.769999999989523],[500648.76,240727.60999999998603],[500648.56,240727.44],[500648.38,240727.25],[500648.200000000011642,240727.049999999988358],[500648.039999999979045,240726.829999999987194],[500647.89000000001397,240726.6],[500647.75,240726.35999999998603],[500647.62,240726.10999999998603],[500647.5,240725.85999999998603],[500647.39000000001397,240725.59],[500647.289999999979045,240725.329999999987194],[500647.200000000011642,240725.049999999988358],[500647.12,240724.78],[500646.979999999981374,240724.22],[500646.919999999983702,240723.94],[500646.87,240723.670000000012806],[500646.789999999979045,240723.13],[500646.76,240722.75],[500646.76,240722.38],[500646.789999999979045,240722.01],[500646.849999999976717,240721.65],[500646.93,240721.28],[500647.03000000002794,240720.91],[500647.14000000001397,240720.549999999988358],[500647.270000000018626,240720.19],[500647.409999999974389,240719.82],[500647.549999999988358,240719.46],[500647.69,240719.09],[500647.840000000025611,240718.730000000010477],[500647.96999999997206,240718.37],[500648.099999999976717,240718.0],[500648.21999999997206,240717.63],[500648.32,240717.269999999989523],[500648.400000000023283,240716.9],[500648.460000000020955,240716.519999999989523],[500648.5,240716.15],[500648.5,240715.769999999989523],[500648.46999999997206,240715.21],[500648.419999999983702,240714.66],[500648.349999999976717,240714.1],[500648.25,240713.549999999988358],[500648.13,240713.0],[500648.0,240712.450000000011642],[500647.849999999976717,240711.91],[500647.68,240711.37],[500647.49,240710.829999999987194],[500647.299999999988358,240710.299999999988358],[500647.090000000025611,240709.769999999989523],[500646.87,240709.24],[500646.650000000023283,240708.72],[500646.409999999974389,240708.200000000011642],[500646.169999999983702,240707.69],[500645.919999999983702,240707.18],[500645.669999999983702,240706.68],[500645.07,240705.51],[500645.061899999971502,240705.4953],[500644.44,240704.35999999998603],[500643.789999999979045,240703.22],[500643.12,240702.09],[500642.43,240700.97],[500641.71999999997206,240699.87],[500641.0,240698.76],[500640.28000000002794,240697.670000000012806],[500638.799999999988358,240695.49],[500638.06,240694.41],[500636.89000000001397,240692.76],[500635.659999999974389,240691.15],[500634.35999999998603,240689.59],[500632.99,240688.1],[500631.539999999979045,240686.69],[500630.0,240685.38],[500629.06,240684.65],[500628.099999999976717,240683.950000000011642],[500627.10999999998603,240683.28],[500626.10999999998603,240682.63],[500625.080000000016298,240682.01],[500624.039999999979045,240681.420000000012806],[500622.99,240680.85],[500621.919999999983702,240680.31],[500620.830000000016298,240679.79],[500619.74,240679.299999999988358],[500618.63,240678.829999999987194],[500617.520000000018626,240678.4],[500616.400000000023283,240677.980000000010477],[500615.270000000018626,240677.59],[500614.13,240677.230000000010477],[500611.93,240676.549999999988358],[500603.13,240673.87],[500600.93,240673.19],[500598.729999999981374,240672.519999999989523],[500591.669999999983702,240670.28],[500591.07,240670.049999999988358],[500590.51,240669.75],[500589.99,240669.39000000001397],[500589.49,240668.99],[500589.01,240668.549999999988358],[500588.56,240668.079999999987194],[500588.12,240667.579999999987194],[500587.69,240667.07],[500587.26,240666.54],[500586.400000000023283,240665.5],[500585.950000000011642,240664.99],[500585.5,240664.51],[500585.020000000018626,240664.049999999988358],[500584.520000000018626,240663.63],[500583.99,240663.25],[500583.39000000001397,240662.88],[500582.78000000002794,240662.519999999989523],[500582.150000000023283,240662.170000000012806],[500581.51,240661.85],[500580.849999999976717,240661.54],[500580.18,240661.269999999989523],[500579.5,240661.019999999989523],[500578.82,240660.81],[500578.13,240660.64000000001397],[500577.43,240660.51],[500576.74,240660.43],[500576.039999999979045,240660.4],[500575.349999999976717,240660.43],[500574.669999999983702,240660.51],[500574.090000000025611,240660.60999999998603],[500573.520000000018626,240660.72],[500572.94,240660.84],[500571.799999999988358,240661.1],[500571.229999999981374,240661.24],[500570.659999999974389,240661.39000000001397],[500570.099999999976717,240661.54],[500569.539999999979045,240661.71],[500568.96999999997206,240661.88],[500568.419999999983702,240662.06],[500567.85999999998603,240662.24],[500567.31,240662.43],[500566.75,240662.63],[500566.210000000020955,240662.829999999987194],[500565.659999999974389,240663.049999999988358],[500565.12,240663.26],[500563.89000000001397,240663.84],[500562.700000000011642,240664.49],[500561.51,240665.16],[500560.4436,240665.697600000014063],[500560.299999999988358,240665.769999999989523],[500559.466299999970943,240666.081],[500559.039999999979045,240666.24],[500558.71999999997206,240666.32],[500558.39000000001397,240666.37],[500558.049999999988358,240666.39000000001397],[500557.700000000011642,240666.4],[500557.349999999976717,240666.37],[500557.0,240666.32],[500556.659999999974389,240666.25],[500556.32,240666.16],[500555.979999999981374,240666.04],[500555.669999999983702,240665.89000000001397],[500555.35999999998603,240665.730000000010477],[500555.080000000016298,240665.54],[500554.82,240665.329999999987194],[500554.580000000016298,240665.1],[500554.37,240664.85],[500554.19,240664.6],[500554.020000000018626,240664.35],[500553.849999999976717,240664.09],[500553.69,240663.829999999987194],[500553.53000000002794,240663.56],[500553.241700000013225,240663.041],[500553.229999999981374,240663.019999999989523],[500553.221299999975599,240663.0026],[500553.090000000025611,240662.74],[500552.960000000020955,240662.47],[500552.830000000016298,240662.19],[500552.700000000011642,240661.9],[500552.57,240661.62],[500552.450000000011642,240661.329999999987194],[500552.340000000025611,240661.04],[500552.21999999997206,240660.75],[500551.89000000001397,240659.88],[500551.789999999979045,240659.579999999987194],[500551.68,240659.29],[500551.580000000016298,240659.0],[500551.479999999981374,240658.700000000011642],[500551.28000000002794,240658.12],[500550.960000000020955,240657.200000000011642],[500550.62,240656.269999999989523],[500550.31,240655.329999999987194],[500550.049999999988358,240654.38],[500549.89000000001397,240653.43],[500549.85999999998603,240652.49],[500550.01,240651.56],[500550.0699,240651.3504],[500549.509499999985565,240649.503999999986263],[500548.90759999997681,240646.195],[500547.093700000026729,240638.3572],[500544.381,240630.8194],[500542.270299999974668,240625.3909],[500539.8627,240620.872200000012526],[500537.150100000028033,240616.9533],[500535.5011,240615.803699999989476],[500535.3444,240615.7437],[500533.456300000019837,240614.574],[500532.541099999973085,240614.2041],[500529.9192,240613.934199999988778],[500527.206599999975879,240614.244100000010803],[500523.2819,240615.1439],[500520.874399999971502,240616.9533],[500519.06050000002142,240619.662600000010571],[500519.365500000014435,240623.5815],[500521.781299999973271,240632.628900000010617],[500525.392700000025798,240641.3664],[500536.243200000026263,240666.689099999988684],[500538.353899999987334,240675.4266],[500539.5577,240682.064699999988079],[500539.8627,240686.5834],[500539.2609,240690.5023],[500538.5819,240691.6337]],[[500550.520000000018626,240684.19],[500547.87,240676.019999999989523],[500547.57,240675.09],[500547.28000000002794,240674.170000000012806],[500547.0,240673.25],[500546.710000000020955,240672.329999999987194],[500546.43,240671.4],[500545.849999999976717,240669.56],[500545.25,240667.72],[500544.63,240666.41],[500543.82,240665.19],[500542.99,240663.980000000010477],[500542.289999999979045,240662.69],[500539.039999999979045,240654.69],[500535.460000000020955,240645.35999999998603],[500530.599999999976717,240632.799999999988358],[500529.69,240630.4],[500528.82,240627.980000000010477],[500527.979999999981374,240625.56],[500527.169999999983702,240623.13],[500526.35999999998603,240620.269999999989523],[500526.549999999988358,240619.10999999998603],[500526.950000000011642,240619.87],[500528.159999999974389,240622.579999999987194],[500529.299999999988358,240625.32],[500531.94,240632.44],[500535.19,240639.920000000012806],[500535.659999999974389,240640.96],[500536.14000000001397,240642.0],[500536.63,240643.04],[500538.12,240646.14000000001397],[500538.599999999976717,240647.18],[500539.07,240648.230000000010477],[500539.400000000023283,240649.15],[500539.63,240650.1],[500539.789999999979045,240651.079999999987194],[500539.94,240652.06],[500540.10999999998603,240653.04],[500540.340000000025611,240653.99],[500540.68,240654.91],[500542.460000000020955,240658.38],[500544.229999999981374,240661.85999999998603],[500547.28000000002794,240668.769999999989523],[500548.450000000011642,240671.269999999989523],[500549.63,240673.75],[500550.789999999979045,240676.25],[500552.21999999997206,240679.93],[500552.49,240680.68],[500553.57,240683.63],[500554.549999999988358,240685.85999999998603],[500555.599999999976717,240688.049999999988358],[500556.659999999974389,240690.24],[500557.64000000001397,240692.46],[500558.770000000018626,240695.64000000001397],[500559.75,240698.87],[500560.830000000016298,240702.06],[500565.43,240713.04],[500574.87,240738.799999999988358],[500575.799999999988358,240741.1],[500576.82,240743.35999999998603],[500577.82,240745.63],[500578.68,240747.96],[500580.830000000016298,240754.700000000011642],[500580.89000000001397,240754.88],[500580.909999999974389,240754.97],[500580.94,240755.049999999988358],[500580.960000000020955,240755.14000000001397],[500580.99,240755.230000000010477],[500581.01,240755.32],[500581.039999999979045,240755.41],[500581.06,240755.5],[500581.090000000025611,240755.59],[500581.10999999998603,240755.68],[500581.169999999983702,240755.85999999998603],[500581.200000000011642,240755.94],[500581.24,240756.03],[500581.270000000018626,240756.12],[500581.349999999976717,240756.28],[500581.909999999974389,240756.420000000012806],[500582.900000000023283,240756.57],[500583.900000000023283,240756.700000000011642],[500584.830000000016298,240756.78],[500585.75,240756.829999999987194],[500586.68,240756.84],[500587.60999999998603,240756.84],[500588.539999999979045,240756.82],[500589.46999999997206,240756.81],[500590.37,240756.79],[500590.82,240756.76],[500591.28000000002794,240756.72],[500591.71999999997206,240756.65],[500592.159999999974389,240756.56],[500592.590000000025611,240756.43],[500595.349999999976717,240755.28],[500596.039999999979045,240754.980000000010477],[500597.419999999983702,240754.34],[500598.099999999976717,240754.019999999989523],[500598.78000000002794,240753.69],[500599.46999999997206,240753.37],[500600.150000000023283,240753.049999999988358],[500600.849999999976717,240752.74],[500601.539999999979045,240752.44],[500605.200000000011642,240751.66],[500609.0,240751.480000000010477],[500613.76,240751.18],[500618.520000000018626,240751.019999999989523],[500619.710000000020955,240751.0],[500623.299999999988358,240750.91],[500625.69,240750.89000000001397],[500626.88,240750.91],[500628.080000000016298,240750.96],[500629.270000000018626,240751.049999999988358],[500629.450000000011642,240751.07],[500629.549999999988358,240751.09],[500629.64000000001397,240751.12],[500629.909999999974389,240751.18],[500630.01,240751.200000000011642],[500630.19,240751.22],[500630.37,240751.200000000011642],[500630.599999999976717,240751.10999999998603],[500630.78000000002794,240750.950000000011642],[500632.39000000001397,240747.96],[500635.44,240741.85],[500635.49,240741.74],[500635.549999999988358,240741.62],[500635.599999999976717,240741.51],[500635.659999999974389,240741.4],[500635.710000000020955,240741.28],[500635.76,240741.170000000012806],[500635.82,240741.06],[500635.87,240740.94],[500636.229999999981374,240740.28],[500636.299999999988358,240740.170000000012806],[500636.37,240740.07],[500636.43,240740.0],[500636.51,240739.950000000011642],[500636.69,240739.91],[500636.85999999998603,240739.920000000012806],[500637.039999999979045,240739.950000000011642],[500637.210000000020955,240739.99],[500637.38,240740.04],[500637.549999999988358,240740.10999999998603],[500637.74,240740.19],[500637.93,240740.29],[500638.289999999979045,240740.51],[500638.63,240740.769999999989523],[500638.68,240740.81],[500638.799999999988358,240740.91],[500638.909999999974389,240741.01],[500639.01,240741.12],[500639.06,240741.18],[500639.099999999976717,240741.24],[500639.14000000001397,240741.31],[500639.18,240741.420000000012806],[500639.19,240741.54],[500639.18,240741.670000000012806],[500639.159999999974389,240741.79],[500638.64000000001397,240742.89000000001397],[500636.200000000011642,240747.329999999987194],[500635.919999999983702,240747.87],[500635.63,240748.420000000012806],[500635.35999999998603,240748.96],[500635.080000000016298,240749.51],[500634.539999999979045,240750.60999999998603],[500634.270000000018626,240751.170000000012806],[500634.01,240751.72],[500633.960000000020955,240751.799999999988358],[500633.87,240751.980000000010477],[500633.75,240752.25],[500633.71999999997206,240752.34],[500633.700000000011642,240752.43],[500633.69,240752.519999999989523],[500633.700000000011642,240752.71],[500634.26,240753.28],[500635.03000000002794,240753.72],[500635.57,240754.19],[500636.080000000016298,240754.700000000011642],[500636.57,240755.22],[500637.049999999988358,240755.76],[500637.520000000018626,240756.31],[500637.979999999981374,240756.85999999998603],[500638.44,240757.420000000012806],[500638.900000000023283,240757.97],[500639.349999999976717,240758.53],[500639.75,240759.12],[500640.10999999998603,240759.74],[500640.450000000011642,240760.39000000001397],[500640.75,240761.049999999988358],[500641.020000000018626,240761.72],[500641.270000000018626,240762.41],[500641.51,240763.1],[500641.729999999981374,240763.799999999988358],[500641.94,240764.49],[500642.150000000023283,240765.19],[500642.349999999976717,240765.87],[500642.53000000002794,240766.57],[500642.69,240767.28],[500642.830000000016298,240767.99],[500642.94,240768.71],[500643.020000000018626,240769.43],[500643.06,240770.15],[500643.049999999988358,240770.85999999998603],[500643.0,240771.57],[500642.89000000001397,240772.269999999989523],[500642.729999999981374,240772.96],[500642.419999999983702,240774.06],[500642.12,240775.170000000012806],[500641.82,240776.269999999989523],[500641.51,240777.37],[500641.18,240778.46],[500640.82,240779.549999999988358],[500640.43,240780.62],[500640.39000000001397,240780.68],[500640.35999999998603,240780.75],[500640.32,240780.82],[500640.270000000018626,240780.88],[500640.229999999981374,240780.950000000011642],[500640.18,240781.019999999989523],[500640.14000000001397,240781.079999999987194],[500640.06,240781.22],[500640.03000000002794,240781.28],[500640.0,240781.420000000012806],[500640.020000000018626,240781.56],[500640.68,240782.15],[500644.200000000011642,240784.37],[500650.900000000023283,240789.019999999989523],[500653.799999999988358,240791.1],[500655.26,240792.13],[500658.159999999974389,240793.94],[500661.19,240795.549999999988358],[500668.090000000025611,240798.96],[500672.409999999974389,240801.200000000011642],[500672.46999999997206,240801.24],[500672.539999999979045,240801.269999999989523],[500672.74,240801.37],[500672.88,240801.450000000011642],[500672.950000000011642,240801.480000000010477],[500673.01,240801.519999999989523],[500673.080000000016298,240801.56],[500673.159999999974389,240801.68],[500673.19,240801.76],[500673.200000000011642,240801.84],[500673.19,240802.15],[500673.099999999976717,240802.46],[500672.94,240802.96],[500672.849999999976717,240803.200000000011642],[500672.75,240803.450000000011642],[500672.650000000023283,240803.69],[500672.43,240804.170000000012806],[500672.32,240804.4],[500672.299999999988358,240804.450000000011642],[500672.270000000018626,240804.5],[500672.150000000023283,240804.68],[500672.07,240804.76],[500671.62,240804.71],[500667.53000000002794,240802.670000000012806],[500665.24,240801.54],[500662.960000000020955,240800.41],[500660.700000000011642,240799.230000000010477],[500658.5,240797.950000000011642],[500648.900000000023283,240791.53],[500647.64000000001397,240790.670000000012806],[500646.38,240789.82],[500645.10999999998603,240788.96],[500643.849999999976717,240788.10999999998603],[500642.580000000016298,240787.26],[500641.32,240786.4],[500640.049999999988358,240785.549999999988358],[500638.789999999979045,240784.700000000011642],[500638.710000000020955,240784.65],[500638.64000000001397,240784.59],[500638.49,240784.47],[500638.340000000025611,240784.35999999998603],[500638.270000000018626,240784.31],[500638.19,240784.269999999989523],[500638.10999999998603,240784.24],[500638.03000000002794,240784.22],[500637.950000000011642,240784.22],[500637.85999999998603,240784.230000000010477],[500637.71999999997206,240784.29],[500637.590000000025611,240784.39000000001397],[500637.46999999997206,240784.51],[500637.270000000018626,240784.79],[500637.169999999983702,240784.94],[500637.07,240785.079999999987194],[500636.960000000020955,240785.21],[500636.830000000016298,240785.31],[500636.46999999997206,240785.49],[500636.080000000016298,240785.6],[500635.669999999983702,240785.66],[500635.25,240785.69],[500634.840000000025611,240785.730000000010477],[500634.080000000016298,240785.76],[500633.32,240785.69],[500632.57,240785.549999999988358],[500631.81,240785.37],[500631.06,240785.170000000012806],[500630.32,240784.97],[500629.39000000001397,240784.72],[500628.460000000020955,240784.420000000012806],[500627.549999999988358,240784.07],[500626.650000000023283,240783.670000000012806],[500625.78000000002794,240783.22],[500624.94,240782.72],[500624.13,240782.18],[500623.35999999998603,240781.59],[500622.63,240780.96],[500616.099999999976717,240774.85999999998603],[500615.96999999997206,240774.730000000010477],[500615.830000000016298,240774.60999999998603],[500615.57,240774.35],[500615.43,240774.22],[500615.299999999988358,240774.1],[500615.169999999983702,240773.97],[500615.03000000002794,240773.84],[500614.900000000023283,240773.72],[500614.770000000018626,240773.59],[500614.63,240773.46],[500614.5,240773.34],[500614.35999999998603,240773.21],[500614.229999999981374,240773.09],[500614.090000000025611,240772.96],[500613.87,240772.81],[500613.60999999998603,240772.72],[500613.330000000016298,240772.68],[500613.039999999979045,240772.68],[500612.74,240772.72],[500612.46999999997206,240772.769999999989523],[500611.210000000020955,240773.170000000012806],[500609.99,240773.700000000011642],[500608.76,240774.19],[500607.979999999981374,240774.450000000011642],[500606.419999999983702,240774.93],[500605.64000000001397,240775.15],[500604.849999999976717,240775.35999999998603],[500604.06,240775.549999999988358],[500603.26,240775.71],[500602.460000000020955,240775.85],[500602.099999999976717,240775.89000000001397],[500601.74,240775.920000000012806],[500601.38,240775.93],[500601.020000000018626,240775.93],[500600.289999999979045,240775.91],[500599.93,240775.89000000001397],[500599.56,240775.88],[500598.840000000025611,240775.88],[500598.479999999981374,240775.89000000001397],[500598.12,240775.920000000012806],[500597.76,240775.97],[500597.650000000023283,240775.980000000010477],[500597.53000000002794,240776.0],[500597.409999999974389,240776.01],[500597.020000000018626,240776.07],[500596.900000000023283,240776.09],[500596.68,240776.170000000012806],[500596.5,240776.28],[500596.44,240776.35],[500596.39000000001397,240776.43],[500596.37,240776.53],[500596.38,240777.13],[500596.520000000018626,240777.730000000010477],[500596.74,240778.31],[500596.99,240778.88],[500598.539999999979045,240782.18],[500599.69,240784.799999999988358],[500600.830000000016298,240787.43],[500601.080000000016298,240787.94],[500601.340000000025611,240788.44],[500601.62,240788.94],[500601.88,240789.44],[500602.12,240789.950000000011642],[500602.32,240790.480000000010477],[500603.169999999983702,240793.950000000011642],[500603.37,240794.75],[500604.0,240797.18],[500604.21999999997206,240797.99],[500604.44,240798.79],[500604.669999999983702,240799.6],[500605.0,240800.6],[500605.419999999983702,240801.57],[500605.909999999974389,240802.51],[500606.460000000020955,240803.420000000012806],[500607.039999999979045,240804.31],[500609.87,240808.41],[500613.340000000025611,240813.54],[500616.53000000002794,240818.47],[500617.28000000002794,240819.56],[500618.039999999979045,240820.65],[500618.789999999979045,240821.74],[500619.590000000025611,240823.07],[500620.330000000016298,240824.420000000012806],[500620.99,240825.75],[500622.169999999983702,240828.47],[500622.849999999976717,240829.79],[500623.330000000016298,240830.6],[500623.840000000025611,240831.39000000001397],[500624.37,240832.18],[500624.900000000023283,240832.96],[500625.43,240833.75],[500625.93,240834.54],[500626.419999999983702,240835.35],[500626.85999999998603,240836.18],[500626.909999999974389,240836.26],[500626.950000000011642,240836.34],[500627.049999999988358,240836.5],[500627.090000000025611,240836.579999999987194],[500627.14000000001397,240836.66],[500627.18,240836.74],[500627.21999999997206,240836.829999999987194],[500627.25,240836.91],[500627.270000000018626,240837.0],[500627.28000000002794,240837.09],[500627.28000000002794,240837.28],[500627.270000000018626,240837.37],[500627.229999999981374,240837.450000000011642],[500627.18,240837.53],[500627.099999999976717,240837.60999999998603],[500627.01,240837.68],[500626.909999999974389,240837.74],[500626.81,240837.79],[500626.700000000011642,240837.84],[500626.580000000016298,240837.88],[500626.46999999997206,240837.91],[500626.349999999976717,240837.950000000011642],[500626.24,240837.980000000010477],[500626.12,240838.0],[500626.020000000018626,240838.03],[500625.909999999974389,240838.04],[500625.789999999979045,240838.04],[500625.57,240838.0],[500625.46999999997206,240837.96],[500625.289999999979045,240837.85],[500624.599999999976717,240836.84],[500621.87,240832.31],[500619.950000000011642,240828.9],[500618.039999999979045,240825.480000000010477],[500616.26,240822.579999999987194],[500614.35999999998603,240819.75],[500609.849999999976717,240813.59],[500608.75,240812.019999999989523],[500607.669999999983702,240810.44],[500606.599999999976717,240808.84],[500604.979999999981374,240806.37],[500604.419999999983702,240805.5],[500603.88,240804.60999999998603],[500603.37,240803.71],[500602.89000000001397,240802.79],[500602.46999999997206,240801.85],[500602.12,240800.88],[500600.26,240794.87],[500600.03000000002794,240794.019999999989523],[500599.60999999998603,240792.299999999988358],[500599.38,240791.450000000011642],[500599.10999999998603,240790.60999999998603],[500598.770000000018626,240789.81],[500596.539999999979045,240785.420000000012806],[500596.06,240784.47],[500595.57,240783.519999999989523],[500594.60999999998603,240781.62],[500594.450000000011642,240781.299999999988358],[500594.32,240780.97],[500594.200000000011642,240780.64000000001397],[500594.090000000025611,240780.31],[500593.979999999981374,240779.97],[500593.89000000001397,240779.62],[500593.69,240778.94],[500593.46999999997206,240778.26],[500593.349999999976717,240777.93],[500593.210000000020955,240777.60999999998603],[500593.06,240777.29],[500593.0,240777.16],[500592.85999999998603,240776.9],[500592.78000000002794,240776.769999999989523],[500592.700000000011642,240776.65],[500592.60999999998603,240776.53],[500592.51,240776.420000000012806],[500592.409999999974389,240776.329999999987194],[500592.299999999988358,240776.24],[500592.169999999983702,240776.170000000012806],[500591.710000000020955,240775.99],[500591.24,240775.85999999998603],[500590.75,240775.74],[500590.479999999981374,240775.69],[500590.200000000011642,240775.65],[500589.919999999983702,240775.63],[500589.63,240775.62],[500589.349999999976717,240775.60999999998603],[500588.789999999979045,240775.57],[500588.51,240775.53],[500588.24,240775.46],[500587.75,240775.269999999989523],[500587.28000000002794,240775.019999999989523],[500586.840000000025611,240774.71],[500586.419999999983702,240774.38],[500585.99,240774.04],[500585.57,240773.71],[500585.400000000023283,240773.57],[500585.25,240773.41],[500585.099999999976717,240773.24],[500584.960000000020955,240773.07],[500584.830000000016298,240772.89000000001397],[500584.69,240772.71],[500584.549999999988358,240772.54],[500584.400000000023283,240772.38],[500584.24,240772.230000000010477],[500584.07,240772.10999999998603],[500583.88,240772.01],[500582.450000000011642,240771.769999999989523],[500580.950000000011642,240771.980000000010477],[500579.460000000020955,240772.29],[500577.32,240772.66],[500575.18,240773.049999999988358],[500573.049999999988358,240773.46],[500572.849999999976717,240773.5],[500572.659999999974389,240773.54],[500572.460000000020955,240773.579999999987194],[500572.26,240773.60999999998603],[500572.07,240773.65],[500571.87,240773.69],[500571.68,240773.730000000010477],[500571.479999999981374,240773.78],[500571.289999999979045,240773.82],[500571.090000000025611,240773.87],[500570.900000000023283,240773.920000000012806],[500570.520000000018626,240774.04],[500570.340000000025611,240774.10999999998603],[500570.150000000023283,240774.18],[500569.539999999979045,240774.65],[500569.099999999976717,240775.329999999987194],[500568.75,240776.06],[500566.18,240781.87],[500565.24,240784.10999999998603],[500564.789999999979045,240785.24],[500564.340000000025611,240786.38],[500562.99,240789.769999999989523],[500562.520000000018626,240790.89000000001397],[500562.06,240791.89000000001397],[500561.549999999988358,240792.85],[500560.979999999981374,240793.79],[500560.37,240794.71],[500559.71999999997206,240795.6],[500559.020000000018626,240796.46],[500558.299999999988358,240797.29],[500557.56,240798.1],[500556.789999999979045,240798.89000000001397],[500555.200000000011642,240800.4],[500553.549999999988358,240801.85],[500551.830000000016298,240803.22],[500550.06,240804.519999999989523],[500548.229999999981374,240805.74],[500547.63,240806.1],[500546.669999999983702,240806.579999999987194],[500546.01,240806.88],[500543.289999999979045,240808.0],[500542.960000000020955,240808.14000000001397],[500542.63,240808.29],[500542.31,240808.44],[500541.99,240808.6],[500541.669999999983702,240808.769999999989523],[500541.07,240809.10999999998603],[500540.78000000002794,240809.299999999988358],[500540.49,240809.5],[500540.21999999997206,240809.700000000011642],[500539.960000000020955,240809.920000000012806],[500539.710000000020955,240810.14000000001397],[500539.479999999981374,240810.38],[500539.25,240810.63],[500539.039999999979045,240810.9],[500538.849999999976717,240811.18],[500538.669999999983702,240811.480000000010477],[500538.60999999998603,240811.57],[500538.460000000020955,240811.87],[500538.419999999983702,240811.980000000010477],[500538.39000000001397,240812.079999999987194],[500538.38,240812.29],[500538.400000000023283,240812.4],[500538.51,240812.730000000010477],[500538.650000000023283,240813.049999999988358],[500538.849999999976717,240813.32],[500542.37,240816.019999999989523],[500545.580000000016298,240818.39000000001397],[500548.78000000002794,240820.769999999989523],[500556.210000000020955,240827.19],[500564.159999999974389,240833.85],[500566.96999999997206,240836.230000000010477],[500569.770000000018626,240838.63],[500572.520000000018626,240841.09],[500579.659999999974389,240848.170000000012806],[500585.07,240853.82],[500586.06,240854.84],[500587.07,240855.85],[500587.400000000023283,240856.19],[500587.74,240856.53],[500588.080000000016298,240856.85999999998603],[500588.409999999974389,240857.200000000011642],[500588.75,240857.54],[500590.400000000023283,240859.24],[500590.729999999981374,240859.59],[500591.06,240859.93],[500591.700000000011642,240860.63],[500591.82,240860.79],[500591.87,240860.87],[500591.900000000023283,240860.96],[500591.909999999974389,240861.15],[500591.87,240861.299999999988358],[500591.840000000025611,240861.44],[500591.74,240861.74],[500591.69,240861.88],[500591.62,240862.019999999989523],[500591.56,240862.12],[500591.419999999983702,240862.32],[500591.26,240862.5],[500591.169999999983702,240862.579999999987194],[500591.07,240862.66],[500590.979999999981374,240862.730000000010477],[500590.78000000002794,240862.87],[500590.710000000020955,240862.91],[500590.64000000001397,240862.94],[500590.56,240862.980000000010477],[500590.400000000023283,240863.04],[500590.24,240863.079999999987194],[500590.150000000023283,240863.1],[500589.909999999974389,240863.1],[500589.830000000016298,240863.09],[500589.76,240863.06],[500589.68,240863.04],[500589.25,240862.420000000012806],[500586.159999999974389,240859.1],[500579.96999999997206,240852.99],[500577.049999999988358,240849.980000000010477],[500574.150000000023283,240846.950000000011642],[500571.14000000001397,240844.04],[500559.69,240834.14000000001397],[500551.049999999988358,240826.62],[500547.5,240823.730000000010477],[500543.840000000025611,240821.01],[500543.092,240821.326],[500542.619,240821.457],[500542.267,240821.646],[500541.473999999987427,240823.155],[500539.011,240826.794],[500536.577999999979511,240829.301],[500535.349999999976717,240830.108],[500532.711000000010245,240831.608],[500531.734,240832.943999999988591],[500531.5,240834.480000000010477],[500531.669999999983702,240834.950000000011642],[500531.81,240835.43],[500531.93,240835.920000000012806],[500532.020000000018626,240836.420000000012806],[500532.090000000025611,240836.920000000012806],[500532.14000000001397,240837.43],[500532.169999999983702,240837.93],[500532.19,240838.44],[500532.19,240838.94],[500532.18,240839.43],[500532.150000000023283,240839.920000000012806],[500532.10999999998603,240840.420000000012806],[500532.049999999988358,240840.91],[500531.960000000020955,240841.39000000001397],[500531.85999999998603,240841.87],[500531.74,240842.35],[500531.31,240843.019999999989523],[500531.020000000018626,240843.829999999987194],[500530.700000000011642,240844.63],[500530.340000000025611,240845.41],[500529.87,240846.34],[500529.37,240847.26],[500528.849999999976717,240848.16],[500528.289999999979045,240849.04],[500527.700000000011642,240849.9],[500526.710000000020955,240851.24],[500525.659999999974389,240852.53],[500524.56,240853.769999999989523],[500522.900000000023283,240855.46],[500521.25,240857.16],[500520.24,240858.29],[500519.25,240859.44],[500516.710000000020955,240862.84],[500512.599999999976717,240867.4],[500508.35999999998603,240872.230000000010477],[500505.88,240875.1],[500504.460000000020955,240876.81],[500505.87,240878.25],[500509.62,240881.97],[500511.520000000018626,240883.829999999987194],[500513.409999999974389,240885.700000000011642],[500517.419999999983702,240890.700000000011642],[500519.21999999997206,240892.980000000010477],[500519.81,240893.75],[500520.38,240894.54],[500520.93,240895.34],[500521.49,240896.24],[500521.99,240897.18],[500522.460000000020955,240898.14000000001397],[500522.900000000023283,240899.12],[500523.0,240899.32],[500523.049999999988358,240899.43],[500523.099999999976717,240899.53],[500523.159999999974389,240899.64000000001397],[500523.210000000020955,240899.74],[500523.26,240899.85],[500523.31,240899.950000000011642],[500523.35999999998603,240900.06],[500523.409999999974389,240900.16],[500523.450000000011642,240900.269999999989523],[500523.5,240900.37],[500523.62,240900.700000000011642],[500523.710000000020955,240901.03],[500523.729999999981374,240901.14000000001397],[500523.75,240901.35999999998603],[500523.729999999981374,240901.480000000010477],[500523.69,240901.59],[500523.64000000001397,240901.71],[500523.57,240901.82],[500523.5,240901.920000000012806],[500523.409999999974389,240902.01],[500523.31,240902.09],[500523.210000000020955,240902.16],[500523.099999999976717,240902.200000000011642],[500522.89000000001397,240902.230000000010477],[500522.099999999976717,240902.1],[500521.31,240901.950000000011642],[500521.150000000023283,240901.920000000012806],[500520.82,240901.85999999998603],[500520.650000000023283,240901.82],[500520.49,240901.79],[500520.330000000016298,240901.75],[500520.169999999983702,240901.72],[500520.0,240901.670000000012806],[500519.849999999976717,240901.63],[500519.69,240901.57],[500519.53000000002794,240901.519999999989523],[500518.950000000011642,240900.99],[500518.599999999976717,240900.200000000011642],[500518.289999999979045,240899.38],[500517.99,240898.700000000011642],[500517.150000000023283,240896.6],[500516.849999999976717,240895.91],[500516.270000000018626,240894.829999999987194],[500515.599999999976717,240893.79],[500514.85999999998603,240892.81],[500514.06,240891.87],[500509.64000000001397,240887.079999999987194],[500508.729999999981374,240886.12],[500507.830000000016298,240885.16],[500506.01,240883.24],[500504.19,240881.34],[500504.090000000025611,240881.24],[500504.0,240881.14000000001397],[500503.909999999974389,240881.03],[500503.82,240880.93],[500503.71999999997206,240880.82],[500503.539999999979045,240880.62],[500503.44,240880.51],[500503.340000000025611,240880.41],[500503.25,240880.31],[500503.150000000023283,240880.22],[500503.039999999979045,240880.13],[500502.94,240880.04],[500502.71999999997206,240879.88],[500502.5,240879.74],[500502.38,240879.69],[500502.25,240879.64000000001397],[500502.12,240879.6],[500501.87,240879.56],[500501.60999999998603,240879.579999999987194],[500501.349999999976717,240879.66],[500501.10999999998603,240879.769999999989523],[500500.88,240879.9],[500498.549999999988358,240881.549999999988358],[500496.659999999974389,240882.94],[500494.78000000002794,240884.34],[500493.789999999979045,240885.12],[500492.82,240885.920000000012806],[500491.87,240886.75],[500490.94,240887.6],[500489.85999999998603,240888.68],[500488.849999999976717,240889.82],[500487.38,240891.66],[500485.93,240893.519999999989523],[500484.669999999983702,240894.97],[500483.349999999976717,240896.37],[500482.0,240897.74],[500480.06,240899.53],[500478.049999999988358,240901.24],[500477.289999999979045,240901.87],[500476.520000000018626,240902.49],[500475.74,240903.09],[500474.950000000011642,240903.69],[500474.159999999974389,240904.269999999989523],[500473.35999999998603,240904.85],[500472.549999999988358,240905.420000000012806],[500472.14000000001397,240905.670000000012806],[500471.71999999997206,240905.89000000001397],[500471.270000000018626,240906.079999999987194],[500470.81,240906.25],[500469.89000000001397,240906.57],[500469.43,240906.74],[500468.979999999981374,240906.920000000012806],[500468.549999999988358,240907.12],[500468.150000000023283,240907.35999999998603],[500467.770000000018626,240907.63],[500467.43,240907.96],[500464.659999999974389,240910.99],[500464.14000000001397,240911.549999999988358],[500463.63,240912.10999999998603],[500463.10999999998603,240912.66],[500462.590000000025611,240913.22],[500461.919999999983702,240913.85999999998603],[500461.19,240914.44],[500460.44,240915.0],[500460.049999999988358,240915.269999999989523],[500459.650000000023283,240915.53],[500458.830000000016298,240916.03],[500458.43,240916.28],[500458.03000000002794,240916.54],[500457.650000000023283,240916.829999999987194],[500456.409999999974389,240918.04],[500455.32,240919.299999999988358],[500454.270000000018626,240920.59],[500453.150000000023283,240921.82],[500448.87,240926.019999999989523],[500444.729999999981374,240930.049999999988358],[500433.909999999974389,240940.84],[500437.849999999976717,240940.49],[500442.299999999988358,240939.9],[500443.62,240939.75],[500446.270000000018626,240939.49],[500447.590000000025611,240939.31],[500451.63,240938.420000000012806],[500454.340000000025611,240937.91],[500457.049999999988358,240937.38],[500463.56,240935.71],[500470.169999999983702,240933.69],[500478.10999999998603,240931.41],[500480.020000000018626,240930.82],[500481.909999999974389,240930.200000000011642],[500483.789999999979045,240929.53],[500485.659999999974389,240928.829999999987194],[500487.169999999983702,240928.21],[500488.659999999974389,240927.54],[500490.12,240926.82],[500491.56,240926.049999999988358],[500493.14000000001397,240925.12],[500494.69,240924.14000000001397],[500496.210000000020955,240923.10999999998603],[500498.01,240921.85],[500498.89000000001397,240921.19],[500499.75,240920.5],[500500.580000000016298,240919.79],[500501.37,240919.019999999989523],[500505.64000000001397,240914.25],[500507.710000000020955,240912.049999999988358],[500510.82,240908.82],[500511.330000000016298,240908.31],[500511.85999999998603,240907.799999999988358],[500512.400000000023283,240907.32],[500512.68,240907.079999999987194],[500512.960000000020955,240906.85999999998603],[500513.25,240906.64000000001397],[500513.68,240906.38],[500514.14000000001397,240906.170000000012806],[500514.63,240906.01],[500515.12,240905.88],[500515.700000000011642,240905.74],[500516.299999999988358,240905.6],[500516.89000000001397,240905.49],[500517.49,240905.41],[500518.099999999976717,240905.39000000001397],[500522.099999999976717,240905.60999999998603],[500522.89000000001397,240905.65],[500524.479999999981374,240905.71],[500525.270000000018626,240905.730000000010477],[500526.06,240905.74],[500526.789999999979045,240905.72],[500527.51,240905.66],[500528.229999999981374,240905.549999999988358],[500528.94,240905.420000000012806],[500530.51,240905.01],[500532.090000000025611,240904.6],[500533.26,240904.35999999998603],[500534.44,240904.14000000001397],[500535.63,240903.950000000011642],[500536.479999999981374,240903.829999999987194],[500537.330000000016298,240903.730000000010477],[500538.18,240903.66],[500539.039999999979045,240903.64000000001397],[500542.020000000018626,240903.74],[500542.78000000002794,240903.79],[500543.539999999979045,240903.87],[500544.299999999988358,240903.94],[500545.06,240904.0],[500545.830000000016298,240904.01],[500550.60999999998603,240903.519999999989523],[500553.830000000016298,240903.18],[500555.44,240902.99],[500557.049999999988358,240902.78],[500560.19,240902.12],[500563.289999999979045,240901.269999999989523],[500564.409999999974389,240900.97],[500564.96999999997206,240900.81],[500565.53000000002794,240900.66],[500566.090000000025611,240900.5],[500566.650000000023283,240900.329999999987194],[500567.200000000011642,240900.16],[500567.75,240899.97],[500568.26,240899.769999999989523],[500568.76,240899.53],[500569.229999999981374,240899.25],[500569.94,240898.82],[500570.150000000023283,240898.68],[500570.349999999976717,240898.519999999989523],[500570.53000000002794,240898.34],[500571.479999999981374,240897.09],[500573.21999999997206,240894.39000000001397],[500578.18,240886.18],[500580.57,240882.44],[500583.080000000016298,240878.78],[500585.62,240875.14000000001397],[500586.64000000001397,240873.72],[500587.69,240872.31],[500588.770000000018626,240870.920000000012806],[500589.87,240869.56],[500591.0,240868.21],[500592.150000000023283,240866.88],[500593.31,240865.57],[500594.35999999998603,240864.41],[500595.44,240863.26],[500596.549999999988358,240862.14000000001397],[500597.69,240861.06],[500598.88,240860.03],[500600.10999999998603,240859.06],[500601.39000000001397,240858.170000000012806],[500602.71999999997206,240857.37],[500613.299999999988358,240851.60999999998603],[500616.35999999998603,240849.93],[500617.39000000001397,240849.37],[500620.450000000011642,240847.69],[500621.46999999997206,240847.12],[500622.49,240846.56],[500623.51,240845.99],[500624.53000000002794,240845.43],[500626.169999999983702,240844.32],[500627.650000000023283,240843.0],[500629.03000000002794,240841.54],[500630.340000000025611,240840.04],[500637.28000000002794,240831.64000000001397],[500639.07,240829.57],[500640.87,240827.519999999989523],[500642.74,240825.54],[500644.74,240823.69],[500653.340000000025611,240816.43],[500658.770000000018626,240811.87],[500660.580000000016298,240810.34],[500660.85999999998603,240810.09],[500661.13,240809.82],[500661.39000000001397,240809.549999999988358],[500661.650000000023283,240809.26],[500661.900000000023283,240808.980000000010477],[500662.14000000001397,240808.68],[500662.39000000001397,240808.39000000001397],[500662.63,240808.1],[500663.13,240807.519999999989523],[500663.39000000001397,240807.24],[500663.93,240806.72],[500664.21999999997206,240806.480000000010477],[500664.520000000018626,240806.26],[500664.840000000025611,240806.06],[500664.909999999974389,240806.01],[500665.229999999981374,240805.81],[500665.31,240805.769999999989523],[500665.400000000023283,240805.74],[500665.49,240805.72],[500665.710000000020955,240805.72],[500665.849999999976717,240805.74],[500665.99,240805.78],[500666.10999999998603,240805.84],[500666.26,240805.94],[500666.400000000023283,240806.04],[500666.53000000002794,240806.15],[500666.789999999979045,240806.39000000001397],[500667.150000000023283,240806.78],[500667.26,240806.920000000012806],[500667.37,240807.049999999988358],[500667.479999999981374,240807.19],[500667.539999999979045,240807.28],[500667.590000000025611,240807.37],[500667.63,240807.46],[500667.669999999983702,240807.56],[500667.76,240807.85999999998603],[500667.78000000002794,240807.97],[500667.770000000018626,240808.21],[500667.770000000018626,240808.28],[500667.64000000001397,240808.59],[500667.46999999997206,240808.88],[500662.87,240813.31],[500660.330000000016298,240815.64000000001397],[500657.75,240817.920000000012806],[500655.159999999974389,240820.200000000011642],[500652.62,240822.519999999989523],[500650.419999999983702,240824.71],[500648.32,240827.0],[500646.299999999988358,240829.35],[500644.330000000016298,240831.75],[500643.340000000025611,240833.04],[500642.400000000023283,240834.37],[500641.479999999981374,240835.71],[500640.53000000002794,240837.03],[500639.51,240838.29],[500638.10999999998603,240839.85999999998603],[500636.659999999974389,240841.39000000001397],[500635.169999999983702,240842.88],[500633.650000000023283,240844.34],[500632.10999999998603,240845.769999999989523],[500631.07,240846.700000000011642],[500630.01,240847.60999999998603],[500628.919999999983702,240848.480000000010477],[500627.81,240849.32],[500626.68,240850.13],[500625.520000000018626,240850.9],[500622.270000000018626,240852.71],[500618.88,240854.28],[500615.520000000018626,240855.9],[500614.19,240856.6],[500612.87,240857.299999999988358],[500610.229999999981374,240858.74],[500608.93,240859.49],[500607.63,240860.25],[500606.349999999976717,240861.03],[500605.080000000016298,240861.829999999987194],[500603.840000000025611,240862.66],[500602.60999999998603,240863.519999999989523],[500601.400000000023283,240864.4],[500600.21999999997206,240865.32],[500597.409999999974389,240867.87],[500594.85999999998603,240870.69],[500592.520000000018626,240873.72],[500590.340000000025611,240876.87],[500588.24,240880.06],[500579.78000000002794,240893.13],[500579.450000000011642,240893.63],[500578.789999999979045,240894.65],[500578.13,240895.66],[500577.81,240896.16],[500577.479999999981374,240896.670000000012806],[500577.150000000023283,240897.170000000012806],[500576.49,240898.19],[500575.840000000025611,240899.200000000011642],[500575.51,240899.700000000011642],[500575.18,240900.21],[500574.849999999976717,240900.71],[500574.520000000018626,240901.22],[500574.200000000011642,240901.72],[500573.82,240902.22],[500573.37,240902.65],[500572.85999999998603,240903.04],[500571.669999999983702,240903.99],[500570.82,240904.43],[500569.94,240904.81],[500569.03000000002794,240905.1],[500562.650000000023283,240906.60999999998603],[500559.53000000002794,240907.25],[500556.39000000001397,240907.85],[500554.94,240908.10999999998603],[500553.479999999981374,240908.35],[500552.01,240908.549999999988358],[500550.539999999979045,240908.71],[500548.099999999976717,240908.85999999998603],[500545.64000000001397,240908.88],[500540.76,240908.730000000010477],[500539.82,240908.72],[500538.88,240908.72],[500537.950000000011642,240908.730000000010477],[500537.01,240908.76],[500535.799999999988358,240908.85],[500534.590000000025611,240909.019999999989523],[500533.39000000001397,240909.230000000010477],[500532.43,240909.44],[500531.479999999981374,240909.69],[500530.520000000018626,240909.94],[500529.56,240910.14000000001397],[500527.93,240910.35999999998603],[500526.289999999979045,240910.47],[500524.03000000002794,240910.49],[500521.78000000002794,240910.480000000010477],[500519.99,240910.53],[500519.64000000001397,240910.549999999988358],[500519.28000000002794,240910.57],[500518.93,240910.59],[500518.57,240910.62],[500518.21999999997206,240910.64000000001397],[500517.85999999998603,240910.670000000012806],[500517.51,240910.71],[500516.96999999997206,240910.81],[500516.450000000011642,240910.99],[500515.950000000011642,240911.230000000010477],[500515.479999999981374,240911.54],[500515.039999999979045,240911.89000000001397],[500514.63,240912.26],[500510.39000000001397,240916.829999999987194],[500508.32,240918.920000000012806],[500506.210000000020955,240920.97],[500501.599999999976717,240925.079999999987194],[500500.789999999979045,240925.769999999989523],[500499.99,240926.450000000011642],[500499.169999999983702,240927.13],[500498.349999999976717,240927.799999999988358],[500497.53000000002794,240928.46],[500496.700000000011642,240929.12],[500495.82,240929.76],[500494.909999999974389,240930.34],[500493.96999999997206,240930.88],[500493.0,240931.37],[500492.020000000018626,240931.84],[500488.580000000016298,240933.26],[500485.06,240934.46],[500474.409999999974389,240937.68],[500468.81,240939.28],[500463.19,240940.81],[500459.51,240941.75],[500455.799999999988358,240942.6],[500452.07,240943.31],[500441.789999999979045,240944.85999999998603],[500440.919999999983702,240945.01],[500440.049999999988358,240945.15],[500439.19,240945.299999999988358],[500438.32,240945.450000000011642],[500437.450000000011642,240945.60999999998603],[500433.96999999997206,240946.21],[500432.229999999981374,240946.49],[500431.35999999998603,240946.62],[500431.200000000011642,240946.65],[500431.039999999979045,240946.670000000012806],[500430.87,240946.700000000011642],[500430.710000000020955,240946.72],[500430.539999999979045,240946.75],[500430.03000000002794,240946.81],[500429.520000000018626,240946.84],[500429.349999999976717,240946.829999999987194],[500429.19,240946.829999999987194],[500429.03000000002794,240946.81],[500428.87,240946.78],[500428.71999999997206,240946.75],[500428.57,240946.700000000011642],[500428.419999999983702,240946.64000000001397],[500428.28000000002794,240946.579999999987194],[500428.150000000023283,240946.5],[500428.020000000018626,240946.4],[500427.830000000016298,240946.230000000010477],[500427.650000000023283,240946.04],[500427.49,240945.829999999987194],[500427.349999999976717,240945.6],[500427.229999999981374,240945.35999999998603],[500427.14000000001397,240945.12],[500427.07,240944.85999999998603],[500427.039999999979045,240944.60999999998603],[500426.950000000011642,240942.920000000012806],[500426.99,240941.22],[500427.400000000023283,240936.1],[500427.78000000002794,240932.74],[500428.150000000023283,240929.39000000001397],[500428.289999999979045,240927.82],[500428.39000000001397,240926.25],[500428.450000000011642,240924.670000000012806],[500428.460000000020955,240923.1],[500428.44,240921.51],[500428.409999999974389,240920.72],[500428.35999999998603,240919.93],[500428.28000000002794,240919.15],[500427.96999999997206,240917.32],[500426.94,240913.329999999987194],[500425.5,240907.21],[500425.020000000018626,240905.12],[500424.549999999988358,240903.03],[500424.090000000025611,240900.94],[500423.659999999974389,240898.85],[500423.210000000020955,240896.06],[500422.919999999983702,240893.25],[500422.69,240890.43],[500422.650000000023283,240889.950000000011642],[500422.599999999976717,240889.47],[500422.57,240888.99],[500422.49,240888.03],[500422.460000000020955,240887.549999999988358],[500422.400000000023283,240886.10999999998603],[500422.39000000001397,240885.63],[500422.39000000001397,240885.15],[500422.400000000023283,240884.670000000012806],[500422.419999999983702,240884.19],[500422.450000000011642,240883.71],[500422.46999999997206,240883.46],[500422.49,240883.200000000011642],[500422.520000000018626,240882.94],[500422.56,240882.68],[500422.60999999998603,240882.41],[500422.659999999974389,240882.15],[500422.729999999981374,240881.9],[500422.799999999988358,240881.64000000001397],[500422.89000000001397,240881.39000000001397],[500422.979999999981374,240881.15],[500423.090000000025611,240880.920000000012806],[500423.210000000020955,240880.69],[500423.349999999976717,240880.480000000010477],[500423.5,240880.28],[500423.669999999983702,240880.09],[500423.849999999976717,240879.920000000012806],[500424.049999999988358,240879.75],[500424.26,240879.57],[500424.46999999997206,240879.4],[500424.69,240879.230000000010477],[500425.13,240878.91],[500425.35999999998603,240878.769999999989523],[500425.599999999976717,240878.64000000001397],[500425.840000000025611,240878.519999999989523],[500426.080000000016298,240878.41],[500426.340000000025611,240878.32],[500426.590000000025611,240878.24],[500426.849999999976717,240878.170000000012806],[500427.12,240878.1],[500427.38,240878.049999999988358],[500427.650000000023283,240878.01],[500427.909999999974389,240877.99],[500428.18,240878.0],[500429.01,240878.079999999987194],[500429.080000000016298,240878.6],[500429.090000000025611,240879.13],[500429.080000000016298,240879.57],[500429.049999999988358,240880.01],[500429.01,240880.44],[500428.960000000020955,240880.88],[500428.840000000025611,240881.74],[500428.76,240882.14000000001397],[500428.63,240882.519999999989523],[500428.46999999997206,240882.9],[500428.32,240883.269999999989523],[500428.19,240883.66],[500428.099999999976717,240884.049999999988358],[500427.960000000020955,240885.51],[500427.919999999983702,240886.97],[500427.96999999997206,240890.72],[500428.0,240891.71],[500428.039999999979045,240892.700000000011642],[500428.099999999976717,240893.69],[500428.19,240894.670000000012806],[500428.900000000023283,240898.700000000011642],[500429.549999999988358,240901.6],[500430.18,240904.51],[500430.75,240908.09],[500431.39000000001397,240911.24],[500432.270000000018626,240914.68],[500432.419999999983702,240915.28],[500432.57,240915.89000000001397],[500432.849999999976717,240917.10999999998603],[500432.96999999997206,240917.72],[500433.090000000025611,240918.34],[500433.200000000011642,240918.950000000011642],[500433.32,240920.71],[500433.24,240922.47],[500433.10999999998603,240924.09],[500432.950000000011642,240925.71],[500432.830000000016298,240927.34],[500432.82,240928.730000000010477],[500432.87,240930.12],[500432.85999999998603,240931.51],[500432.789999999979045,240932.700000000011642],[500432.69,240933.9],[500432.56,240935.09],[500432.409999999974389,240936.269999999989523],[500432.210000000020955,240938.13],[500434.12,240936.420000000012806],[500435.960000000020955,240934.64000000001397],[500440.60999999998603,240929.71],[500444.849999999976717,240925.54],[500448.63,240921.65],[500451.81,240918.19],[500453.590000000025611,240915.84],[500453.38,240915.6],[500453.19,240915.35999999998603],[500453.01,240915.1],[500452.840000000025611,240914.829999999987194],[500452.69,240914.549999999988358],[500452.43,240913.97],[500452.32,240913.670000000012806],[500452.229999999981374,240913.4],[500452.150000000023283,240913.12],[500452.07,240912.829999999987194],[500452.01,240912.549999999988358],[500451.960000000020955,240912.26],[500451.919999999983702,240911.96],[500451.89000000001397,240911.670000000012806],[500451.87,240911.38],[500451.85999999998603,240911.079999999987194],[500451.85999999998603,240910.79],[500451.87,240910.5],[500451.900000000023283,240910.21],[500451.94,240909.87],[500452.0,240909.53],[500452.080000000016298,240909.200000000011642],[500452.18,240908.87],[500452.299999999988358,240908.549999999988358],[500452.44,240908.230000000010477],[500452.590000000025611,240907.93],[500452.76,240907.63],[500452.950000000011642,240907.35],[500453.150000000023283,240907.079999999987194],[500453.57,240906.579999999987194],[500454.01,240906.09],[500454.479999999981374,240905.63],[500454.96999999997206,240905.200000000011642],[500455.479999999981374,240904.799999999988358],[500456.099999999976717,240904.38],[500457.35999999998603,240903.579999999987194],[500457.979999999981374,240903.18],[500458.599999999976717,240902.75],[500458.78000000002794,240902.60999999998603],[500459.159999999974389,240902.329999999987194],[500459.349999999976717,240902.18],[500459.53000000002794,240902.04],[500459.710000000020955,240901.89000000001397],[500459.88,240901.730000000010477],[500460.200000000011642,240901.39000000001397],[500460.340000000025611,240901.21],[500460.539999999979045,240900.91],[500460.710000000020955,240900.6],[500460.849999999976717,240900.26],[500460.960000000020955,240899.920000000012806],[500461.06,240899.57],[500461.14000000001397,240899.230000000010477],[500461.21999999997206,240898.769999999989523],[500461.28000000002794,240898.32],[500461.32,240897.85999999998603],[500461.340000000025611,240897.4],[500461.349999999976717,240896.94],[500461.330000000016298,240896.51],[500461.289999999979045,240896.09],[500461.21999999997206,240895.66],[500461.14000000001397,240895.230000000010477],[500461.06,240894.81],[500460.99,240894.38],[500460.93,240893.96],[500460.900000000023283,240893.53],[500460.89000000001397,240893.13],[500460.900000000023283,240892.74],[500460.93,240892.35],[500460.96999999997206,240891.950000000011642],[500461.03000000002794,240891.56],[500461.10999999998603,240891.170000000012806],[500461.200000000011642,240890.79],[500461.32,240890.41],[500461.44,240890.04],[500461.590000000025611,240889.68],[500461.87,240889.13],[500462.200000000011642,240888.60999999998603],[500462.539999999979045,240888.1],[500462.88,240887.579999999987194],[500463.169999999983702,240887.04],[500463.270000000018626,240886.81],[500463.49,240886.35],[500463.789999999979045,240885.66],[500463.89000000001397,240885.420000000012806],[500463.979999999981374,240885.19],[500464.06,240884.950000000011642],[500464.200000000011642,240884.47],[500464.25,240884.22],[500464.299999999988358,240883.980000000010477],[500464.32,240883.43],[500464.26,240882.87],[500464.13,240882.32],[500463.96999999997206,240881.78],[500463.87,240881.46],[500463.75,240881.14000000001397],[500463.62,240880.82],[500463.479999999981374,240880.51],[500463.340000000025611,240880.19],[500463.06,240879.57],[500462.93,240879.25],[500462.799999999988358,240878.94],[500462.69,240878.60999999998603],[500462.590000000025611,240878.29],[500462.51,240877.97],[500462.460000000020955,240877.65],[500462.43,240877.32],[500462.409999999974389,240876.99],[500462.419999999983702,240876.66],[500462.450000000011642,240876.329999999987194],[500462.51,240876.01],[500462.580000000016298,240875.69],[500462.82,240874.920000000012806],[500463.099999999976717,240874.16],[500463.419999999983702,240873.41],[500463.76,240872.68],[500463.909999999974389,240872.38],[500464.06,240872.07],[500464.210000000020955,240871.769999999989523],[500464.35999999998603,240871.46],[500464.68,240870.85999999998603],[500464.849999999976717,240870.57],[500465.039999999979045,240870.28],[500465.229999999981374,240870.01],[500465.44,240869.74],[500465.669999999983702,240869.49],[500465.770000000018626,240869.39000000001397],[500465.900000000023283,240869.299999999988358],[500466.020000000018626,240869.21],[500466.159999999974389,240869.13],[500466.299999999988358,240869.06],[500466.450000000011642,240868.99],[500466.590000000025611,240868.91],[500466.87,240868.769999999989523],[500467.01,240868.69],[500467.13,240868.60999999998603],[500467.25,240868.519999999989523],[500467.349999999976717,240868.420000000012806],[500467.44,240868.31],[500467.520000000018626,240868.19],[500467.57,240868.06],[500467.78000000002794,240867.450000000011642],[500468.460000000020955,240865.35999999998603],[500468.900000000023283,240864.04],[500469.14000000001397,240863.38],[500469.39000000001397,240862.74],[500469.659999999974389,240862.1],[500469.960000000020955,240861.47],[500471.099999999976717,240859.54],[500472.330000000016298,240857.66],[500473.039999999979045,240856.57],[500473.78000000002794,240855.5],[500477.099999999976717,240851.450000000011642],[500478.450000000011642,240849.69],[500480.96999999997206,240846.03],[500481.62,240845.09],[500482.270000000018626,240844.14000000001397],[500483.57,240842.26],[500484.5,240840.53],[500485.35999999998603,240838.75],[500486.32,240837.06],[500486.64000000001397,240836.546],[500486.878000000026077,240835.62400000001071],[500486.286000000021886,240835.062],[500484.254000000015367,240834.636],[500478.619,240832.575000000011642],[500468.35999999998603,240826.695],[500460.132999999972526,240821.241],[500459.927000000025146,240820.76500000001397],[500459.471000000019558,240819.711000000010245],[500463.193000000028405,240813.69],[500467.560999999986961,240806.794],[500468.313000000023749,240807.071999999985565],[500469.283999999985099,240807.43],[500471.053000000014435,240808.826],[500480.968999999982771,240819.814000000013039],[500488.43,240828.943999999988591],[500489.419,240829.976],[500490.700000000011642,240829.88],[500493.35999999998603,240825.99],[500494.06,240824.94],[500494.74,240823.88],[500495.44,240822.829999999987194],[500496.21999999997206,240821.78],[500497.049999999988358,240820.76],[500497.919999999983702,240819.78],[500498.799999999988358,240818.81],[500502.24,240814.91],[500503.69,240813.16],[500503.96999999997206,240812.81],[500504.270000000018626,240812.46],[500504.56,240812.10999999998603],[500504.85999999998603,240811.769999999989523],[500505.159999999974389,240811.44],[500505.789999999979045,240810.79],[500506.25,240810.420000000012806],[500506.76,240810.14000000001397],[500507.31,240809.920000000012806],[500507.88,240809.72],[500508.460000000020955,240809.519999999989523],[500509.020000000018626,240809.299999999988358],[500509.539999999979045,240809.03],[500509.849999999976717,240808.84],[500510.150000000023283,240808.66],[500510.450000000011642,240808.46],[500510.71999999997206,240808.24],[500511.71999999997206,240807.12],[500512.659999999974389,240805.94],[500512.93,240805.65],[500513.49,240805.09],[500513.78000000002794,240804.82],[500514.07,240804.56],[500514.96999999997206,240803.78],[500515.270000000018626,240803.51],[500515.56,240803.25],[500515.840000000025611,240802.97],[500516.12,240802.700000000011642],[500516.400000000023283,240802.41],[500516.659999999974389,240802.10999999998603],[500517.03000000002794,240801.549999999988358],[500517.31,240800.93],[500517.51,240800.26],[500517.669999999983702,240799.579999999987194],[500517.82,240798.9],[500517.89000000001397,240798.59],[500517.960000000020955,240798.269999999989523],[500518.03000000002794,240797.96],[500518.099999999976717,240797.64000000001397],[500518.159999999974389,240797.329999999987194],[500518.28000000002794,240796.69],[500518.330000000016298,240796.37],[500518.409999999974389,240795.730000000010477],[500518.43,240795.41],[500518.450000000011642,240795.1],[500518.460000000020955,240794.78],[500518.44,240794.14000000001397],[500518.21999999997206,240793.29],[500517.81,240792.480000000010477],[500517.349999999976717,240791.69],[500516.99,240790.87],[500516.710000000020955,240789.89000000001397],[500516.460000000020955,240788.91],[500516.21999999997206,240787.920000000012806],[500516.01,240786.93],[500515.840000000025611,240785.93],[500515.700000000011642,240784.93],[500515.539999999979045,240782.670000000012806],[500515.57,240780.4],[500515.69,240778.14000000001397],[500515.75,240777.19],[500515.82,240776.25],[500515.900000000023283,240775.299999999988358],[500515.99,240774.35999999998603],[500516.090000000025611,240773.420000000012806],[500516.200000000011642,240772.480000000010477],[500516.32,240771.54],[500516.460000000020955,240770.60999999998603],[500516.60999999998603,240769.670000000012806],[500516.669999999983702,240769.29],[500516.88,240768.12],[500517.06,240767.34],[500517.169999999983702,240766.96],[500517.289999999979045,240766.59],[500517.43,240766.22],[500517.590000000025611,240765.87],[500517.770000000018626,240765.53],[500517.979999999981374,240765.200000000011642],[500518.210000000020955,240764.89000000001397],[500518.46999999997206,240764.549999999988358],[500518.75,240764.21],[500519.03000000002794,240763.88],[500519.32,240763.56],[500519.62,240763.24],[500519.93,240762.94],[500520.25,240762.66],[500520.590000000025611,240762.4],[500520.950000000011642,240762.170000000012806],[500521.32,240761.97],[500521.78000000002794,240761.75],[500522.24,240761.54],[500522.700000000011642,240761.34],[500523.159999999974389,240761.12],[500523.60999999998603,240760.88],[500523.669999999983702,240760.84],[500523.74,240760.81],[500523.81,240760.769999999989523],[500523.88,240760.74],[500523.950000000011642,240760.700000000011642],[500524.020000000018626,240760.670000000012806],[500524.090000000025611,240760.63],[500524.150000000023283,240760.59],[500524.26,240760.49],[500524.31,240760.43],[500524.38,240760.16],[500524.289999999979045,240759.84],[500524.159999999974389,240759.54],[500523.69,240758.49],[500523.159999999974389,240757.47],[500522.830000000016298,240756.85],[500522.479999999981374,240756.24],[500522.10999999998603,240755.63],[500521.729999999981374,240755.04],[500520.93,240753.88],[500520.520000000018626,240753.31],[500519.5,240752.10999999998603],[500518.340000000025611,240751.04],[500517.080000000016298,240750.06],[500515.799999999988358,240749.14000000001397],[500512.74,240746.920000000012806],[500511.200000000011642,240745.84],[500509.62,240744.799999999988358],[500509.539999999979045,240744.76],[500509.46999999997206,240744.72],[500509.39000000001397,240744.68],[500509.31,240744.65],[500509.229999999981374,240744.60999999998603],[500509.159999999974389,240744.579999999987194],[500509.0,240744.5],[500508.93,240744.46],[500508.789999999979045,240744.35999999998603],[500508.729999999981374,240744.31],[500508.63,240744.170000000012806],[500508.590000000025611,240744.079999999987194],[500508.57,240743.99],[500508.57,240743.9],[500508.62,240743.66],[500508.78000000002794,240743.200000000011642],[500508.87,240742.980000000010477],[500508.950000000011642,240742.78],[500509.0,240742.68],[500509.049999999988358,240742.59],[500509.090000000025611,240742.49],[500509.150000000023283,240742.4],[500509.200000000011642,240742.299999999988358],[500509.26,240742.21],[500509.38,240742.04],[500509.44,240741.950000000011642],[500512.865999999979977,240736.812],[500514.847,240734.834],[500515.396,240734.818999999988591],[500515.838999999978114,240734.916999999986729],[500517.227000000013504,240736.271],[500526.88900000002468,240745.962],[500529.597,240750.563],[500530.183000000019092,240751.922],[500530.48599999997532,240752.958000000013271],[500530.565,240755.87],[500530.919,240756.795000000012806],[500531.37400000001071,240757.333000000013271],[500532.093999999982771,240757.533],[500534.19,240757.448],[500535.049999999988358,240757.200000000011642],[500537.88,240756.35],[500540.700000000011642,240755.480000000010477],[500543.53000000002794,240754.63],[500549.37,240753.26],[500555.289999999979045,240752.21],[500556.270000000018626,240752.04],[500559.210000000020955,240751.5],[500561.169999999983702,240751.16],[500562.150000000023283,240751.0],[500563.14000000001397,240750.85],[500564.12,240750.72],[500565.10999999998603,240750.60999999998603],[500566.099999999976717,240750.51],[500566.26,240750.5],[500566.770000000018626,240750.44],[500566.93,240750.43],[500567.099999999976717,240750.420000000012806],[500567.43,240750.420000000012806],[500567.599999999976717,240750.44],[500567.75,240750.47],[500567.909999999974389,240750.51],[500568.06,240750.57],[500568.26,240750.670000000012806],[500568.46999999997206,240750.769999999989523],[500568.669999999983702,240750.88],[500568.85999999998603,240751.0],[500569.039999999979045,240751.14000000001397],[500569.19,240751.29],[500569.32,240751.47],[500570.46999999997206,240753.450000000011642],[500570.590000000025611,240753.670000000012806],[500570.71999999997206,240753.9],[500570.840000000025611,240754.12],[500570.96999999997206,240754.35],[500571.090000000025611,240754.57],[500571.21999999997206,240754.799999999988358],[500571.340000000025611,240755.019999999989523],[500571.460000000020955,240755.25],[500571.590000000025611,240755.47],[500571.710000000020955,240755.700000000011642],[500571.840000000025611,240755.920000000012806],[500571.96999999997206,240756.15],[500572.039999999979045,240756.26],[500572.12,240756.37],[500572.299999999988358,240756.59],[500572.400000000023283,240756.68],[500572.51,240756.769999999989523],[500572.75,240756.91],[500572.87,240756.96],[500573.0,240756.99],[500573.520000000018626,240757.04],[500574.039999999979045,240757.03],[500574.56,240756.97],[500574.700000000011642,240756.96],[500574.849999999976717,240756.94],[500575.409999999974389,240756.85999999998603],[500575.56,240756.84],[500575.700000000011642,240756.81],[500575.840000000025611,240756.79],[500576.26,240756.700000000011642],[500576.400000000023283,240756.66],[500576.539999999979045,240756.63],[500576.68,240756.59],[500576.81,240756.549999999988358],[500576.950000000011642,240756.51],[500577.06,240756.46],[500577.169999999983702,240756.38],[500577.26,240756.29],[500577.340000000025611,240756.19],[500577.400000000023283,240756.07],[500577.44,240755.950000000011642],[500577.450000000011642,240755.829999999987194],[500577.020000000018626,240754.10999999998603],[500576.150000000023283,240751.5],[500575.169999999983702,240748.93],[500572.85999999998603,240743.37],[500571.700000000011642,240740.6],[500570.53000000002794,240737.84],[500569.38,240735.07],[500566.289999999979045,240724.78],[500565.900000000023283,240723.51],[500565.51,240722.25],[500565.12,240720.980000000010477],[500564.700000000011642,240719.730000000010477],[500564.26,240718.480000000010477],[500562.75,240715.420000000012806],[500561.10999999998603,240712.420000000012806],[500559.289999999979045,240708.480000000010477],[500557.599999999976717,240704.480000000010477],[500552.44,240690.1],[500550.520000000018626,240684.19]]]]}},
{"type":"Feature","properties":{"mainhabs":"Lowland fens,Reedbeds","habcodes":"LFENS, RBEDS","featdesc":null,"featcodes":null,"otherclass":null,"addhabs":"LCGRA","primsource":"Reedbeds at Marston Vale Millenium Country Park 2008 (LFENS), Feedback from Natural England adviser or specialist 2023 (RBEDS)","areaha":0.05,"version":"Sep_25","uid":"PHID50058136_024096452","shape_length":null,"shape_area":null},"geometry":{"type":"MultiPolygon","coordinates":[[[[500597.12,240950.85999999998603],[500595.710000000020955,240950.85999999998603],[500594.299999999988358,240950.94],[500592.89000000001397,240951.09],[500591.49,240951.29],[500590.090000000025611,240951.53],[500588.150000000023283,240951.91],[500587.19,240952.12],[500586.21999999997206,240952.35],[500585.270000000018626,240952.59],[500584.31,240952.85999999998603],[500583.37,240953.15],[500582.44,240953.47],[500581.520000000018626,240953.82],[500580.78000000002794,240954.13],[500580.049999999988358,240954.46],[500579.330000000016298,240954.82],[500578.62,240955.19],[500577.919999999983702,240955.59],[500577.229999999981374,240956.01],[500576.57,240956.450000000011642],[500575.909999999974389,240956.920000000012806],[500575.28000000002794,240957.41],[500574.590000000025611,240957.99],[500573.919999999983702,240958.59],[500573.270000000018626,240959.21],[500572.63,240959.85],[500572.020000000018626,240960.51],[500571.419999999983702,240961.19],[500571.169999999983702,240961.480000000010477],[500570.919999999983702,240961.78],[500570.200000000011642,240962.71],[500569.96999999997206,240963.03],[500569.31,240963.99],[500569.099999999976717,240964.32],[500568.900000000023283,240964.66],[500568.700000000011642,240964.99],[500568.51,240965.329999999987194],[500568.32,240965.68],[500568.14000000001397,240966.019999999989523],[500567.960000000020955,240966.37],[500567.799999999988358,240966.72],[500567.68,240967.0],[500567.57,240967.29],[500567.479999999981374,240967.59],[500567.409999999974389,240967.89000000001397],[500567.349999999976717,240968.200000000011642],[500567.299999999988358,240968.519999999989523],[500567.28000000002794,240968.829999999987194],[500567.270000000018626,240969.15],[500567.270000000018626,240969.47],[500567.299999999988358,240969.78],[500567.340000000025611,240970.1],[500567.400000000023283,240970.4],[500567.46999999997206,240970.700000000011642],[500567.57,240971.0],[500567.68,240971.28],[500567.81,240971.549999999988358],[500568.099999999976717,240972.049999999988358],[500568.419999999983702,240972.54],[500568.76,240973.01],[500569.13,240973.47],[500569.520000000018626,240973.9],[500569.93,240974.32],[500570.349999999976717,240974.72],[500570.789999999979045,240975.1],[500571.25,240975.47],[500571.479999999981374,240975.65],[500571.71999999997206,240975.829999999987194],[500571.960000000020955,240976.019999999989523],[500572.210000000020955,240976.200000000011642],[500572.450000000011642,240976.37],[500572.700000000011642,240976.549999999988358],[500572.950000000011642,240976.72],[500573.210000000020955,240976.89000000001397],[500573.460000000020955,240977.049999999988358],[500573.71999999997206,240977.200000000011642],[500573.99,240977.34],[500574.25,240977.480000000010477],[500574.520000000018626,240977.60999999998603],[500574.799999999988358,240977.730000000010477],[500575.07,240977.84],[500575.35999999998603,240977.93],[500575.64000000001397,240978.019999999989523],[500575.93,240978.09],[500576.26,240978.15],[500576.599999999976717,240978.19],[500576.94,240978.200000000011642],[500577.28000000002794,240978.200000000011642],[500577.63,240978.170000000012806],[500577.96999999997206,240978.12],[500578.31,240978.06],[500578.650000000023283,240977.97],[500578.979999999981374,240977.87],[500579.299999999988358,240977.76],[500579.62,240977.63],[500579.919999999983702,240977.480000000010477],[500580.229999999981374,240977.32],[500580.539999999979045,240977.15],[500580.840000000025611,240976.980000000010477],[500581.419999999983702,240976.6],[500581.710000000020955,240976.4],[500581.99,240976.19],[500582.53000000002794,240975.75],[500582.78000000002794,240975.51],[500583.03000000002794,240975.26],[500583.26,240975.01],[500583.479999999981374,240974.75],[500583.900000000023283,240974.54],[500584.31,240974.329999999987194],[500584.729999999981374,240974.10999999998603],[500585.13,240973.88],[500585.53000000002794,240973.64000000001397],[500585.909999999974389,240973.38],[500586.28000000002794,240973.09],[500586.62,240972.79],[500586.94,240972.46],[500588.81,240970.16],[500591.799999999988358,240966.69],[500596.07,240961.97],[500596.349999999976717,240961.65],[500596.64000000001397,240961.329999999987194],[500596.919999999983702,240961.01],[500597.210000000020955,240960.68],[500597.49,240960.35999999998603],[500597.770000000018626,240960.03],[500598.049999999988358,240959.71],[500598.89000000001397,240958.72],[500599.159999999974389,240958.4],[500599.71999999997206,240957.74],[500599.99,240957.41],[500600.10999999998603,240957.26],[500600.229999999981374,240957.1],[500600.450000000011642,240956.76],[500600.549999999988358,240956.59],[500600.64000000001397,240956.41],[500600.729999999981374,240956.22],[500600.81,240956.03],[500600.88,240955.84],[500600.950000000011642,240955.64000000001397],[500601.01,240955.450000000011642],[500601.06,240955.25],[500601.10999999998603,240955.04],[500601.150000000023283,240954.84],[500601.19,240954.44],[500601.200000000011642,240954.24],[500601.210000000020955,240954.03],[500601.200000000011642,240953.84],[500601.18,240953.64000000001397],[500601.150000000023283,240953.44],[500601.12,240953.25],[500601.07,240953.07],[500601.01,240952.88],[500600.94,240952.700000000011642],[500600.729999999981374,240952.34],[500600.460000000020955,240952.019999999989523],[500600.14000000001397,240951.74],[500599.76,240951.51],[500599.349999999976717,240951.31],[500598.909999999974389,240951.15],[500598.460000000020955,240951.03],[500598.01,240950.94],[500597.56,240950.89000000001397],[500597.12,240950.85999999998603]]]]}},
{"type":"Feature","properties":{"mainhabs":"Lowland fens,Reedbeds","habcodes":"LFENS, RBEDS","featdesc":null,"featcodes":null,"otherclass":null,"addhabs":"LCGRA","primsource":"Reedbeds at Marston Vale Millenium Country Park 2008 (LFENS), Feedback from Natural England adviser or specialist 2023 (RBEDS)","areaha":0.09,"version":"Sep_25","uid":"PHID50060273_024105257","shape_length":null,"shape_area":null},"geometry":{"type":"MultiPolygon","coordinates":[[[[500794.06,241021.519999999989523],[500801.158500000019558,241019.979],[500800.060999999986961,241020.01],[500798.650000000023283,241019.859],[500796.911000000021886,241019.397],[500793.601000000024214,241017.702],[500792.767,241017.11799999998766],[500791.99,241017.03],[500791.60999999998603,241016.980000000010477],[500791.24,241016.920000000012806],[500790.87,241016.85],[500790.49,241016.78],[500789.01,241016.46],[500788.64000000001397,241016.39000000001397],[500788.270000000018626,241016.329999999987194],[500787.89000000001397,241016.269999999989523],[500787.520000000018626,241016.230000000010477],[500787.14000000001397,241016.200000000011642],[500786.770000000018626,241016.19],[500786.159999999974389,241016.22],[500785.56,241016.34],[500784.979999999981374,241016.519999999989523],[500784.400000000023283,241016.75],[500783.840000000025611,241017.03],[500783.28000000002794,241017.329999999987194],[500782.729999999981374,241017.66],[500782.19,241017.980000000010477],[500781.659999999974389,241018.299999999988358],[500781.049999999988358,241018.700000000011642],[500780.479999999981374,241019.15],[500779.94,241019.64000000001397],[500779.400000000023283,241020.15],[500778.85999999998603,241020.64000000001397],[500778.299999999988358,241021.1],[500777.700000000011642,241021.51],[500776.900000000023283,241021.97],[500776.080000000016298,241022.38],[500775.229999999981374,241022.74],[500774.37,241023.07],[500773.49,241023.37],[500772.60999999998603,241023.64000000001397],[500771.710000000020955,241023.88],[500770.81,241024.1],[500769.900000000023283,241024.29],[500769.0,241024.480000000010477],[500768.19,241024.6],[500767.38,241024.68],[500766.56,241024.71],[500764.919999999983702,241024.69],[500764.099999999976717,241024.66],[500763.270000000018626,241024.64000000001397],[500762.450000000011642,241024.64000000001397],[500761.64000000001397,241024.670000000012806],[500760.82,241024.74],[500760.020000000018626,241024.87],[500759.10999999998603,241025.10999999998603],[500758.229999999981374,241025.44],[500757.37,241025.829999999987194],[500756.5,241026.230000000010477],[500755.63,241026.6],[500754.75,241026.91],[500753.840000000025611,241027.10999999998603],[500751.32,241027.450000000011642],[500748.799999999988358,241027.69],[500746.270000000018626,241027.85999999998603],[500743.729999999981374,241027.96],[500742.56,241027.950000000011642],[500741.38,241027.9],[500739.03000000002794,241027.74],[500737.849999999976717,241027.68],[500736.68,241027.68],[500735.51,241027.75],[500732.039999999979045,241028.269999999989523],[500728.599999999976717,241028.980000000010477],[500725.020000000018626,241029.84],[500721.460000000020955,241030.74],[500717.88,241031.549999999988358],[500712.650000000023283,241032.480000000010477],[500707.39000000001397,241033.200000000011642],[500697.71999999997206,241034.230000000010477],[500694.99,241034.59],[500692.26,241035.0],[500689.53000000002794,241035.4],[500686.789999999979045,241035.75],[500685.169999999983702,241035.87],[500683.539999999979045,241035.91],[500681.909999999974389,241035.91],[500680.28000000002794,241035.9],[500678.659999999974389,241035.950000000011642],[500677.039999999979045,241036.079999999987194],[500673.909999999974389,241036.64000000001397],[500670.799999999988358,241037.230000000010477],[500670.07,241037.329999999987194],[500669.349999999976717,241037.43],[500668.62,241037.53],[500667.900000000023283,241037.62],[500666.44,241037.78],[500665.71999999997206,241037.85999999998603],[500664.26,241038.0],[500662.07,241038.18],[500661.340000000025611,241038.230000000010477],[500660.62,241038.269999999989523],[500660.25,241038.29],[500659.89000000001397,241038.299999999988358],[500659.51,241038.299999999988358],[500659.13,241038.29],[500658.76,241038.26],[500658.38,241038.21],[500658.01,241038.15],[500657.650000000023283,241038.07],[500657.299999999988358,241037.97],[500656.960000000020955,241037.85],[500656.63,241037.700000000011642],[500656.32,241037.53],[500656.03000000002794,241037.32],[500655.76,241037.09],[500654.93,241036.24],[500654.13,241035.34],[500653.38,241034.420000000012806],[500652.650000000023283,241033.47],[500651.960000000020955,241032.5],[500651.76,241032.22],[500651.580000000016298,241031.94],[500651.400000000023283,241031.65],[500651.06,241031.07],[500650.89000000001397,241030.769999999989523],[500650.729999999981374,241030.480000000010477],[500650.57,241030.18],[500650.400000000023283,241029.88],[500649.89000000001397,241029.01],[500649.710000000020955,241028.72],[500649.53000000002794,241028.44],[500649.330000000016298,241028.16],[500649.159999999974389,241027.94],[500648.96999999997206,241027.71],[500648.76,241027.49],[500648.539999999979045,241027.269999999989523],[500648.299999999988358,241027.06],[500648.049999999988358,241026.85999999998603],[500647.789999999979045,241026.670000000012806],[500647.53000000002794,241026.5],[500647.25,241026.35],[500646.96999999997206,241026.21],[500646.69,241026.1],[500646.409999999974389,241026.0],[500646.13,241025.94],[500645.849999999976717,241025.91],[500645.57,241025.9],[500645.299999999988358,241025.93],[500645.039999999979045,241026.0],[500644.78000000002794,241026.1],[500639.020000000018626,241029.56],[500630.32,241034.450000000011642],[500625.909999999974389,241037.049999999988358],[500621.520000000018626,241039.670000000012806],[500619.099999999976717,241040.980000000010477],[500616.64000000001397,241042.19],[500614.159999999974389,241043.37],[500611.69,241044.56],[500609.26,241045.84],[500606.82,241047.29],[500604.43,241048.829999999987194],[500602.099999999976717,241050.46],[500599.830000000016298,241052.170000000012806],[500598.039999999979045,241053.579999999987194],[500596.28000000002794,241055.03],[500594.549999999988358,241056.51],[500592.830000000016298,241058.01],[500591.14000000001397,241059.54],[500590.24,241060.34],[500588.460000000020955,241061.980000000010477],[500587.590000000025611,241062.829999999987194],[500586.76,241063.700000000011642],[500585.979999999981374,241064.60999999998603],[500585.25,241065.57],[500584.60999999998603,241066.57],[500579.210000000020955,241076.97],[500578.799999999988358,241077.81],[500578.409999999974389,241078.65],[500578.01,241079.49],[500577.62,241080.329999999987194],[500577.229999999981374,241081.18],[500576.840000000025611,241082.019999999989523],[500576.44,241082.85999999998603],[500576.039999999979045,241083.69],[500575.450000000011642,241084.87],[500575.270000000018626,241085.21],[500574.89000000001397,241085.89000000001397],[500574.69,241086.230000000010477],[500574.479999999981374,241086.56],[500574.26,241086.87],[500574.020000000018626,241087.18],[500573.78000000002794,241087.47],[500573.51,241087.75],[500573.24,241088.01],[500572.94,241088.25],[500572.63,241088.47],[500572.07,241088.96],[500576.5,241086.950000000011642],[500584.049999999988358,241076.78],[500599.039999999979045,241056.64000000001397],[500606.76,241052.230000000010477],[500612.5,241049.32],[500638.96999999997206,241035.62],[500659.44,241040.57],[500668.020000000018626,241039.66],[500691.10999999998603,241036.82],[500720.38,241033.450000000011642],[500751.979999999981374,241029.53],[500794.06,241021.519999999989523]]]]}},
{"type":"Feature","properties":{"mainhabs":"Lowland fens,Reedbeds","habcodes":"LFENS, RBEDS","featdesc":null,"featcodes":null,"otherclass":null,"addhabs":"LCGRA","primsource":"Reedbeds at Marston Vale Millenium Country Park 2008 (LFENS), Feedback from Natural England adviser or specialist 2023 (RBEDS)","areaha":0.04,"version":"Sep_25","uid":"PHID50062532_024076759","shape_length":null,"shape_area":null},"geometry":{"type":"MultiPolygon","coordinates":[[[[500633.26,240775.35999999998603],[500633.450000000011642,240775.10999999998603],[500633.62,240774.85],[500633.94,240774.31],[500634.200000000011642,240773.730000000010477],[500634.31,240773.44],[500634.419999999983702,240773.14000000001397],[500634.580000000016298,240772.519999999989523],[500634.64000000001397,240772.21],[500634.71999999997206,240771.59],[500634.74,240770.97],[500634.71999999997206,240770.60999999998603],[500634.700000000011642,240770.26],[500634.659999999974389,240769.91],[500634.539999999979045,240769.21],[500634.460000000020955,240768.85999999998603],[500634.38,240768.519999999989523],[500634.28000000002794,240768.170000000012806],[500634.18,240767.829999999987194],[500634.06,240767.49],[500633.950000000011642,240767.15],[500633.56,240766.16],[500633.419999999983702,240765.829999999987194],[500633.159999999974389,240765.26],[500632.900000000023283,240764.68],[500632.63,240764.10999999998603],[500632.340000000025611,240763.549999999988358],[500632.03000000002794,240763.0],[500631.700000000011642,240762.46],[500631.349999999976717,240761.94],[500630.96999999997206,240761.44],[500630.56,240760.96],[500630.13,240760.51],[500629.849999999976717,240760.25],[500629.549999999988358,240760.0],[500629.24,240759.76],[500628.909999999974389,240759.53],[500628.580000000016298,240759.32],[500628.24,240759.13],[500627.89000000001397,240758.950000000011642],[500627.53000000002794,240758.79],[500627.159999999974389,240758.65],[500626.789999999979045,240758.54],[500626.419999999983702,240758.44],[500626.039999999979045,240758.37],[500625.53000000002794,240758.299999999988358],[500625.020000000018626,240758.22],[500624.51,240758.15],[500624.01,240758.079999999987194],[500623.5,240758.01],[500622.479999999981374,240757.89000000001397],[500620.950000000011642,240757.74],[500618.87,240757.56],[500616.78000000002794,240757.49],[500615.299999999988358,240757.56],[500613.82,240757.66],[500612.330000000016298,240757.75],[500610.849999999976717,240757.81],[500609.89000000001397,240757.78],[500609.840000000025611,240757.75],[500609.789999999979045,240757.69],[500609.75,240757.63],[500609.710000000020955,240757.49],[500609.700000000011642,240757.41],[500609.75,240757.21],[500609.03000000002794,240757.24],[500608.32,240757.29],[500607.599999999976717,240757.35999999998603],[500606.89000000001397,240757.450000000011642],[500606.169999999983702,240757.56],[500605.46999999997206,240757.68],[500604.76,240757.82],[500604.06,240757.980000000010477],[500603.35999999998603,240758.16],[500602.669999999983702,240758.37],[500601.99,240758.62],[500601.330000000016298,240758.9],[500600.69,240759.230000000010477],[500600.32,240759.43],[500599.62,240759.89000000001397],[500599.28000000002794,240760.15],[500598.960000000020955,240760.420000000012806],[500598.650000000023283,240760.71],[500598.35999999998603,240761.01],[500598.090000000025611,240761.34],[500597.849999999976717,240761.670000000012806],[500597.729999999981374,240761.85999999998603],[500597.63,240762.06],[500597.539999999979045,240762.269999999989523],[500597.46999999997206,240762.480000000010477],[500597.419999999983702,240762.700000000011642],[500597.38,240762.93],[500597.35999999998603,240763.15],[500597.37,240763.37],[500597.39000000001397,240763.59],[500597.44,240763.799999999988358],[500597.5,240763.980000000010477],[500597.56,240764.15],[500597.64000000001397,240764.32],[500597.71999999997206,240764.480000000010477],[500597.900000000023283,240764.799999999988358],[500598.01,240764.96],[500598.10999999998603,240765.10999999998603],[500598.229999999981374,240765.26],[500598.340000000025611,240765.41],[500598.460000000020955,240765.549999999988358],[500598.590000000025611,240765.700000000011642],[500598.710000000020955,240765.84],[500598.840000000025611,240765.97],[500598.96999999997206,240766.10999999998603],[500599.37,240766.51],[500599.60999999998603,240766.74],[500599.85999999998603,240766.96],[500600.12,240767.170000000012806],[500600.39000000001397,240767.37],[500600.669999999983702,240767.56],[500601.25,240767.9],[500601.56,240768.04],[500601.87,240768.170000000012806],[500602.18,240768.29],[500602.5,240768.38],[500602.82,240768.46],[500603.539999999979045,240768.579999999987194],[500603.909999999974389,240768.62],[500604.270000000018626,240768.65],[500604.64000000001397,240768.68],[500605.37,240768.700000000011642],[500606.10999999998603,240768.68],[500606.479999999981374,240768.66],[500606.840000000025611,240768.63],[500607.210000000020955,240768.6],[500607.57,240768.56],[500607.94,240768.519999999989523],[500608.74,240768.38],[500609.53000000002794,240768.21],[500610.32,240768.019999999989523],[500611.10999999998603,240767.85],[500611.909999999974389,240767.72],[500612.729999999981374,240767.63],[500613.549999999988358,240767.56],[500614.37,240767.53],[500615.19,240767.519999999989523],[500616.01,240767.549999999988358],[500616.830000000016298,240767.60999999998603],[500617.169999999983702,240767.66],[500617.5,240767.75],[500617.830000000016298,240767.85999999998603],[500618.150000000023283,240767.99],[500618.460000000020955,240768.15],[500618.76,240768.329999999987194],[500619.039999999979045,240768.54],[500619.31,240768.76],[500619.56,240769.0],[500619.789999999979045,240769.25],[500620.07,240769.579999999987194],[500620.60999999998603,240770.26],[500620.87,240770.6],[500621.13,240770.950000000011642],[500621.39000000001397,240771.29],[500621.909999999974389,240771.99],[500622.169999999983702,240772.329999999987194],[500622.43,240772.68],[500622.69,240773.019999999989523],[500623.229999999981374,240773.700000000011642],[500624.74,240775.49],[500626.340000000025611,240777.21],[500626.549999999988358,240777.39000000001397],[500626.78000000002794,240777.54],[500627.039999999979045,240777.670000000012806],[500627.31,240777.78],[500627.590000000025611,240777.85999999998603],[500627.88,240777.91],[500628.18,240777.950000000011642],[500628.479999999981374,240777.97],[500628.78000000002794,240777.96],[500629.080000000016298,240777.94],[500629.37,240777.9],[500629.650000000023283,240777.85],[500629.87,240777.799999999988358],[500630.090000000025611,240777.730000000010477],[500630.53000000002794,240777.57],[500630.74,240777.47],[500630.950000000011642,240777.35999999998603],[500631.349999999976717,240777.12],[500631.549999999988358,240776.99],[500631.74,240776.85],[500631.93,240776.700000000011642],[500632.10999999998603,240776.549999999988358],[500632.46999999997206,240776.230000000010477],[500632.64000000001397,240776.06],[500632.799999999988358,240775.89000000001397],[500632.960000000020955,240775.71],[500633.10999999998603,240775.54],[500633.26,240775.35999999998603]]]]}},
{"type":"Feature","properties":{"mainhabs":"Lowland fens,Reedbeds","habcodes":"LFENS, RBEDS","featdesc":null,"featcodes":null,"otherclass":null,"addhabs":"LCGRA","primsource":"Reedbeds at Marston Vale Millenium Country Park 2008 (LFENS), Feedback from Natural England adviser or specialist 2023 (RBEDS)","areaha":0.14,"version":"Sep_25","uid":"PHID50063140_024091583","shape_length":null,"shape_area":null},"geometry":{"type":"MultiPolygon","coordinates":[[[[500605.330000000016298,240929.18],[500605.87,240929.16],[500606.32,240928.97],[500606.700000000011642,240928.74],[500607.07,240928.47],[500607.43,240928.19],[500607.789999999979045,240927.89000000001397],[500608.14000000001397,240927.60999999998603],[500608.51,240927.35],[500608.900000000023283,240927.13],[500609.32,240926.97],[500614.35999999998603,240925.99],[500615.31,240925.78],[500616.270000000018626,240925.56],[500617.21999999997206,240925.329999999987194],[500618.169999999983702,240925.09],[500620.07,240924.59],[500621.950000000011642,240924.07],[500622.96999999997206,240923.74],[500623.960000000020955,240923.34],[500624.919999999983702,240922.89000000001397],[500625.87,240922.38],[500626.789999999979045,240921.829999999987194],[500627.700000000011642,240921.25],[500628.599999999976717,240920.64000000001397],[500629.479999999981374,240920.03],[500630.349999999976717,240919.4],[500631.62,240918.43],[500632.840000000025611,240917.39000000001397],[500634.020000000018626,240916.29],[500635.150000000023283,240915.15],[500636.24,240913.97],[500637.31,240912.78],[500638.18,240911.76],[500639.03000000002794,240910.72],[500639.85999999998603,240909.66],[500640.650000000023283,240908.579999999987194],[500641.419999999983702,240907.47],[500642.159999999974389,240906.35],[500642.87,240905.21],[500643.549999999988358,240904.049999999988358],[500644.19,240902.87],[500644.919999999983702,240901.269999999989523],[500645.51,240899.60999999998603],[500646.03000000002794,240897.91],[500646.53000000002794,240896.21],[500647.06,240894.519999999989523],[500647.69,240892.88],[500648.46999999997206,240891.31],[500654.14000000001397,240881.84],[500655.0,240880.420000000012806],[500655.43,240879.72],[500655.87,240879.01],[500656.299999999988358,240878.299999999988358],[500656.74,240877.6],[500657.64000000001397,240876.200000000011642],[500658.090000000025611,240875.51],[500659.03000000002794,240874.15],[500659.520000000018626,240873.480000000010477],[500660.5,240872.32],[500661.62,240871.29],[500662.840000000025611,240870.35999999998603],[500664.13,240869.51],[500665.460000000020955,240868.72],[500666.789999999979045,240867.97],[500669.51,240866.49],[500672.26,240865.06],[500675.039999999979045,240863.700000000011642],[500676.020000000018626,240863.269999999989523],[500677.020000000018626,240862.87],[500678.03000000002794,240862.5],[500679.039999999979045,240862.14000000001397],[500680.049999999988358,240861.769999999989523],[500681.039999999979045,240861.37],[500682.020000000018626,240860.94],[500682.96999999997206,240860.46],[500683.89000000001397,240859.91],[500689.10999999998603,240856.14000000001397],[500692.789999999979045,240853.54],[500694.63,240852.25],[500696.479999999981374,240850.96],[500698.349999999976717,240849.69],[500698.799999999988358,240849.39000000001397],[500699.71999999997206,240848.81],[500700.19,240848.53],[500700.669999999983702,240848.26],[500701.14000000001397,240848.0],[500701.63,240847.74],[500702.10999999998603,240847.49],[500702.599999999976717,240847.25],[500703.099999999976717,240847.019999999989523],[500703.590000000025611,240846.79],[500704.090000000025611,240846.57],[500704.590000000025611,240846.35999999998603],[500704.87,240846.269999999989523],[500705.159999999974389,240846.230000000010477],[500705.460000000020955,240846.21],[500705.770000000018626,240846.200000000011642],[500706.06,240846.19],[500706.349999999976717,240846.15],[500706.63,240846.07],[500706.88,240845.94],[500710.539999999979045,240842.28],[500716.659999999974389,240836.78],[500722.85999999998603,240831.37],[500723.840000000025611,240830.519999999989523],[500724.840000000025611,240829.68],[500725.830000000016298,240828.84],[500726.830000000016298,240828.01],[500727.840000000025611,240827.19],[500728.85999999998603,240826.38],[500729.88,240825.579999999987194],[500730.909999999974389,240824.78],[500731.950000000011642,240824.0],[500733.299999999988358,240823.01],[500733.919999999983702,240822.59],[500734.229999999981374,240822.39000000001397],[500734.549999999988358,240822.19],[500734.87,240822.01],[500735.200000000011642,240821.82],[500735.85999999998603,240821.480000000010477],[500736.539999999979045,240821.18],[500736.89000000001397,240821.04],[500737.24,240820.920000000012806],[500737.590000000025611,240820.81],[500737.950000000011642,240820.71],[500738.18,240820.65],[500738.419999999983702,240820.6],[500738.669999999983702,240820.54],[500738.909999999974389,240820.5],[500739.159999999974389,240820.450000000011642],[500739.419999999983702,240820.420000000012806],[500739.669999999983702,240820.39000000001397],[500739.93,240820.37],[500740.18,240820.35],[500740.69,240820.35],[500741.19,240820.39000000001397],[500741.43,240820.43],[500741.669999999983702,240820.480000000010477],[500741.900000000023283,240820.54],[500742.13,240820.62],[500742.340000000025611,240820.71],[500742.549999999988358,240820.82],[500742.76,240820.94],[500742.950000000011642,240821.09],[500743.31,240821.4],[500743.64000000001397,240821.75],[500743.950000000011642,240822.13],[500744.229999999981374,240822.53],[500744.479999999981374,240822.950000000011642],[500744.700000000011642,240823.39000000001397],[500744.900000000023283,240823.85],[500745.080000000016298,240824.31],[500745.229999999981374,240824.769999999989523],[500745.349999999976717,240825.24],[500745.409999999974389,240825.54],[500745.450000000011642,240825.85],[500745.479999999981374,240826.16],[500745.5,240826.799999999988358],[500745.5,240827.12],[500745.49,240827.44],[500745.49,240827.76],[500745.5,240828.07],[500745.51,240828.39000000001397],[500745.539999999979045,240828.69],[500745.580000000016298,240828.99],[500745.64000000001397,240829.29],[500745.729999999981374,240829.57],[500745.840000000025611,240829.84],[500745.979999999981374,240830.1],[500746.150000000023283,240830.34],[500747.599999999976717,240832.079999999987194],[500748.10999999998603,240832.68],[500748.63,240833.269999999989523],[500749.150000000023283,240833.85],[500750.169999999983702,240835.049999999988358],[500750.650000000023283,240835.66],[500754.13,240843.39000000001397],[500756.090000000025611,240847.60999999998603],[500758.07,240851.829999999987194],[500759.81,240855.230000000010477],[500761.659999999974389,240858.579999999987194],[500763.479999999981374,240861.950000000011642],[500764.169999999983702,240863.34],[500764.840000000025611,240864.74],[500765.49,240866.15],[500766.10999999998603,240867.579999999987194],[500766.710000000020955,240869.01],[500767.289999999979045,240870.46],[500767.840000000025611,240871.91],[500768.37,240873.64000000001397],[500768.76,240875.420000000012806],[500769.090000000025611,240877.21],[500769.450000000011642,240879.0],[500769.93,240880.75],[500770.43,240882.230000000010477],[500770.960000000020955,240883.71],[500771.51,240885.18],[500772.090000000025611,240886.64000000001397],[500772.69,240888.09],[500773.32,240889.53],[500773.960000000020955,240890.97],[500774.62,240892.39000000001397],[500774.979999999981374,240893.13],[500775.349999999976717,240893.87],[500775.729999999981374,240894.60999999998603],[500776.13,240895.329999999987194],[500776.549999999988358,240896.049999999988358],[500776.979999999981374,240896.76],[500777.43,240897.450000000011642],[500777.900000000023283,240898.13],[500778.400000000023283,240898.79],[500778.919999999983702,240899.420000000012806],[500779.460000000020955,240900.04],[500780.200000000011642,240900.82],[500780.960000000020955,240901.579999999987194],[500781.75,240902.31],[500782.57,240903.019999999989523],[500783.419999999983702,240903.68],[500784.299999999988358,240904.299999999988358],[500785.210000000020955,240904.85999999998603],[500786.150000000023283,240905.37],[500793.909999999974389,240909.09],[500796.25,240910.24],[500798.580000000016298,240911.39000000001397],[500800.919999999983702,240912.56],[500803.25,240913.730000000010477],[500804.81,240914.57],[500806.330000000016298,240915.480000000010477],[500807.830000000016298,240916.44],[500809.299999999988358,240917.44],[500810.770000000018626,240918.450000000011642],[500812.229999999981374,240919.46],[500812.81,240919.87],[500813.39000000001397,240920.29],[500813.950000000011642,240920.71],[500814.520000000018626,240921.15],[500815.07,240921.6],[500815.60999999998603,240922.07],[500816.13,240922.54],[500816.64000000001397,240923.04],[500817.14000000001397,240923.54],[500817.62,240924.06],[500818.080000000016298,240924.6],[500818.729999999981374,240925.46],[500819.340000000025611,240926.35],[500819.89000000001397,240927.28],[500820.400000000023283,240928.24],[500820.85999999998603,240929.22],[500821.289999999979045,240930.22],[500821.69,240931.230000000010477],[500822.049999999988358,240932.26],[500822.39000000001397,240933.28],[500822.71999999997206,240934.51],[500822.979999999981374,240935.75],[500823.200000000011642,240937.01],[500823.400000000023283,240938.26],[500823.60999999998603,240939.519999999989523],[500823.85999999998603,240940.769999999989523],[500824.18,240941.99],[500824.39000000001397,240942.69],[500824.599999999976717,240943.4],[500824.82,240944.10999999998603],[500825.039999999979045,240944.81],[500825.28000000002794,240945.519999999989523],[500825.53000000002794,240946.22],[500825.789999999979045,240946.9],[500826.080000000016298,240947.579999999987194],[500826.400000000023283,240948.24],[500826.75,240948.87],[500827.13,240949.49],[500827.539999999979045,240950.079999999987194],[500828.0,240950.65],[500830.919999999983702,240953.62],[500834.049999999988358,240956.39000000001397],[500835.460000000020955,240957.549999999988358],[500836.900000000023283,240958.68],[500838.340000000025611,240959.82],[500839.729999999981374,240960.99],[500841.049999999988358,240962.26],[500845.46999999997206,240966.99],[500846.49,240968.1],[500846.82,240968.47],[500847.150000000023283,240968.85],[500847.49,240969.22],[500847.82,240969.59],[500848.5,240970.329999999987194],[500848.830000000016298,240970.700000000011642],[500849.18,240971.07],[500849.599999999976717,240971.44],[500850.090000000025611,240971.730000000010477],[500850.62,240971.96],[500851.18,240972.14000000001397],[500851.76,240972.299999999988358],[500852.349999999976717,240972.450000000011642],[500852.93,240972.60999999998603],[500853.479999999981374,240972.81],[500854.0,240973.07],[500854.46999999997206,240973.4],[500856.12,240974.89000000001397],[500857.669999999983702,240976.480000000010477],[500859.19,240978.12],[500859.56,240978.51],[500859.919999999983702,240978.920000000012806],[500860.64000000001397,240979.72],[500861.0,240980.13],[500861.700000000011642,240980.950000000011642],[500862.400000000023283,240981.79],[500863.080000000016298,240982.63],[500863.409999999974389,240983.06],[500863.74,240983.480000000010477],[500864.07,240983.920000000012806],[500864.400000000023283,240984.35],[500864.62,240984.66],[500864.830000000016298,240984.99],[500865.020000000018626,240985.329999999987194],[500865.210000000020955,240985.68],[500865.38,240986.04],[500865.53000000002794,240986.41],[500865.669999999983702,240986.78],[500865.789999999979045,240987.16],[500865.89000000001397,240987.549999999988358],[500865.96999999997206,240987.94],[500866.03000000002794,240988.329999999987194],[500866.06,240988.72],[500866.080000000016298,240989.10999999998603],[500866.07,240989.49],[500866.03000000002794,240989.87],[500865.96999999997206,240990.25],[500865.88,240990.62],[500865.460000000020955,240991.89000000001397],[500864.960000000020955,240993.13],[500864.39000000001397,240994.34],[500863.770000000018626,240995.53],[500863.099999999976717,240996.69],[500862.75,240997.29],[500862.39000000001397,240997.89000000001397],[500861.669999999983702,240999.07],[500861.289999999979045,240999.66],[500861.07,241000.0],[500860.909999999974389,241000.24],[500860.520000000018626,241000.81],[500860.12,241001.38],[500859.710000000020955,241001.94],[500859.289999999979045,241002.49],[500858.89000000001397,241002.97],[500858.46999999997206,241003.44],[500858.03000000002794,241003.88],[500857.57,241004.31],[500857.090000000025611,241004.72],[500856.590000000025611,241005.1],[500856.07,241005.46],[500855.539999999979045,241005.79],[500855.0,241006.1],[500854.44,241006.37],[500852.049999999988358,241007.34],[500849.580000000016298,241008.10999999998603],[500847.07,241008.72],[500836.675999999977648,241010.943999999988591],[500836.657,241010.954999999987194],[500836.32,241011.022],[500835.47009999997681,241011.192000000010012],[500835.093,241011.269],[500834.6092,241011.366],[500833.043,241011.68],[500832.927000000025146,241011.703],[500832.03000000002794,241011.88],[500831.18,241012.049999999988358],[500829.460000000020955,241012.41],[500828.60999999998603,241012.6],[500828.25,241012.69],[500827.89000000001397,241012.79],[500827.539999999979045,241012.9],[500827.19,241013.03],[500826.840000000025611,241013.170000000012806],[500826.5,241013.31],[500826.159999999974389,241013.47],[500825.830000000016298,241013.64000000001397],[500825.5,241013.82],[500824.85999999998603,241014.200000000011642],[500824.549999999988358,241014.41],[500824.349999999976717,241014.56],[500824.169999999983702,241014.74],[500824.01,241015.01],[500835.74,241012.47],[500858.63,241007.200000000011642],[500863.200000000011642,241000.0],[500870.12,240989.09],[500843.039999999979045,240952.91],[500831.18,240936.88],[500822.82,240926.019999999989523],[500822.549999999988358,240925.670000000012806],[500822.299999999988358,240925.31],[500822.039999999979045,240924.96],[500821.539999999979045,240924.24],[500821.28000000002794,240923.88],[500820.5,240922.829999999987194],[500820.21999999997206,240922.49],[500818.28000000002794,240921.079999999987194],[500805.03000000002794,240913.329999999987194],[500802.53000000002794,240911.89000000001397],[500801.28000000002794,240911.18],[500800.020000000018626,240910.47],[500798.770000000018626,240909.769999999989523],[500797.51,240909.06],[500796.26,240908.35],[500795.0,240907.65],[500793.75,240906.93],[500792.5,240906.22],[500791.25,240905.5],[500790.01,240904.769999999989523],[500788.770000000018626,240904.03],[500788.12,240903.60999999998603],[500787.49,240903.16],[500786.89000000001397,240902.66],[500786.31,240902.14000000001397],[500785.76,240901.59],[500785.229999999981374,240901.019999999989523],[500784.71999999997206,240900.420000000012806],[500784.24,240899.81],[500783.78000000002794,240899.18],[500783.299999999988358,240898.49],[500782.82,240897.79],[500782.35999999998603,240897.09],[500781.909999999974389,240896.37],[500781.49,240895.64000000001397],[500781.099999999976717,240894.9],[500780.75,240894.13],[500762.01,240855.28],[500742.080000000016298,240816.670000000012806],[500660.549999999988358,240869.170000000012806],[500643.12,240895.269999999989523],[500630.28000000002794,240914.72],[500622.669999999983702,240919.14000000001397],[500610.19,240926.1],[500605.330000000016298,240929.18]]]]}},
{"type":"Feature","properties":{"mainhabs":"Lowland fens,Reedbeds","habcodes":"LFENS, RBEDS","featdesc":null,"featcodes":null,"otherclass":null,"addhabs":"LCGRA","primsource":"Reedbeds at Marston Vale Millenium Country Park 2008 (LFENS), Feedback from Natural England adviser or specialist 2023 (RBEDS)","areaha":0.08,"version":"Sep_25","uid":"PHID50068185_024089013","shape_length":null,"shape_area":null},"geometry":{"type":"MultiPolygon","coordinates":[[[[500694.53000000002794,240871.34],[500694.049999999988358,240871.299999999988358],[500693.590000000025611,240871.32],[500692.31,240871.46],[500691.049999999988358,240871.72],[500689.81,240872.06],[500688.590000000025611,240872.480000000010477],[500687.38,240872.96],[500686.19,240873.51],[500685.020000000018626,240874.10999999998603],[500683.87,240874.74],[500682.729999999981374,240875.4],[500681.60999999998603,240876.07],[500680.51,240876.76],[500679.5,240877.39000000001397],[500678.51,240878.04],[500677.520000000018626,240878.72],[500676.56,240879.420000000012806],[500675.62,240880.15],[500674.710000000020955,240880.91],[500673.830000000016298,240881.71],[500673.06,240882.46],[500672.299999999988358,240883.22],[500671.549999999988358,240883.99],[500670.81,240884.78],[500670.099999999976717,240885.579999999987194],[500669.400000000023283,240886.39000000001397],[500668.71999999997206,240887.22],[500668.06,240888.07],[500667.71999999997206,240888.53],[500667.37,240889.0],[500667.039999999979045,240889.47],[500666.710000000020955,240889.950000000011642],[500666.07,240890.93],[500665.770000000018626,240891.420000000012806],[500665.479999999981374,240891.93],[500665.210000000020955,240892.44],[500664.950000000011642,240892.950000000011642],[500664.710000000020955,240893.480000000010477],[500664.49,240894.01],[500664.28000000002794,240894.54],[500664.099999999976717,240895.09],[500663.950000000011642,240895.64000000001397],[500663.799999999988358,240896.26],[500663.68,240896.88],[500663.590000000025611,240897.51],[500663.53000000002794,240898.14000000001397],[500663.49,240898.769999999989523],[500663.46999999997206,240899.41],[500663.46999999997206,240900.049999999988358],[500663.5,240900.68],[500663.539999999979045,240901.32],[500663.599999999976717,240901.950000000011642],[500663.659999999974389,240902.450000000011642],[500663.68,240902.700000000011642],[500663.74,240903.22],[500663.770000000018626,240903.47],[500663.830000000016298,240903.99],[500663.87,240904.24],[500663.909999999974389,240904.5],[500663.960000000020955,240904.75],[500664.080000000016298,240905.25],[500664.14000000001397,240905.49],[500664.299999999988358,240905.97],[500664.39000000001397,240906.200000000011642],[500664.5,240906.43],[500664.60999999998603,240906.65],[500664.729999999981374,240906.85999999998603],[500664.87,240907.07],[500665.020000000018626,240907.269999999989523],[500665.32,240907.6],[500665.669999999983702,240907.87],[500666.06,240908.1],[500666.49,240908.28],[500666.93,240908.44],[500667.39000000001397,240908.56],[500667.85999999998603,240908.65],[500668.32,240908.730000000010477],[500668.770000000018626,240908.79],[500669.31,240908.85999999998603],[500669.849999999976717,240908.9],[500670.400000000023283,240908.93],[500670.94,240908.950000000011642],[500671.49,240908.94],[500672.039999999979045,240908.920000000012806],[500672.580000000016298,240908.88],[500673.12,240908.829999999987194],[500673.659999999974389,240908.76],[500674.200000000011642,240908.670000000012806],[500674.729999999981374,240908.57],[500675.26,240908.44],[500675.789999999979045,240908.29],[500676.31,240908.12],[500676.82,240907.920000000012806],[500677.32,240907.700000000011642],[500677.82,240907.46],[500678.31,240907.21],[500678.789999999979045,240906.93],[500679.26,240906.65],[500679.71999999997206,240906.35],[500680.18,240906.03],[500680.62,240905.71],[500681.049999999988358,240905.38],[500681.60999999998603,240904.670000000012806],[500685.44,240899.71],[500688.63,240895.56],[500694.0,240889.32],[500694.38,240888.88],[500694.770000000018626,240888.450000000011642],[500695.169999999983702,240888.019999999989523],[500695.57,240887.6],[500695.96999999997206,240887.170000000012806],[500697.169999999983702,240885.91],[500697.960000000020955,240885.06],[500698.349999999976717,240884.63],[500698.74,240884.19],[500699.12,240883.75],[500699.289999999979045,240883.549999999988358],[500699.450000000011642,240883.329999999987194],[500699.590000000025611,240883.10999999998603],[500699.729999999981374,240882.88],[500699.85999999998603,240882.64000000001397],[500699.96999999997206,240882.4],[500700.06,240882.15],[500700.13,240881.9],[500700.19,240881.64000000001397],[500700.21999999997206,240881.38],[500700.24,240880.829999999987194],[500700.21999999997206,240880.29],[500700.159999999974389,240879.74],[500700.07,240879.19],[500699.960000000020955,240878.65],[500699.840000000025611,240878.10999999998603],[500699.71999999997206,240877.579999999987194],[500699.650000000023283,240877.29],[500699.56,240877.0],[500699.46999999997206,240876.72],[500699.25,240876.16],[500699.13,240875.89000000001397],[500699.0,240875.60999999998603],[500698.87,240875.34],[500698.729999999981374,240875.079999999987194],[500698.450000000011642,240874.54],[500698.299999999988358,240874.28],[500698.159999999974389,240874.019999999989523],[500698.01,240873.75],[500697.85999999998603,240873.49],[500697.71999999997206,240873.230000000010477],[500697.46999999997206,240872.85],[500697.159999999974389,240872.5],[500696.799999999988358,240872.200000000011642],[500696.39000000001397,240871.94],[500695.950000000011642,240871.730000000010477],[500695.49,240871.549999999988358],[500695.01,240871.43],[500694.53000000002794,240871.34]]]]}},
{"type":"Feature","properties":{"mainhabs":"Lowland fens,Reedbeds","habcodes":"LFENS, RBEDS","featdesc":null,"featcodes":null,"otherclass":null,"addhabs":"LCGRA","primsource":"Reedbeds at Marston Vale Millenium Country Park 2008 (LFENS), Feedback from Natural England adviser or specialist 2023 (RBEDS)","areaha":0.04,"version":"Sep_25","uid":"PHID50069051_024094878","shape_length":null,"shape_area":null},"geometry":{"type":"MultiPolygon","coordinates":[[[[500692.49,240951.24],[500692.69,240951.230000000010477],[500693.099999999976717,240951.230000000010477],[500693.299999999988358,240951.24],[500693.51,240951.25],[500693.710000000020955,240951.269999999989523],[500693.919999999983702,240951.29],[500694.12,240951.299999999988358],[500694.330000000016298,240951.32],[500694.53000000002794,240951.35],[500694.74,240951.37],[500694.94,240951.39000000001397],[500695.150000000023283,240951.41],[500695.349999999976717,240951.43],[500695.56,240951.450000000011642],[500695.76,240951.46],[500698.299999999988358,240951.700000000011642],[500700.63,240951.91],[500700.94,240951.9],[500701.24,240951.87],[500701.539999999979045,240951.799999999988358],[500701.840000000025611,240951.700000000011642],[500702.14000000001397,240951.579999999987194],[500702.419999999983702,240951.44],[500702.700000000011642,240951.269999999989523],[500702.960000000020955,240951.09],[500703.210000000020955,240950.88],[500703.44,240950.670000000012806],[500703.650000000023283,240950.44],[500703.840000000025611,240950.200000000011642],[500704.03000000002794,240949.93],[500704.229999999981374,240949.670000000012806],[500704.419999999983702,240949.4],[500704.599999999976717,240949.13],[500704.789999999979045,240948.85999999998603],[500705.150000000023283,240948.32],[500705.330000000016298,240948.04],[500705.669999999983702,240947.480000000010477],[500705.830000000016298,240947.200000000011642],[500705.99,240946.91],[500706.14000000001397,240946.63],[500706.28000000002794,240946.329999999987194],[500706.56,240945.799999999988358],[500706.799999999988358,240945.24],[500706.88,240944.670000000012806],[500706.82,240944.04],[500706.76,240943.62],[500706.71999999997206,240943.41],[500706.669999999983702,240943.200000000011642],[500706.62,240943.0],[500706.57,240942.79],[500706.51,240942.59],[500706.450000000011642,240942.38],[500706.31,240941.980000000010477],[500706.24,240941.79],[500706.159999999974389,240941.59],[500706.06,240941.43],[500705.93,240941.299999999988358],[500705.770000000018626,240941.19],[500705.599999999976717,240941.14000000001397],[500705.340000000025611,240941.09],[500704.82,240941.01],[500704.57,240940.97],[500703.789999999979045,240940.85],[500703.539999999979045,240940.81],[500702.76,240940.69],[500702.5,240940.66],[500702.25,240940.62],[500701.99,240940.579999999987194],[500701.729999999981374,240940.549999999988358],[500701.210000000020955,240940.47],[500700.960000000020955,240940.44],[500700.700000000011642,240940.4],[500700.44,240940.37],[500700.18,240940.329999999987194],[500696.51,240939.87],[500695.330000000016298,240939.79],[500694.14000000001397,240939.84],[500693.700000000011642,240939.9],[500693.270000000018626,240939.99],[500692.830000000016298,240940.1],[500692.400000000023283,240940.22],[500691.979999999981374,240940.35],[500691.549999999988358,240940.5],[500687.590000000025611,240942.01],[500685.74,240942.769999999989523],[500683.919999999983702,240943.579999999987194],[500683.44,240943.72],[500682.960000000020955,240943.88],[500682.49,240944.06],[500681.57,240944.46],[500681.10999999998603,240944.68],[500680.229999999981374,240945.16],[500679.789999999979045,240945.41],[500679.349999999976717,240945.69],[500678.93,240945.99],[500678.520000000018626,240946.31],[500678.13,240946.65],[500677.75,240947.0],[500677.38,240947.37],[500677.020000000018626,240947.75],[500676.669999999983702,240948.14000000001397],[500676.450000000011642,240948.41],[500676.25,240948.700000000011642],[500676.06,240949.0],[500675.89000000001397,240949.31],[500675.729999999981374,240949.63],[500675.590000000025611,240949.97],[500675.46999999997206,240950.299999999988358],[500675.37,240950.65],[500675.28000000002794,240950.99],[500675.200000000011642,240951.34],[500675.14000000001397,240951.700000000011642],[500675.099999999976717,240952.049999999988358],[500675.080000000016298,240952.28],[500675.090000000025611,240952.519999999989523],[500675.10999999998603,240952.76],[500675.150000000023283,240953.0],[500675.210000000020955,240953.230000000010477],[500675.28000000002794,240953.47],[500675.37,240953.700000000011642],[500675.46999999997206,240953.93],[500675.580000000016298,240954.16],[500675.700000000011642,240954.38],[500675.830000000016298,240954.59],[500676.13,240955.01],[500676.450000000011642,240955.39000000001397],[500676.799999999988358,240955.74],[500676.979999999981374,240955.9],[500677.44,240956.26],[500677.68,240956.44],[500677.93,240956.6],[500678.19,240956.76],[500678.450000000011642,240956.91],[500678.71999999997206,240957.049999999988358],[500678.99,240957.18],[500679.270000000018626,240957.299999999988358],[500679.549999999988358,240957.41],[500679.830000000016298,240957.5],[500680.12,240957.59],[500680.409999999974389,240957.66],[500680.700000000011642,240957.71],[500680.99,240957.75],[500681.28000000002794,240957.78],[500681.57,240957.79],[500681.85999999998603,240957.78],[500682.229999999981374,240957.76],[500682.60999999998603,240957.74],[500682.979999999981374,240957.72],[500683.35999999998603,240957.700000000011642],[500683.74,240957.670000000012806],[500684.12,240957.63],[500684.49,240957.57],[500684.85999999998603,240957.5],[500685.21999999997206,240957.41],[500685.56,240957.299999999988358],[500685.900000000023283,240957.16],[500686.21999999997206,240956.99],[500686.520000000018626,240956.79],[500686.76,240956.6],[500687.01,240956.420000000012806],[500687.46999999997206,240956.019999999989523],[500687.700000000011642,240955.81],[500687.909999999974389,240955.59],[500688.10999999998603,240955.35999999998603],[500688.49,240954.89000000001397],[500688.87,240954.41],[500689.24,240953.920000000012806],[500689.60999999998603,240953.44],[500690.37,240952.480000000010477],[500690.75,240952.01],[500691.169999999983702,240951.57],[500691.68,240951.329999999987194],[500691.88,240951.29],[500692.28000000002794,240951.25],[500692.49,240951.24]]]]}},
{"type":"Feature","properties":{"mainhabs":"Lowland fens,Reedbeds","habcodes":"LFENS, RBEDS","featdesc":null,"featcodes":null,"otherclass":null,"addhabs":"LCGRA","primsource":"Reedbeds at Marston Vale Millenium Country Park 2008 (LFENS), Feedback from Natural England adviser or specialist 2023 (RBEDS)","areaha":0.07,"version":"Sep_25","uid":"PHID50072302_024090894","shape_length":null,"shape_area":null},"geometry":{"type":"MultiPolygon","coordinates":[[[[500731.909999999974389,240904.93],[500731.81,240904.76],[500731.700000000011642,240904.59],[500731.57,240904.44],[500731.43,240904.29],[500731.14000000001397,240904.0],[500730.99,240903.85999999998603],[500730.840000000025611,240903.71],[500730.700000000011642,240903.56],[500730.57,240903.41],[500730.460000000020955,240903.25],[500730.35999999998603,240903.07],[500730.25,240902.84],[500730.159999999974389,240902.6],[500730.090000000025611,240902.35999999998603],[500729.99,240901.85999999998603],[500729.96999999997206,240901.60999999998603],[500729.960000000020955,240901.39000000001397],[500729.979999999981374,240901.170000000012806],[500730.020000000018626,240900.950000000011642],[500730.07,240900.74],[500730.13,240900.53],[500730.210000000020955,240900.31],[500730.28000000002794,240900.1],[500730.44,240899.68],[500730.520000000018626,240899.46],[500730.590000000025611,240899.25],[500730.69,240898.81],[500730.729999999981374,240898.5],[500730.75,240898.19],[500730.75,240897.87],[500730.729999999981374,240897.549999999988358],[500730.700000000011642,240897.230000000010477],[500730.650000000023283,240896.91],[500730.580000000016298,240896.6],[500730.49,240896.29],[500730.39000000001397,240895.980000000010477],[500730.28000000002794,240895.68],[500730.14000000001397,240895.39000000001397],[500729.99,240895.12],[500729.830000000016298,240894.85],[500729.68,240894.64000000001397],[500729.520000000018626,240894.450000000011642],[500729.349999999976717,240894.269999999989523],[500729.169999999983702,240894.1],[500728.770000000018626,240893.78],[500728.56,240893.64000000001397],[500728.340000000025611,240893.5],[500728.10999999998603,240893.38],[500727.88,240893.25],[500727.419999999983702,240893.03],[500727.18,240892.920000000012806],[500726.700000000011642,240892.72],[500726.46999999997206,240892.62],[500726.14000000001397,240892.49],[500725.789999999979045,240892.38],[500725.44,240892.28],[500725.090000000025611,240892.21],[500724.729999999981374,240892.15],[500724.37,240892.12],[500724.01,240892.12],[500723.659999999974389,240892.14000000001397],[500723.31,240892.200000000011642],[500723.020000000018626,240892.26],[500722.74,240892.34],[500722.460000000020955,240892.43],[500722.18,240892.53],[500721.64000000001397,240892.769999999989523],[500721.12,240893.049999999988358],[500720.85999999998603,240893.200000000011642],[500720.60999999998603,240893.35999999998603],[500720.35999999998603,240893.53],[500719.88,240893.89000000001397],[500719.650000000023283,240894.09],[500719.419999999983702,240894.28],[500719.200000000011642,240894.480000000010477],[500718.78000000002794,240894.9],[500718.38,240895.34],[500718.020000000018626,240895.76],[500717.299999999988358,240896.62],[500716.599999999976717,240897.5],[500716.26,240897.94],[500715.93,240898.39000000001397],[500715.289999999979045,240899.31],[500714.99,240899.79],[500714.409999999974389,240900.84],[500713.840000000025611,240901.9],[500713.169999999983702,240902.89000000001397],[500712.71999999997206,240903.37],[500712.21999999997206,240903.829999999987194],[500711.78000000002794,240904.31],[500711.460000000020955,240904.87],[500711.60999999998603,240904.88],[500711.71999999997206,240904.81],[500711.340000000025611,240905.28],[500710.979999999981374,240905.76],[500710.63,240906.26],[500710.299999999988358,240906.76],[500709.979999999981374,240907.269999999989523],[500709.669999999983702,240907.799999999988358],[500709.38,240908.329999999987194],[500709.10999999998603,240908.85999999998603],[500708.849999999976717,240909.41],[500708.599999999976717,240909.96],[500708.35999999998603,240910.579999999987194],[500708.150000000023283,240911.200000000011642],[500707.96999999997206,240911.84],[500707.82,240912.49],[500707.68,240913.14000000001397],[500707.56,240913.79],[500707.450000000011642,240914.450000000011642],[500707.349999999976717,240915.10999999998603],[500707.289999999979045,240915.57],[500707.26,240916.04],[500707.26,240916.519999999989523],[500707.289999999979045,240916.99],[500707.349999999976717,240917.47],[500707.44,240917.93],[500707.57,240918.39000000001397],[500707.71999999997206,240918.84],[500707.909999999974389,240919.269999999989523],[500708.13,240919.68],[500708.31,240919.950000000011642],[500708.5,240920.21],[500708.700000000011642,240920.47],[500708.909999999974389,240920.71],[500709.14000000001397,240920.94],[500709.38,240921.16],[500709.63,240921.37],[500709.89000000001397,240921.579999999987194],[500710.150000000023283,240921.769999999989523],[500710.43,240921.950000000011642],[500710.71999999997206,240922.13],[500711.01,240922.299999999988358],[500711.31,240922.46],[500711.60999999998603,240922.60999999998603],[500711.919999999983702,240922.76],[500712.229999999981374,240922.89000000001397],[500712.549999999988358,240923.03],[500712.87,240923.15],[500713.200000000011642,240923.269999999989523],[500713.520000000018626,240923.39000000001397],[500713.849999999976717,240923.49],[500714.169999999983702,240923.6],[500714.5,240923.69],[500714.82,240923.79],[500715.150000000023283,240923.88],[500715.789999999979045,240924.04],[500716.669999999983702,240924.269999999989523],[500717.56,240924.49],[500719.340000000025611,240924.91],[500720.229999999981374,240925.1],[500721.13,240925.29],[500722.020000000018626,240925.46],[500722.919999999983702,240925.60999999998603],[500723.830000000016298,240925.74],[500724.729999999981374,240925.85],[500728.960000000020955,240926.29],[500731.07,240926.480000000010477],[500733.409999999974389,240926.57],[500733.64000000001397,240926.519999999989523],[500733.849999999976717,240926.450000000011642],[500734.06,240926.37],[500734.25,240926.269999999989523],[500734.450000000011642,240926.15],[500734.64000000001397,240926.019999999989523],[500734.82,240925.88],[500735.0,240925.730000000010477],[500735.169999999983702,240925.579999999987194],[500735.51,240925.24],[500735.669999999983702,240925.07],[500735.840000000025611,240924.89000000001397],[500736.159999999974389,240924.53],[500736.32,240924.35999999998603],[500736.49,240924.18],[500736.81,240923.85999999998603],[500737.200000000011642,240923.480000000010477],[500737.57,240923.079999999987194],[500737.909999999974389,240922.66],[500738.210000000020955,240922.21],[500738.460000000020955,240921.74],[500738.64000000001397,240921.24],[500738.69,240921.0],[500738.74,240920.769999999989523],[500738.770000000018626,240920.53],[500738.78000000002794,240920.29],[500738.789999999979045,240920.04],[500738.78000000002794,240919.799999999988358],[500738.76,240919.549999999988358],[500738.729999999981374,240919.299999999988358],[500738.69,240919.06],[500738.64000000001397,240918.81],[500738.580000000016298,240918.57],[500738.51,240918.329999999987194],[500738.330000000016298,240917.85],[500738.24,240917.62],[500738.13,240917.39000000001397],[500738.01,240917.170000000012806],[500737.89000000001397,240916.96],[500737.76,240916.75],[500737.63,240916.549999999988358],[500737.49,240916.35],[500737.229999999981374,240916.03],[500736.979999999981374,240915.71],[500736.460000000020955,240915.07],[500736.19,240914.75],[500735.669999999983702,240914.10999999998603],[500735.409999999974389,240913.799999999988358],[500735.150000000023283,240913.47],[500734.900000000023283,240913.15],[500732.75,240910.24],[500732.60999999998603,240909.96],[500732.5,240909.66],[500732.409999999974389,240909.35],[500732.330000000016298,240909.03],[500732.229999999981374,240908.39000000001397],[500732.19,240908.06],[500732.10999999998603,240907.420000000012806],[500732.080000000016298,240906.84],[500732.099999999976717,240906.25],[500732.090000000025611,240905.670000000012806],[500731.979999999981374,240905.10999999998603],[500731.909999999974389,240904.93]]]]}},
{"type":"Feature","properties":{"mainhabs":"Lowland fens,Reedbeds","habcodes":"LFENS, RBEDS","featdesc":null,"featcodes":null,"otherclass":null,"addhabs":"LCGRA","primsource":"Reedbeds at Marston Vale Millenium Country Park 2008 (LFENS), Feedback from Natural England adviser or specialist 2023 (RBEDS)","areaha":0.05,"version":"Sep_25","uid":"PHID50075277_024096239","shape_length":null,"shape_area":null},"geometry":{"type":"MultiPolygon","coordinates":[[[[500746.349999999976717,240941.66],[500746.14000000001397,240941.63],[500745.94,240941.64000000001397],[500745.74,240941.670000000012806],[500745.549999999988358,240941.730000000010477],[500744.950000000011642,240941.97],[500744.81,240942.04],[500744.659999999974389,240942.10999999998603],[500744.520000000018626,240942.18],[500744.24,240942.34],[500744.10999999998603,240942.43],[500743.87,240942.63],[500743.770000000018626,240942.75],[500743.63,240942.920000000012806],[500743.39000000001397,240943.28],[500743.26,240943.450000000011642],[500743.10999999998603,240943.60999999998603],[500742.900000000023283,240943.799999999988358],[500742.69,240944.0],[500742.25,240944.38],[500741.789999999979045,240944.74],[500741.479999999981374,240945.21],[500741.18,240945.69],[500740.900000000023283,240946.18],[500740.64000000001397,240946.68],[500740.37,240947.18],[500739.89000000001397,240948.16],[500739.69,240948.64000000001397],[500739.53000000002794,240949.13],[500739.400000000023283,240949.64000000001397],[500739.330000000016298,240950.15],[500739.299999999988358,240950.46],[500739.299999999988358,240950.78],[500739.31,240951.1],[500739.330000000016298,240951.41],[500739.37,240951.730000000010477],[500739.419999999983702,240952.04],[500739.479999999981374,240952.35999999998603],[500739.539999999979045,240952.670000000012806],[500739.62,240952.980000000010477],[500739.700000000011642,240953.299999999988358],[500739.789999999979045,240953.6],[500739.89000000001397,240953.91],[500739.979999999981374,240954.22],[500740.080000000016298,240954.519999999989523],[500740.37,240955.37],[500740.659999999974389,240956.21],[500740.96999999997206,240957.06],[500741.57,240958.74],[500741.85999999998603,240959.59],[500743.53000000002794,240964.85999999998603],[500743.830000000016298,240965.829999999987194],[500744.169999999983702,240966.81],[500744.63,240967.700000000011642],[500745.299999999988358,240968.420000000012806],[500745.51,240968.57],[500745.729999999981374,240968.72],[500745.960000000020955,240968.85],[500746.19,240968.99],[500746.419999999983702,240969.10999999998603],[500746.659999999974389,240969.230000000010477],[500747.14000000001397,240969.450000000011642],[500747.39000000001397,240969.549999999988358],[500747.63,240969.66],[500747.88,240969.76],[500748.13,240969.85],[500748.38,240969.950000000011642],[500748.62,240970.049999999988358],[500748.87,240970.15],[500750.14000000001397,240970.60999999998603],[500751.409999999974389,240971.06],[500752.659999999974389,240971.57],[500753.330000000016298,240971.91],[500753.99,240972.29],[500755.909999999974389,240973.519999999989523],[500756.57,240973.91],[500757.539999999979045,240974.44],[500758.549999999988358,240974.91],[500759.580000000016298,240975.329999999987194],[500760.63,240975.68],[500760.88,240975.74],[500761.14000000001397,240975.769999999989523],[500761.409999999974389,240975.78],[500761.69,240975.769999999989523],[500761.960000000020955,240975.730000000010477],[500762.24,240975.68],[500762.51,240975.6],[500762.78000000002794,240975.5],[500763.039999999979045,240975.39000000001397],[500763.299999999988358,240975.26],[500763.539999999979045,240975.10999999998603],[500763.78000000002794,240974.950000000011642],[500763.99,240974.78],[500764.19,240974.59],[500764.37,240974.39000000001397],[500764.53000000002794,240974.170000000012806],[500764.659999999974389,240973.950000000011642],[500764.78000000002794,240973.730000000010477],[500764.89000000001397,240973.51],[500765.090000000025611,240973.07],[500765.19,240972.84],[500765.37,240972.38],[500765.53000000002794,240971.920000000012806],[500765.669999999983702,240971.44],[500765.729999999981374,240971.21],[500765.849999999976717,240970.730000000010477],[500765.950000000011642,240970.25],[500766.039999999979045,240969.78],[500766.150000000023283,240969.29],[500766.229999999981374,240968.799999999988358],[500766.26,240968.32],[500766.210000000020955,240967.85999999998603],[500766.06,240967.420000000012806],[500765.96999999997206,240967.25],[500765.85999999998603,240967.1],[500765.74,240966.96],[500765.60999999998603,240966.829999999987194],[500765.46999999997206,240966.71],[500765.32,240966.59],[500765.159999999974389,240966.480000000010477],[500765.0,240966.38],[500763.81,240965.68],[500763.650000000023283,240965.57],[500763.5,240965.450000000011642],[500763.35999999998603,240965.329999999987194],[500763.21999999997206,240965.19],[500762.0,240963.93],[500760.799999999988358,240962.65],[500759.62,240961.35],[500759.049999999988358,240960.68],[500757.099999999976717,240958.35],[500755.159999999974389,240956.019999999989523],[500752.849999999976717,240953.26],[500752.38,240952.64000000001397],[500751.960000000020955,240951.99],[500751.590000000025611,240951.32],[500751.24,240950.62],[500750.919999999983702,240949.91],[500750.62,240949.200000000011642],[500750.409999999974389,240948.63],[500750.25,240948.049999999988358],[500750.12,240947.450000000011642],[500750.0,240946.85999999998603],[500749.87,240946.26],[500749.71999999997206,240945.68],[500749.520000000018626,240945.1],[500749.32,240944.60999999998603],[500749.099999999976717,240944.13],[500748.85999999998603,240943.65],[500748.580000000016298,240943.200000000011642],[500748.26,240942.79],[500747.88,240942.43],[500747.71999999997206,240942.299999999988358],[500747.539999999979045,240942.170000000012806],[500747.35999999998603,240942.049999999988358],[500747.169999999983702,240941.950000000011642],[500746.96999999997206,240941.85],[500746.76,240941.769999999989523],[500746.549999999988358,240941.700000000011642],[500746.349999999976717,240941.66]]]]}},
{"type":"Feature","properties":{"mainhabs":"Lowland fens,Reedbeds","habcodes":"LFENS, RBEDS","featdesc":null,"featcodes":null,"otherclass":null,"addhabs":"LCGRA","primsource":"Reedbeds at Marston Vale Millenium Country Park 2008 (LFENS), Feedback from Natural England adviser or specialist 2023 (RBEDS)","areaha":0.03,"version":"Sep_25","uid":"PHID50078605_024098962","shape_length":null,"shape_area":null},"geometry":{"type":"MultiPolygon","coordinates":[[[[500783.51,240978.41],[500783.330000000016298,240978.41],[500783.14000000001397,240978.420000000012806],[500782.960000000020955,240978.44],[500782.78000000002794,240978.49],[500782.62,240978.549999999988358],[500782.46999999997206,240978.64000000001397],[500782.349999999976717,240978.76],[500782.19,240978.96],[500782.10999999998603,240979.07],[500782.039999999979045,240979.170000000012806],[500781.96999999997206,240979.28],[500781.909999999974389,240979.39000000001397],[500781.840000000025611,240979.5],[500781.78000000002794,240979.62],[500781.659999999974389,240979.84],[500781.599999999976717,240979.96],[500781.539999999979045,240980.07],[500781.479999999981374,240980.19],[500781.18,240980.81],[500780.89000000001397,240981.450000000011642],[500780.330000000016298,240982.71],[500780.03000000002794,240983.34],[500779.68,240984.01],[500779.299999999988358,240984.670000000012806],[500778.89000000001397,240985.299999999988358],[500778.409999999974389,240985.88],[500778.19,240986.079999999987194],[500777.94,240986.26],[500777.44,240986.6],[500777.19,240986.78],[500776.96999999997206,240986.980000000010477],[500776.81,240987.15],[500776.669999999983702,240987.32],[500776.53000000002794,240987.51],[500776.409999999974389,240987.700000000011642],[500776.299999999988358,240987.9],[500776.210000000020955,240988.10999999998603],[500776.169999999983702,240988.230000000010477],[500776.14000000001397,240988.35999999998603],[500776.13,240988.480000000010477],[500776.13,240988.60999999998603],[500776.14000000001397,240988.75],[500776.18,240989.01],[500776.26,240989.269999999989523],[500776.409999999974389,240989.66],[500776.46999999997206,240989.78],[500776.520000000018626,240989.9],[500776.599999999976717,240990.03],[500776.68,240990.15],[500776.78000000002794,240990.26],[500777.0,240990.46],[500777.13,240990.549999999988358],[500777.39000000001397,240990.71],[500777.53000000002794,240990.79],[500777.659999999974389,240990.87],[500777.799999999988358,240990.94],[500777.94,240991.019999999989523],[500778.07,240991.09],[500778.729999999981374,240991.47],[500779.400000000023283,240991.84],[500780.080000000016298,240992.200000000011642],[500780.770000000018626,240992.549999999988358],[500781.450000000011642,240992.89000000001397],[500782.849999999976717,240993.53],[500784.25,240994.15],[500784.960000000020955,240994.44],[500786.770000000018626,240995.14000000001397],[500790.43,240996.4],[500792.229999999981374,240997.09],[500794.87,240998.22],[500797.5,240999.35],[500799.289999999979045,241000.0],[500801.229999999981374,241000.72],[500801.57,241000.79],[500801.93,241000.829999999987194],[500802.28000000002794,241000.829999999987194],[500802.63,241000.78],[500802.960000000020955,241000.68],[500803.21999999997206,241000.56],[500803.35999999998603,241000.49],[500803.479999999981374,241000.41],[500803.60999999998603,241000.32],[500803.71999999997206,241000.230000000010477],[500803.830000000016298,241000.13],[500803.94,241000.0],[500804.01,240999.9],[500804.080000000016298,240999.78],[500804.14000000001397,240999.65],[500804.169999999983702,240999.519999999989523],[500804.19,240999.4],[500804.200000000011642,240999.28],[500804.200000000011642,240999.04],[500804.18,240998.920000000012806],[500804.169999999983702,240998.799999999988358],[500804.080000000016298,240998.44],[500804.039999999979045,240998.329999999987194],[500803.99,240998.21],[500803.89000000001397,240997.99],[500803.830000000016298,240997.88],[500803.770000000018626,240997.78],[500803.700000000011642,240997.670000000012806],[500803.580000000016298,240997.5],[500803.460000000020955,240997.32],[500803.200000000011642,240996.980000000010477],[500803.06,240996.81],[500802.919999999983702,240996.65],[500802.62,240996.329999999987194],[500802.46999999997206,240996.18],[500801.88,240995.62],[500801.289999999979045,240995.07],[500800.10999999998603,240993.950000000011642],[500797.81,240991.730000000010477],[500795.960000000020955,240989.9],[500793.06,240986.60999999998603],[500790.289999999979045,240983.60999999998603],[500788.210000000020955,240981.09],[500787.81,240980.66],[500787.38,240980.26],[500786.94,240979.89000000001397],[500786.46999999997206,240979.549999999988358],[500785.96999999997206,240979.24],[500785.69,240979.09],[500785.39000000001397,240978.94],[500785.090000000025611,240978.799999999988358],[500784.78000000002794,240978.670000000012806],[500784.46999999997206,240978.57],[500784.150000000023283,240978.49],[500783.830000000016298,240978.43],[500783.51,240978.41]]]]}},
{"type":"Feature","properties":{"mainhabs":"Lowland fens,Reedbeds","habcodes":"LFENS, RBEDS","featdesc":null,"featcodes":null,"otherclass":null,"addhabs":"LCGRA","primsource":"Reedbeds at Marston Vale Millenium Country Park 2008 (LFENS), Feedback from Natural England adviser or specialist 2023 (RBEDS)","areaha":0.11,"version":"Sep_25","uid":"PHID50078873_024093430","shape_length":null,"shape_area":null},"geometry":{"type":"MultiPolygon","coordinates":[[[[500783.840000000025611,240917.19],[500782.840000000025611,240917.19],[500781.840000000025611,240917.21],[500780.840000000025611,240917.26],[500779.840000000025611,240917.329999999987194],[500778.849999999976717,240917.44],[500777.87,240917.579999999987194],[500776.89000000001397,240917.76],[500775.919999999983702,240917.980000000010477],[500774.74,240918.269999999989523],[500773.549999999988358,240918.549999999988358],[500772.37,240918.87],[500771.200000000011642,240919.230000000010477],[500770.07,240919.68],[500769.28000000002794,240920.04],[500768.5,240920.4],[500767.71999999997206,240920.79],[500766.96999999997206,240921.22],[500766.63,240921.43],[500766.28000000002794,240921.66],[500765.950000000011642,240921.91],[500765.659999999974389,240922.19],[500765.43,240922.51],[500765.28000000002794,240922.85999999998603],[500765.24,240923.04],[500765.210000000020955,240923.21],[500765.19,240923.39000000001397],[500765.169999999983702,240923.56],[500765.169999999983702,240923.920000000012806],[500765.18,240924.1],[500765.200000000011642,240924.269999999989523],[500765.21999999997206,240924.450000000011642],[500765.28000000002794,240924.81],[500765.32,240924.99],[500765.349999999976717,240925.170000000012806],[500765.400000000023283,240925.35],[500765.479999999981374,240925.71],[500765.53000000002794,240925.88],[500765.57,240926.06],[500765.62,240926.24],[500765.659999999974389,240926.41],[500765.799999999988358,240926.96],[500765.960000000020955,240927.5],[500766.13,240928.04],[500766.32,240928.579999999987194],[500766.53000000002794,240929.1],[500766.76,240929.62],[500767.24,240930.62],[500768.18,240932.66],[500768.669999999983702,240933.66],[500769.200000000011642,240934.64000000001397],[500769.78000000002794,240935.579999999987194],[500770.44,240936.480000000010477],[500771.13,240937.269999999989523],[500771.63,240937.76],[500772.13,240938.26],[500772.63,240938.74],[500773.419999999983702,240939.69],[500775.06,240941.53],[500775.89000000001397,240942.44],[500776.75,240943.329999999987194],[500777.659999999974389,240944.170000000012806],[500778.599999999976717,240944.97],[500779.200000000011642,240945.43],[500779.81,240945.85999999998603],[500780.450000000011642,240946.26],[500781.10999999998603,240946.64000000001397],[500781.78000000002794,240947.0],[500782.460000000020955,240947.329999999987194],[500783.150000000023283,240947.65],[500783.849999999976717,240947.96],[500784.539999999979045,240948.269999999989523],[500785.24,240948.57],[500786.210000000020955,240948.96],[500787.19,240949.32],[500788.19,240949.64000000001397],[500789.19,240949.920000000012806],[500790.210000000020955,240950.18],[500791.229999999981374,240950.420000000012806],[500792.26,240950.63],[500793.43,240950.85999999998603],[500794.62,240951.06],[500795.799999999988358,240951.230000000010477],[500797.0,240951.35999999998603],[500798.19,240951.420000000012806],[500799.38,240951.4],[500799.89000000001397,240951.37],[500800.409999999974389,240951.32],[500800.93,240951.25],[500801.44,240951.14000000001397],[500801.93,240950.99],[500802.400000000023283,240950.79],[500802.82,240950.53],[500803.200000000011642,240950.21],[500803.400000000023283,240949.99],[500803.60999999998603,240949.78],[500804.01,240949.34],[500804.210000000020955,240949.10999999998603],[500804.409999999974389,240948.89000000001397],[500804.789999999979045,240948.43],[500804.979999999981374,240948.19],[500805.159999999974389,240947.96],[500805.340000000025611,240947.72],[500805.51,240947.47],[500805.68,240947.230000000010477],[500806.090000000025611,240946.63],[500806.5,240946.019999999989523],[500806.87,240945.39000000001397],[500807.18,240944.730000000010477],[500807.26,240944.49],[500807.32,240944.25],[500807.349999999976717,240944.0],[500807.37,240943.75],[500807.38,240943.5],[500807.37,240943.24],[500807.349999999976717,240942.980000000010477],[500807.330000000016298,240942.730000000010477],[500807.270000000018626,240942.230000000010477],[500807.21999999997206,240941.93],[500807.12,240941.64000000001397],[500807.0,240941.35],[500806.71999999997206,240940.79],[500806.57,240940.519999999989523],[500806.44,240940.24],[500806.330000000016298,240939.950000000011642],[500806.24,240939.66],[500806.200000000011642,240939.35999999998603],[500806.19,240939.13],[500806.200000000011642,240938.89000000001397],[500806.21999999997206,240938.66],[500806.26,240938.43],[500806.31,240938.200000000011642],[500806.37,240937.97],[500806.53000000002794,240937.51],[500806.62,240937.29],[500806.710000000020955,240937.06],[500807.01,240936.4],[500807.12,240936.19],[500807.21999999997206,240935.97],[500807.409999999974389,240935.60999999998603],[500807.64000000001397,240935.28],[500807.89000000001397,240934.950000000011642],[500808.700000000011642,240934.019999999989523],[500808.950000000011642,240933.700000000011642],[500809.19,240933.35999999998603],[500809.39000000001397,240933.01],[500809.49,240932.78],[500809.57,240932.54],[500809.62,240932.299999999988358],[500809.659999999974389,240932.049999999988358],[500809.669999999983702,240931.79],[500809.669999999983702,240931.54],[500809.650000000023283,240931.28],[500809.62,240931.01],[500809.520000000018626,240930.49],[500809.460000000020955,240930.230000000010477],[500809.32,240929.71],[500809.25,240929.46],[500809.169999999983702,240929.22],[500809.06,240928.9],[500808.94,240928.59],[500808.799999999988358,240928.29],[500808.64000000001397,240927.99],[500808.46999999997206,240927.700000000011642],[500808.289999999979045,240927.420000000012806],[500808.090000000025611,240927.15],[500807.88,240926.88],[500807.659999999974389,240926.60999999998603],[500807.44,240926.35],[500806.960000000020955,240925.85],[500806.71999999997206,240925.60999999998603],[500806.46999999997206,240925.37],[500806.210000000020955,240925.13],[500805.960000000020955,240924.9],[500805.700000000011642,240924.68],[500805.450000000011642,240924.450000000011642],[500805.19,240924.230000000010477],[500804.669999999983702,240923.799999999988358],[500804.14000000001397,240923.39000000001397],[500803.590000000025611,240923.01],[500803.020000000018626,240922.64000000001397],[500802.44,240922.299999999988358],[500801.849999999976717,240921.97],[500801.25,240921.65],[500800.64000000001397,240921.35],[500800.03000000002794,240921.06],[500799.409999999974389,240920.78],[500798.78000000002794,240920.51],[500798.159999999974389,240920.25],[500797.53000000002794,240919.99],[500796.900000000023283,240919.74],[500795.830000000016298,240919.32],[500794.74,240918.920000000012806],[500793.64000000001397,240918.56],[500792.520000000018626,240918.230000000010477],[500791.400000000023283,240917.94],[500790.270000000018626,240917.69],[500789.13,240917.5],[500787.979999999981374,240917.35999999998603],[500786.840000000025611,240917.28],[500785.840000000025611,240917.24],[500784.840000000025611,240917.21],[500783.840000000025611,240917.19]]]]}}
]
}
