{
"type": "FeatureCollection",
"name": "phi_nec-blenheimestate",
"crs": { "type": "name", "properties": { "name": "urn:ogc:def:crs:EPSG::27700" } },
"features": [
{"type":"Feature","properties":{"mainhabs":"Coastal and floodplain grazing marsh","habcodes":"CFPGM","featdesc":null,"featcodes":null,"otherclass":null,"addhabs":null,"primsource":"Oxfordshire Expert Knowledge Capture 2009 (CFPGM)","areaha":10.14,"version":"Sep_25","uid":"PHID44310824_021461038","shape_length":null,"shape_area":null},"geometry":{"type":"MultiPolygon","coordinates":[[[[443122.51,214651.54],[443123.960000000020955,214651.549999999988358],[443129.76,214651.6],[443159.159999999974389,214650.64000000001397],[443166.729999999981374,214648.31],[443169.340000000025611,214647.22],[443171.900000000023283,214646.01],[443174.43,214644.72],[443176.909999999974389,214643.329999999987194],[443179.210000000020955,214641.97],[443181.460000000020955,214640.57],[443183.700000000011642,214639.13],[443185.909999999974389,214637.64000000001397],[443188.090000000025611,214636.10999999998603],[443190.26,214634.54],[443192.409999999974389,214632.950000000011642],[443194.520000000018626,214631.32],[443196.60999999998603,214629.670000000012806],[443198.89000000001397,214627.79],[443201.090000000025611,214625.829999999987194],[443203.24,214623.78],[443205.299999999988358,214621.66],[443207.31,214619.49],[443209.25,214617.26],[443211.210000000020955,214615.04],[443230.650000000023283,214586.56],[443248.89000000001397,214562.37],[443256.19,214555.47],[443267.10999999998603,214549.53],[443320.549999999988358,214529.29],[443323.080000000016298,214528.49],[443325.85999999998603,214527.68],[443331.229999999981374,214527.03],[443343.74,214527.03],[443344.60999999998603,214527.09],[443345.080000000016298,214527.230000000010477],[443351.729999999981374,214529.26],[443361.700000000011642,214532.46],[443371.49,214535.75],[443377.25,214537.49],[443380.450000000011642,214538.04],[443383.28000000002794,214538.04],[443386.94,214537.670000000012806],[443391.419999999983702,214536.49],[443394.900000000023283,214535.21],[443401.94,214532.37],[443407.700000000011642,214530.269999999989523],[443414.74,214528.71],[443418.13,214528.35],[443423.88,214528.59],[443424.37,214528.6],[443430.13,214529.65],[443436.81,214531.87],[443443.49,214534.62],[443451.87,214539.34],[443490.31,214569.35999999998603],[443528.99,214601.97],[443549.090000000025611,214619.700000000011642],[443558.69,214632.5],[443573.090000000025611,214657.700000000011642],[443576.06,214665.49],[443578.479999999981374,214672.79],[443581.159999999974389,214674.019999999989523],[443594.71999999997206,214661.1],[443607.840000000025611,214648.82],[443630.599999999976717,214626.769999999989523],[443637.950000000011642,214619.59],[443638.330000000016298,214619.1],[443642.549999999988358,214614.57],[443644.291000000026543,214612.782],[443644.463999999978114,214609.647999999986496],[443646.216000000014901,214609.119],[443649.53000000002794,214607.25],[443642.710000000020955,214600.730000000010477],[443628.909999999974389,214586.329999999987194],[443618.81,214573.829999999987194],[443599.60999999998603,214550.43],[443594.580000000016298,214544.549999999988358],[443594.567700000014156,214544.535200000012992],[443586.51,214534.78],[443585.039999999979045,214532.99],[443577.349999999976717,214523.01],[443566.539999999979045,214507.57],[443549.419999999983702,214484.950000000011642],[443526.580000000016298,214457.730000000010477],[443523.81,214455.24],[443517.99,214450.14000000001397],[443516.60999999998603,214449.04],[443511.669999999983702,214445.14000000001397],[443506.63,214441.35],[443504.270000000018626,214439.64000000001397],[443498.919999999983702,214436.24],[443493.590000000025611,214432.93],[443491.710000000020955,214431.93],[443486.169999999983702,214428.920000000012806],[443480.44,214426.21],[443464.71999999997206,214418.87],[443432.46999999997206,214404.29],[443429.19,214402.88],[443424.539999999979045,214401.07],[443419.799999999988358,214399.549999999988358],[443417.01,214398.74],[443413.159999999974389,214397.72],[443409.289999999979045,214396.91],[443406.03000000002794,214396.39000000001397],[443402.06,214395.87],[443399.21999999997206,214395.63],[443373.39000000001397,214393.43],[443352.24,214391.76],[443351.400100000028033,214380.14000000001397],[443339.299999999988358,214380.299999999988358],[443336.099999999976717,214380.6],[443328.799999999988358,214381.200000000011642],[443327.200000000011642,214381.4],[443325.400000000023283,214381.4],[443323.599999999976717,214381.5],[443321.900000000023283,214381.700000000011642],[443320.200000000011642,214382.1],[443318.599999999976717,214382.6],[443316.299999999988358,214384.049999999988358],[443313.822999999974854,214386.028],[443313.57,214386.230000000010477],[443311.028600000019651,214388.3206],[443310.919999999983702,214388.41],[443310.265200000023469,214389.5644],[443304.340000000025611,214400.01],[443304.039999999979045,214401.32],[443303.85999999998603,214403.230000000010477],[443303.789999999979045,214403.54],[443303.68,214404.93],[443303.78000000002794,214406.32],[443304.46999999997206,214409.170000000012806],[443305.090000000025611,214412.299999999988358],[443305.919999999983702,214415.75],[443307.43,214420.43],[443309.229999999981374,214424.99],[443309.81,214426.14000000001397],[443311.21999999997206,214429.329999999987194],[443312.74,214432.519999999989523],[443314.44,214435.59],[443315.450000000011642,214437.230000000010477],[443319.63,214443.019999999989523],[443321.37,214445.38],[443325.75,214450.87],[443332.349999999976717,214458.59],[443332.539999999979045,214458.670000000012806],[443333.99,214460.579999999987194],[443334.409999999974389,214461.25],[443335.07,214463.09],[443335.53000000002794,214464.93],[443335.63,214465.03],[443335.830000000016298,214466.329999999987194],[443336.03000000002794,214467.53],[443336.03000000002794,214469.13],[443335.93,214470.230000000010477],[443335.63,214471.230000000010477],[443335.330000000016298,214472.13],[443334.13,214473.730000000010477],[443332.330000000016298,214475.329999999987194],[443331.13,214476.43],[443328.729999999981374,214478.230000000010477],[443327.03000000002794,214479.53],[443324.229999999981374,214481.230000000010477],[443323.63,214481.63],[443320.330000000016298,214483.63],[443317.090000000025611,214485.29],[443316.159999999974389,214485.670000000012806],[443312.830000000016298,214487.12],[443310.01,214488.79],[443278.205399999977089,214505.859399999986636],[443276.900000000023283,214506.56],[443261.39000000001397,214513.420000000012806],[443259.090000000025611,214515.019999999989523],[443240.289999999979045,214489.22],[443219.69,214460.019999999989523],[443201.289999999979045,214434.22],[443200.289999999979045,214432.72],[443199.89000000001397,214432.420000000012806],[443199.49,214432.22],[443177.99,214446.62],[443171.19,214451.72],[443143.19,214471.420000000012806],[443136.19,214476.72],[443135.289999999979045,214477.62],[443134.19,214478.420000000012806],[443133.090000000025611,214479.12],[443130.69,214480.12],[443130.49,214480.12],[443128.89000000001397,214480.519999999989523],[443127.289999999979045,214480.82],[443123.89000000001397,214480.920000000012806],[443122.520000000018626,214481.19],[443121.299999999988358,214481.53],[443120.43,214481.97],[443119.289999999979045,214482.6],[443118.169999999983702,214483.44],[443117.14000000001397,214484.18],[443112.51,214487.43],[443108.039999999979045,214490.63],[443103.64000000001397,214493.99],[443102.13,214495.26],[443060.88,214526.6],[443056.38,214530.04],[443054.89000000001397,214531.26],[443054.19,214531.85999999998603],[443049.039999999979045,214536.44],[443043.78000000002794,214546.63],[443046.799999999988358,214548.32],[443056.39000000001397,214553.18],[443061.520000000018626,214556.230000000010477],[443064.06,214557.769999999989523],[443070.539999999979045,214561.94],[443073.229999999981374,214563.71],[443104.63,214584.62],[443105.599999999976717,214585.28],[443106.56,214585.82],[443106.729999999981374,214585.950000000011642],[443107.700000000011642,214586.49],[443109.200000000011642,214586.94],[443109.700000000011642,214590.74],[443100.60999999998603,214584.329999999987194],[443097.409999999974389,214582.019999999989523],[443077.57,214569.62],[443075.25,214567.950000000011642],[443064.520000000018626,214560.980000000010477],[443056.590000000025611,214556.21],[443053.57,214554.420000000012806],[443046.10999999998603,214550.329999999987194],[443040.35999999998603,214547.65],[443027.56,214542.450000000011642],[443004.78000000002794,214603.29],[443000.0,214615.93],[442990.580000000016298,214640.09],[442980.580000000016298,214666.29],[442962.979999999981374,214711.59],[442945.580000000016298,214756.79],[442936.68,214780.19],[442962.39000000001397,214792.07],[442967.460000000020955,214794.35999999998603],[442983.71999999997206,214802.299999999988358],[442997.87,214808.980000000010477],[443000.0,214809.93],[443003.85999999998603,214811.65],[443009.270000000018626,214814.230000000010477],[443008.700000000011642,214816.07],[443003.85999999998603,214813.799999999988358],[443000.0,214812.04],[442986.21999999997206,214805.730000000010477],[442969.090000000025611,214797.72],[442962.39000000001397,214794.56],[442961.51,214797.549999999988358],[442996.56,214813.079999999987194],[443000.0,214814.71],[443054.909999999974389,214840.63],[443056.35999999998603,214838.4],[443013.96999999997206,214818.54],[443014.799999999988358,214816.85999999998603],[443056.85999999998603,214836.9],[443066.659999999974389,214820.5],[443067.960000000020955,214816.799999999988358],[443068.85999999998603,214814.200000000011642],[443070.26,214808.9],[443070.35999999998603,214808.6],[443071.56,214803.200000000011642],[443074.56,214785.200000000011642],[443074.960000000020955,214783.0],[443076.26,214775.700000000011642],[443076.460000000020955,214774.700000000011642],[443077.06,214772.0],[443078.960000000020955,214766.5],[443080.35999999998603,214762.1],[443082.159999999974389,214756.9],[443086.159999999974389,214747.5],[443089.06,214740.299999999988358],[443089.85999999998603,214738.4],[443094.159999999974389,214726.799999999988358],[443095.06,214724.299999999988358],[443098.85999999998603,214712.9],[443103.659999999974389,214700.299999999988358],[443104.960000000020955,214696.0],[443106.85999999998603,214689.5],[443110.460000000020955,214677.4],[443111.419999999983702,214672.85],[443106.76,214655.4],[443106.76,214651.4],[443105.56,214640.0],[443106.56,214643.0],[443106.960000000020955,214643.9],[443107.460000000020955,214644.799999999988358],[443107.960000000020955,214645.5],[443108.460000000020955,214645.799999999988358],[443109.35999999998603,214645.799999999988358],[443110.56,214645.700000000011642],[443110.659999999974389,214645.6],[443111.56,214645.299999999988358],[443111.960000000020955,214645.299999999988358],[443112.159999999974389,214645.5],[443113.06,214646.6],[443113.960000000020955,214647.799999999988358],[443114.460000000020955,214648.700000000011642],[443115.35999999998603,214650.299999999988358],[443115.56,214650.700000000011642],[443115.71999999997206,214651.480000000010477],[443122.51,214651.54]],[[443190.145000000018626,214559.399],[443188.090000000025611,214558.62],[443186.19,214558.019999999989523],[443183.289999999979045,214556.82],[443181.789999999979045,214556.12],[443179.99,214555.22],[443178.39000000001397,214554.22],[443177.49,214553.62],[443175.49,214551.920000000012806],[443174.789999999979045,214551.32],[443173.69,214550.12],[443172.590000000025611,214549.019999999989523],[443172.19,214548.82],[443171.590000000025611,214548.32],[443170.704900000011548,214547.877199999988079],[443170.700000000011642,214547.875],[443170.19,214547.62],[443169.959900000016205,214547.5942],[443169.289999999979045,214547.519999999989523],[443168.49,214547.519999999989523],[443153.69,214547.62],[443152.340000000025611,214547.62],[443150.968500000017229,214547.7297],[443156.35999999998603,214545.847],[443160.169999999983702,214545.212],[443163.979999999981374,214544.577],[443169.800999999977648,214543.942000000010012],[443173.188000000023749,214544.471],[443176.574000000022352,214545.847],[443180.278999999980442,214548.280999999988126],[443187.686999999976251,214556.219000000011874],[443190.145000000018626,214559.399]]]]}},
{"type":"Feature","properties":{"mainhabs":"Coastal and floodplain grazing marsh","habcodes":"CFPGM","featdesc":null,"featcodes":null,"otherclass":null,"addhabs":null,"primsource":"Oxfordshire Expert Knowledge Capture 2009 (CFPGM)","areaha":0.64,"version":"Sep_25","uid":"PHID44352147_021460851","shape_length":null,"shape_area":null},"geometry":{"type":"MultiPolygon","coordinates":[[[[443410.539999999979045,214542.31],[443411.950000000011642,214542.69],[443412.159999999974389,214542.69],[443414.770000000018626,214543.15],[443417.39000000001397,214543.82],[443419.919999999983702,214544.59],[443422.520000000018626,214545.25],[443424.24910000001546,214545.7977],[443424.729999999981374,214545.950000000011642],[443428.5,214547.230000000010477],[443432.32,214548.68],[443435.919999999983702,214550.269999999989523],[443437.729999999981374,214551.12],[443441.900000000023283,214553.26],[443450.24,214558.170000000012806],[443468.12,214570.549999999988358],[443476.700000000011642,214576.670000000012806],[443484.31,214583.25],[443489.849999999976717,214588.09],[443517.24,214615.41],[443523.950000000011642,214621.44],[443554.99,214650.9],[443558.78000000002794,214658.41],[443562.19,214670.5],[443562.69,214674.0],[443563.39000000001397,214679.0],[443563.89000000001397,214683.6],[443564.099999999976717,214684.700000000011642],[443564.299999999988358,214685.799999999988358],[443564.63,214687.38],[443570.10999999998603,214681.75],[443571.539999999979045,214677.97],[443571.710000000020955,214677.43],[443572.539999999979045,214672.269999999989523],[443572.69,214670.5],[443572.849999999976717,214667.81],[443572.62,214664.96],[443572.169999999983702,214661.57],[443570.919999999983702,214658.94],[443556.599999999976717,214633.88],[443547.24,214621.41],[443527.38,214603.9],[443488.710000000020955,214571.29],[443447.06,214539.85999999998603],[443436.460000000020955,214534.62],[443428.99,214532.13],[443422.44,214531.09],[443415.56,214531.18],[443408.349999999976717,214532.84],[443404.349999999976717,214534.04],[443397.24,214537.049999999988358],[443390.53000000002794,214539.35],[443386.729999999981374,214540.25],[443380.82,214540.450000000011642],[443376.10999999998603,214539.85],[443371.409999999974389,214538.549999999988358],[443359.700000000011642,214534.64000000001397],[443344.88,214529.88],[443340.789999999979045,214529.65],[443333.210000000020955,214529.78],[443323.5,214530.96],[443311.56,214535.59],[443268.13,214551.82],[443257.650000000023283,214557.53],[443250.76,214564.049999999988358],[443232.650000000023283,214588.03],[443213.150000000023283,214616.579999999987194],[443211.080000000016298,214618.93],[443209.090000000025611,214621.21],[443207.039999999979045,214623.43],[443204.909999999974389,214625.60999999998603],[443202.71999999997206,214627.71],[443200.44,214629.730000000010477],[443198.10999999998603,214631.66],[443195.979999999981374,214633.34],[443193.830000000016298,214634.980000000010477],[443191.669999999983702,214636.6],[443189.479999999981374,214638.170000000012806],[443187.26,214639.730000000010477],[443185.01,214641.25],[443182.729999999981374,214642.72],[443180.419999999983702,214644.15],[443178.080000000016298,214645.54],[443175.539999999979045,214646.950000000011642],[443172.93,214648.29],[443170.28000000002794,214649.53],[443167.56,214650.66],[443164.75,214651.59],[443149.909999999974389,214656.0],[443148.38,214656.450000000011642],[443147.0,214656.950000000011642],[443141.113300000026356,214659.07139999998617],[443143.093999999982771,214659.408],[443143.723,214661.028],[443143.424999999988358,214662.748],[443140.778999999980442,214665.195],[443140.56,214667.6],[443142.53000000002794,214667.37],[443144.5,214667.12],[443146.46999999997206,214666.85999999998603],[443148.44,214666.59],[443152.37,214665.99],[443153.06,214665.1],[443167.26,214657.299999999988358],[443184.74,214647.079999999987194],[443189.85999999998603,214643.170000000012806],[443193.81,214639.99],[443198.349999999976717,214636.09],[443202.659999999974389,214632.01],[443203.24,214631.4],[443206.12,214628.54],[443208.89000000001397,214625.5],[443211.57,214622.44],[443217.950000000011642,214613.71],[443224.14000000001397,214604.9],[443242.13,214578.82],[443245.56,214573.66],[443246.650000000023283,214571.87],[443252.75,214565.43],[443253.039999999979045,214565.12],[443254.24,214563.82],[443255.539999999979045,214562.62],[443256.94,214561.62],[443259.93,214560.18],[443261.950000000011642,214559.01],[443264.700000000011642,214557.46],[443275.479999999981374,214552.13],[443277.590000000025611,214551.14000000001397],[443307.53000000002794,214540.329999999987194],[443307.979999999981374,214540.10999999998603],[443312.0,214538.49],[443316.14000000001397,214536.99],[443319.840000000025611,214535.79],[443323.74,214534.79],[443325.14000000001397,214534.39000000001397],[443327.539999999979045,214533.89000000001397],[443330.039999999979045,214533.49],[443331.74,214533.39000000001397],[443336.64000000001397,214533.49],[443340.44,214533.49],[443343.039999999979045,214533.69],[443345.64000000001397,214533.99],[443346.64000000001397,214534.19],[443349.14000000001397,214534.79],[443351.32,214535.65],[443372.94,214542.69],[443377.210000000020955,214544.1],[443379.0,214544.39000000001397],[443379.88,214544.49],[443381.31,214544.56],[443383.71999999997206,214544.480000000010477],[443385.270000000018626,214544.29],[443387.78000000002794,214544.019999999989523],[443390.28000000002794,214543.420000000012806],[443391.580000000016298,214543.12],[443393.479999999981374,214542.519999999989523],[443395.38,214541.72],[443397.18,214540.920000000012806],[443398.88,214539.82],[443401.979999999981374,214542.420000000012806],[443401.18,214543.019999999989523],[443399.479999999981374,214544.019999999989523],[443397.580000000016298,214545.019999999989523],[443395.68,214545.72],[443394.88,214546.019999999989523],[443392.28000000002794,214546.72],[443389.580000000016298,214547.12],[443388.18,214547.32],[443385.28000000002794,214547.49],[443382.46999999997206,214547.579999999987194],[443379.669999999983702,214547.35999999998603],[443379.5,214547.35],[443377.0,214546.920000000012806],[443374.520000000018626,214546.24],[443372.14000000001397,214545.480000000010477],[443353.020000000018626,214539.51],[443352.49,214539.299999999988358],[443350.020000000018626,214538.47],[443347.539999999979045,214537.79],[443344.840000000025611,214537.49],[443342.64000000001397,214537.29],[443339.64000000001397,214537.19],[443336.64000000001397,214537.39000000001397],[443333.64000000001397,214537.69],[443332.539999999979045,214537.89000000001397],[443327.840000000025611,214538.79],[443324.840000000025611,214539.49],[443320.340000000025611,214540.97],[443279.450000000011642,214553.87],[443276.24,214555.019999999989523],[443273.400000000023283,214556.26],[443269.21999999997206,214558.32],[443267.56,214559.15],[443264.549999999988358,214560.88],[443261.539999999979045,214562.72],[443261.14000000001397,214562.920000000012806],[443258.74,214564.519999999989523],[443256.44,214566.32],[443254.840000000025611,214567.72],[443252.270000000018626,214570.200000000011642],[443249.909999999974389,214572.78],[443248.14000000001397,214574.85999999998603],[443245.96999999997206,214577.730000000010477],[443244.0,214580.700000000011642],[443228.039999999979045,214603.799999999988358],[443225.96999999997206,214607.269999999989523],[443222.919999999983702,214611.82],[443219.76,214616.28],[443218.770000000018626,214617.57],[443214.549999999988358,214622.82],[443210.25,214627.99],[443207.85999999998603,214630.74],[443204.51,214634.299999999988358],[443201.049999999988358,214637.76],[443199.900000000023283,214638.78],[443196.24,214642.06],[443192.46999999997206,214645.03],[443182.979999999981374,214651.549999999988358],[443167.460000000020955,214661.5],[443158.960000000020955,214666.5],[443155.983699999982491,214668.6188],[443153.06,214670.700000000011642],[443152.13,214672.71],[443156.69,214672.01],[443158.200000000011642,214669.5],[443168.88,214664.16],[443181.07,214656.84],[443198.289999999979045,214645.91],[443211.64000000001397,214636.56],[443213.099999999976717,214635.54],[443226.51,214618.200000000011642],[443229.549999999988358,214614.170000000012806],[443236.876500000013039,214609.8341],[443241.7965,214606.922400000010384],[443243.710000000020955,214605.79],[443256.53000000002794,214587.35999999998603],[443258.94,214584.16],[443261.64000000001397,214580.99],[443264.299999999988358,214578.31],[443267.200000000011642,214575.53],[443267.659999999974389,214575.10999999998603],[443269.580000000016298,214573.43],[443271.049999999988358,214572.26],[443271.460000000020955,214571.91],[443273.710000000020955,214570.079999999987194],[443276.88,214567.950000000011642],[443279.25,214566.519999999989523],[443281.830000000016298,214565.29],[443283.599999999976717,214564.57],[443312.590000000025611,214552.46],[443344.539999999979045,214539.69],[443349.82,214541.1],[443371.8663,214549.422400000010384],[443375.85999999998603,214550.93],[443378.950000000011642,214551.93],[443382.14000000001397,214552.730000000010477],[443385.330000000016298,214553.34],[443385.63,214553.34],[443389.03000000002794,214553.94],[443391.830000000016298,214554.04],[443393.43,214553.84],[443395.03000000002794,214553.44],[443396.63,214552.94],[443398.13,214552.24],[443398.330000000016298,214552.14000000001397],[443399.43,214551.44],[443400.53000000002794,214550.54],[443400.546099999977741,214550.5239],[443401.158600000024308,214549.911400000011781],[443401.229999999981374,214549.84],[443406.53000000002794,214543.94],[443406.830000000016298,214543.34],[443407.330000000016298,214542.84],[443407.93,214542.44],[443408.53000000002794,214542.14000000001397],[443409.13,214542.13],[443410.539999999979045,214542.31]]]]}},
{"type":"Feature","properties":{"mainhabs":"Coastal and floodplain grazing marsh","habcodes":"CFPGM","featdesc":null,"featcodes":null,"otherclass":null,"addhabs":null,"primsource":"Oxfordshire Expert Knowledge Capture 2009 (CFPGM)","areaha":14.32,"version":"Sep_25","uid":"PHID44385101_021479840","shape_length":null,"shape_area":null},"geometry":{"type":"MultiPolygon","coordinates":[[[[443867.5577,214346.3658],[443861.539999999979045,214348.75],[443850.289999999979045,214353.66],[443844.090000000025611,214356.480000000010477],[443841.270000000018626,214357.85999999998603],[443833.89000000001397,214361.60999999998603],[443828.51,214364.4],[443834.299999999988358,214372.829999999987194],[443861.81,214394.57],[443862.21999999997206,214394.97],[443867.5577,214398.968],[443869.87,214400.700000000011642],[443876.460000000020955,214405.920000000012806],[443880.64000000001397,214409.19],[443884.14000000001397,214412.15],[443885.62,214413.43],[443887.31,214414.700000000011642],[443888.919999999983702,214416.10999999998603],[443889.10999999998603,214416.299999999988358],[443890.60999999998603,214417.88],[443891.81,214419.37],[443895.200000000011642,214423.22],[443895.799999999988358,214423.9],[443898.909999999974389,214427.97],[443900.700000000011642,214430.34],[443903.400000000023283,214434.4],[443905.200000000011642,214437.28],[443906.39000000001397,214438.96],[443910.400000000023283,214445.4],[443914.200000000011642,214452.0],[443915.200000000011642,214453.9],[443940.799999999988358,214497.1],[443942.51,214499.96],[443963.299999999988358,214534.799999999988358],[443965.700000000011642,214540.299999999988358],[443967.900000000023283,214546.0],[443968.200000000011642,214546.6],[443970.099999999976717,214552.299999999988358],[443971.900000000023283,214558.1],[443973.400000000023283,214564.0],[443973.5,214564.9],[443974.700000000011642,214570.5],[443975.599999999976717,214576.1],[443976.200000000011642,214581.799999999988358],[443976.599999999976717,214587.5],[443976.700000000011642,214589.4],[443976.900000000023283,214595.200000000011642],[443976.700000000011642,214601.1],[443976.400000000023283,214606.9],[443976.0,214610.9],[443975.200000000011642,214616.4],[443974.200000000011642,214621.9],[443973.0,214627.299999999988358],[443971.5,214632.700000000011642],[443969.900000000023283,214638.0],[443968.299999999988358,214642.6],[443966.099999999976717,214648.299999999988358],[443961.099999999976717,214659.299999999988358],[443956.080000000016298,214667.54],[443954.770000000018626,214669.34],[443953.289999999979045,214671.31],[443951.159999999974389,214673.450000000011642],[443949.19,214675.420000000012806],[443947.38,214677.06],[443945.25,214679.03],[443943.409999999974389,214680.670000000012806],[443941.599999999976717,214682.15],[443939.46999999997206,214683.46],[443935.53000000002794,214685.76],[443931.590000000025611,214687.89000000001397],[443927.49,214689.85999999998603],[443926.340000000025611,214690.35999999998603],[443920.099999999976717,214692.82],[443914.19,214694.950000000011642],[443909.43,214696.269999999989523],[443904.669999999983702,214697.91],[443900.07,214699.22],[443894.82,214700.37],[443893.790700000012293,214700.5809],[443890.330000000016298,214701.29],[443883.729999999981374,214702.299999999988358],[443879.729999999981374,214702.670000000012806],[443876.14000000001397,214703.12],[443875.918699999980163,214703.108],[443872.650000000023283,214702.93],[443870.44,214702.93],[443867.5577,214702.519300000014482],[443866.580000000016298,214702.38],[443862.71999999997206,214701.64000000001397],[443859.772999999986496,214700.7205],[443850.945,214697.965999999985797],[443848.365999999979977,214704.622],[443844.87400000001071,214703.034000000014203],[443845.916000000026543,214700.578],[443847.46999999997206,214696.916],[443840.460000000020955,214694.85],[443802.44,214681.829999999987194],[443797.94,214680.39000000001397],[443796.960000000020955,214680.03],[443795.789999999979045,214680.91],[443794.289999999979045,214682.01],[443793.74,214682.49],[443792.789999999979045,214683.31],[443791.789999999979045,214684.51],[443790.49,214685.91],[443786.49,214691.51],[443832.82,214709.62],[443867.5577,214722.954999999987194],[443876.60999999998603,214726.43],[443899.419999999983702,214734.950000000011642],[443899.950000000011642,214734.950000000011642],[443902.650000000023283,214735.15],[443908.37,214734.60999999998603],[443910.5,214734.28],[443913.450000000011642,214733.71],[443916.539999999979045,214733.03],[443919.35999999998603,214732.31],[443920.81,214731.920000000012806],[443924.76,214730.74],[443928.62,214729.31],[443929.349999999976717,214729.12],[443937.479999999981374,214726.38],[443965.599999999976717,214717.13],[443969.789999999979045,214715.71],[443971.400000000023283,214715.4],[443972.900000000023283,214714.9],[443973.299999999988358,214714.799999999988358],[443974.799999999988358,214714.1],[443977.81,214712.480000000010477],[443979.19,214711.769999999989523],[443983.51,214709.0],[443984.340000000025611,214708.230000000010477],[443985.270000000018626,214707.019999999989523],[443985.400000000023283,214706.9],[443988.12,214703.63],[443989.830000000016298,214701.450000000011642],[444000.0,214686.97],[444000.849999999976717,214685.76],[444001.849999999976717,214685.91],[444000.849999999976717,214687.66],[444000.0,214689.079999999987194],[443991.82,214702.769999999989523],[443994.479999999981374,214706.03],[443992.979999999981374,214707.730000000010477],[443990.020000000018626,214705.87],[443984.88,214710.46],[443981.01,214712.89000000001397],[443978.340000000025611,214714.35],[443975.700000000011642,214715.6],[443972.900000000023283,214716.700000000011642],[443971.19,214717.19],[443952.020000000018626,214723.65],[443922.13,214733.519999999989523],[443918.849999999976717,214734.43],[443917.150000000023283,214734.82],[443913.960000000020955,214735.6],[443910.700000000011642,214736.29],[443909.37,214736.5],[443906.25,214736.93],[443903.71999999997206,214737.15],[443901.419999999983702,214736.85],[443899.12,214736.450000000011642],[443867.5577,214724.7665],[443865.460000000020955,214723.99],[443832.020000000018626,214711.170000000012806],[443785.31,214693.16],[443776.46720000001369,214705.5363],[443775.5,214706.89000000001397],[443769.39000000001397,214715.60999999998603],[443761.24,214710.56],[443756.35999999998603,214707.57],[443750.049999999988358,214703.10999999998603],[443743.919999999983702,214698.34],[443737.900000000023283,214693.54],[443734.93,214691.25],[443716.99,214676.60999999998603],[443705.950000000011642,214667.04],[443696.85999999998603,214658.56],[443690.81,214652.170000000012806],[443684.87,214645.65],[443682.62,214643.269999999989523],[443671.88,214632.38],[443671.479999999981374,214632.07],[443667.07,214627.99],[443662.650000000023283,214624.329999999987194],[443654.830000000016298,214617.91],[443652.82,214616.47],[443649.909999999974389,214614.13],[443645.849999999976717,214618.06],[443643.53000000002794,214620.420000000012806],[443635.340000000025611,214627.99],[443605.599999999976717,214656.10999999998603],[443583.599999999976717,214676.829999999987194],[443576.849999999976717,214682.93],[443568.82,214690.799999999988358],[443571.520000000018626,214692.14000000001397],[443573.69,214692.5],[443575.090000000025611,214692.799999999988358],[443576.39000000001397,214692.9],[443577.159999999974389,214692.769999999989523],[443578.53000000002794,214725.68],[443578.57,214728.21],[443578.659999999974389,214730.74],[443578.78000000002794,214733.28],[443578.94,214735.81],[443579.13,214738.34],[443579.37,214740.85999999998603],[443579.64000000001397,214743.38],[443580.020000000018626,214746.09],[443580.479999999981374,214748.450000000011642],[443580.539999999979045,214748.75],[443581.159999999974389,214751.04],[443581.89000000001397,214753.29],[443585.169999999983702,214760.920000000012806],[443585.63,214761.950000000011642],[443586.799999999988358,214764.38],[443588.21999999997206,214766.71],[443588.950000000011642,214768.01],[443590.650000000023283,214770.32],[443592.44,214772.63],[443594.31,214774.74],[443596.06,214776.51],[443599.150000000023283,214779.79],[443619.99,214805.4],[443622.89000000001397,214809.0],[443626.090000000025611,214812.5],[443626.590000000025611,214813.1],[443629.89000000001397,214816.4],[443633.39000000001397,214819.5],[443636.99,214822.5],[443645.49,214828.9],[443650.35999999998603,214832.480000000010477],[443655.349999999976717,214835.85999999998603],[443656.62,214836.6],[443661.82,214839.79],[443667.020000000018626,214842.85],[443671.19,214845.230000000010477],[443678.60999999998603,214849.28],[443706.960000000020955,214862.14000000001397],[443730.94,214870.63],[443734.99,214871.9],[443738.89000000001397,214873.299999999988358],[443740.789999999979045,214873.9],[443744.789999999979045,214875.1],[443748.89000000001397,214876.0],[443752.99,214876.700000000011642],[443757.19,214877.200000000011642],[443758.19,214877.299999999988358],[443778.99,214880.700000000011642],[443784.19,214880.799999999988358],[443794.26,214881.59],[443806.789999999979045,214882.5],[443816.39000000001397,214882.16],[443832.900000000023283,214881.14000000001397],[443854.38,214877.84],[443867.5577,214875.5535],[443869.479999999981374,214875.22],[443874.229999999981374,214874.47],[443879.93,214873.15],[443885.659999999974389,214872.13],[443889.10999999998603,214871.420000000012806],[443906.0,214868.07],[443911.520000000018626,214866.85],[443937.28000000002794,214860.96],[443962.64000000001397,214854.89000000001397],[443964.82,214854.59],[443966.89000000001397,214854.18],[443968.789999999979045,214853.56],[443970.82,214852.74],[443972.82,214851.730000000010477],[443974.74,214850.81],[443981.979999999981374,214847.170000000012806],[443989.229999999981374,214843.299999999988358],[443996.69,214838.43],[444000.0,214836.03],[444008.099999999976717,214830.200000000011642],[444026.400000000023283,214818.200000000011642],[444038.599999999976717,214810.4],[444043.700000000011642,214807.299999999988358],[444043.900000000023283,214807.0],[444043.900000000023283,214806.5],[444043.799999999988358,214806.200000000011642],[444047.216100000019651,214806.782199999986915],[444050.019900000013877,214807.26],[444054.200000000011642,214804.5],[444054.369200000015553,214804.371099999989383],[444056.299999999988358,214802.9],[444061.799999999988358,214798.6],[444065.099999999976717,214795.799999999988358],[444070.0,214791.299999999988358],[444074.799999999988358,214786.700000000011642],[444077.700000000011642,214783.700000000011642],[444085.5,214774.9],[444098.799999999988358,214758.799999999988358],[444102.700000000011642,214754.0],[444107.0,214748.799999999988358],[444111.0,214743.5],[444111.299999999988358,214743.0],[444115.400000000023283,214737.0],[444107.910199999983888,214729.0323],[444106.0,214727.0001],[444107.700000000011642,214724.0],[444108.700000000011642,214721.700000000011642],[444109.5,214719.299999999988358],[444110.200000000011642,214717.100100000010571],[444113.900000000023283,214707.5001],[444124.5,214682.100100000010571],[444127.0,214676.299999999988358],[444130.299999999988358,214667.799999999988358],[444131.200000000011642,214665.0],[444132.099999999976717,214660.700000000011642],[444132.599999999976717,214657.299999999988358],[444132.900000000023283,214654.5001],[444133.200000000011642,214652.200099999987287],[444133.099999999976717,214651.0001],[444132.799999999988358,214649.200099999987287],[444132.299999999988358,214647.700099999987287],[444131.799999999988358,214646.5001],[444130.700000000011642,214644.3001],[444129.700000000011642,214642.9001],[444128.599999999976717,214641.700000000011642],[444125.799999999988358,214638.100100000010571],[444116.5,214628.200099999987287],[444113.900000000023283,214625.700000000011642],[444111.599999999976717,214623.200099999987287],[444109.700000000011642,214621.5],[444108.599999999976717,214620.1],[444108.099999999976717,214619.4001],[444106.599999999976717,214617.4],[444104.700000000011642,214614.799999999988358],[444103.200000000011642,214612.4001],[444101.599999999976717,214610.100100000010571],[444099.900000000023283,214607.799999999988358],[444099.799999999988358,214607.600100000010571],[444097.700000000011642,214605.3001],[444097.599999999976717,214605.200099999987287],[444095.0,214602.799999999988358],[444092.599999999976717,214600.9],[444090.299999999988358,214599.299999999988358],[444085.099999999976717,214596.0],[444083.099999999976717,214594.700000000011642],[444081.700000000011642,214593.6],[444080.799999999988358,214592.299999999988358],[444080.099999999976717,214591.0],[444079.200000000011642,214588.700000000011642],[444077.599999999976717,214584.299999999988358],[444075.5,214578.0],[444074.422000000020489,214575.551],[444074.3897,214575.507699999987381],[444071.365,214571.452],[444068.402,214567.642],[444066.284999999974389,214563.832],[444065.862000000022817,214560.445],[444067.555,214556.635],[444069.884000000020023,214552.614],[444072.212,214549.439000000013039],[444074.75199999997858,214549.227000000013504],[444077.292000000015832,214549.862],[444080.212,214547.931000000011409],[444081.590000000025611,214545.59],[444082.32,214544.32],[444083.599999999976717,214542.1],[444085.200000000011642,214539.0],[444085.799999999988358,214537.5],[444086.799999999988358,214534.799999999988358],[444087.799999999988358,214532.0],[444090.099999999976717,214525.9],[444090.400000000023283,214525.1],[444091.700000000011642,214521.6],[444093.599999999976717,214516.9],[444095.700000000011642,214511.1],[444097.0,214507.299999999988358],[444098.099999999976717,214504.299999999988358],[444098.700000000011642,214502.1],[444098.900000000023283,214501.1],[444100.5,214494.9],[444103.799999999988358,214481.0],[444105.0,214476.200000000011642],[444106.0,214472.0],[444106.5,214469.5],[444106.900000000023283,214467.4],[444107.099999999976717,214465.6],[444107.099999999976717,214464.6],[444107.299999999988358,214461.299999999988358],[444107.200000000011642,214458.5],[444107.0,214455.5],[444106.799999999988358,214453.200000000011642],[444106.400000000023283,214449.9],[444106.0,214446.299999999988358],[444105.400000000023283,214437.5],[444105.099999999976717,214429.299999999988358],[444104.700000000011642,214425.799999999988358],[444104.200000000011642,214421.1],[444103.599999999976717,214416.299999999988358],[444102.900000000023283,214411.9],[444102.299999999988358,214408.0],[444101.700000000011642,214405.299999999988358],[444101.599999999976717,214404.700000000011642],[444100.700000000011642,214401.299999999988358],[444099.700000000011642,214397.4],[444098.900000000023283,214394.1],[444098.299999999988358,214391.5],[444097.400000000023283,214388.700000000011642],[444097.299999999988358,214388.5],[444096.0,214384.799999999988358],[444095.700000000011642,214384.1],[444094.299999999988358,214381.0],[444094.099999999976717,214380.5],[444092.599999999976717,214377.299999999988358],[444091.400000000023283,214375.4],[444090.900000000023283,214374.700000000011642],[444089.099999999976717,214371.9],[444087.599999999976717,214370.1],[444086.099999999976717,214368.1],[444084.799999999988358,214366.700000000011642],[444083.799999999988358,214365.799999999988358],[444081.099999999976717,214363.1],[444078.0,214359.799999999988358],[444072.799999999988358,214354.1],[444071.299999999988358,214352.200000000011642],[444069.599999999976717,214349.9],[444068.799999999988358,214348.4],[444068.5,214347.799999999988358],[444067.700000000011642,214345.9],[444067.599999999976717,214345.700000000011642],[444066.900000000023283,214343.799999999988358],[444065.5,214340.1],[444064.700000000011642,214337.299999999988358],[444063.5,214333.5],[444062.799999999988358,214329.700000000011642],[444062.700000000011642,214329.1],[444062.773500000010245,214327.8507],[444062.799999999988358,214327.4],[444062.900000000023283,214327.0],[444057.070799999986775,214325.7328],[444051.400000000023283,214324.5],[444045.200000000011642,214323.299999999988358],[444033.599999999976717,214321.299999999988358],[444022.900000000023283,214319.799999999988358],[444016.799999999988358,214319.299999999988358],[444010.700000000011642,214319.0],[444007.700000000011642,214318.9],[444000.0,214318.71],[443999.5,214318.700000000011642],[443997.132999999972526,214318.44639999998617],[443996.700000000011642,214318.4],[443989.503199999977369,214318.616199999989476],[443973.950200000021141,214319.0835],[443973.400000000023283,214319.1],[443966.400000000023283,214319.5],[443960.799999999988358,214320.0],[443953.900000000023283,214320.9],[443947.5,214322.0],[443939.400000000023283,214323.5],[443933.400000000023283,214324.799999999988358],[443922.0,214327.4],[443913.900000000023283,214329.700000000011642],[443910.44,214330.91],[443909.89000000001397,214331.079999999987194],[443899.700000000011642,214337.0],[443927.43,214376.829999999987194],[443938.210000000020955,214393.07],[443996.950000000011642,214354.68],[444000.0,214352.63],[444001.63,214351.54],[444020.0,214339.69],[444041.099999999976717,214326.34],[444042.099999999976717,214328.04],[444016.14000000001397,214344.5],[444000.0,214355.0],[443996.950000000011642,214356.980000000010477],[443940.01,214394.99],[443927.60999999998603,214402.769999999989523],[443948.150000000023283,214436.79],[443949.64000000001397,214439.549999999988358],[443951.14000000001397,214441.950000000011642],[443951.340000000025611,214442.35],[443953.14000000001397,214444.65],[443960.14000000001397,214453.25],[443962.340000000025611,214455.85],[443964.903,214458.286],[443966.329000000027008,214459.384],[443967.349999999976717,214460.171],[443967.745,214459.847],[443968.0455,214459.6587],[443975.24,214455.15],[443939.650000000023283,214398.63],[443996.950000000011642,214362.079999999987194],[444000.0,214360.0],[444020.849999999976717,214346.43],[444046.549999999988358,214329.769999999989523],[444047.450000000011642,214331.269999999989523],[444039.0,214336.730000000010477],[444018.78000000002794,214349.97],[444000.0,214362.37],[443996.950000000011642,214364.38],[443942.25,214398.730000000010477],[443977.24,214453.950000000011642],[443999.340000000025611,214439.950000000011642],[444000.0,214439.5],[444005.229999999981374,214435.89000000001397],[444027.25,214421.299999999988358],[444048.0,214407.84],[444076.51,214389.07],[444077.409999999974389,214390.769999999989523],[444057.150000000023283,214404.1],[444038.76,214416.0],[444000.0,214441.81],[443999.340000000025611,214442.25],[443979.0,214455.206],[443981.058000000019092,214458.085],[443998.650000000023283,214447.09],[444000.0,214446.18],[444004.0,214443.47],[444022.650000000023283,214431.44],[444047.56,214415.44],[444077.409999999974389,214396.170000000012806],[444078.31,214397.769999999989523],[444068.49,214404.19],[444048.049999999988358,214417.14000000001397],[444023.74,214432.829999999987194],[444000.0,214448.59],[443998.650000000023283,214449.49],[443981.349999999976717,214460.64000000001397],[444000.0,214491.31],[444001.88,214494.41],[444015.157,214514.552],[444032.460000000020955,214503.03],[444049.950000000011642,214491.579999999987194],[444075.93,214474.74],[444091.93,214463.85],[444093.63,214462.85],[444096.93,214461.25],[444097.229999999981374,214461.15],[444099.93,214459.75],[444100.03000000002794,214460.049999999988358],[444093.43,214464.549999999988358],[444077.43,214475.13],[444016.38,214515.91],[444017.680999999982305,214517.946999999985565],[444064.03000000002794,214488.41],[444079.830000000016298,214478.71],[444090.43,214471.81],[444092.330000000016298,214470.91],[444092.53000000002794,214471.91],[444092.43,214472.21],[444092.229999999981374,214472.71],[444091.93,214473.10999999998603],[444091.53000000002794,214473.41],[444091.13,214473.60999999998603],[444090.729999999981374,214473.71],[444087.830000000016298,214475.60999999998603],[444068.229999999981374,214488.71],[444053.26,214498.35999999998603],[444042.229999999981374,214505.54],[444029.03000000002794,214513.81],[444019.479999999981374,214520.21],[444041.710000000020955,214557.480000000010477],[444048.19,214568.230000000010477],[444049.549999999988358,214570.85999999998603],[444049.64000000001397,214571.769999999989523],[444049.63,214572.57],[444049.520000000018626,214573.06],[444049.909999999974389,214573.97],[444050.710000000020955,214574.47],[444051.409999999974389,214575.170000000012806],[444051.909999999974389,214575.769999999989523],[444052.409999999974389,214576.57],[444052.710000000020955,214577.37],[444052.909999999974389,214578.269999999989523],[444053.01,214578.97],[444053.01,214580.07],[444052.909999999974389,214581.07],[444053.01,214581.57],[444053.31,214582.170000000012806],[444053.710000000020955,214582.670000000012806],[444054.01,214582.97],[444054.60999999998603,214583.37],[444055.210000000020955,214583.47],[444055.81,214583.670000000012806],[444055.909999999974389,214583.769999999989523],[444057.409999999974389,214584.47],[444057.51,214584.57],[444058.409999999974389,214585.37],[444059.210000000020955,214586.170000000012806],[444060.01,214587.170000000012806],[444060.710000000020955,214587.97],[444067.039999999979045,214594.579999999987194],[444072.590000000025611,214600.49],[444093.650000000023283,214621.38],[444105.330000000016298,214633.51],[444110.400000000023283,214638.6],[444112.5,214641.0],[444113.099999999976717,214641.9],[444114.099999999976717,214643.5],[444113.799999999988358,214644.5],[444109.5,214640.700000000011642],[444101.599999999976717,214633.049999999988358],[444098.580000000016298,214630.0],[444094.28000000002794,214625.72],[444082.88,214614.41],[444073.039999999979045,214604.329999999987194],[444064.169999999983702,214595.57],[444059.78000000002794,214591.200000000011642],[444058.520000000018626,214590.019999999989523],[444056.909999999974389,214588.57],[444056.710000000020955,214588.47],[444055.81,214588.170000000012806],[444054.909999999974389,214587.97],[444053.909999999974389,214587.97],[444053.710000000020955,214588.07],[444053.01,214588.269999999989523],[444052.31,214588.670000000012806],[444051.710000000020955,214589.07],[444051.12,214590.019999999989523],[444050.840000000025611,214590.74],[444050.659999999974389,214591.37],[444050.19,214592.72],[444049.93,214594.170000000012806],[444049.830000000016298,214594.38],[444044.53000000002794,214614.4],[444039.5,214632.88],[444034.21999999997206,214653.43],[444031.24,214665.87],[444030.24,214669.670000000012806],[444029.840000000025611,214669.769999999989523],[444029.340000000025611,214669.670000000012806],[444028.94,214669.57],[444028.74,214669.47],[444028.44,214669.170000000012806],[444028.24,214668.769999999989523],[444028.24,214668.170000000012806],[444033.210000000020955,214646.63],[444039.76,214619.19],[444045.080000000016298,214598.87],[444048.210000000020955,214587.37],[444049.210000000020955,214583.07],[444049.210000000020955,214581.769999999989523],[444048.909999999974389,214580.57],[444048.60999999998603,214579.769999999989523],[444047.60999999998603,214578.57],[444047.01,214578.170000000012806],[444047.210000000020955,214574.37],[444046.840000000025611,214572.56],[444046.26,214570.85999999998603],[444045.78000000002794,214569.549999999988358],[444044.900000000023283,214567.93],[444043.94,214566.329999999987194],[444043.26,214565.329999999987194],[444033.700000000011642,214549.4],[444017.14000000001397,214521.63],[444017.115,214521.589],[444013.652,214523.829],[444011.881,214524.975],[444008.598,214527.1],[444010.35999999998603,214530.170000000012806],[444011.85999999998603,214532.47],[444014.099999999976717,214536.200000000011642],[444019.729999999981374,214545.88],[444026.32,214557.56],[444031.57,214566.43],[444033.419999999983702,214569.65],[444034.299999999988358,214570.769999999989523],[444035.270000000018626,214571.670000000012806],[444036.35999999998603,214572.49],[444037.549999999988358,214573.21],[444037.849999999976717,214573.32],[444039.14000000001397,214573.84],[444039.577999999979511,214573.984],[444035.087999999988824,214575.611],[444034.38,214575.079999999987194],[444033.599999999976717,214574.269999999989523],[444032.81,214573.26],[444032.03000000002794,214572.15],[444031.549999999988358,214571.14000000001397],[444009.580000000016298,214534.049999999988358],[444004.56,214525.87],[444003.14000000001397,214523.579999999987194],[444002.14000000001397,214521.78],[444000.0,214517.549999999988358],[443999.840000000025611,214517.230000000010477],[443969.25,214467.34],[443968.25,214465.44],[443964.49900000001071,214461.12400000001071],[443957.64000000001397,214453.35],[443955.340000000025611,214450.75],[443953.039999999979045,214447.950000000011642],[443950.94,214445.049999999988358],[443950.44,214444.450000000011642],[443948.539999999979045,214441.35],[443948.44,214441.049999999988358],[443924.81,214401.47],[443936.51,214394.37],[443914.14000000001397,214361.4],[443897.900000000023283,214338.0],[443882.400000000023283,214347.299999999988358],[443880.900000000023283,214344.9],[443895.900000000023283,214335.60999999998603],[443884.0,214339.9],[443881.900000000023283,214340.74],[443877.340000000025611,214342.49],[443867.5577,214346.3658]],[[444067.229999999981374,214691.64000000001397],[444042.419999999983702,214685.480000000010477],[444022.900000000023283,214680.519999999989523],[444001.68,214675.35999999998603],[444000.0,214675.079999999987194],[443996.419999999983702,214674.47],[443962.520000000018626,214666.420000000012806],[443965.400000000023283,214656.200000000011642],[443968.700000000011642,214646.5],[443973.299999999988358,214633.9],[443974.299999999988358,214630.6],[443974.400000000023283,214630.299999999988358],[443975.200000000011642,214627.0],[443975.900000000023283,214623.6],[443976.299999999988358,214620.6],[443976.900000000023283,214615.700000000011642],[443977.400000000023283,214610.799999999988358],[443977.400000000023283,214609.799999999988358],[443978.0,214601.6],[443978.200000000011642,214593.4],[443978.200000000011642,214590.700000000011642],[443977.900000000023283,214585.1],[443977.299999999988358,214579.5],[443976.599999999976717,214573.9],[443975.599999999976717,214568.4],[443975.299999999988358,214567.1],[443974.0,214561.0],[443972.400000000023283,214555.0],[443970.599999999976717,214549.1],[443969.200000000011642,214544.9],[443967.0,214539.4],[443964.700000000011642,214533.9],[443963.200000000011642,214530.799999999988358],[443960.599999999976717,214525.799999999988358],[443957.799999999988358,214520.9],[443955.5,214517.299999999988358],[443944.799999999988358,214498.5],[443946.799999999988358,214497.6],[443961.5,214522.9],[443964.200000000011642,214528.200000000011642],[443965.900000000023283,214531.6],[443968.299999999988358,214537.0],[443970.5,214542.6],[443972.400000000023283,214548.200000000011642],[443972.799999999988358,214549.200000000011642],[443974.299999999988358,214554.700000000011642],[443975.599999999976717,214560.1],[443976.599999999976717,214564.799999999988358],[443978.0,214572.200000000011642],[443979.099999999976717,214579.200000000011642],[443979.799999999988358,214585.799999999988358],[443980.400000000023283,214595.799999999988358],[443980.400000000023283,214601.700000000011642],[443980.200000000011642,214607.700000000011642],[443979.700000000011642,214613.5],[443979.5,214614.700000000011642],[443978.799999999988358,214619.9],[443977.799999999988358,214625.0],[443976.599999999976717,214630.0],[443974.400000000023283,214638.0],[443972.5,214643.799999999988358],[443972.099999999976717,214644.9],[443968.78000000002794,214656.16],[443966.520000000018626,214664.019999999989523],[443996.419999999983702,214671.47],[444000.0,214672.4],[444002.080000000016298,214672.94],[444031.85999999998603,214680.37],[444089.14000000001397,214694.079999999987194],[444108.03000000002794,214698.51],[444111.468,214699.604],[444110.773999999975786,214701.577],[444107.330000000016298,214700.91],[444067.229999999981374,214691.64000000001397]]]]}},
{"type":"Feature","properties":{"mainhabs":"Coastal and floodplain grazing marsh","habcodes":"CFPGM","featdesc":null,"featcodes":null,"otherclass":null,"addhabs":null,"primsource":"Oxfordshire Expert Knowledge Capture 2009 (CFPGM)","areaha":0.06,"version":"Sep_25","uid":"PHID44399375_021449368","shape_length":null,"shape_area":null},"geometry":{"type":"MultiPolygon","coordinates":[[[[444015.754000000015367,214519.428000000014435],[444014.115,214517.404],[444005.840000000025611,214504.6],[444000.0,214494.99],[443998.01,214491.72],[443979.549999999988358,214461.74],[443971.75,214466.74],[443999.840000000025611,214512.480000000010477],[444000.0,214512.75],[444007.26,214524.769999999989523],[444007.425999999977648,214525.057999999989988],[444011.188000000023749,214522.514],[444012.559,214521.587999999988824],[444015.754000000015367,214519.428000000014435]]]]}},
{"type":"Feature","properties":{"mainhabs":"Deciduous woodland","habcodes":"DWOOD","featdesc":null,"featcodes":null,"otherclass":null,"addhabs":null,"primsource":"National Forest Inventory 2023 (DWOOD)","areaha":40.37,"version":"Sep_25","uid":"PHID44316158_021498962","shape_length":null,"shape_area":null},"geometry":{"type":"MultiPolygon","coordinates":[[[[442814.37,215460.9],[442810.57,215458.51],[442808.450000000011642,215457.18],[442809.450000000011642,215459.18],[442809.830000000016298,215459.71],[442814.099999999976717,215465.34],[442821.450000000011642,215476.18],[442826.049999999988358,215484.28],[442826.76,215486.299999999988358],[442829.229999999981374,215490.72],[442830.39000000001397,215494.54],[442830.64000000001397,215499.85999999998603],[442829.599999999976717,215505.519999999989523],[442827.200000000011642,215513.13],[442825.62,215517.51],[442823.150000000023283,215526.18],[442819.13,215539.480000000010477],[442818.650000000023283,215541.079999999987194],[442816.229999999981374,215549.35999999998603],[442814.99,215552.82],[442811.74,215561.1],[442808.340000000025611,215568.6],[442802.64000000001397,215580.5],[442795.64000000001397,215592.9],[442787.479999999981374,215608.31],[442786.25,215610.38],[442777.150000000023283,215625.480000000010477],[442769.650000000023283,215638.68],[442767.909999999974389,215641.53],[442763.44,215647.71],[442757.710000000020955,215654.79],[442752.76,215661.57],[442747.159999999974389,215668.01],[442739.85999999998603,215676.01],[442734.460000000020955,215681.41],[442729.159999999974389,215686.10999999998603],[442721.35999999998603,215692.10999999998603],[442691.159999999974389,215716.01],[442672.159999999974389,215731.71],[442658.659999999974389,215742.31],[442645.960000000020955,215751.91],[442642.340000000025611,215755.299999999988358],[442647.799,215759.245],[442645.090000000025611,215762.480000000010477],[442644.38,215763.170000000012806],[442653.960000000020955,215770.10999999998603],[442674.090000000025611,215784.299999999988358],[442682.289999999979045,215790.57],[442684.549999999988358,215791.03],[442687.159999999974389,215790.44],[442697.289999999979045,215785.39000000001397],[442700.53000000002794,215782.76],[442705.10999999998603,215777.85999999998603],[442706.599999999976717,215776.170000000012806],[442706.75,215776.03],[442711.99,215771.19],[442712.669999999983702,215770.57],[442720.0,215764.10999999998603],[442729.979999999981374,215756.44],[442739.06,215751.329999999987194],[442744.049999999988358,215749.6],[442760.169999999983702,215745.950000000011642],[442779.830000000016298,215742.5],[442784.35999999998603,215742.829999999987194],[442792.650000000023283,215742.66],[442807.5,215741.700000000011642],[442821.06,215740.1],[442830.770000000018626,215738.22],[442840.460000000020955,215735.44],[442852.39000000001397,215731.519999999989523],[442853.099999999976717,215731.230000000010477],[442863.270000000018626,215727.21],[442878.63,215720.269999999989523],[442889.090000000025611,215715.579999999987194],[442895.039999999979045,215713.01],[442945.159999999974389,215687.78],[442960.26,215678.980000000010477],[442984.580000000016298,215661.69],[442989.349999999976717,215657.25],[442992.74,215651.03],[442994.53000000002794,215642.799999999988358],[442995.159999999974389,215632.34],[442994.799999999988358,215628.769999999989523],[442994.400000000023283,215624.07],[442994.44,215621.22],[442994.169999999983702,215617.049999999988358],[442987.020000000018626,215617.68],[442984.13,215617.93],[442984.28000000002794,215619.32],[442984.38,215623.72],[442983.580000000016298,215629.32],[442982.68,215631.22],[442981.580000000016298,215633.62],[442978.68,215634.72],[442977.18,215634.32],[442974.68,215633.12],[442971.479999999981374,215630.519999999989523],[442962.38,215617.22],[442959.18,215612.32],[442956.979999999981374,215610.019999999989523],[442954.18,215607.519999999989523],[442948.68,215602.920000000012806],[442943.78000000002794,215598.519999999989523],[442941.979999999981374,215596.22],[442940.68,215593.519999999989523],[442940.580000000016298,215593.32],[442940.28000000002794,215591.82],[442940.18,215591.22],[442940.18,215590.72],[442940.28000000002794,215590.22],[442940.28000000002794,215589.62],[442940.38,215589.12],[442940.580000000016298,215588.62],[442940.68,215588.019999999989523],[442940.979999999981374,215587.519999999989523],[442942.28000000002794,215583.82],[442942.479999999981374,215583.420000000012806],[442942.88,215582.82],[442943.479999999981374,215582.22],[442943.88,215581.72],[442944.38,215581.22],[442944.979999999981374,215580.72],[442945.479999999981374,215580.32],[442945.979999999981374,215580.019999999989523],[442946.580000000016298,215579.62],[442947.18,215579.32],[442948.080000000016298,215578.82],[442949.080000000016298,215578.32],[442950.080000000016298,215577.920000000012806],[442950.979999999981374,215577.519999999989523],[442951.979999999981374,215577.12],[442952.38,215577.019999999989523],[442953.38,215576.62],[442954.479999999981374,215576.32],[442955.479999999981374,215576.019999999989523],[442956.479999999981374,215575.82],[442957.479999999981374,215575.519999999989523],[442957.78000000002794,215575.420000000012806],[442962.38,215574.420000000012806],[442964.78000000002794,215573.920000000012806],[442965.479999999981374,215573.82],[442970.479999999981374,215573.32],[442976.10999999998603,215572.5],[442975.89000000001397,215570.16],[442970.580000000016298,215571.12],[442960.68,215572.12],[442952.38,215574.62],[442942.68,215579.019999999989523],[442942.38,215578.84],[442942.07,215578.68],[442941.76,215578.549999999988358],[442941.43,215578.43],[442941.099999999976717,215578.329999999987194],[442940.76,215578.25],[442940.409999999974389,215578.19],[442940.06,215578.15],[442939.710000000020955,215578.12],[442939.349999999976717,215578.10999999998603],[442938.979999999981374,215578.12],[442938.62,215578.14000000001397],[442938.25,215578.170000000012806],[442937.88,215578.22],[442937.5,215578.28],[442936.76,215578.44],[442936.39000000001397,215578.54],[442936.020000000018626,215578.65],[442935.080000000016298,215578.829999999987194],[442934.60999999998603,215578.94],[442934.14000000001397,215579.07],[442933.68,215579.19],[442933.24,215579.329999999987194],[442932.78000000002794,215579.49],[442932.349999999976717,215579.65],[442931.909999999974389,215579.81],[442931.080000000016298,215580.15],[442930.68,215580.34],[442925.549999999988358,215555.4],[442905.659999999974389,215558.64000000001397],[442930.60999999998603,215488.94],[442981.87,215489.9],[442981.68,215488.79],[442982.18,215447.76],[442984.64000000001397,215445.13],[442986.849999999976717,215442.91],[442990.599999999976717,215436.1],[442992.479999999981374,215433.37],[442994.85999999998603,215431.66],[442998.099999999976717,215430.81],[443000.0,215430.81],[443001.849999999976717,215430.980000000010477],[443003.729999999981374,215430.13],[443006.62,215427.4],[443008.669999999983702,215426.72],[443011.229999999981374,215426.89000000001397],[443012.93,215428.079999999987194],[443014.81,215429.450000000011642],[443015.830000000016298,215430.980000000010477],[443018.39000000001397,215432.170000000012806],[443020.599999999976717,215433.03],[443024.520000000018626,215433.88],[443028.44,215436.60999999998603],[443032.700000000011642,215442.230000000010477],[443035.090000000025611,215447.450000000011642],[443040.93,215441.6],[443046.69,215435.68],[443052.549999999988358,215429.49],[443058.24,215423.170000000012806],[443065.82,215414.25],[443072.94,215405.25],[443078.330000000016298,215398.09],[443083.400000000023283,215390.74],[443084.479999999981374,215388.97],[443085.479999999981374,215387.12],[443086.37,215385.24],[443087.18,215383.299999999988358],[443087.89000000001397,215381.329999999987194],[443088.5,215379.35999999998603],[443088.85999999998603,215377.950000000011642],[443089.159999999974389,215376.519999999989523],[443089.409999999974389,215375.07],[443089.63,215373.6],[443090.01,215370.60999999998603],[443090.200000000011642,215369.09],[443090.409999999974389,215367.57],[443090.650000000023283,215366.04],[443090.94,215364.519999999989523],[443091.289999999979045,215363.0],[443091.96999999997206,215360.43],[443092.71999999997206,215357.89000000001397],[443093.549999999988358,215355.35999999998603],[443094.46999999997206,215352.85999999998603],[443095.46999999997206,215350.39000000001397],[443096.580000000016298,215347.950000000011642],[443097.13,215346.9],[443097.76,215345.89000000001397],[443098.450000000011642,215344.93],[443099.18,215344.01],[443099.960000000020955,215343.14000000001397],[443100.76,215342.299999999988358],[443101.590000000025611,215341.49],[443102.43,215340.71],[443103.270000000018626,215339.96],[443104.39000000001397,215338.99],[443105.520000000018626,215338.019999999989523],[443106.669999999983702,215337.07],[443107.840000000025611,215336.12],[443109.020000000018626,215335.19],[443110.21999999997206,215334.28],[443111.44,215333.39000000001397],[443112.69,215332.53],[443113.950000000011642,215331.71],[443115.25,215330.920000000012806],[443116.56,215330.18],[443117.900000000023283,215329.480000000010477],[443119.270000000018626,215328.84],[443120.669999999983702,215328.25],[443122.080000000016298,215327.72],[443124.01,215327.06],[443125.93,215326.41],[443127.840000000025611,215325.76],[443131.700000000011642,215324.480000000010477],[443133.62,215323.84],[443135.549999999988358,215323.21],[443137.419999999983702,215322.59],[443139.289999999979045,215321.980000000010477],[443141.31,215321.31],[443154.799999999988358,215316.950000000011642],[443155.599999999976717,215316.5],[443156.450000000011642,215315.96],[443157.270000000018626,215315.37],[443158.080000000016298,215314.74],[443158.87,215314.07],[443159.64000000001397,215313.37],[443160.400000000023283,215312.64000000001397],[443161.150000000023283,215311.89000000001397],[443161.900000000023283,215311.10999999998603],[443163.39000000001397,215309.519999999989523],[443164.14000000001397,215308.71],[443164.89000000001397,215307.91],[443165.659999999974389,215307.1],[443166.44,215306.31],[443167.24,215305.53],[443168.06,215304.769999999989523],[443182.14000000001397,215292.299999999988358],[443183.229999999981374,215291.59],[443184.349999999976717,215291.019999999989523],[443185.49,215290.56],[443186.650000000023283,215290.18],[443187.82,215289.85999999998603],[443188.979999999981374,215289.579999999987194],[443190.13,215289.31],[443191.270000000018626,215289.06],[443192.37,215288.78],[443193.43,215288.480000000010477],[443194.479999999981374,215288.12],[443198.400000000023283,215286.69],[443202.25,215285.200000000011642],[443205.89000000001397,215283.41],[443206.599999999976717,215282.950000000011642],[443207.299999999988358,215282.43],[443207.979999999981374,215281.85],[443208.63,215281.230000000010477],[443209.270000000018626,215280.57],[443209.900000000023283,215279.87],[443210.53000000002794,215279.14000000001397],[443211.150000000023283,215278.4],[443212.43,215276.88],[443213.099999999976717,215276.12],[443213.789999999979045,215275.37],[443214.520000000018626,215274.65],[443215.28000000002794,215273.96],[443217.64000000001397,215271.950000000011642],[443220.03000000002794,215269.99],[443222.44,215268.06],[443224.89000000001397,215266.16],[443227.38,215264.28],[443229.299999999988358,215263.019999999989523],[443231.32,215261.93],[443233.35999999998603,215260.950000000011642],[443235.330000000016298,215260.01],[443237.210000000020955,215259.01],[443238.960000000020955,215257.89000000001397],[443239.51,215257.44],[443240.01,215256.94],[443240.46999999997206,215256.38],[443240.909999999974389,215255.76],[443241.330000000016298,215255.1],[443241.729999999981374,215254.4],[443242.12,215253.66],[443242.51,215252.89000000001397],[443242.909999999974389,215252.12],[443243.330000000016298,215251.329999999987194],[443243.770000000018626,215250.54],[443244.25,215249.76],[443244.789999999979045,215249.0],[443245.38,215248.269999999989523],[443246.03000000002794,215247.6],[443246.93,215246.78],[443247.830000000016298,215245.980000000010477],[443248.75,215245.21],[443249.69,215244.46],[443250.64000000001397,215243.72],[443251.60999999998603,215243.01],[443252.599999999976717,215242.32],[443253.590000000025611,215241.64000000001397],[443254.599999999976717,215240.99],[443255.63,215240.35],[443256.659999999974389,215239.74],[443257.710000000020955,215239.15],[443258.76,215238.57],[443259.82,215238.019999999989523],[443260.89000000001397,215237.480000000010477],[443261.88,215237.01],[443293.38,215216.28],[443331.340000000025611,215187.91],[443336.68,215183.670000000012806],[443365.31,215160.96],[443365.49800000002142,215160.821999999985565],[443358.88900000002468,215161.006],[443356.117000000027474,215161.006],[443352.75,215159.422],[443333.343,215154.471],[443333.145000000018626,215153.481],[443338.294,215146.549999999988358],[443345.224999999976717,215146.946],[443356.512999999977183,215150.114],[443366.810999999986961,215152.293],[443370.572999999974854,215149.321999999985565],[443368.791000000026543,215141.203],[443359.680999999982305,215136.054],[443350.571999999985565,215132.093],[443321.065,215130.509],[443317.5,215133.083000000013271],[443314.53000000002794,215140.807],[443318.093999999982771,215147.144],[443324.034999999974389,215155.461000000010245],[443323.441,215158.432],[443319.282,215160.214],[443294.131999999983236,215160.214],[443275.913,215159.026000000012573],[443267.992000000027474,215156.253],[443268.586000000010245,215151.699],[443271.952,215145.56],[443278.288999999989755,215139.817000000010012],[443281.26,215136.846],[443287.794999999983702,215137.044],[443299.677000000025146,215136.647999999986496],[443307.797000000020489,215131.103],[443316.707999999984168,215127.935],[443316.311999999976251,215124.37],[443308.391,215121.399],[443299.281000000017229,215117.835],[443282.843999999982771,215103.973],[443280.766,215100.231],[443281.457999999984168,215098.625],[443291.718,215103.204999999987194],[443292.548,215103.576],[443299.163999999989755,215105.48499999998603],[443302.846000000019558,215106.547],[443315.321999999985565,215110.112],[443328.194000000017695,215117.241],[443340.472,215122.192000000010012],[443355.522999999986496,215126.548],[443356.520000000018626,215127.159000000014203],[443360.778999999980442,215129.769999999989523],[443361.662000000011176,215130.310999999986961],[443371.564000000013039,215133.083000000013271],[443373.878000000026077,215134.989],[443374.93,215135.856],[443375.919999999983702,215141.203],[443375.592,215147.981999999989057],[443375.326,215153.481],[443374.664999999979045,215154.12400000001071],[443376.1334,215153.051100000011502],[443376.13900000002468,215153.047],[443457.0,215093.96],[443461.020000000018626,215099.1],[443574.37,215000.519999999989523],[443574.44,215000.0],[443599.07,214975.96],[443640.07,214942.230000000010477],[443654.07,214934.49],[443680.830000000016298,214906.920000000012806],[443676.14000000001397,214904.920000000012806],[443654.020000000018626,214894.62],[443608.10999999998603,214869.76],[443567.039999999979045,214847.68],[443560.979999999981374,214844.37],[443554.71999999997206,214841.25],[443554.419999999983702,214841.15],[443548.12,214838.450000000011642],[443546.24,214837.63],[443541.210000000020955,214835.85],[443536.18,214834.18],[443534.5,214833.549999999988358],[443519.39000000001397,214828.53],[443511.599999999976717,214825.519999999989523],[443507.76,214823.87],[443500.76,214820.68],[443493.87,214817.18],[443493.68,214817.079999999987194],[443489.650000000023283,214814.63],[443485.63,214811.980000000010477],[443481.799999999988358,214809.14000000001397],[443478.080000000016298,214806.19],[443474.14000000001397,214802.79],[443470.31,214799.26],[443466.68,214795.549999999988358],[443463.24,214791.75],[443462.169999999983702,214790.44],[443459.039999999979045,214786.43],[443456.090000000025611,214782.230000000010477],[443453.26,214777.93],[443450.520000000018626,214773.63],[443450.14000000001397,214772.93],[443443.89000000001397,214763.14000000001397],[443437.93,214753.04],[443434.43,214746.65],[443429.13,214737.74],[443424.10999999998603,214728.5],[443424.0,214728.200000000011642],[443416.049999999988358,214713.85999999998603],[443413.900000000023283,214710.34],[443411.64000000001397,214706.799999999988358],[443409.07,214703.5],[443406.43,214700.299999999988358],[443404.960000000020955,214698.65],[443402.10999999998603,214695.549999999988358],[443399.07,214692.670000000012806],[443395.94,214689.99],[443393.76,214688.35999999998603],[443395.19,214685.6],[443428.479999999981374,214658.769999999989523],[443437.78000000002794,214648.549999999988358],[443491.94,214683.6],[443504.865,214661.834],[443512.272999999986496,214668.396],[443491.900000000023283,214700.769999999989523],[443495.669999999983702,214702.07],[443504.919999999983702,214704.4],[443508.900000000023283,214704.769999999989523],[443509.39000000001397,214704.76],[443513.57,214704.94],[443518.94,214705.0],[443522.210000000020955,214704.579999999987194],[443523.700000000011642,214704.37],[443526.18,214703.97],[443526.68,214703.87],[443529.06,214703.15],[443533.419999999983702,214701.730000000010477],[443564.299999999988358,214685.799999999988358],[443564.099999999976717,214684.700000000011642],[443563.89000000001397,214683.6],[443563.39000000001397,214679.0],[443562.69,214674.0],[443562.19,214670.5],[443558.78000000002794,214658.41],[443554.99,214650.9],[443523.950000000011642,214621.44],[443517.24,214615.41],[443489.849999999976717,214588.09],[443484.31,214583.25],[443476.700000000011642,214576.670000000012806],[443468.12,214570.549999999988358],[443450.24,214558.170000000012806],[443441.900000000023283,214553.26],[443437.729999999981374,214551.12],[443435.919999999983702,214550.269999999989523],[443432.32,214548.68],[443428.5,214547.230000000010477],[443424.729999999981374,214545.950000000011642],[443424.24910000001546,214545.7977],[443422.520000000018626,214545.25],[443419.919999999983702,214544.59],[443417.39000000001397,214543.82],[443414.770000000018626,214543.15],[443412.159999999974389,214542.69],[443411.950000000011642,214542.69],[443410.539999999979045,214542.31],[443409.13,214542.13],[443408.53000000002794,214542.14000000001397],[443407.93,214542.44],[443407.330000000016298,214542.84],[443406.830000000016298,214543.34],[443406.53000000002794,214543.94],[443401.229999999981374,214549.84],[443401.158600000024308,214549.911400000011781],[443400.546099999977741,214550.5239],[443400.53000000002794,214550.54],[443399.43,214551.44],[443398.330000000016298,214552.14000000001397],[443398.13,214552.24],[443396.63,214552.94],[443395.03000000002794,214553.44],[443393.43,214553.84],[443391.830000000016298,214554.04],[443389.03000000002794,214553.94],[443385.63,214553.34],[443385.330000000016298,214553.34],[443382.14000000001397,214552.730000000010477],[443378.950000000011642,214551.93],[443375.85999999998603,214550.93],[443371.8663,214549.422400000010384],[443349.82,214541.1],[443344.539999999979045,214539.69],[443312.590000000025611,214552.46],[443283.599999999976717,214564.57],[443281.830000000016298,214565.29],[443279.25,214566.519999999989523],[443276.88,214567.950000000011642],[443273.710000000020955,214570.079999999987194],[443271.460000000020955,214571.91],[443271.049999999988358,214572.26],[443269.580000000016298,214573.43],[443267.659999999974389,214575.10999999998603],[443267.200000000011642,214575.53],[443264.299999999988358,214578.31],[443261.64000000001397,214580.99],[443258.94,214584.16],[443256.53000000002794,214587.35999999998603],[443243.710000000020955,214605.79],[443241.7965,214606.922400000010384],[443236.876500000013039,214609.8341],[443229.549999999988358,214614.170000000012806],[443226.51,214618.200000000011642],[443213.099999999976717,214635.54],[443211.64000000001397,214636.56],[443198.289999999979045,214645.91],[443181.07,214656.84],[443168.88,214664.16],[443158.200000000011642,214669.5],[443156.69,214672.01],[443141.830000000016298,214696.57],[443138.409999999974389,214701.89000000001397],[443133.080000000016298,214712.56],[443107.71999999997206,214762.35999999998603],[443105.950000000011642,214765.72],[443103.10999999998603,214771.65],[443100.60999999998603,214777.85],[443099.01,214782.15],[443097.51,214786.549999999988358],[443096.210000000020955,214790.950000000011642],[443096.01,214791.75],[443094.51,214798.75],[443092.10999999998603,214807.549999999988358],[443090.37,214816.60999999998603],[443079.25,214856.37],[443073.06,214877.799999999988358],[443071.85999999998603,214882.1],[443067.06,214902.4],[443066.960000000020955,214903.299999999988358],[443066.159999999974389,214907.299999999988358],[443064.76,214915.4],[443063.85999999998603,214919.299999999988358],[443062.659999999974389,214923.200000000011642],[443058.460000000020955,214933.9],[443056.85999999998603,214938.5],[443055.76,214942.0],[443054.56,214946.700000000011642],[443053.56,214951.4],[443053.26,214953.0],[443052.56,214957.799999999988358],[443052.06,214962.6],[443051.76,214967.4],[443050.960000000020955,214976.4],[443034.5,215000.0],[443027.37,215010.03],[443025.32,215012.78],[443022.75,215016.75],[443020.020000000018626,215020.480000000010477],[443016.28000000002794,215024.769999999989523],[443011.479999999981374,215029.87],[443007.78000000002794,215033.269999999989523],[443004.88,215035.269999999989523],[443000.0,215039.049999999988358],[442988.88,215047.670000000012806],[442980.479999999981374,215054.670000000012806],[442965.080000000016298,215067.269999999989523],[442913.5,215110.97],[442909.340000000025611,215114.519999999989523],[442901.340000000025611,215121.62],[442894.159999999974389,215128.53],[442884.770000000018626,215136.920000000012806],[442878.14000000001397,215143.14000000001397],[442870.26,215151.24],[442861.87,215160.10999999998603],[442852.090000000025611,215170.96],[442843.919999999983702,215180.22],[442837.71999999997206,215187.35],[442833.68,215192.049999999988358],[442830.37,215196.269999999989523],[442828.270000000018626,215200.450000000011642],[442825.78000000002794,215205.51],[442823.18,215210.980000000010477],[442820.96999999997206,215216.53],[442818.76,215222.69],[442816.93,215228.25],[442815.26,215233.66],[442814.330000000016298,215237.700000000011642],[442813.729999999981374,215243.44],[442813.14000000001397,215249.269999999989523],[442813.549999999988358,215254.920000000012806],[442814.46999999997206,215258.980000000010477],[442816.659999999974389,215266.4],[442818.039999999979045,215272.6],[442819.71999999997206,215280.29],[442821.96999999997206,215286.22],[442826.57,215298.35999999998603],[442832.020000000018626,215309.74],[442834.979999999981374,215316.51],[442835.770000000018626,215319.68],[442837.32,215325.63],[442837.299999999988358,215334.85],[442837.549999999988358,215337.230000000010477],[442837.669999999983702,215338.41],[442839.03000000002794,215342.41],[442840.450000000011642,215345.18],[442843.349999999976717,215344.66],[442847.96999999997206,215344.700000000011642],[442848.87,215345.4],[442849.37,215346.0],[442849.669999999983702,215348.200000000011642],[442849.21999999997206,215354.25],[442847.909999999974389,215362.22],[442847.409999999974389,215363.72],[442846.06,215367.46],[442845.49,215369.420000000012806],[442845.46999999997206,215373.170000000012806],[442844.400000000023283,215379.06],[442843.210000000020955,215386.41],[442840.62,215392.700000000011642],[442836.599999999976717,215401.230000000010477],[442832.979999999981374,215409.46],[442828.87,215422.1],[442825.62,215437.9],[442824.24,215444.480000000010477],[442822.020000000018626,215449.579999999987194],[442819.200000000011642,215453.5],[442816.25,215457.299999999988358],[442816.14000000001397,215457.579999999987194],[442815.960000000020955,215457.76],[442815.849999999976717,215458.04],[442815.69,215458.41],[442815.340000000025611,215458.950000000011642],[442814.75,215459.89000000001397],[442814.78000000002794,215460.03],[442814.60999999998603,215460.29],[442814.53000000002794,215460.62],[442814.37,215460.9]],[[443538.044,214675.856999999989057],[443536.721000000019558,214676.915],[443534.604,214677.973],[443531.957999999984168,214678.635],[443528.783,214678.767],[443525.476000000024214,214678.767],[443522.169,214677.709],[443518.994,214675.725],[443514.76,214672.416999999986729],[443513.542000000015832,214669.495],[443513.436999999976251,214669.242],[443513.173,214666.99299999998766],[443515.157,214663.951],[443515.221000000019558,214663.865],[443517.142,214661.305],[443519.787000000011176,214659.188],[443523.492000000027474,214656.541999999986729],[443527.593,214655.616],[443529.708999999973457,214655.748],[443532.354999999981374,214656.807],[443535.927000000025146,214659.585],[443537.647,214661.834],[443538.572999999974854,214664.480000000010477],[443538.308000000019092,214667.258],[443538.308000000019092,214669.771],[443538.837,214673.079],[443538.044,214675.856999999989057]],[[443433.960000000020955,214891.71],[443473.57,214813.57],[443552.81,214848.420000000012806],[443513.93,214926.200000000011642],[443433.960000000020955,214891.71]],[[443212.343999999982771,215147.54],[443200.462,215153.877],[443195.115,215146.946],[443202.837999999988824,215136.647999999986496],[443220.662000000011176,215129.123],[443234.722,215119.022999999986496],[443243.832,215110.112],[443244.03000000002794,215103.973],[443239.870999999984633,215098.229],[443243.435,215092.684],[443243.788999999989755,215091.942000000010012],[443245.681999999971595,215087.968],[443250.484,215087.293],[443255.802000000025146,215089.238000000012107],[443255.886,215091.712],[443255.912000000011176,215092.487],[443251.555,215096.644999999989523],[443250.565,215103.378],[443257.892,215111.299999999988358],[443261.65500000002794,215118.825000000011642],[443250.565,215124.568],[443242.049,215129.717],[443233.533999999985099,215138.826],[443227.791000000026543,215138.628],[443212.343999999982771,215147.54]],[[442953.12,215359.980000000010477],[442948.21999999997206,215347.68],[442956.82,215344.28],[442960.919999999983702,215354.68],[442958.71999999997206,215358.18],[442953.12,215359.980000000010477]],[[442907.53000000002794,215690.35],[442907.080000000016298,215688.700000000011642],[442906.88,215686.1],[442906.88,215684.9],[442906.979999999981374,215684.5],[442906.979999999981374,215684.299999999988358],[442907.18,215683.799999999988358],[442907.78000000002794,215682.6],[442908.38,215681.799999999988358],[442909.080000000016298,215681.299999999988358],[442911.580000000016298,215682.0],[442913.78000000002794,215685.6],[442916.38,215690.5],[442916.38,215692.700000000011642],[442916.28000000002794,215693.0],[442916.18,215693.6],[442915.979999999981374,215694.200000000011642],[442915.979999999981374,215694.4],[442915.88,215694.6],[442915.580000000016298,215695.5],[442915.479999999981374,215695.700000000011642],[442915.38,215696.0],[442914.88,215696.5],[442914.580000000016298,215696.700000000011642],[442912.979999999981374,215697.700000000011642],[442911.68,215698.1],[442910.88,215697.799999999988358],[442910.080000000016298,215696.0],[442908.479999999981374,215693.799999999988358],[442907.53000000002794,215690.35]]]]}},
{"type":"Feature","properties":{"mainhabs":"Deciduous woodland","habcodes":"DWOOD","featdesc":null,"featcodes":null,"otherclass":null,"addhabs":"CFPGM","primsource":"National Forest Inventory 2023 (DWOOD)","areaha":2.07,"version":"Sep_25","uid":"PHID44351137_021440669","shape_length":null,"shape_area":null},"geometry":{"type":"MultiPolygon","coordinates":[[[[443351.400100000028033,214380.14000000001397],[443352.24,214391.76],[443373.39000000001397,214393.43],[443399.21999999997206,214395.63],[443402.06,214395.87],[443406.03000000002794,214396.39000000001397],[443409.289999999979045,214396.91],[443413.159999999974389,214397.72],[443417.01,214398.74],[443419.799999999988358,214399.549999999988358],[443424.539999999979045,214401.07],[443429.19,214402.88],[443432.46999999997206,214404.29],[443464.71999999997206,214418.87],[443480.44,214426.21],[443486.169999999983702,214428.920000000012806],[443491.710000000020955,214431.93],[443493.590000000025611,214432.93],[443498.919999999983702,214436.24],[443504.270000000018626,214439.64000000001397],[443506.63,214441.35],[443511.669999999983702,214445.14000000001397],[443516.60999999998603,214449.04],[443517.99,214450.14000000001397],[443523.81,214455.24],[443526.580000000016298,214457.730000000010477],[443549.419999999983702,214484.950000000011642],[443566.539999999979045,214507.57],[443577.349999999976717,214523.01],[443585.039999999979045,214532.99],[443586.51,214534.78],[443594.567700000014156,214544.535200000012992],[443594.580000000016298,214544.549999999988358],[443599.60999999998603,214550.43],[443618.81,214573.829999999987194],[443628.909999999974389,214586.329999999987194],[443642.710000000020955,214600.730000000010477],[443649.53000000002794,214607.25],[443652.409999999974389,214604.230000000010477],[443656.99,214599.41],[443658.210000000020955,214598.13],[443635.210000000020955,214571.93],[443642.60999999998603,214563.5],[443651.60999999998603,214566.5],[443654.01,214567.5],[443656.01,214568.200000000011642],[443658.60999999998603,214568.9],[443661.01,214569.4],[443663.909999999974389,214569.799999999988358],[443666.10999999998603,214570.1],[443668.81,214570.299999999988358],[443669.10999999998603,214572.6],[443669.10999999998603,214573.6],[443669.01,214574.6],[443668.82,214575.6],[443668.419999999983702,214576.60999999998603],[443667.919999999983702,214577.41],[443666.21999999997206,214581.700000000011642],[443667.87,214582.35],[443669.349999999976717,214581.35999999998603],[443671.349999999976717,214572.56],[443671.039999999979045,214568.769999999989523],[443670.549999999988358,214564.76],[443669.840000000025611,214560.66],[443669.74,214560.46],[443668.849999999976717,214556.549999999988358],[443667.75,214552.64000000001397],[443667.06,214550.54],[443665.659999999974389,214547.13],[443664.159999999974389,214543.81],[443662.460000000020955,214540.60999999998603],[443662.159999999974389,214539.9],[443659.460000000020955,214535.0],[443657.35999999998603,214531.38],[443654.659999999974389,214527.47],[443648.94,214519.97],[443648.150000000023283,214519.07],[443638.46999999997206,214506.14000000001397],[443632.169999999983702,214498.53],[443628.020000000018626,214493.78],[443622.400000000023283,214487.65],[443618.729999999981374,214484.0],[443586.85999999998603,214449.920000000012806],[443580.049999999988358,214442.700000000011642],[443561.340000000025611,214424.480000000010477],[443554.46999999997206,214418.079999999987194],[443541.539999999979045,214405.38],[443538.89000000001397,214402.64000000001397],[443536.46999999997206,214399.799999999988358],[443534.99,214397.99],[443532.76,214394.94],[443530.729999999981374,214391.69],[443528.93,214388.49],[443528.229999999981374,214387.09],[443525.43,214381.89000000001397],[443523.729999999981374,214378.19],[443520.210000000020955,214370.04],[443485.270000000018626,214363.85],[443483.49,214363.5],[443414.99,214350.1],[443358.19,214338.91],[443351.400100000028033,214380.14000000001397]]]]}},
{"type":"Feature","properties":{"mainhabs":"Deciduous woodland","habcodes":"DWOOD","featdesc":null,"featcodes":null,"otherclass":null,"addhabs":"CFPGM","primsource":"National Forest Inventory 2023 (DWOOD)","areaha":1.25,"version":"Sep_25","uid":"PHID44369755_021455379","shape_length":null,"shape_area":null},"geometry":{"type":"MultiPolygon","coordinates":[[[[443685.03000000002794,214580.21],[443684.25,214582.81],[443679.909999999974389,214585.200000000011642],[443675.460000000020955,214588.34],[443677.60999999998603,214591.299999999988358],[443675.31,214593.0],[443673.090000000025611,214590.04],[443669.909999999974389,214592.79],[443665.21999999997206,214597.10999999998603],[443659.56,214602.88],[443655.31,214607.13],[443650.145000000018626,214613.554],[443649.909999999974389,214614.13],[443652.82,214616.47],[443654.830000000016298,214617.91],[443662.650000000023283,214624.329999999987194],[443667.07,214627.99],[443671.479999999981374,214632.07],[443671.88,214632.38],[443682.62,214643.269999999989523],[443684.87,214645.65],[443690.81,214652.170000000012806],[443696.85999999998603,214658.56],[443705.950000000011642,214667.04],[443716.99,214676.60999999998603],[443734.93,214691.25],[443737.900000000023283,214693.54],[443743.919999999983702,214698.34],[443750.049999999988358,214703.10999999998603],[443756.35999999998603,214707.57],[443761.24,214710.56],[443769.39000000001397,214715.60999999998603],[443775.5,214706.89000000001397],[443776.46720000001369,214705.5363],[443785.31,214693.16],[443786.49,214691.51],[443790.49,214685.91],[443791.789999999979045,214684.51],[443792.789999999979045,214683.31],[443793.74,214682.49],[443794.289999999979045,214682.01],[443795.789999999979045,214680.91],[443796.960000000020955,214680.03],[443794.49,214679.10999999998603],[443791.590000000025611,214678.10999999998603],[443791.28000000002794,214677.980000000010477],[443788.789999999979045,214676.91],[443784.590000000025611,214674.81],[443762.419999999983702,214660.079999999987194],[443751.950000000011642,214652.47],[443740.49,214643.21],[443734.049999999988358,214637.81],[443727.729999999981374,214632.31],[443723.31,214628.26],[443721.51,214626.4],[443720.01,214624.799999999988358],[443719.60999999998603,214624.200000000011642],[443718.81,214622.799999999988358],[443719.10999999998603,214610.799999999988358],[443719.710000000020955,214607.9],[443721.60999999998603,214599.200000000011642],[443722.770000000018626,214593.16],[443723.25,214590.71],[443725.31,214580.0],[443725.51,214579.299999999988358],[443727.210000000020955,214572.799999999988358],[443728.51,214570.0],[443731.03000000002794,214569.15],[443713.71999999997206,214533.51],[443709.68,214531.63],[443693.0,214528.74],[443691.200000000011642,214525.14000000001397],[443686.700000000011642,214520.82],[443684.020000000018626,214519.1],[443683.340000000025611,214519.12],[443682.68,214519.230000000010477],[443668.74,214521.35999999998603],[443661.62,214511.57],[443656.38,214504.579999999987194],[443654.31,214502.01],[443648.789999999979045,214495.22],[443647.599999999976717,214493.84],[443643.07,214488.81],[443641.19,214486.94],[443639.32,214485.269999999989523],[443603.799999999988358,214448.93],[443585.049999999988358,214428.53],[443574.789999999979045,214417.6],[443582.270000000018626,214413.71],[443584.43,214392.098],[443574.01,214391.99],[443570.89000000001397,214392.14000000001397],[443548.39000000001397,214392.04],[443553.568000000028405,214394.226],[443557.484,214396.978],[443559.38900000002468,214401.052],[443559.229999999981374,214405.021],[443557.800999999977648,214408.831],[443554.827999999979511,214414.185999999986961],[443563.700000000011642,214423.019999999989523],[443590.64000000001397,214449.89000000001397],[443613.24,214473.21],[443630.700000000011642,214492.670000000012806],[443645.60999999998603,214511.44],[443648.57,214515.0],[443651.93,214519.24],[443655.080000000016298,214523.59],[443656.669999999983702,214526.049999999988358],[443662.960000000020955,214536.579999999987194],[443664.960000000020955,214540.0],[443667.06,214543.60999999998603],[443668.85999999998603,214547.21],[443670.150000000023283,214550.12],[443671.349999999976717,214553.230000000010477],[443672.349999999976717,214556.44],[443672.450000000011642,214556.84],[443673.349999999976717,214560.56],[443674.150000000023283,214565.18],[443674.69,214570.82],[443674.710000000020955,214570.980000000010477],[443674.710000000020955,214575.65],[443674.710000000020955,214577.15],[443675.270000000018626,214577.9],[443676.200000000011642,214578.65],[443681.62,214579.68],[443685.03000000002794,214580.21]]]]}},
{"type":"Feature","properties":{"mainhabs":"Deciduous woodland","habcodes":"DWOOD","featdesc":null,"featcodes":null,"otherclass":null,"addhabs":null,"primsource":"National Forest Inventory 2023 (DWOOD)","areaha":18.03,"version":"Sep_25","uid":"PHID44423251_021467933","shape_length":null,"shape_area":null},"geometry":{"type":"MultiPolygon","coordinates":[[[[444667.35999999998603,214594.53],[444667.020000000018626,214594.89000000001397],[444665.82,214592.59],[444665.020000000018626,214591.09],[444663.520000000018626,214588.89000000001397],[444662.82,214587.99],[444661.32,214585.99],[444660.12,214584.79],[444658.62,214583.39000000001397],[444657.71999999997206,214582.59],[444643.020000000018626,214570.89000000001397],[444635.419999999983702,214564.79],[444630.32,214561.19],[444626.520000000018626,214558.69],[444619.82,214554.49],[444614.82,214551.49],[444597.94,214541.56],[444590.169999999983702,214537.549999999988358],[444570.400000000023283,214527.700000000011642],[444560.460000000020955,214522.44],[444548.53000000002794,214516.39000000001397],[444539.49,214512.31],[444535.409999999974389,214510.549999999988358],[444525.18,214506.35999999998603],[444517.74,214503.65],[444510.19,214501.230000000010477],[444505.71999999997206,214499.980000000010477],[444500.07,214498.65],[444494.229999999981374,214497.49],[444493.830000000016298,214497.5],[444480.729999999981374,214495.019999999989523],[444471.32,214493.71],[444461.909999999974389,214492.6],[444445.049999999988358,214490.54],[444441.3102,214483.6034],[444436.669999999983702,214483.03],[444434.57,214482.76],[444431.26,214482.39000000001397],[444419.409999999974389,214481.16],[444403.28000000002794,214479.6],[444381.46999999997206,214477.230000000010477],[444366.330000000016298,214475.15],[444361.669999999983702,214474.49],[444349.81,214472.269999999989523],[444343.650000000023283,214471.0],[444334.32,214468.74],[444327.849999999976717,214467.06],[444318.090000000025611,214464.16],[444308.53000000002794,214460.950000000011642],[444300.229999999981374,214457.65],[444292.330000000016298,214454.25],[444281.63,214449.35],[444274.53000000002794,214445.85],[444271.1273,214449.47709999998915],[444275.93,214452.049999999988358],[444283.330000000016298,214455.950000000011642],[444288.43,214458.35],[444297.729999999981374,214462.450000000011642],[444300.830000000016298,214463.75],[444305.81,214465.71],[444312.080000000016298,214468.06],[444313.99,214468.66],[444320.979999999981374,214471.18],[444328.080000000016298,214473.37],[444333.99,214474.85],[444346.25,214477.69],[444351.64000000001397,214478.75],[444366.43,214481.450000000011642],[444365.849999999976717,214482.950000000011642],[444364.21999999997206,214486.96],[444363.080000000016298,214489.46],[444361.289999999979045,214493.12],[444360.68,214493.980000000010477],[444358.950000000011642,214496.01],[444357.24,214497.85999999998603],[444355.419999999983702,214499.72],[444353.53000000002794,214501.269999999989523],[444351.340000000025611,214502.91],[444346.10999999998603,214506.049999999988358],[444339.53000000002794,214509.89000000001397],[444339.19,214509.01],[444339.090000000025611,214508.81],[444338.590000000025611,214508.10999999998603],[444337.99,214507.41],[444336.89000000001397,214506.31],[444335.289999999979045,214505.10999999998603],[444334.289999999979045,214504.41],[444332.590000000025611,214503.51],[444332.19,214503.31],[444330.39000000001397,214502.31],[444329.090000000025611,214501.91],[444326.99,214501.21],[444325.39000000001397,214500.91],[444321.789999999979045,214500.91],[444320.090000000025611,214501.21],[444319.289999999979045,214501.31],[444316.89000000001397,214501.71],[444311.090000000025611,214502.51],[444308.289999999979045,214502.71],[444304.99,214502.71],[444302.19,214502.60999999998603],[444300.19,214502.31],[444299.289999999979045,214502.21],[444295.789999999979045,214501.51],[444292.99,214500.94],[444289.88,214500.06],[444286.87,214499.28],[444284.270000000018626,214498.6],[444281.270000000018626,214497.72],[444278.770000000018626,214496.94],[444276.49,214496.049999999988358],[444275.75,214495.64000000001397],[444255.56,214487.230000000010477],[444252.0,214485.56],[444248.960000000020955,214484.19],[444245.919999999983702,214482.91],[444242.87,214481.450000000011642],[444242.46999999997206,214481.35],[444234.13,214477.329999999987194],[444230.169999999983702,214475.35999999998603],[444226.01,214473.200000000011642],[444220.93,214470.53],[444215.94,214467.980000000010477],[444212.28000000002794,214465.81],[444211.99,214465.62],[444208.68,214463.65],[444206.919999999983702,214462.47],[444205.840000000025611,214461.59],[444205.450000000011642,214461.299999999988358],[444204.0,214459.82],[444202.24,214458.16],[444200.979999999981374,214457.079999999987194],[444200.0,214456.200000000011642],[444199.0,214455.6],[444198.700000000011642,214455.5],[444197.0,214454.6],[444195.700000000011642,214454.200000000011642],[444194.900000000023283,214453.9],[444192.799999999988358,214453.1],[444191.400000000023283,214452.4],[444188.5,214451.1],[444185.799999999988358,214449.700000000011642],[444184.0,214448.6],[444181.599999999976717,214447.0],[444177.099999999976717,214443.799999999988358],[444175.299999999988358,214442.4],[444163.099999999976717,214433.299999999988358],[444159.200000000011642,214430.5],[444155.400000000023283,214427.700000000011642],[444146.288,214421.439000000013039],[444139.099999999976717,214416.5],[444132.799999999988358,214411.9],[444129.799999999988358,214409.799999999988358],[444126.200000000011642,214407.200000000011642],[444124.099999999976717,214405.6],[444121.200000000011642,214403.200000000011642],[444120.0,214402.1],[444118.799999999988358,214400.9],[444118.299999999988358,214400.299999999988358],[444117.900000000023283,214399.799999999988358],[444117.0,214398.5],[444116.700000000011642,214398.1],[444115.700000000011642,214396.299999999988358],[444115.099999999976717,214394.9],[444114.900000000023283,214394.5],[444114.200000000011642,214392.6],[444113.200000000011642,214389.6],[444112.299999999988358,214386.799999999988358],[444111.0,214383.5],[444110.700000000011642,214382.6],[444109.5,214379.6],[444108.700000000011642,214377.1],[444108.099999999976717,214375.9],[444107.099999999976717,214373.799999999988358],[444106.0,214372.0],[444104.799999999988358,214370.5],[444103.299999999988358,214368.299999999988358],[444103.0,214367.799999999988358],[444101.299999999988358,214365.200000000011642],[444099.400000000023283,214362.200000000011642],[444097.799999999988358,214360.1],[444096.400000000023283,214358.200000000011642],[444095.0,214356.799999999988358],[444094.200000000011642,214356.1],[444092.200000000011642,214353.9],[444088.400000000023283,214350.1],[444087.200000000011642,214348.799999999988358],[444086.099999999976717,214347.5],[444085.400000000023283,214346.299999999988358],[444084.900000000023283,214345.5],[444084.0,214343.6],[444083.799999999988358,214343.1],[444082.799999999988358,214340.9],[444081.900000000023283,214339.0],[444071.299999999988358,214352.200000000011642],[444072.799999999988358,214354.1],[444078.0,214359.799999999988358],[444081.099999999976717,214363.1],[444083.799999999988358,214365.799999999988358],[444084.799999999988358,214366.700000000011642],[444086.099999999976717,214368.1],[444087.599999999976717,214370.1],[444089.099999999976717,214371.9],[444090.900000000023283,214374.700000000011642],[444091.400000000023283,214375.4],[444092.599999999976717,214377.299999999988358],[444094.099999999976717,214380.5],[444094.299999999988358,214381.0],[444095.700000000011642,214384.1],[444096.0,214384.799999999988358],[444097.299999999988358,214388.5],[444097.400000000023283,214388.700000000011642],[444098.299999999988358,214391.5],[444098.900000000023283,214394.1],[444099.700000000011642,214397.4],[444100.700000000011642,214401.299999999988358],[444101.599999999976717,214404.700000000011642],[444101.700000000011642,214405.299999999988358],[444102.299999999988358,214408.0],[444102.900000000023283,214411.9],[444103.599999999976717,214416.299999999988358],[444104.200000000011642,214421.1],[444104.700000000011642,214425.799999999988358],[444105.099999999976717,214429.299999999988358],[444105.400000000023283,214437.5],[444106.0,214446.299999999988358],[444106.400000000023283,214449.9],[444106.799999999988358,214453.200000000011642],[444107.0,214455.5],[444107.200000000011642,214458.5],[444107.299999999988358,214461.299999999988358],[444107.099999999976717,214464.6],[444107.099999999976717,214465.6],[444106.900000000023283,214467.4],[444106.5,214469.5],[444106.0,214472.0],[444105.0,214476.200000000011642],[444103.799999999988358,214481.0],[444100.5,214494.9],[444098.900000000023283,214501.1],[444098.700000000011642,214502.1],[444098.099999999976717,214504.299999999988358],[444097.0,214507.299999999988358],[444095.700000000011642,214511.1],[444093.599999999976717,214516.9],[444091.700000000011642,214521.6],[444090.400000000023283,214525.1],[444090.099999999976717,214525.9],[444087.799999999988358,214532.0],[444086.799999999988358,214534.799999999988358],[444085.799999999988358,214537.5],[444085.200000000011642,214539.0],[444083.599999999976717,214542.1],[444082.32,214544.32],[444081.590000000025611,214545.59],[444080.212,214547.931000000011409],[444077.700000000011642,214552.200000000011642],[444077.400000000023283,214552.6],[444075.400000000023283,214555.799999999988358],[444074.5,214557.5],[444074.200000000011642,214558.299999999988358],[444073.599999999976717,214560.1],[444073.099999999976717,214561.9],[444072.700000000011642,214565.5],[444072.700000000011642,214567.700000000011642],[444072.900000000023283,214569.5],[444073.5,214572.4],[444073.799999999988358,214573.6],[444074.400000000023283,214575.5],[444074.422000000020489,214575.551],[444075.5,214578.0],[444077.599999999976717,214584.299999999988358],[444079.200000000011642,214588.700000000011642],[444080.099999999976717,214591.0],[444080.799999999988358,214592.299999999988358],[444081.700000000011642,214593.6],[444083.099999999976717,214594.700000000011642],[444085.099999999976717,214596.0],[444090.299999999988358,214599.299999999988358],[444092.599999999976717,214600.9],[444095.0,214602.799999999988358],[444097.599999999976717,214605.200099999987287],[444097.700000000011642,214605.3001],[444099.799999999988358,214607.600100000010571],[444099.900000000023283,214607.799999999988358],[444101.599999999976717,214610.100100000010571],[444103.200000000011642,214612.4001],[444104.700000000011642,214614.799999999988358],[444106.599999999976717,214617.4],[444108.099999999976717,214619.4001],[444108.599999999976717,214620.1],[444109.700000000011642,214621.5],[444111.599999999976717,214623.200099999987287],[444113.900000000023283,214625.700000000011642],[444116.5,214628.200099999987287],[444125.799999999988358,214638.100100000010571],[444128.599999999976717,214641.700000000011642],[444129.700000000011642,214642.9001],[444130.700000000011642,214644.3001],[444131.799999999988358,214646.5001],[444132.299999999988358,214647.700099999987287],[444132.799999999988358,214649.200099999987287],[444133.099999999976717,214651.0001],[444133.200000000011642,214652.200099999987287],[444132.900000000023283,214654.5001],[444132.599999999976717,214657.299999999988358],[444132.099999999976717,214660.700000000011642],[444131.200000000011642,214665.0],[444130.299999999988358,214667.799999999988358],[444127.0,214676.299999999988358],[444124.5,214682.100100000010571],[444113.900000000023283,214707.5001],[444110.200000000011642,214717.100100000010571],[444109.5,214719.299999999988358],[444108.700000000011642,214721.700000000011642],[444107.700000000011642,214724.0],[444106.0,214727.0001],[444107.910199999983888,214729.0323],[444115.400000000023283,214737.0],[444111.299999999988358,214743.0],[444111.0,214743.5],[444107.0,214748.799999999988358],[444102.700000000011642,214754.0],[444098.799999999988358,214758.799999999988358],[444085.5,214774.9],[444077.700000000011642,214783.700000000011642],[444074.799999999988358,214786.700000000011642],[444070.0,214791.299999999988358],[444065.099999999976717,214795.799999999988358],[444061.799999999988358,214798.6],[444056.299999999988358,214802.9],[444054.369200000015553,214804.371099999989383],[444054.200000000011642,214804.5],[444050.019900000013877,214807.26],[444047.216100000019651,214806.782199999986915],[444043.799999999988358,214806.200000000011642],[444043.900000000023283,214806.5],[444043.900000000023283,214807.0],[444043.700000000011642,214807.299999999988358],[444038.599999999976717,214810.4],[444026.400000000023283,214818.200000000011642],[444008.099999999976717,214830.200000000011642],[444000.0,214836.03],[443996.69,214838.43],[443989.229999999981374,214843.299999999988358],[443981.979999999981374,214847.170000000012806],[443974.74,214850.81],[443972.82,214851.730000000010477],[443970.82,214852.74],[443968.789999999979045,214853.56],[443966.89000000001397,214854.18],[443964.82,214854.59],[443962.64000000001397,214854.89000000001397],[443937.28000000002794,214860.96],[443911.520000000018626,214866.85],[443906.0,214868.07],[443889.10999999998603,214871.420000000012806],[443885.659999999974389,214872.13],[443879.93,214873.15],[443874.229999999981374,214874.47],[443869.479999999981374,214875.22],[443867.5577,214875.5535],[443854.38,214877.84],[443832.900000000023283,214881.14000000001397],[443816.39000000001397,214882.16],[443806.789999999979045,214882.5],[443794.26,214881.59],[443784.19,214880.799999999988358],[443778.99,214880.700000000011642],[443758.19,214877.299999999988358],[443757.19,214877.200000000011642],[443752.99,214876.700000000011642],[443748.89000000001397,214876.0],[443744.789999999979045,214875.1],[443740.789999999979045,214873.9],[443738.89000000001397,214873.299999999988358],[443734.99,214871.9],[443730.94,214870.63],[443706.960000000020955,214862.14000000001397],[443678.60999999998603,214849.28],[443671.19,214845.230000000010477],[443667.020000000018626,214842.85],[443661.82,214839.79],[443656.62,214836.6],[443655.349999999976717,214835.85999999998603],[443650.35999999998603,214832.480000000010477],[443645.49,214828.9],[443636.99,214822.5],[443633.39000000001397,214819.5],[443629.89000000001397,214816.4],[443626.590000000025611,214813.1],[443626.090000000025611,214812.5],[443622.89000000001397,214809.0],[443619.99,214805.4],[443599.150000000023283,214779.79],[443596.06,214776.51],[443594.31,214774.74],[443592.44,214772.63],[443590.650000000023283,214770.32],[443588.950000000011642,214768.01],[443588.21999999997206,214766.71],[443586.799999999988358,214764.38],[443585.63,214761.950000000011642],[443585.169999999983702,214760.920000000012806],[443581.89000000001397,214753.29],[443581.159999999974389,214751.04],[443580.539999999979045,214748.75],[443580.479999999981374,214748.450000000011642],[443580.020000000018626,214746.09],[443579.64000000001397,214743.38],[443579.37,214740.85999999998603],[443579.13,214738.34],[443578.94,214735.81],[443578.78000000002794,214733.28],[443578.659999999974389,214730.74],[443578.57,214728.21],[443578.53000000002794,214725.68],[443577.159999999974389,214692.769999999989523],[443576.39000000001397,214692.9],[443575.090000000025611,214692.799999999988358],[443573.69,214692.5],[443571.520000000018626,214692.14000000001397],[443568.82,214690.799999999988358],[443568.07,214690.25],[443551.169999999983702,214707.01],[443537.32,214721.59],[443534.64000000001397,214725.18],[443538.64000000001397,214725.99],[443543.090000000025611,214725.730000000010477],[443548.38,214722.93],[443551.49,214718.89000000001397],[443557.080000000016298,214713.91],[443561.44,214712.980000000010477],[443564.549999999988358,214713.29],[443565.169999999983702,214717.64000000001397],[443566.71999999997206,214726.04],[443567.650000000023283,214733.19],[443564.549999999988358,214740.03],[443559.88,214746.87],[443555.840000000025611,214750.91],[443552.539999999979045,214752.920000000012806],[443516.96999999997206,214774.519999999989523],[443517.590000000025611,214777.200000000011642],[443518.270000000018626,214779.79],[443518.849999999976717,214781.51],[443520.87,214786.299999999988358],[443522.81,214790.71],[443525.12,214795.299999999988358],[443527.71999999997206,214799.89000000001397],[443548.200000000011642,214829.91],[443549.919999999983702,214832.450000000011642],[443551.21999999997206,214833.450000000011642],[443552.21999999997206,214834.25],[443553.32,214835.25],[443554.32,214835.950000000011642],[443555.62,214836.65],[443557.020000000018626,214837.35],[443584.770000000018626,214852.980000000010477],[443628.76,214877.01],[443663.19,214895.14000000001397],[443683.49,214904.5],[443689.950000000011642,214907.9],[443699.60999999998603,214912.93],[443726.21999999997206,214925.91],[443732.38,214929.019999999989523],[443735.479999999981374,214930.82],[443739.88,214933.62],[443744.080000000016298,214936.62],[443749.18,214940.62],[443754.28000000002794,214945.12],[443759.18,214949.72],[443762.18,214952.72],[443766.88,214957.72],[443771.38,214962.82],[443785.18,214978.519999999989523],[443785.580000000016298,214978.920000000012806],[443786.580000000016298,214980.019999999989523],[443787.78000000002794,214981.019999999989523],[443787.979999999981374,214981.22],[443789.51,214982.57],[443791.35999999998603,214983.84],[443792.549999999988358,214984.26],[443793.549999999988358,214984.35999999998603],[443795.450000000011642,214984.56],[443799.25,214984.46],[443805.25,214983.85999999998603],[443808.44,214983.39000000001397],[443808.25,214942.079999999987194],[443821.520000000018626,214941.31],[443839.99,214947.079999999987194],[443867.5577,214956.473],[443873.35999999998603,214958.450000000011642],[443885.599999999976717,214964.64000000001397],[443888.163,214962.068],[443897.13,214953.07],[443901.159999999974389,214949.41],[443904.340000000025611,214946.700000000011642],[443907.909999999974389,214944.01],[443910.150000000023283,214942.480000000010477],[443914.210000000020955,214940.079999999987194],[443918.409999999974389,214937.78],[443924.900000000023283,214934.81],[443933.979999999981374,214931.29],[443950.169999999983702,214925.34],[443980.56,214915.14000000001397],[443996.700000000011642,214909.950000000011642],[444000.0,214908.4],[444004.299999999988358,214906.299999999988358],[444012.700000000011642,214902.1],[444015.900000000023283,214900.200000000011642],[444020.0,214897.200000000011642],[444022.900000000023283,214894.799999999988358],[444025.700000000011642,214892.200000000011642],[444026.799999999988358,214891.299999999988358],[444036.099999999976717,214883.299999999988358],[444044.799999999988358,214876.1],[444048.53000000002794,214873.09],[444049.099999999976717,214873.299999999988358],[444051.299999999988358,214874.200000000011642],[444051.900000000023283,214874.299999999988358],[444052.229999999981374,214874.4],[444051.88,214874.57],[444048.200000000011642,214877.799999999988358],[444046.5,214879.299999999988358],[444036.0,214888.0],[444034.200000000011642,214889.5],[444024.0,214898.6],[444025.099999999976717,214898.700000000011642],[444028.799999999988358,214898.0],[444030.400000000023283,214897.6],[444033.400000000023283,214897.0],[444036.400000000023283,214896.5],[444036.799999999988358,214896.4],[444044.099999999976717,214896.1],[444053.799999999988358,214896.1],[444067.900000000023283,214896.299999999988358],[444068.200000000011642,214896.299999999988358],[444070.5,214896.4],[444074.900000000023283,214896.6],[444076.909999999974389,214896.269999999989523],[444078.56,214895.87],[444080.64000000001397,214895.16],[444082.710000000020955,214894.37],[444085.919999999983702,214892.549999999988358],[444089.539999999979045,214890.06],[444091.49,214888.81],[444095.19,214886.41],[444098.69,214883.91],[444099.460000000020955,214883.32],[444100.39000000001397,214882.60999999998603],[444103.69,214880.01],[444105.289999999979045,214878.60999999998603],[444107.789999999979045,214876.21],[444110.19,214873.71],[444110.89000000001397,214872.91],[444116.229999999981374,214866.1],[444124.049999999988358,214855.26],[444125.18,214853.549999999988358],[444132.38,214843.43],[444133.51,214841.920000000012806],[444135.049999999988358,214839.72],[444136.700000000011642,214837.51],[444138.539999999979045,214835.41],[444142.21999999997206,214832.01],[444142.43,214831.81],[444149.89000000001397,214825.32],[444158.080000000016298,214817.53],[444160.94,214814.829999999987194],[444163.900000000023283,214812.14000000001397],[444166.659999999974389,214809.24],[444167.28000000002794,214808.64000000001397],[444169.43,214806.13],[444171.39000000001397,214803.43],[444173.450000000011642,214800.420000000012806],[444176.44,214794.88],[444181.63,214784.53],[444182.96999999997206,214781.71],[444186.710000000020955,214773.96],[444190.21999999997206,214767.14000000001397],[444193.53000000002794,214761.200000000011642],[444195.909999999974389,214757.39000000001397],[444200.849999999976717,214749.85999999998603],[444204.150000000023283,214745.04],[444207.74,214740.13],[444209.07,214738.53],[444210.82,214736.22],[444212.669999999983702,214733.920000000012806],[444214.71999999997206,214731.81],[444215.74,214730.81],[444217.07,214729.62],[444218.400000000023283,214728.63],[444218.900000000023283,214728.32],[444221.76,214726.950000000011642],[444228.770000000018626,214724.299999999988358],[444230.599999999976717,214723.60999999998603],[444239.74,214720.579999999987194],[444241.26,214720.09],[444243.39000000001397,214719.46],[444248.090000000025611,214718.01],[444254.89000000001397,214716.10999999998603],[444256.19,214715.81],[444263.090000000025611,214714.31],[444270.090000000025611,214713.01],[444272.590000000025611,214712.51],[444276.49,214711.91],[444280.39000000001397,214711.41],[444284.39000000001397,214711.10999999998603],[444287.789999999979045,214711.10999999998603],[444291.289999999979045,214711.21],[444294.69,214711.41],[444297.270000000018626,214711.68],[444304.43,214712.81],[444306.580000000016298,214713.200000000011642],[444310.979999999981374,214714.16],[444315.460000000020955,214714.93],[444316.270000000018626,214715.06],[444317.789999999979045,214715.31],[444319.49,214715.60999999998603],[444321.19,214715.71],[444323.39000000001397,214715.71],[444324.39000000001397,214715.51],[444324.729999999981374,214715.420000000012806],[444324.789999999979045,214715.41],[444326.01,214715.0],[444327.24,214714.38],[444331.669999999983702,214710.09],[444334.51,214707.49],[444337.35999999998603,214704.799999999988358],[444337.68,214704.51],[444338.849999999976717,214703.299999999988358],[444339.909999999974389,214702.079999999987194],[444340.81,214700.60999999998603],[444341.400000000023283,214699.16],[444342.039999999979045,214696.81],[444342.46999999997206,214694.47],[444342.60999999998603,214693.66],[444343.020000000018626,214691.019999999989523],[444342.909999999974389,214689.63],[444342.460000000020955,214687.549999999988358],[444341.229999999981374,214684.34],[444340.979999999981374,214683.75],[444340.24,214681.799999999988358],[444339.57,214679.88],[444338.78000000002794,214678.079999999987194],[444338.0,214676.670000000012806],[444336.71999999997206,214674.769999999989523],[444335.349999999976717,214672.950000000011642],[444333.57,214671.03],[444330.10999999998603,214667.89000000001397],[444321.099999999976717,214660.799999999988358],[444310.299999999988358,214652.9],[444308.580000000016298,214651.549999999988358],[444303.53000000002794,214647.71],[444298.460000000020955,214644.049999999988358],[444296.080000000016298,214642.53],[444292.159999999974389,214639.91],[444288.039999999979045,214637.60999999998603],[444282.599999999976717,214634.9],[444274.080000000016298,214631.230000000010477],[444272.270000000018626,214630.47],[444267.770000000018626,214628.54],[444263.28000000002794,214626.79],[444258.69,214625.25],[444256.87,214624.769999999989523],[444252.18,214623.51],[444251.99,214623.41],[444245.090000000025611,214620.01],[444239.37,214618.53],[444235.78000000002794,214616.420000000012806],[444216.39000000001397,214633.71],[444200.10999999998603,214648.93],[444191.12,214657.28],[444186.64000000001397,214661.75],[444184.099999999976717,214664.200000000011642],[444183.0,214664.799999999988358],[444171.900000000023283,214667.700000000011642],[444171.599999999976717,214667.799999999988358],[444161.299999999988358,214670.200000000011642],[444161.200000000011642,214669.299999999988358],[444161.200000000011642,214668.299999999988358],[444161.299999999988358,214667.700000000011642],[444161.700000000011642,214666.799999999988358],[444162.700000000011642,214665.200000000011642],[444163.0,214664.5],[444163.200000000011642,214663.4],[444163.299999999988358,214662.299999999988358],[444163.200000000011642,214661.200000000011642],[444163.099999999976717,214660.299999999988358],[444162.799999999988358,214659.200000000011642],[444162.200000000011642,214657.700000000011642],[444167.900000000023283,214648.5],[444170.099999999976717,214647.299999999988358],[444171.0,214646.5],[444171.099999999976717,214646.4],[444171.900000000023283,214645.5],[444172.599999999976717,214644.5],[444172.99,214644.49],[444174.270000000018626,214644.15],[444176.32,214643.39000000001397],[444177.18,214642.87],[444178.75,214641.35],[444181.979999999981374,214637.89000000001397],[444186.900000000023283,214632.59],[444211.89000000001397,214602.41],[444208.39000000001397,214600.71],[444210.495999999984633,214598.941],[444210.51,214598.93],[444213.39000000001397,214596.51],[444215.090000000025611,214597.41],[444217.39000000001397,214596.21],[444220.89000000001397,214594.21],[444222.69,214593.21],[444225.69,214591.60999999998603],[444228.789999999979045,214590.10999999998603],[444234.19,214588.21],[444240.090000000025611,214586.51],[444243.289999999979045,214585.60999999998603],[444249.39000000001397,214584.21],[444255.49,214583.01],[444256.99,214582.81],[444261.89000000001397,214582.01],[444266.789999999979045,214581.51],[444268.590000000025611,214581.31],[444276.789999999979045,214581.10999999998603],[444277.49,214581.10999999998603],[444293.090000000025611,214581.31],[444296.19,214581.450000000011642],[444306.590000000025611,214581.91],[444322.19,214582.31],[444323.39000000001397,214582.41],[444332.19,214582.60999999998603],[444340.99,214583.01],[444344.89000000001397,214583.31],[444353.590000000025611,214584.31],[444362.289999999979045,214585.51],[444363.590000000025611,214585.81],[444365.19,214586.21],[444366.789999999979045,214586.41],[444368.39000000001397,214586.51],[444370.99,214605.010100000014063],[444394.99,214600.2101],[444458.99,214634.6101],[444479.979899999976624,214639.7857],[444488.19,214641.8101],[444497.585499999986496,214642.35209999998915],[444515.866199999989476,214643.4067],[444533.471599999989849,214644.42249999998603],[444550.590000000025611,214645.4101],[444565.07,214658.86610000001383],[444578.723,214667.5001],[444602.669999999983702,214679.6901],[444603.21999999997206,214679.6501],[444603.789999999979045,214679.640099999989616],[444604.37,214679.670099999988452],[444604.960000000020955,214679.7201],[444605.549999999988358,214679.7801],[444606.13,214679.8301],[444606.710000000020955,214679.8701],[444607.38,214679.9301],[444609.88,214680.5601],[444612.19,214681.700099999987287],[444614.38,214683.200099999987287],[444616.49,214684.9101],[444618.590000000025611,214686.6601],[444620.74,214688.3101],[444621.39000000001397,214688.7701],[444623.227000000013504,214690.114],[444624.427000000025146,214690.12400000001071],[444629.718,214694.146],[444634.695,214692.767],[444636.544999999983702,214694.543],[444644.218,214706.978],[444646.128399999986868,214709.8957],[444656.224999999976717,214714.081100000010338],[444661.244,214723.9191],[444677.229999999981374,214725.54],[444684.03000000002794,214739.84],[444685.03000000002794,214742.04],[444687.330000000016298,214747.04],[444689.729999999981374,214751.84],[444691.830000000016298,214755.74],[444694.229999999981374,214759.64000000001397],[444695.729999999981374,214761.74],[444697.63,214764.54],[444698.229999999981374,214765.44],[444700.03000000002794,214768.44],[444700.729999999981374,214770.04],[444701.729999999981374,214774.54],[444702.229999999981374,214777.04],[444703.53000000002794,214783.64000000001397],[444704.43,214787.44],[444705.729999999981374,214792.44],[444708.53000000002794,214800.84],[444711.229999999981374,214808.24],[444712.13,214810.54],[444712.93,214812.74],[444713.63,214815.04],[444713.729999999981374,214815.64000000001397],[444714.43,214820.64000000001397],[444715.13,214830.24],[444715.830000000016298,214849.24],[444716.13,214861.44],[444716.13,214862.64000000001397],[444716.330000000016298,214866.54],[444716.229999999981374,214870.34],[444716.13,214872.04],[444715.53000000002794,214877.84],[444715.43,214878.44],[444714.830000000016298,214883.64000000001397],[444714.43,214886.14000000001397],[444713.729999999981374,214888.64000000001397],[444712.63,214891.84],[444709.43,214900.04],[444704.330000000016298,214912.04],[444698.03000000002794,214927.74],[444692.229999999981374,214941.94],[444690.93,214945.14000000001397],[444687.090000000025611,214954.519999999989523],[444682.93,214963.74],[444678.229999999981374,214973.54],[444674.63,214981.34],[444670.53000000002794,214990.14000000001397],[444666.729999999981374,214997.34],[444665.64000000001397,215000.0],[444688.40769999998156,215010.938],[444694.85999999998603,215007.998],[444701.343,215007.866],[444706.37,215013.157],[444707.835299999976996,215018.367399999988265],[444717.864,215019.670000000012806],[444731.0366,215012.7542],[444729.960000000020955,215010.937],[444723.479999999981374,215000.0],[444723.0,214999.19],[444722.909999999974389,214999.04],[444720.710000000020955,214995.519999999989523],[444719.840000000025611,214993.59],[444721.039999999979045,214993.63],[444722.039999999979045,214993.57],[444723.21999999997206,214993.4],[444724.12,214993.14000000001397],[444725.150000000023283,214992.68],[444726.19,214992.019999999989523],[444726.479999999981374,214991.920000000012806],[444736.520000000018626,214984.71],[444743.659999999974389,214979.480000000010477],[444750.330000000016298,214974.14000000001397],[444750.63,214973.88],[444750.909999999974389,214973.65],[444756.01,214969.049999999988358],[444761.01,214964.35],[444762.409999999974389,214962.950000000011642],[444769.864,214955.998],[444771.31,214954.65],[444774.080000000016298,214952.04],[444771.81,214950.15],[444772.10999999998603,214948.15],[444772.840000000025611,214944.65],[444774.270000000018626,214926.34],[444774.64000000001397,214920.07],[444774.87,214914.94],[444775.21999999997206,214906.14000000001397],[444775.46999999997206,214899.74],[444775.539999999979045,214898.34],[444775.979999999981374,214889.14000000001397],[444776.07,214887.24],[444776.21999999997206,214879.64000000001397],[444776.270000000018626,214877.34],[444777.57,214875.34],[444784.950000000011642,214863.84],[444793.21999999997206,214850.950000000011642],[444801.89000000001397,214835.49],[444803.45319999998901,214830.8242],[444803.849999999976717,214829.64000000001397],[444804.24,214829.65],[444804.358,214828.446],[444804.960000000020955,214822.329999999987194],[444814.74,214779.97],[444813.080000000016298,214774.84],[444813.39000000001397,214774.85999999998603],[444814.39000000001397,214775.26],[444827.19,214775.66],[444827.99,214775.46],[444828.479999999981374,214775.39000000001397],[444827.707999999984168,214772.19],[444817.184,214772.787000000011176],[444810.662000000011176,214773.13],[444804.771,214772.327],[444800.229999999981374,214770.352000000013504],[444797.934,214769.427],[444795.931999999971595,214767.592],[444793.984,214764.799999999988358],[444791.428000000014435,214759.655],[444790.298,214756.34],[444791.322999999974854,214753.422],[444792.49,214751.46],[444796.590000000025611,214749.16],[444800.99,214756.76],[444799.809,214757.452],[444804.754000000015367,214765.918],[444805.505,214767.24299999998766],[444806.579000000027008,214768.21],[444811.096000000019558,214769.913999999989755],[444807.69,214764.47],[444804.770000000018626,214760.079999999987194],[444800.89000000001397,214754.26],[444800.49,214753.56],[444799.348999999987427,214751.967],[444798.73599999997532,214750.788999999989755],[444798.62599999998929,214750.577],[444797.175999999977648,214747.79],[444796.943000000028405,214747.886],[444796.49,214747.16],[444794.090000000025611,214743.96],[444793.0,214742.65],[444791.590000000025611,214740.96],[444790.19,214739.26],[444786.659999999974389,214735.170000000012806],[444786.43,214734.85],[444785.57,214733.31],[444775.89000000001397,214729.29],[444771.460000000020955,214727.230000000010477],[444766.960000000020955,214725.51],[444763.26,214724.01],[444762.460000000020955,214723.60999999998603],[444760.659999999974389,214719.41],[444758.960000000020955,214716.31],[444756.56,214711.51],[444754.76,214707.41],[444754.159999999974389,214706.10999999998603],[444752.659999999974389,214701.91],[444750.26,214680.91],[444762.38,214673.54],[444753.849999999976717,214664.15],[444745.62,214655.5],[444740.642,214650.5121],[444740.62,214650.49],[444739.038899999985006,214649.051100000011502],[444728.800700000021607,214639.733799999987241],[444721.71999999997206,214633.29],[444714.39000000001397,214626.9],[444703.460000000020955,214617.38],[444703.020000000018626,214616.99],[444687.020000000018626,214604.59],[444676.020000000018626,214595.79],[444670.419999999983702,214591.29],[444669.450000000011642,214592.32],[444667.35999999998603,214594.53]],[[444193.200000000011642,214500.4],[444193.0,214500.700000000011642],[444191.799999999988358,214502.0],[444191.099999999976717,214502.700000000011642],[444190.400000000023283,214503.299999999988358],[444190.299999999988358,214503.4],[444189.400000000023283,214503.9],[444188.400000000023283,214504.200000000011642],[444187.599999999976717,214504.4],[444186.200000000011642,214504.5],[444182.700000000011642,214504.200000000011642],[444178.200000000011642,214503.799999999988358],[444175.900000000023283,214503.6],[444173.799999999988358,214503.200000000011642],[444171.700000000011642,214502.700000000011642],[444168.299999999988358,214501.700000000011642],[444167.200000000011642,214501.4],[444165.099999999976717,214500.799999999988358],[444162.599999999976717,214499.799999999988358],[444161.900000000023283,214499.4],[444160.200000000011642,214498.6],[444159.900000000023283,214498.5],[444157.900000000023283,214497.200000000011642],[444155.599999999976717,214495.4],[444155.299999999988358,214495.200000000011642],[444153.099999999976717,214493.6],[444150.799999999988358,214491.700000000011642],[444149.400000000023283,214490.299999999988358],[444149.0,214490.0],[444148.5,214489.6],[444148.200000000011642,214489.1],[444148.0,214488.6],[444148.0,214487.9],[444148.099999999976717,214487.4],[444148.099999999976717,214487.200000000011642],[444148.299999999988358,214486.799999999988358],[444148.700000000011642,214486.299999999988358],[444150.599999999976717,214484.700000000011642],[444152.099999999976717,214483.9],[444154.299999999988358,214482.700000000011642],[444157.0,214481.1],[444157.700000000011642,214480.6],[444159.700000000011642,214479.4],[444161.700000000011642,214477.9],[444163.599999999976717,214476.4],[444165.299999999988358,214474.799999999988358],[444165.5,214474.6],[444166.900000000023283,214473.1],[444168.299999999988358,214471.4],[444169.599999999976717,214469.5],[444169.700000000011642,214469.200000000011642],[444170.900000000023283,214467.299999999988358],[444172.0,214465.0],[444172.299999999988358,214464.5],[444173.0,214463.200000000011642],[444173.299999999988358,214462.5],[444173.5,214461.799999999988358],[444173.599999999976717,214461.1],[444173.599999999976717,214460.299999999988358],[444173.400000000023283,214459.700000000011642],[444173.099999999976717,214459.299999999988358],[444184.5,214465.299999999988358],[444183.700000000011642,214466.1],[444182.599999999976717,214471.4],[444181.299999999988358,214477.299999999988358],[444181.0,214478.299999999988358],[444179.700000000011642,214482.9],[444179.299999999988358,214483.9],[444178.299999999988358,214486.299999999988358],[444177.200000000011642,214488.6],[444176.0,214491.299999999988358],[444175.400000000023283,214492.9],[444175.099999999976717,214494.6],[444175.099999999976717,214496.1],[444175.299999999988358,214497.299999999988358],[444175.299999999988358,214497.5],[444176.799999999988358,214498.0],[444177.5,214498.200000000011642],[444179.0,214498.5],[444180.299999999988358,214498.6],[444181.299999999988358,214498.799999999988358],[444182.700000000011642,214498.799999999988358],[444183.799999999988358,214498.6],[444186.400000000023283,214493.299999999988358],[444188.0,214489.6],[444188.400000000023283,214487.9],[444188.700000000011642,214486.200000000011642],[444188.799999999988358,214485.5],[444189.0,214483.0],[444189.0,214478.5],[444188.799999999988358,214474.0],[444188.700000000011642,214470.9],[444188.400000000023283,214466.799999999988358],[444197.299999999988358,214467.5],[444196.599999999976717,214468.200000000011642],[444196.5,214469.4],[444196.5,214471.200000000011642],[444196.799999999988358,214474.5],[444197.0,214478.200000000011642],[444197.299999999988358,214481.1],[444197.400000000023283,214481.799999999988358],[444197.599999999976717,214484.0],[444197.700000000011642,214484.4],[444197.700000000011642,214486.799999999988358],[444197.5,214489.200000000011642],[444197.400000000023283,214490.200000000011642],[444197.200000000011642,214491.700000000011642],[444196.5,214494.299999999988358],[444196.299999999988358,214495.0],[444195.799999999988358,214496.299999999988358],[444195.599999999976717,214496.799999999988358],[444194.700000000011642,214498.4],[444194.299999999988358,214498.9],[444193.200000000011642,214500.4]],[[444314.552000000025146,214571.700000000011642],[444314.104,214571.695],[444306.69,214571.60999999998603],[444290.789999999979045,214571.71],[444281.39000000001397,214572.01],[444269.931999999971595,214572.202],[444260.538999999989755,214572.533],[444246.962,214573.204999999987194],[444245.87,214560.263],[444243.849999999976717,214548.977000000013504],[444249.318000000028405,214547.807999999989988],[444255.267999999981839,214546.535],[444291.462999999988824,214545.9],[444301.506,214547.044],[444309.333999999973457,214545.008],[444310.243000000016764,214550.006],[444314.552000000025146,214571.700000000011642]]]]}},
{"type":"Feature","properties":{"mainhabs":"Deciduous woodland","habcodes":"DWOOD","featdesc":null,"featcodes":null,"otherclass":null,"addhabs":null,"primsource":"National Forest Inventory 2023 (DWOOD)","areaha":0.14,"version":"Sep_25","uid":"PHID44308895_021477570","shape_length":null,"shape_area":null},"geometry":{"type":"MultiPolygon","coordinates":[[[[443050.924899999983609,214870.435399999987567],[443053.24810000002617,214871.5221],[443067.049999999988358,214852.81],[443072.020000000018626,214844.15],[443072.96999999997206,214842.14000000001397],[443073.81,214840.1],[443074.57,214838.01],[443075.520000000018626,214836.04],[443076.37,214834.03],[443077.14000000001397,214832.01],[443077.789999999979045,214829.950000000011642],[443078.419999999983702,214827.79],[443079.01,214825.62],[443079.580000000016298,214823.450000000011642],[443080.099999999976717,214821.269999999989523],[443080.68,214819.079999999987194],[443081.28000000002794,214816.89000000001397],[443082.400000000023283,214812.5],[443082.900000000023283,214810.29],[443083.81,214805.84],[443084.21999999997206,214803.62],[443090.340000000025611,214778.269999999989523],[443100.770000000018626,214756.420000000012806],[443105.849999999976717,214746.549999999988358],[443106.71999999997206,214744.79],[443107.60999999998603,214743.04],[443108.450000000011642,214741.269999999989523],[443109.26,214739.47],[443109.99,214737.65],[443110.770000000018626,214735.85],[443111.450000000011642,214734.079999999987194],[443112.099999999976717,214732.28],[443112.69,214730.450000000011642],[443113.24,214728.62],[443113.71999999997206,214726.769999999989523],[443114.159999999974389,214724.91],[443115.99,214713.829999999987194],[443116.51,214712.56],[443117.26,214704.9],[443123.06,214692.299999999988358],[443127.06,214681.6],[443129.276200000022072,214675.085],[443131.539999999979045,214668.43],[443130.659999999974389,214668.5],[443128.479999999981374,214668.549999999988358],[443126.169999999983702,214668.38],[443123.960000000020955,214668.0],[443123.960000000020955,214669.1],[443123.85999999998603,214670.0],[443123.56,214671.700000000011642],[443122.85999999998603,214673.9],[443122.56,214674.700000000011642],[443118.960000000020955,214685.6],[443115.26,214697.200000000011642],[443101.06,214737.1],[443096.26,214750.200000000011642],[443094.85999999998603,214753.1],[443093.06,214758.5],[443088.06,214769.299999999988358],[443087.56,214770.1],[443086.76,214771.5],[443086.159999999974389,214772.9],[443085.56,214774.4],[443085.159999999974389,214776.5],[443082.76,214788.6],[443082.460000000020955,214791.9],[443081.659999999974389,214797.6],[443080.659999999974389,214803.299999999988358],[443080.35999999998603,214804.700000000011642],[443079.35999999998603,214808.9],[443078.26,214813.0],[443076.960000000020955,214817.0],[443075.76,214820.299999999988358],[443074.35999999998603,214823.6],[443069.26,214833.0],[443063.76,214842.1],[443063.06,214843.299999999988358],[443057.26,214852.9],[443052.85999999998603,214859.1],[443048.659999999974389,214865.299999999988358],[443046.35999999998603,214868.299999999988358],[443050.924899999983609,214870.435399999987567]]]]}},
{"type":"Feature","properties":{"mainhabs":"Deciduous woodland","habcodes":"DWOOD","featdesc":null,"featcodes":null,"otherclass":null,"addhabs":null,"primsource":"National Forest Inventory 2023 (DWOOD)","areaha":0.08,"version":"Sep_25","uid":"PHID44310579_021476009","shape_length":null,"shape_area":null},"geometry":{"type":"MultiPolygon","coordinates":[[[[443152.13,214672.71],[443147.599999999976717,214673.41],[443142.14000000001397,214684.420000000012806],[443137.93,214692.87],[443099.31,214769.35],[443098.710000000020955,214770.549999999988358],[443097.210000000020955,214773.950000000011642],[443095.81,214777.35],[443095.10999999998603,214779.35],[443093.81,214783.75],[443091.909999999974389,214791.85],[443090.51,214798.450000000011642],[443088.51,214806.75],[443085.21999999997206,214819.920000000012806],[443084.5,214822.47],[443080.710000000020955,214835.950000000011642],[443080.37,214837.170000000012806],[443076.599999999976717,214849.14000000001397],[443074.39000000001397,214856.71],[443071.85999999998603,214866.299999999988358],[443069.960000000020955,214873.299999999988358],[443066.76,214886.299999999988358],[443065.76,214891.700000000011642],[443064.35999999998603,214899.0],[443059.460000000020955,214916.700000000011642],[443061.51,214916.920000000012806],[443065.85999999998603,214902.0],[443070.26,214882.299999999988358],[443071.960000000020955,214875.299999999988358],[443072.460000000020955,214873.5],[443074.460000000020955,214866.6],[443076.39000000001397,214859.65],[443077.19,214857.299999999988358],[443084.330000000016298,214832.43],[443086.549999999988358,214825.170000000012806],[443087.85999999998603,214820.269999999989523],[443089.659999999974389,214812.82],[443090.409999999974389,214808.950000000011642],[443092.01,214801.25],[443093.31,214795.15],[443095.31,214787.549999999988358],[443095.909999999974389,214785.549999999988358],[443097.60999999998603,214780.65],[443099.409999999974389,214775.950000000011642],[443122.700000000011642,214731.21],[443135.57,214705.12],[443140.590000000025611,214695.35],[443148.520000000018626,214679.89000000001397],[443152.13,214672.71]]]]}},
{"type":"Feature","properties":{"mainhabs":"Deciduous woodland","habcodes":"DWOOD","featdesc":null,"featcodes":null,"otherclass":null,"addhabs":null,"primsource":"National Forest Inventory 2023 (DWOOD)","areaha":2.08,"version":"Sep_25","uid":"PHID44215165_021514045","shape_length":null,"shape_area":null},"geometry":{"type":"MultiPolygon","coordinates":[[[[442195.75,215051.18],[442191.57,215054.82],[442188.32,215057.670000000012806],[442185.35999999998603,215061.49],[442183.159999999974389,215064.579999999987194],[442175.099999999976717,215072.88],[442165.5,215083.18],[442160.599999999976717,215087.38],[442147.200000000011642,215098.480000000010477],[442140.0,215104.579999999987194],[442136.599999999976717,215107.18],[442131.5,215113.88],[442129.5,215116.579999999987194],[442124.900000000023283,215120.980000000010477],[442121.0,215126.28],[442117.599999999976717,215130.28],[442114.0,215134.28],[442107.5,215143.18],[442102.400000000023283,215148.68],[442095.900000000023283,215156.079999999987194],[442083.599999999976717,215169.68],[442082.099999999976717,215171.88],[442080.900000000023283,215174.88],[442080.299999999988358,215178.579999999987194],[442080.200000000011642,215179.079999999987194],[442080.099999999976717,215179.480000000010477],[442080.099999999976717,215181.079999999987194],[442080.200000000011642,215181.480000000010477],[442080.299999999988358,215181.980000000010477],[442080.5,215182.78],[442080.700000000011642,215183.079999999987194],[442080.900000000023283,215183.480000000010477],[442081.0,215183.579999999987194],[442083.299999999988358,215187.38],[442083.5,215187.68],[442083.599999999976717,215187.88],[442083.799999999988358,215188.079999999987194],[442084.200000000011642,215188.579999999987194],[442084.5,215188.68],[442084.700000000011642,215188.88],[442085.299999999988358,215189.079999999987194],[442085.5,215189.18],[442086.099999999976717,215189.38],[442086.5,215189.38],[442086.900000000023283,215189.480000000010477],[442087.099999999976717,215189.480000000010477],[442095.200000000011642,215190.88],[442099.599999999976717,215191.480000000010477],[442102.700000000011642,215192.579999999987194],[442109.599999999976717,215196.480000000010477],[442114.900000000023283,215200.079999999987194],[442124.599999999976717,215207.079999999987194],[442138.61099999997532,215217.365],[442140.481000000028871,215218.738000000012107],[442143.44,215220.91],[442135.700000000011642,215235.88],[442126.400000000023283,215252.480000000010477],[442117.299999999988358,215269.980000000010477],[442111.57,215282.18],[442116.599999999976717,215277.079999999987194],[442128.35999999998603,215265.03],[442128.599999999976717,215264.78],[442131.099999999976717,215265.68],[442131.35999999998603,215266.06],[442134.590000000025611,215265.299999999988358],[442146.13,215250.6],[442147.88,215246.01],[442149.799999999988358,215240.980000000010477],[442156.0,215225.28],[442161.200000000011642,215212.579999999987194],[442165.599999999976717,215204.579999999987194],[442171.799999999988358,215192.480000000010477],[442173.46999999997206,215189.65],[442174.400000000023283,215188.079999999987194],[442180.599999999976717,215172.78],[442200.099999999976717,215125.079999999987194],[442222.87,215073.62],[442315.539999999979045,215046.769999999989523],[442369.789999999979045,215030.920000000012806],[442371.63,215026.68],[442359.289999999979045,215025.519999999989523],[442346.090000000025611,215022.72],[442333.289999999979045,215018.32],[442298.89000000001397,215005.920000000012806],[442276.090000000025611,215001.920000000012806],[442257.159999999974389,215000.0],[442248.49,214999.12],[442228.090000000025611,214998.72],[442212.090000000025611,215000.0],[442208.090000000025611,215000.32],[442193.289999999979045,215003.12],[442177.289999999979045,215008.72],[442159.96999999997206,215015.35],[442176.63,215032.01],[442195.580000000016298,215051.12],[442195.75,215051.18]]]]}},
{"type":"Feature","properties":{"mainhabs":"Deciduous woodland","habcodes":"DWOOD","featdesc":null,"featcodes":null,"otherclass":null,"addhabs":null,"primsource":"National Forest Inventory 2023 (DWOOD)","areaha":0.33,"version":"Sep_25","uid":"PHID44232516_021495583","shape_length":null,"shape_area":null},"geometry":{"type":"MultiPolygon","coordinates":[[[[442295.2169,214951.011],[442297.621999999973923,214969.337],[442290.918,214985.939000000013039],[442280.42180000001099,214997.2513],[442282.75,214997.51],[442286.099999999976717,214997.96],[442289.44,214998.53],[442292.770000000018626,214999.230000000010477],[442295.700000000011642,215000.0],[442296.080000000016298,215000.1],[442299.31,215001.16],[442302.53000000002794,215002.34],[442324.53000000002794,215010.769999999989523],[442341.62,215016.730000000010477],[442343.080000000016298,215017.10999999998603],[442344.60999999998603,215017.43],[442346.14000000001397,215017.68],[442347.68,215017.85],[442349.21999999997206,215017.93],[442350.74,215017.93],[442352.270000000018626,215017.829999999987194],[442353.60999999998603,215017.68],[442359.330000000016298,215016.88],[442360.849999999976717,215016.72],[442362.35999999998603,215016.62],[442364.53000000002794,215016.549999999988358],[442364.96999999997206,215016.549999999988358],[442364.89000000001397,215016.420000000012806],[442364.49,215015.82],[442363.49,215014.62],[442362.49,215013.62],[442361.289999999979045,215012.72],[442360.99,215012.62],[442360.49,215012.420000000012806],[442360.090000000025611,215012.22],[442359.590000000025611,215012.12],[442349.19,215007.22],[442343.39000000001397,215004.32],[442341.090000000025611,215002.420000000012806],[442344.789999999979045,215001.920000000012806],[442349.789999999979045,215002.019999999989523],[442352.19,215002.019999999989523],[442356.44,215001.420000000012806],[442360.789999999979045,215000.72],[442362.19,215000.72],[442368.090000000025611,215000.62],[442369.916099999973085,215000.62],[442368.19,214989.72],[442365.789999999979045,214989.72],[442357.090000000025611,214989.82],[442351.69,214989.82],[442343.49,214989.62],[442340.19,214989.62],[442336.69,214988.519999999989523],[442334.289999999979045,214987.920000000012806],[442330.69,214987.12],[442329.89000000001397,214987.019999999989523],[442327.090000000025611,214986.32],[442326.090000000025611,214985.920000000012806],[442325.289999999979045,214985.32],[442324.89000000001397,214984.62],[442324.69,214983.920000000012806],[442324.49,214982.519999999989523],[442324.289999999979045,214981.82],[442323.549999999988358,214980.329999999987194],[442322.900000000023283,214978.950000000011642],[442322.64000000001397,214978.28],[442322.520000000018626,214977.170000000012806],[442322.51,214976.07],[442323.090000000025611,214974.37],[442323.599999999976717,214973.66],[442324.099999999976717,214973.04],[442324.93,214972.24],[442325.770000000018626,214971.54],[442327.580000000016298,214969.63],[442327.960000000020955,214969.10999999998603],[442328.60999999998603,214967.96],[442329.14000000001397,214966.91],[442330.44,214964.62],[442331.169999999983702,214963.81],[442332.10999999998603,214963.14000000001397],[442332.82,214962.54],[442333.93,214961.21],[442334.919999999983702,214959.88],[442335.710000000020955,214958.53],[442336.12,214957.46],[442336.44,214956.4],[442336.44,214955.4],[442336.340000000025611,214954.5],[442335.94,214953.9],[442335.44,214953.299999999988358],[442335.039999999979045,214952.700000000011642],[442334.94,214952.5],[442334.64000000001397,214951.700000000011642],[442334.44,214949.9],[442333.94,214948.6],[442333.340000000025611,214947.299999999988358],[442333.14000000001397,214946.9],[442332.24,214945.6],[442331.24,214944.5],[442330.14000000001397,214943.4],[442329.039999999979045,214942.4],[442327.74,214941.5],[442325.14000000001397,214939.6],[442323.24,214938.5],[442322.14000000001397,214938.0],[442320.340000000025611,214937.299999999988358],[442318.44,214936.700000000011642],[442317.039999999979045,214936.4],[442314.840000000025611,214936.0],[442312.539999999979045,214935.700000000011642],[442311.539999999979045,214935.700000000011642],[442308.94,214935.6],[442307.14000000001397,214935.700000000011642],[442304.840000000025611,214935.9],[442302.94,214936.200000000011642],[442298.14000000001397,214937.6],[442294.830000000016298,214938.88],[442293.68,214939.299999999988358],[442295.2169,214951.011]]]]}},
{"type":"Feature","properties":{"mainhabs":"Deciduous woodland","habcodes":"DWOOD","featdesc":null,"featcodes":null,"otherclass":null,"addhabs":null,"primsource":"National Forest Inventory 2023 (DWOOD)","areaha":0.02,"version":"Sep_25","uid":"PHID44304435_021496475","shape_length":null,"shape_area":null},"geometry":{"type":"MultiPolygon","coordinates":[[[[443056.85999999998603,214923.0],[443049.659999999974389,214944.1],[443045.35999999998603,214956.6],[443044.659999999974389,214958.700000000011642],[443043.960000000020955,214961.799999999988358],[443043.35999999998603,214964.9],[443043.26,214965.6],[443040.85999999998603,214975.4],[443040.159999999974389,214978.200000000011642],[443039.26,214980.9],[443039.06,214981.299999999988358],[443037.960000000020955,214984.0],[443036.659999999974389,214986.6],[443035.26,214989.200000000011642],[443033.659999999974389,214991.6],[443032.35999999998603,214993.4],[443029.460000000020955,214997.6],[443030.76,214998.4],[443038.960000000020955,214986.4],[443039.960000000020955,214984.6],[443040.35999999998603,214983.799999999988358],[443041.159999999974389,214981.9],[443041.85999999998603,214980.0],[443042.26,214978.1],[443046.06,214962.5],[443046.56,214961.0],[443049.35999999998603,214952.700000000011642],[443049.960000000020955,214951.0],[443059.26,214923.9],[443056.85999999998603,214923.0]]]]}}
]
}
