{
"type": "FeatureCollection",
"name": "phi_northfieldfarm",
"crs": { "type": "name", "properties": { "name": "urn:ogc:def:crs:EPSG::27700" } },
"features": [
{"type":"Feature","properties":{"mainhabs":"Coastal and floodplain grazing marsh","habcodes":"CFPGM","featdesc":null,"featcodes":null,"otherclass":null,"addhabs":null,"primsource":"Environment Agency Flood Zone 3 Oxfordshire digital data 2009 (CFPGM)","areaha":0.04,"version":"Sep_25","uid":"PHID44558501_020942609","shape_length":null,"shape_area":null},"geometry":{"type":"MultiPolygon","coordinates":[[[[445569.512999999977183,209403.779],[445552.715199999976903,209384.4546],[445526.782200000016019,209348.967299999989336],[445526.229799999971874,209348.3724],[445527.93,209350.69],[445534.74,209360.38],[445537.01,209363.74],[445550.340000000025611,209383.82],[445566.06,209406.06],[445576.35999999998603,209419.019999999989523],[445583.080000000016298,209427.049999999988358],[445585.349999999976717,209429.39000000001397],[445601.549999999988358,209445.31],[445617.299999999988358,209461.72],[445632.349999999976717,209478.22],[445643.793500000028871,209489.859900000010384],[445617.144299999985378,209459.018699999985984],[445615.802000000025146,209457.568999999988591],[445610.378000000026077,209451.881],[445604.293,209446.192000000010012],[445600.152,209441.244],[445593.802000000025146,209433.62400000001071],[445587.452,209426.003999999986263],[445584.59499999997206,209422.670000000012806],[445578.1937,209413.941],[445577.60999999998603,209413.144999999989523],[445569.512999999977183,209403.779]]]]}},
{"type":"Feature","properties":{"mainhabs":"Coastal and floodplain grazing marsh","habcodes":"CFPGM","featdesc":null,"featcodes":null,"otherclass":null,"addhabs":null,"primsource":"Environment Agency Flood Zone 3 Oxfordshire digital data 2009 (CFPGM)","areaha":0.04,"version":"Sep_25","uid":"PHID44574718_020969518","shape_length":null,"shape_area":null},"geometry":{"type":"MultiPolygon","coordinates":[[[[445717.35999999998603,209583.9057],[445700.686999999976251,209561.1699],[445704.31,209567.34],[445704.909999999974389,209568.44],[445712.770000000018626,209581.829999999987194],[445717.06,209589.53],[445718.349999999976717,209592.43],[445718.450000000011642,209592.829999999987194],[445718.840000000025611,209594.019999999989523],[445719.14000000001397,209595.22],[445719.340000000025611,209596.519999999989523],[445719.63,209597.82],[445719.729999999981374,209598.420000000012806],[445722.01,209609.519999999989523],[445726.87,209628.700000000011642],[445730.74,209645.38],[445735.0,209666.47],[445736.979999999981374,209673.16],[445739.169999999983702,209679.66],[445740.770000000018626,209683.85],[445743.64000000001397,209691.06],[445746.82,209698.10999999998603],[445747.210000000020955,209699.01],[445750.200000000011642,209704.85999999998603],[445753.49,209710.53],[445754.35999999998603,209712.019999999989523],[445756.99,209716.0],[445759.799999999988358,209719.78],[445762.82,209723.6],[445765.76,209726.96],[445769.450000000011642,209730.980000000010477],[445773.26,209734.769999999989523],[445777.26,209738.37],[445778.25,209739.29],[445782.159999999974389,209742.269999999989523],[445786.18,209745.200000000011642],[445789.21999999997206,209747.420000000012806],[445793.68,209750.707499999989523],[445779.288,209739.3278],[445751.9901,209705.2053],[445731.5166999999783,209646.5148],[445719.744599999976344,209588.962399999989429],[445718.936999999976251,209587.347],[445717.35999999998603,209583.9057]]]]}},
{"type":"Feature","properties":{"mainhabs":"Coastal and floodplain grazing marsh","habcodes":"CFPGM","featdesc":null,"featcodes":null,"otherclass":null,"addhabs":null,"primsource":"Environment Agency Flood Zone 3 Oxfordshire digital data 2009 (CFPGM)","areaha":0.02,"version":"Sep_25","uid":"PHID44611190_020973711","shape_length":null,"shape_area":null},"geometry":{"type":"MultiPolygon","coordinates":[[[[446168.538999999989755,209773.557999999989988],[446159.431999999971595,209765.468],[446150.330000000016298,209757.636],[446141.757999999972526,209752.345],[446130.222,209745.889],[446118.050999999977648,209739.221],[446098.26,209730.543],[446069.367000000027474,209717.525],[446050.106000000028871,209707.894999999989523],[446035.574000000022352,209700.676],[446040.01,209703.269900000013877],[446054.659999999974389,209711.4199],[446063.789999999979045,209716.66],[446070.46999999997206,209719.8899],[446076.03000000002794,209722.68],[446081.14000000001397,209725.1999],[446087.71999999997206,209728.329900000011548],[446087.919999999983702,209728.4099],[446091.910099999979138,209730.179899999988265],[446095.899900000018533,209731.769900000013877],[446099.9301,209733.299900000012713],[446104.020000000018626,209734.7199],[446112.60999999998603,209737.8699],[446118.229999999981374,209740.269900000013877],[446119.039999999979045,209740.6599],[446124.460000000020955,209743.9499],[446126.570100000011735,209745.299999999988358],[446128.789899999974295,209746.959899999987101],[446135.13,209751.2299],[446143.0599,209756.6699],[446152.01,209762.5899],[446158.26,209766.8699],[446166.699399999983143,209772.3611],[446166.886799999978393,209772.483],[446168.538999999989755,209773.557999999989988]]]]}},
{"type":"Feature","properties":{"mainhabs":"Coastal and floodplain grazing marsh","habcodes":"CFPGM","featdesc":null,"featcodes":null,"otherclass":null,"addhabs":null,"primsource":"Environment Agency Flood Zone 3 Oxfordshire digital data 2009 (CFPGM)","areaha":0.01,"version":"Sep_25","uid":"PHID44642908_020997336","shape_length":null,"shape_area":null},"geometry":{"type":"MultiPolygon","coordinates":[[[[446393.346399999980349,209961.682900000014342],[446394.89000000001397,209962.21],[446414.89000000001397,209969.71],[446426.89000000001397,209974.01],[446445.39000000001397,209980.01],[446459.789999999979045,209984.71],[446460.504200000024866,209985.054800000012619],[446449.4523,209978.184700000012526],[446393.346399999980349,209961.682900000014342]]]]}},
{"type":"Feature","properties":{"mainhabs":"Coastal and floodplain grazing marsh","habcodes":"CFPGM","featdesc":null,"featcodes":null,"otherclass":null,"addhabs":null,"primsource":"Environment Agency Flood Zone 3 Oxfordshire digital data 2009 (CFPGM)","areaha":0.11,"version":"Sep_25","uid":"PHID44645343_020967364","shape_length":null,"shape_area":null},"geometry":{"type":"MultiPolygon","coordinates":[[[[446500.0,209705.35999999998603],[446499.900000000023283,209705.26],[446499.099999999976717,209704.549999999988358],[446497.60999999998603,209703.06],[446496.919999999983702,209702.170000000012806],[446495.729999999981374,209700.37],[446495.63,209700.170000000012806],[446495.13,209699.269999999989523],[446494.64000000001397,209698.28],[446494.25,209697.28],[446493.650000000023283,209695.59],[446492.76,209693.6],[446490.78000000002794,209689.60999999998603],[446489.5,209687.22],[446489.0,209686.62],[446487.909999999974389,209685.62],[446486.419999999983702,209684.420000000012806],[446484.24,209682.32],[446482.840000000025611,209681.230000000010477],[446480.56,209679.43],[446478.770000000018626,209678.329999999987194],[446475.5,209676.63],[446474.799999999988358,209676.230000000010477],[446474.01,209675.64000000001397],[446473.10999999998603,209675.230000000010477],[446472.12,209674.730000000010477],[446471.21999999997206,209674.329999999987194],[446470.21999999997206,209674.03],[446470.03000000002794,209674.019999999989523],[446469.13,209673.730000000010477],[446468.039999999979045,209673.53],[446467.039999999979045,209673.329999999987194],[446466.06,209673.22],[446464.76,209673.12],[446463.57,209672.920000000012806],[446462.37,209672.60999999998603],[446461.18,209672.21],[446459.89000000001397,209671.81],[446455.710000000020955,209670.71],[446454.210000000020955,209670.299999999988358],[446451.63,209669.6],[446451.14000000001397,209669.5],[446449.450000000011642,209669.200000000011642],[446447.849999999976717,209668.79],[446447.159999999974389,209668.59],[446445.57,209668.09],[446444.07,209667.59],[446442.580000000016298,209666.89000000001397],[446438.31,209665.19],[446423.89000000001397,209659.18],[446423.0,209658.78],[446421.60999999998603,209658.170000000012806],[446420.020000000018626,209657.37],[446418.729999999981374,209656.68],[446417.43,209655.769999999989523],[446415.64000000001397,209654.88],[446413.76,209653.47],[446410.18,209651.37],[446404.62,209648.38],[446404.12,209647.980000000010477],[446403.229999999981374,209647.37],[446402.24,209646.88],[446401.340000000025611,209646.38],[446401.039999999979045,209646.28],[446400.049999999988358,209645.87],[446398.06,209645.269999999989523],[446393.78000000002794,209643.97],[446390.01,209642.87],[446387.539999999979045,209641.94],[446385.9193,209645.4781],[446385.409999999974389,209646.59],[446500.0,209705.35999999998603]]]]}},
{"type":"Feature","properties":{"mainhabs":"Coastal and floodplain grazing marsh","habcodes":"CFPGM","featdesc":null,"featcodes":null,"otherclass":null,"addhabs":null,"primsource":"Environment Agency Flood Zone 3 Oxfordshire digital data 2009 (CFPGM)","areaha":5.77,"version":"Sep_25","uid":"PHID44700748_021006392","shape_length":null,"shape_area":null},"geometry":{"type":"MultiPolygon","coordinates":[[[[446816.76,209959.920000000012806],[446815.35999999998603,209959.59],[446813.960000000020955,209959.49],[446813.74,209959.51],[446808.200000000011642,209958.47],[446806.510699999984354,209957.996699999988778],[446806.239500000025146,209961.2703],[446808.642,209961.8482],[446810.520000000018626,209962.299999999988358],[446810.828800000017509,209962.4177],[446849.367099999974016,209985.0092],[446891.6789,210006.8475],[446878.770299999974668,210052.8022],[446858.3822,210125.383800000010524],[446856.13,210125.305],[446856.11099999997532,210125.304],[446855.6922,210126.6444],[446877.71999999997206,210126.87],[446894.789999999979045,210127.07],[446903.37,210127.21],[446918.770000000018626,210127.81],[446944.57,210128.91],[446954.57,210130.41],[446962.07,210131.91],[446969.270000000018626,210133.51],[446977.7645,210135.6085],[446977.769900000013877,210135.6104],[446987.07,210139.81],[446994.07,210143.10999999998603],[447000.0,210146.420000000012806],[447000.164899999974295,210146.507099999987986],[447000.170099999988452,210146.5099],[447008.25,210150.91],[447017.599999999976717,210156.16],[447017.7241,210156.2327],[447055.75,210178.43],[447062.75,210182.170000000012806],[447074.090000000025611,210188.079999999987194],[447087.07,210194.269999999989523],[447088.169999999983702,210194.769999999989523],[447089.37,210195.269999999989523],[447090.46999999997206,210195.769999999989523],[447090.669999999983702,210195.87],[447091.770000000018626,210196.57],[447092.770000000018626,210197.170000000012806],[447093.770000000018626,210197.97],[447094.07,210198.170000000012806],[447097.07,210200.07],[447100.169999999983702,210201.769999999989523],[447103.270000000018626,210203.37],[447106.57,210204.87],[447109.87,210206.170000000012806],[447113.169999999983702,210207.37],[447115.768999999971129,210208.0699],[447118.46999999997206,210208.670000000012806],[447123.87,210209.47],[447129.169999999983702,210209.87],[447134.169999999983702,210210.37],[447139.069000000017695,210210.4699],[447142.770000000018626,210210.07],[447145.87,210209.269999999989523],[447147.37,210208.769999999989523],[447148.770000000018626,210208.170000000012806],[447152.07,210206.670000000012806],[447154.270000000018626,210205.769999999989523],[447155.57,210205.37],[447156.669999999983702,210205.07],[447157.770000000018626,210204.670000000012806],[447158.87,210204.170000000012806],[447159.07,210204.07],[447160.169999999983702,210203.57],[447162.169999999983702,210202.37],[447163.169999999983702,210201.670000000012806],[447164.07,210200.97],[447164.270000000018626,210200.87],[447165.270000000018626,210199.97],[447165.35999999998603,210199.89000000001397],[447166.419999999983702,210198.85999999998603],[447167.5,210197.730000000010477],[447170.349999999976717,210194.01],[447170.94,210193.04],[447171.51,210192.18],[447172.090000000025611,210191.24],[447172.128900000010617,210191.1489],[447172.26,210190.84],[447173.159999999974389,210189.26],[447173.93,210187.670000000012806],[447174.68,210186.0],[447175.71999999997206,210182.99],[447176.18,210181.26],[447176.599999999976717,210179.450000000011642],[447176.93,210177.730000000010477],[447177.159999999974389,210175.9],[447177.28000000002794,210174.1],[447177.14000000001397,210170.44],[447176.99,210169.579999999987194],[447176.25,210166.700000000011642],[447175.789700000023004,210165.3592],[447175.21999999997206,210164.03],[447173.919999999983702,210161.39000000001397],[447173.580000000016298,210160.82],[447168.44,210151.63],[447167.03000000002794,210148.46],[447165.89000000001397,210146.31],[447164.18,210143.32],[447157.479999999981374,210133.72],[447157.18,210133.22],[447156.78000000002794,210132.62],[447156.479999999981374,210132.12],[447156.18,210131.519999999989523],[447155.78000000002794,210130.32],[447155.68,210129.82],[447155.38,210127.920000000012806],[447155.38,210123.32],[447155.18,210121.62],[447154.580000000016298,210118.12],[447154.38,210117.62],[447154.28000000002794,210117.32],[447152.88,210112.22],[447150.81,210103.39000000001397],[447145.96999999997206,210088.200000000011642],[447146.98489999998128,210087.454900000011548],[447147.32,210087.269999999989523],[447147.090000000025611,210086.87],[447146.409999999974389,210085.63],[447146.0844,210084.9136],[447145.909999999974389,210084.53],[447145.60999999998603,210083.93],[447145.10999999998603,210082.329999999987194],[447143.292000000015832,210079.891],[447141.175999999977648,210078.435],[447140.712999999988824,210073.21],[447140.316,210070.961000000010245],[447139.653999999980442,210068.381],[447139.456,210065.471],[447139.289999999979045,210063.47],[447138.799999999988358,210060.76],[447138.575399999972433,210059.1876],[447138.409999999974389,210058.03],[447138.31449999997858,210057.4389],[447137.99,210055.43],[447137.43,210052.66],[447136.150499999988824,210051.1141],[447135.21999999997206,210049.99],[447132.169999999983702,210047.4],[447128.840000000025611,210045.09],[447126.169999999983702,210044.079999999987194],[447122.93,210043.62],[447123.39000000001397,210039.920000000012806],[447126.44,210040.75],[447131.06,210041.22],[447136.51,210040.94],[447139.56,210039.18],[447140.304799999983516,210038.421200000011595],[447143.673699999984819,210034.9891],[447144.1628,210034.0476],[447149.063100000028498,210029.5323],[447155.3761,210023.7206],[447162.5369,210015.64790000001085],[447170.398600000014994,210006.0007],[447031.37,209966.950000000011642],[447000.26,209960.85999999998603],[447000.0,209960.799999999988358],[446988.24,209958.019999999989523],[446965.44,209954.59],[446960.659999999974389,209954.85999999998603],[446954.89000000001397,209956.22],[446950.19,209955.420000000012806],[446944.501500000013039,209954.175599999987753],[446943.790099999983795,209954.019999999989523],[446936.49,209952.019999999989523],[446929.289999999979045,209950.32],[446921.39000000001397,209948.62],[446919.289999999979045,209948.519999999989523],[446907.19,209947.420000000012806],[446889.39000000001397,209944.32],[446863.49,209936.22],[446861.7574,209935.528499999985797],[446840.69,209927.12],[446839.090000000025611,209926.62],[446833.330000000016298,209924.14000000001397],[446823.270000000018626,209919.37],[446819.25,209917.39000000001397],[446817.99,209939.79],[446816.76,209959.920000000012806]]]]}},
{"type":"Feature","properties":{"mainhabs":"Coastal and floodplain grazing marsh","habcodes":"CFPGM","featdesc":null,"featcodes":null,"otherclass":null,"addhabs":null,"primsource":"Environment Agency Flood Zone 3 Oxfordshire digital data 2009 (CFPGM)","areaha":0.01,"version":"Sep_25","uid":"PHID44715403_021010333","shape_length":null,"shape_area":null},"geometry":{"type":"MultiPolygon","coordinates":[[[[447148.210000000020955,210088.829999999987194],[447153.88,210109.519999999989523],[447154.479999999981374,210110.72],[447154.580000000016298,210111.019999999989523],[447154.979999999981374,210112.420000000012806],[447155.080000000016298,210112.72],[447157.38,210121.019999999989523],[447158.31,210117.769999999989523],[447159.26,210113.60999999998603],[447159.76,210110.16],[447159.85999999998603,210108.10999999998603],[447159.81,210106.56],[447159.76,210105.21],[447159.409999999974389,210104.21],[447158.18,210102.22],[447157.479999999981374,210101.28],[447149.68,210091.24],[447149.38,210090.81],[447148.85999999998603,210089.88],[447148.710000000020955,210089.57],[447148.210000000020955,210088.829999999987194]]]]}},
{"type":"Feature","properties":{"mainhabs":"Coastal and floodplain grazing marsh","habcodes":"CFPGM","featdesc":null,"featcodes":null,"otherclass":null,"addhabs":null,"primsource":"Higher Level Stewardship 2011 (CFPGM)","areaha":0.32,"version":"Sep_25","uid":"PHID44733724_021014608","shape_length":null,"shape_area":null},"geometry":{"type":"MultiPolygon","coordinates":[[[[447458.080000000016298,210167.60999999998603],[447450.62,210165.28],[447443.32,210163.88],[447438.289999999979045,210163.14000000001397],[447434.270000000018626,210162.62],[447429.450000000011642,210161.85],[447423.39000000001397,210161.230000000010477],[447418.729999999981374,210160.76],[447413.14000000001397,210160.29],[447402.580000000016298,210159.51],[447393.299999999988358,210158.76],[447383.35999999998603,210157.51],[447370.46999999997206,210154.56],[447358.090000000025611,210150.31],[447349.340000000025611,210146.93],[447337.539999999979045,210141.049999999988358],[447333.330000000016298,210138.37],[447329.0,210135.299999999988358],[447321.81,210128.62],[447317.659999999974389,210124.079999999987194],[447307.289999999979045,210111.32],[447297.71999999997206,210095.829999999987194],[447291.46999999997206,210080.1],[447287.68,210070.31],[447286.44,210067.980000000010477],[447283.330000000016298,210064.57],[447281.159999999974389,210063.170000000012806],[447275.87,210059.75],[447269.96999999997206,210055.4],[447263.14000000001397,210051.519999999989523],[447256.60999999998603,210048.57],[447247.289999999979045,210045.920000000012806],[447240.919999999983702,210045.15],[447237.200000000011642,210045.15],[447232.539999999979045,210045.60999999998603],[447223.840000000025611,210046.549999999988358],[447216.539999999979045,210047.79],[447210.01,210049.81],[447201.0,210052.450000000011642],[447196.19,210054.0],[447192.710000000020955,210056.19],[447192.19,210056.480000000010477],[447186.400000000023283,210060.22],[447176.63,210068.670000000012806],[447158.409999999974389,210082.28],[447159.31,210083.63],[447160.909999999974389,210085.829999999987194],[447162.032,210087.358],[447164.51,210090.730000000010477],[447165.31,210089.53],[447166.393999999971129,210087.994],[447167.710000000020955,210086.13],[447168.01,210085.730000000010477],[447170.51,210082.43],[447171.413999999989755,210081.299999999988358],[447172.909999999974389,210079.43],[447177.10999999998603,210074.329999999987194],[447178.10999999998603,210073.13],[447179.710000000020955,210071.329999999987194],[447181.409999999974389,210069.63],[447183.210000000020955,210068.03],[447184.31,210067.13],[447186.210000000020955,210065.53],[447187.87,210064.31],[447188.10999999998603,210064.13],[447190.19,210062.85999999998603],[447190.479999999981374,210062.66],[447191.07,210062.170000000012806],[447191.76,210061.78],[447192.349999999976717,210061.39000000001397],[447193.039999999979045,210061.1],[447193.539999999979045,210060.9],[447194.229999999981374,210060.700000000011642],[447194.909999999974389,210060.41],[447211.06,210054.68],[447217.330000000016298,210052.950000000011642],[447221.64000000001397,210051.700000000011642],[447231.159999999974389,210049.9],[447232.46999999997206,210049.44],[447234.32,210048.950000000011642],[447235.37,210048.75],[447236.020000000018626,210048.63],[447237.62,210048.43],[447241.020000000018626,210048.230000000010477],[447242.62,210048.230000000010477],[447244.62,210048.43],[447247.62,210048.93],[447250.520000000018626,210049.78],[447252.32,210050.29],[447254.51,210051.01],[447256.60999999998603,210051.730000000010477],[447260.78000000002794,210053.56],[447262.159999999974389,210054.34],[447264.43,210055.670000000012806],[447266.590000000025611,210057.1],[447268.549999999988358,210058.519999999989523],[447270.650000000023283,210060.019999999989523],[447271.450000000011642,210060.62],[447272.150000000023283,210061.22],[447272.950000000011642,210061.72],[447273.650000000023283,210062.12],[447274.549999999988358,210062.519999999989523],[447275.349999999976717,210062.920000000012806],[447277.25,210063.519999999989523],[447277.549999999988358,210063.62],[447279.75,210064.72],[447280.049999999988358,210064.920000000012806],[447280.549999999988358,210065.22],[447280.950000000011642,210065.519999999989523],[447281.349999999976717,210065.62],[447282.349999999976717,210066.12],[447282.650000000023283,210066.32],[447283.049999999988358,210066.519999999989523],[447283.25,210066.72],[447283.650000000023283,210066.920000000012806],[447283.75,210067.12],[447283.950000000011642,210067.22],[447284.049999999988358,210067.420000000012806],[447284.349999999976717,210067.72],[447284.650000000023283,210068.12],[447284.75,210068.32],[447284.849999999976717,210068.420000000012806],[447284.950000000011642,210068.62],[447285.049999999988358,210068.72],[447285.150000000023283,210068.920000000012806],[447285.25,210069.019999999989523],[447285.349999999976717,210069.32],[447285.450000000011642,210070.22],[447285.650000000023283,210070.920000000012806],[447285.650000000023283,210071.22],[447285.75,210071.519999999989523],[447285.849999999976717,210071.72],[447285.849999999976717,210072.019999999989523],[447285.950000000011642,210072.22],[447286.150000000023283,210072.420000000012806],[447286.25,210072.62],[447286.349999999976717,210072.920000000012806],[447286.450000000011642,210073.12],[447286.75,210074.019999999989523],[447286.75,210074.519999999989523],[447286.849999999976717,210074.62],[447286.849999999976717,210074.82],[447287.049999999988358,210075.22],[447287.25,210075.420000000012806],[447287.349999999976717,210075.62],[447287.549999999988358,210075.82],[447289.049999999988358,210079.519999999989523],[447289.450000000011642,210081.12],[447289.650000000023283,210082.12],[447289.950000000011642,210083.420000000012806],[447290.150000000023283,210084.72],[447290.25,210086.019999999989523],[447290.25,210089.519999999989523],[447289.849999999976717,210093.72],[447289.849999999976717,210094.82],[447290.049999999988358,210095.82],[447290.25,210096.22],[447290.450000000011642,210096.72],[447290.549999999988358,210097.019999999989523],[447290.75,210097.420000000012806],[447291.950000000011642,210099.019999999989523],[447292.349999999976717,210099.32],[447294.150000000023283,210101.32],[447294.349999999976717,210101.62],[447295.150000000023283,210102.72],[447295.289999999979045,210102.96],[447295.74,210103.78],[447301.919999999983702,210113.74],[447302.090000000025611,210114.079999999987194],[447302.599999999976717,210114.96],[447302.74,210115.18],[447303.479999999981374,210116.14000000001397],[447304.200000000011642,210117.170000000012806],[447304.789999999979045,210117.87],[447305.700000000011642,210118.730000000010477],[447306.520000000018626,210119.59],[447307.270000000018626,210120.28],[447308.01,210120.9],[447308.659999999974389,210121.670000000012806],[447309.340000000025611,210122.37],[447309.900000000023283,210123.13],[447310.06,210123.47],[447310.63,210124.26],[447311.12,210125.10999999998603],[447311.520000000018626,210125.96],[447312.099999999976717,210126.829999999987194],[447312.830000000016298,210128.019999999989523],[447313.150000000023283,210128.37],[447315.700000000011642,210131.519999999989523],[447315.909999999974389,210131.68],[447316.76,210132.64000000001397],[447317.599999999976717,210133.65],[447317.85999999998603,210134.10999999998603],[447319.090000000025611,210135.59],[447320.090000000025611,210137.19],[447324.19,210143.62],[447324.56,210144.07],[447325.400000000023283,210145.0],[447325.85999999998603,210145.35],[447326.400000000023283,210145.71],[447326.840000000025611,210146.079999999987194],[447327.39000000001397,210146.450000000011642],[447328.5,210146.93],[447328.94,210147.28],[447329.39000000001397,210147.69],[447329.979999999981374,210148.269999999989523],[447330.74,210149.14000000001397],[447331.03000000002794,210149.4],[447331.580000000016298,210149.85],[447331.950000000011642,210150.200000000011642],[447332.590000000025611,210150.579999999987194],[447333.210000000020955,210151.1],[447333.75,210151.549999999988358],[447334.28000000002794,210152.07],[447334.650000000023283,210152.51],[447335.549999999988358,210153.72],[447335.69,210153.91],[447336.460000000020955,210154.6],[447336.93,210154.88],[447337.32,210155.06],[447337.799999999988358,210155.35],[447338.74,210155.74],[447340.96999999997206,210156.63],[447344.81,210158.28],[447347.89000000001397,210159.69],[447352.10999999998603,210161.99],[447352.93,210162.41],[447355.520000000018626,210163.51],[447358.789999999979045,210164.63],[447362.75,210165.799999999988358],[447365.38,210166.49],[447369.71999999997206,210167.5],[447374.090000000025611,210168.230000000010477],[447375.229999999981374,210168.41],[447385.539999999979045,210169.31],[447390.770000000018626,210169.66],[447393.799999999988358,210169.26],[447407.159999999974389,210166.670000000012806],[447412.340000000025611,210166.200000000011642],[447417.909999999974389,210165.91],[447418.10999999998603,210165.91],[447424.590000000025611,210165.89000000001397],[447431.21999999997206,210166.81],[447433.03000000002794,210167.18],[447436.43,210167.799999999988358],[447439.419999999983702,210168.62],[447441.51,210168.99],[447446.710000000020955,210170.29],[447451.909999999974389,210171.89000000001397],[447453.81,210172.59],[447470.03000000002794,210179.519999999989523],[447476.840000000025611,210182.59],[447483.919999999983702,210186.0],[447484.650000000023283,210186.32],[447488.909999999974389,210188.670000000012806],[447493.080000000016298,210191.10999999998603],[447494.200000000011642,210191.74],[447498.25,210194.51],[447499.080000000016298,210195.04],[447500.44,210196.0],[447501.900000000023283,210196.85],[447503.340000000025611,210197.579999999987194],[447504.81,210198.230000000010477],[447515.71999999997206,210203.88],[447527.270000000018626,210209.64000000001397],[447540.590000000025611,210215.62],[447598.56,210243.54],[447600.830000000016298,210244.72],[447601.13,210244.89000000001397],[447605.419999999983702,210247.019999999989523],[447606.06,210245.200000000011642],[447594.960000000020955,210238.730000000010477],[447577.71999999997206,210228.79],[447562.5,210219.94],[447543.07,210209.51],[447520.03000000002794,210198.68],[447484.400000000023283,210179.75],[447467.89000000001397,210171.420000000012806],[447458.080000000016298,210167.60999999998603]]]]}},
{"type":"Feature","properties":{"mainhabs":"Coastal and floodplain grazing marsh","habcodes":"CFPGM","featdesc":null,"featcodes":null,"otherclass":null,"addhabs":null,"primsource":"Higher Level Stewardship 2011 (CFPGM)","areaha":44.99,"version":"Sep_25","uid":"PHID44763235_020991317","shape_length":null,"shape_area":null},"geometry":{"type":"MultiPolygon","coordinates":[[[[448082.3258,209366.1881],[447949.9706,209402.840300000010757],[447950.150000000023283,209403.39000000001397],[447950.150000000023283,209404.06],[447950.24,209404.35],[447950.150000000023283,209404.829999999987194],[447950.14000000001397,209405.21],[447950.039999999979045,209405.6],[447950.039999999979045,209405.79],[447949.650000000023283,209407.32],[447949.35999999998603,209408.18],[447949.07,209408.76],[447948.19,209411.829999999987194],[447947.64069999998901,209413.0633],[447947.13,209414.21],[447946.270000000018626,209416.32],[447945.68,209417.269999999989523],[447945.39000000001397,209417.84],[447945.200000000011642,209418.51],[447944.81,209420.329900000011548],[447944.21999999997206,209422.730000000010477],[447943.63,209426.179899999988265],[447943.3848,209427.9462],[447943.14000000001397,209429.71],[447942.64000000001397,209433.64000000001397],[447941.960000000020955,209436.04],[447941.85999999998603,209437.0],[447941.76,209437.85999999998603],[447941.76,209438.049999999988358],[447941.57,209438.91],[447941.270000000018626,209439.78],[447941.270000000018626,209440.06],[447940.87,209441.46],[447940.57,209442.26],[447940.169999999983702,209442.85999999998603],[447939.87,209443.56],[447939.07,209444.76],[447938.96999999997206,209444.96],[447938.6104,209445.5409],[447937.669999999983702,209447.06],[447937.490600000019185,209447.3191],[447936.770000000018626,209448.35999999998603],[447936.53000000002794,209448.72],[447935.96999999997206,209449.5599],[447935.169999999983702,209450.96],[447933.57,209454.16],[447932.840399999986403,209455.765099999989616],[447932.07,209457.46],[447930.6177,209460.0228],[447930.37,209460.46],[447930.205399999977089,209460.814600000012433],[447929.07,209463.26],[447928.57,209464.26],[447928.07,209465.16],[447927.770000000018626,209465.76],[447927.169999999983702,209466.66],[447926.57,209467.46],[447925.87,209468.35999999998603],[447924.07,209470.35999999998603],[447923.57,209470.76],[447922.770000000018626,209471.46],[447921.87,209472.16],[447921.37,209472.56],[447920.169999999983702,209473.35999999998603],[447919.46999999997206,209473.66],[447919.169999999983702,209473.76],[447918.270000000018626,209473.76],[447917.770000000018626,209473.76],[447917.169999999983702,209473.56],[447916.770000000018626,209473.46],[447916.46999999997206,209473.35999999998603],[447916.37,209473.26],[447915.87,209472.96],[447915.270000000018626,209472.66],[447913.169999999983702,209471.46],[447910.770000000018626,209469.96],[447909.769299999985378,209469.373400000011316],[447907.87,209468.26],[447905.46999999997206,209467.16],[447903.37,209466.26],[447902.87,209466.16],[447902.270000000018626,209466.06],[447901.770000000018626,209466.06],[447901.169999999983702,209465.96],[447900.669999999983702,209465.96],[447900.07,209466.06],[447899.87,209466.06],[447899.550999999977648,209466.113000000012107],[447896.822999999974854,209465.701],[447895.881700000027195,209465.5589],[447892.6971,209465.078],[447891.787000000011176,209464.94],[447890.826,209464.94],[447890.330000000016298,209464.94],[447890.007999999972526,209465.041],[447889.593,209466.332],[447889.593,209467.6551],[447889.593,209468.2371],[447889.593,209468.943999999988591],[447890.308000000019092,209471.017],[447890.903,209472.356999999989057],[447891.032200000016019,209472.5546],[447892.254100000020117,209474.4242],[447892.702,209475.109],[447893.963999999978114,209477.946999999985565],[447894.607000000018161,209481.647999999986496],[447894.4879,209482.92180000001099],[447894.239200000010896,209485.5827],[447894.218,209485.809],[447893.826,209488.647],[447893.826,209492.745],[447892.746999999973923,209495.851],[447891.229999999981374,209501.102000000013504],[447890.37,209501.35999999998603],[447889.270000000018626,209501.66],[447888.770000000018626,209501.76],[447887.96999999997206,209501.85999999998603],[447887.46999999997206,209501.85999999998603],[447887.256600000022445,209501.8752],[447884.669999999983702,209502.06],[447882.770000000018626,209502.06],[447881.669999999983702,209501.96],[447879.96999999997206,209501.85999999998603],[447878.57,209501.66],[447875.669999999983702,209501.35999999998603],[447873.07,209500.96],[447872.669999999983702,209500.96],[447871.37,209500.85999999998603],[447869.5243,209500.85999999998603],[447869.37,209500.85999999998603],[447865.169999999983702,209500.76],[447861.66970000002766,209500.76],[447858.169999999983702,209500.76],[447856.972400000027847,209500.840300000010757],[447852.808399999979883,209501.1196],[447851.60999999998603,209501.200000000011642],[447846.07,209501.60999999998603],[447843.3785,209501.854],[447842.539999999979045,209501.93],[447839.330000000016298,209502.46],[447838.020000000018626,209502.60999999998603],[447833.900000000023283,209503.57],[447831.900000000023283,209503.94],[447827.0343,209505.235600000014529],[447825.289999999979045,209505.700000000011642],[447824.49,209505.94],[447820.200000000011642,209507.4],[447816.289999999979045,209508.56],[447813.210000000020955,209509.579999999987194],[447812.599999999976717,209506.980000000010477],[447811.400000000023283,209503.579999999987194],[447810.700000000011642,209503.579999999987194],[447810.599999999976717,209503.68],[447809.400000000023283,209503.68],[447808.799999999988358,209503.480000000010477],[447808.299999999988358,209503.28],[447808.099999999976717,209503.18],[447807.599999999976717,209502.88],[447807.099999999976717,209502.68],[447805.400000000023283,209501.480000000010477],[447800.900000000023283,209498.78],[447796.700000000011642,209496.38],[447796.400000000023283,209496.28],[447796.0,209495.980000000010477],[447795.599999999976717,209495.78],[447795.099999999976717,209495.68],[447794.900000000023283,209495.579999999987194],[447794.5,209495.480000000010477],[447794.200000000011642,209495.38],[447792.5,209495.38],[447790.599999999976717,209495.480000000010477],[447788.099999999976717,209495.480000000010477],[447783.299999999988358,209495.68],[447777.5,209495.88],[447776.200000000011642,209495.980000000010477],[447773.799999999988358,209496.079999999987194],[447770.0,209495.980000000010477],[447764.099999999976717,209495.88],[447759.599999999976717,209495.68],[447753.5,209495.480000000010477],[447739.799999999988358,209494.88],[447733.700000000011642,209494.78],[447729.099999999976717,209494.68],[447726.700000000011642,209494.68],[447722.099999999976717,209494.78],[447718.700000000011642,209494.88],[447714.400000000023283,209495.18],[447709.900000000023283,209495.18],[447705.900000000023283,209494.980000000010477],[447701.900000000023283,209494.88],[447694.799999999988358,209494.28],[447687.5,209493.480000000010477],[447685.159999999974389,209493.170000000012806],[447684.900000000023283,209495.079999999987194],[447684.5,209497.38],[447683.700000000011642,209500.28],[447683.599999999976717,209500.78],[447683.200000000011642,209501.980000000010477],[447682.900000000023283,209502.579999999987194],[447682.5,209503.28],[447681.299999999988358,209505.079999999987194],[447680.599999999976717,209505.980000000010477],[447678.799999999988358,209508.68],[447678.5,209509.079999999987194],[447677.400000000023283,209510.579999999987194],[447676.400000000023283,209512.079999999987194],[447676.0,209512.579999999987194],[447675.400000000023283,209513.579999999987194],[447675.200000000011642,209513.980000000010477],[447674.700000000011642,209515.079999999987194],[447674.229999999981374,209516.019999999989523],[447673.479999999981374,209517.72],[447673.200000000011642,209518.19],[447672.44,209519.9],[447672.07,209520.47],[447671.409999999974389,209521.41],[447670.0,209523.200000000011642],[447669.71999999997206,209523.39000000001397],[447668.21999999997206,209525.1],[447666.81,209526.82],[447666.5,209527.200000000011642],[447664.0,209530.0],[447661.799999999988358,209532.6],[447660.0,209534.799999999988358],[447657.5,209538.200000000011642],[447653.700000000011642,209543.200000000011642],[447650.599999999976717,209547.200000000011642],[447647.299999999988358,209551.5],[447645.099999999976717,209554.5],[447642.200000000011642,209558.4],[447639.5,209562.200000000011642],[447636.700000000011642,209566.200000000011642],[447632.400000000023283,209572.1],[447626.599999999976717,209580.1],[447620.099999999976717,209589.0],[447616.400000000023283,209593.799999999988358],[447611.900000000023283,209599.6],[447611.26,209600.39000000001397],[447607.94,209604.13],[447606.710000000020955,209605.34],[447603.270000000018626,209608.549999999988358],[447599.950000000011642,209611.47],[447599.53000000002794,209611.81],[447597.330000000016298,209613.730000000010477],[447596.330000000016298,209614.480000000010477],[447595.099999999976717,209615.47],[447593.69,209616.35],[447592.169999999983702,209617.31],[447590.85999999998603,209618.06],[447589.840000000025611,209618.71],[447587.020000000018626,209620.480000000010477],[447586.520000000018626,209620.799999999988358],[447583.64000000001397,209622.29],[447579.94,209624.35],[447574.44,209627.35],[447569.31,209630.480000000010477],[447568.64000000001397,209630.99],[447567.400000000023283,209631.82],[447566.299999999988358,209632.920000000012806],[447564.099999999976717,209635.22],[447560.799999999988358,209638.82],[447556.599999999976717,209643.72],[447552.900000000023283,209648.32],[447552.5,209648.920000000012806],[447548.099999999976717,209654.32],[447547.400000000023283,209655.22],[447544.28000000002794,209660.079999999987194],[447542.460000000020955,209663.26],[447540.549999999988358,209666.66],[447536.75,209673.829999999987194],[447536.299999999988358,209674.730000000010477],[447534.200000000011642,209678.16],[447533.400000000023283,209679.46],[447531.099999999976717,209682.76],[447527.700000000011642,209687.16],[447524.799999999988358,209690.56],[447522.0,209694.06],[447521.099999999976717,209695.16],[447519.5,209697.35999999998603],[447518.900000000023283,209698.46],[447518.200000000011642,209699.66],[447516.200000000011642,209702.85999999998603],[447513.450000000011642,209707.10999999998603],[447513.020000000018626,209707.65],[447509.299999999988358,209712.74],[447509.099999999976717,209713.12],[447508.89000000001397,209713.51],[447508.71999999997206,209713.91],[447508.539999999979045,209714.329999999987194],[447508.39000000001397,209714.74],[447508.099999999976717,209715.56],[447508.0,209715.99],[447507.89000000001397,209716.420000000012806],[447507.789999999979045,209716.84],[447507.710000000020955,209717.269999999989523],[447507.63,209717.71],[447507.580000000016298,209718.0],[447507.539999999979045,209718.329999999987194],[447507.539999999979045,209718.39000000001397],[447507.51,209718.75],[447507.44,209719.18],[447507.39000000001397,209720.049999999988358],[447507.419999999983702,209720.49],[447507.44,209720.91],[447507.46999999997206,209721.34],[447507.63,209722.200000000011642],[447507.729999999981374,209722.6],[447507.87,209723.03],[447508.020000000018626,209723.420000000012806],[447508.229999999981374,209723.85],[447508.479999999981374,209724.25],[447508.78000000002794,209724.60999999998603],[447509.14000000001397,209724.950000000011642],[447509.5,209725.28],[447509.849999999976717,209725.62],[447510.24,209725.94],[447510.950000000011642,209726.579999999987194],[447511.289999999979045,209726.96],[447511.580000000016298,209727.31],[447511.789999999979045,209727.670000000012806],[447511.979999999981374,209728.06],[447512.24,209728.829999999987194],[447512.400000000023283,209729.6],[447512.53000000002794,209730.41],[447512.64000000001397,209731.22],[447512.729999999981374,209732.049999999988358],[447512.88,209732.769999999989523],[447512.94,209733.269999999989523],[447512.99,209733.799999999988358],[447513.03000000002794,209734.82],[447513.01,209735.85],[447512.960000000020955,209736.35999999998603],[447512.87,209737.39000000001397],[447512.81,209737.89000000001397],[447512.710000000020955,209738.41],[447512.590000000025611,209738.91],[447512.419999999983702,209739.41],[447512.229999999981374,209739.9],[447512.03000000002794,209740.35],[447512.020000000018626,209740.39000000001397],[447511.650000000023283,209740.96],[447511.409999999974389,209741.47],[447511.12,209741.950000000011642],[447510.960000000020955,209742.35999999998603],[447510.71999999997206,209742.81],[447510.24,209743.62],[447509.94,209744.01],[447509.68,209744.420000000012806],[447509.39000000001397,209744.79],[447508.770000000018626,209745.549999999988358],[447508.10999999998603,209746.31],[447507.12,209747.35999999998603],[447506.88,209747.62],[447506.64000000001397,209747.89000000001397],[447506.10999999998603,209749.65],[447505.460000000020955,209751.230000000010477],[447503.76,209754.170000000012806],[447503.299999999988358,209755.04],[447503.229999999981374,209755.200000000011642],[447502.93,209755.82],[447502.849999999976717,209755.9],[447502.460000000020955,209756.579999999987194],[447502.39000000001397,209756.69],[447501.849999999976717,209757.41],[447501.21999999997206,209758.09],[447500.06,209759.22],[447499.830000000016298,209759.44],[447498.25,209760.769999999989523],[447497.729999999981374,209761.24],[447496.56,209761.799999999988358],[447495.49,209762.39000000001397],[447494.349999999976717,209762.85999999998603],[447493.31,209763.35],[447492.669999999983702,209763.519999999989523],[447492.150000000023283,209763.74],[447491.090000000025611,209764.12],[447489.159999999974389,209764.68],[447485.289999999979045,209765.91],[447482.56,209766.85999999998603],[447477.71999999997206,209768.46],[447463.830000000016298,209773.32],[447458.43,209775.44],[447455.409999999974389,209776.730000000010477],[447454.039999999979045,209777.519999999989523],[447453.710000000020955,209777.66],[447452.979999999981374,209778.15],[447452.01,209778.89000000001397],[447451.64000000001397,209779.200000000011642],[447451.159999999974389,209779.60999999998603],[447450.43,209780.44],[447449.93,209781.15],[447449.099999999976717,209782.1],[447448.46999999997206,209783.03],[447447.770000000018626,209784.079999999987194],[447447.169999999983702,209785.13],[447446.89000000001397,209785.93],[447446.49,209786.62],[447446.200000000011642,209787.31],[447446.020000000018626,209788.1],[447445.909999999974389,209788.329999999987194],[447445.57,209789.700000000011642],[447445.51,209790.49],[447445.450000000011642,209791.170000000012806],[447445.60999999998603,209793.60999999998603],[447445.75,209794.269999999989523],[447446.01,209794.920000000012806],[447446.24,209796.579999999987194],[447446.409999999974389,209797.47],[447446.62,209800.59],[447446.63,209802.579999999987194],[447446.580000000016298,209803.38],[447446.38,209805.41],[447445.950000000011642,209807.019999999989523],[447444.87,209811.16],[447444.12,209814.28],[447443.43,209819.34],[447442.85999999998603,209823.29],[447442.650000000023283,209823.79],[447442.539999999979045,209824.4],[447442.21999999997206,209825.01],[447442.020000000018626,209825.5],[447440.979999999981374,209827.10999999998603],[447440.770000000018626,209827.62],[447440.150000000023283,209828.62],[447438.700000000011642,209830.62],[447437.87,209831.519999999989523],[447437.049999999988358,209832.32],[447436.13,209833.12],[447432.01,209837.10999999998603],[447431.60999999998603,209837.41],[447431.090000000025611,209837.91],[447430.46999999997206,209838.299999999988358],[447429.76,209838.700000000011642],[447428.94,209839.19],[447428.12,209839.59],[447427.31,209839.87],[447426.799999999988358,209840.079999999987194],[447424.35999999998603,209840.64000000001397],[447423.44,209840.84],[447422.229999999981374,209840.920000000012806],[447419.580000000016298,209841.49],[447416.46999999997206,209841.6],[447412.419999999983702,209841.829999999987194],[447407.51,209842.26],[447401.729999999981374,209843.420000000012806],[447396.669999999983702,209844.85],[447392.789999999979045,209846.019999999989523],[447389.63,209846.799999999988358],[447388.94,209847.32],[447388.07,209848.269999999989523],[447387.39000000001397,209849.299999999988358],[447386.349999999976717,209850.85],[447385.580000000016298,209852.66],[447384.460000000020955,209854.38],[447383.590000000025611,209855.59],[447382.13,209856.71],[447379.460000000020955,209858.35],[447369.363000000012107,209864.045000000012806],[447370.887999999977183,209865.636],[447370.25199999997858,209866.331],[447368.208999999973457,209868.564000000013039],[447366.819000000017695,209867.114],[447366.473,209867.571],[447361.891,209873.628999999986263],[447359.78000000002794,209875.85999999998603],[447355.830000000016298,209877.85999999998603],[447355.69,209877.920000000012806],[447352.96999999997206,209879.0],[447351.450000000011642,209879.54],[447351.14000000001397,209879.64000000001397],[447350.729999999981374,209879.72],[447350.21999999997206,209879.920000000012806],[447349.71999999997206,209879.99],[447349.210000000020955,209880.18],[447347.200000000011642,209880.12],[447345.78000000002794,209879.980000000010477],[447344.090000000025611,209879.82],[447338.090000000025611,209878.84],[447331.68,209877.53],[447327.19,209876.6],[447320.56,209875.69],[447313.14000000001397,209874.76],[447306.62,209873.96],[447305.44,209873.87],[447303.580000000016298,209873.69],[447301.71999999997206,209873.71],[447295.159999999974389,209874.37],[447293.789999999979045,209874.49],[447290.75,209874.91],[447290.080000000016298,209875.019999999989523],[447286.94,209875.64000000001397],[447283.81,209876.35999999998603],[447282.539999999979045,209876.769999999989523],[447279.419999999983702,209877.69],[447276.400000000023283,209878.799999999988358],[447273.37,209880.1],[447272.49,209880.5],[447267.71999999997206,209882.91],[447263.14000000001397,209885.60999999998603],[447260.99,209886.9],[447257.299999999988358,209889.299999999988358],[447253.799999999988358,209891.88],[447253.51,209892.079999999987194],[447250.150000000023283,209895.1],[447247.01,209898.31],[447245.19,209900.39000000001397],[447242.080000000016298,209903.89000000001397],[447240.539999999979045,209905.829999999987194],[447239.229999999981374,209907.81],[447237.62,209910.549999999988358],[447235.56,209914.82],[447233.090000000025611,209920.450000000011642],[447232.85999999998603,209920.87],[447231.909999999974389,209923.019999999989523],[447231.44,209923.91],[447231.14000000001397,209924.59],[447230.64000000001397,209925.69],[447229.549999999988358,209928.22],[447229.24,209928.85999999998603],[447228.330000000016298,209931.39000000001397],[447227.580000000016298,209933.64000000001397],[447225.63,209939.31],[447224.43,209943.01],[447223.549999999988358,209946.06],[447221.03000000002794,209953.980000000010477],[447219.979999999981374,209956.62],[447219.94,209956.700000000011642],[447219.229999999981374,209957.91],[447216.799999999988358,209961.65],[447214.849999999976717,209964.35999999998603],[447212.460000000020955,209967.799999999988358],[447206.150000000023283,209975.41],[447203.520000000018626,209979.22],[447203.330000000016298,209979.480000000010477],[447199.57,209984.06],[447196.349999999976717,209988.10999999998603],[447192.35999999998603,209992.829999999987194],[447190.700000000011642,209995.19],[447189.56,209996.46],[447189.31,209996.65],[447186.38,210000.0],[447162.25,210026.6],[447162.150000000023283,210026.700000000011642],[447161.21999999997206,210027.670000000012806],[447160.400000000023283,210028.65],[447159.38,210029.53],[447159.270000000018626,210029.63],[447158.25,210030.4],[447157.229999999981374,210031.28],[447157.13,210031.37],[447154.03000000002794,210035.299999999988358],[447153.60999999998603,210035.99],[447152.57,210037.56],[447151.56,210041.37],[447151.299999999988358,210043.31],[447148.99,210046.63],[447146.96999999997206,210049.950000000011642],[447144.81,210052.84],[447143.21999999997206,210056.299999999988358],[447143.21999999997206,210058.32],[447143.51,210060.920000000012806],[447145.68,210064.24],[447149.28000000002794,210065.68],[447151.64000000001397,210067.44],[447152.420999999972992,210068.24900000001071],[447153.016,210069.043],[447154.338999999978114,210070.498],[447154.338999999978114,210072.615],[447154.338999999978114,210073.21],[447154.60999999998603,210075.53],[447155.81,210077.93],[447157.25,210080.4],[447162.169999999983702,210077.450000000011642],[447187.76,210057.29],[447192.10999999998603,210054.03],[447198.789999999979045,210051.230000000010477],[447211.840000000025611,210047.51],[447224.26,210045.019999999989523],[447233.74,210043.93],[447242.44,210043.47],[447247.71999999997206,210044.24],[447253.78000000002794,210045.950000000011642],[447260.460000000020955,210048.28],[447268.07,210052.32],[447277.539999999979045,210058.38],[447285.0,210064.28],[447287.64000000001397,210067.230000000010477],[447289.349999999976717,210070.65],[447293.39000000001397,210081.21],[447298.650000000023283,210094.74],[447304.25,210103.91],[447307.37,210109.019999999989523],[447312.340000000025611,210115.230000000010477],[447318.38,210122.39000000001397],[447330.85999999998603,210134.829999999987194],[447334.32,210137.18],[447340.18,210140.74],[447346.13,210143.87],[447354.409999999974389,210147.72],[447362.159999999974389,210150.51],[447369.0,210152.49],[447374.960000000020955,210154.18],[447382.21999999997206,210155.579999999987194],[447392.659999999974389,210157.269999999989523],[447400.21999999997206,210157.85999999998603],[447404.289999999979045,210158.07],[447404.460000000020955,210158.079999999987194],[447414.849999999976717,210158.74],[447426.340000000025611,210159.670000000012806],[447432.56,210160.29],[447440.049999999988358,210161.4],[447447.330000000016298,210162.549999999988358],[447457.43,210165.35],[447468.60999999998603,210169.700000000011642],[447470.450000000011642,210170.579999999987194],[447487.78000000002794,210179.549999999988358],[447507.82,210190.10999999998603],[447525.150000000023283,210198.950000000011642],[447538.729999999981374,210205.53],[447557.37,210215.31],[447575.539999999979045,210225.72],[447584.549999999988358,210230.69],[447592.01,210235.04],[447595.729999999981374,210237.37],[447605.69,210244.0],[447606.35999999998603,210244.329999999987194],[447610.39000000001397,210245.91],[447635.340000000025611,210255.31],[447643.14000000001397,210257.91],[447658.64000000001397,210262.71],[447674.340000000025611,210266.81],[447695.340000000025611,210271.81],[447699.340000000025611,210272.71],[447704.840000000025611,210274.01],[447716.539999999979045,210276.91],[447719.340000000025611,210277.71],[447722.14000000001397,210278.41],[447724.64000000001397,210278.91],[447727.539999999979045,210279.41],[447730.340000000025611,210279.71],[447732.64000000001397,210279.71],[447733.74,210279.60999999998603],[447734.31,210279.47],[447735.200000000011642,210279.21],[447736.090000000025611,210278.85999999998603],[447737.37,210278.4],[447738.770000000018626,210278.4],[447739.57,210278.6],[447739.87,210278.700000000011642],[447740.460000000020955,210278.99],[447741.669999999983702,210275.6],[447765.37,210281.57],[447768.960000000020955,210282.18],[447776.039999999979045,210283.31],[447782.94,210284.21],[447789.840000000025611,210284.71],[447793.94,210284.91],[447798.94,210285.01],[447803.94,210285.01],[447808.94,210284.81],[447813.94,210284.41],[447818.94,210283.81],[447822.340000000025611,210283.21],[447826.14000000001397,210282.51],[447829.840000000025611,210281.60999999998603],[447833.64000000001397,210280.51],[447837.340000000025611,210279.21],[447840.94,210277.81],[447844.44,210276.31],[447862.74,210252.10999999998603],[447864.06,210251.37],[447908.28000000002794,210226.71],[447908.669999999983702,210226.480000000010477],[447909.434,210226.063],[447912.789999999979045,210224.230000000010477],[447915.71999999997206,210222.920000000012806],[447918.32,210221.38],[447920.270000000018626,210220.21],[447981.46999999997206,210185.01],[447982.37,210184.51],[447983.12,210184.97],[447983.580000000016298,210184.16],[447984.32,210182.54],[447984.960000000020955,210180.72],[447985.729999999981374,210178.24],[447986.289999999979045,210175.829999999987194],[447986.76,210173.44],[447987.169999999983702,210169.97],[447987.37,210164.87],[447987.270000000018626,210162.269999999989523],[447986.96999999997206,210158.37],[447982.87,210079.269999999989523],[447981.76,210050.87],[447980.520000000018626,210023.79],[447980.150000000023283,210000.0],[447980.21999999997206,209965.63],[447980.87,209927.75],[447980.76,209901.769999999989523],[447980.88,209900.769999999989523],[447980.89000000001397,209899.769999999989523],[447981.01,209898.769999999989523],[447981.020000000018626,209897.78],[447980.94,209896.78],[447980.950000000011642,209895.78],[447980.87,209894.78],[447980.78000000002794,209894.18],[447980.599999999976717,209892.78],[447980.419999999983702,209891.269999999989523],[447980.24,209889.97],[447979.700000000011642,209885.87],[447979.330000000016298,209884.07],[447978.770000000018626,209881.46],[447978.580000000016298,209880.85999999998603],[447975.549999999988358,209870.329999999987194],[447973.539999999979045,209864.200000000011642],[447973.24,209863.299999999988358],[447973.039999999979045,209862.5],[447972.44,209859.799999999988358],[447972.14000000001397,209857.1],[447972.14000000001397,209855.299999999988358],[447972.039999999979045,209854.4],[447972.039999999979045,209853.5],[447972.14000000001397,209853.1],[447972.14000000001397,209851.700000000011642],[447972.24,209850.4],[447972.44,209847.6],[447972.539999999979045,209846.9],[447972.74,209845.6],[447973.039999999979045,209844.4],[447972.909999999974389,209843.22],[447972.900000000023283,209842.10999999998603],[447972.85999999998603,209840.9],[447972.87,209840.200000000011642],[447972.78000000002794,209838.89000000001397],[447973.200000000011642,209836.9],[447974.099999999976717,209833.700000000011642],[447974.599999999976717,209832.700000000011642],[447975.0,209832.1],[447975.299999999988358,209831.5],[447975.700000000011642,209831.0],[447976.099999999976717,209830.4],[447976.5,209829.9],[447976.900000000023283,209829.299999999988358],[447977.200000000011642,209828.700000000011642],[447977.599999999976717,209828.200000000011642],[447977.700000000011642,209828.1],[447979.400000000023283,209825.1],[447980.700000000011642,209822.9],[447986.099999999976717,209814.700000000011642],[447991.5,209806.0],[448000.0,209791.700000000011642],[448007.450000000011642,209779.5],[448009.049999999988358,209776.85],[448010.650000000023283,209774.25],[448012.700000000011642,209770.6],[448013.76,209768.5],[448014.849999999976717,209766.35],[448016.849999999976717,209762.049999999988358],[448019.150000000023283,209756.799999999988358],[448022.75,209747.950000000011642],[448024.150000000023283,209744.25],[448025.549999999988358,209740.5],[448027.299999999988358,209735.35],[448028.0,209733.200000000011642],[448028.650000000023283,209731.1],[448029.299999999988358,209728.950000000011642],[448029.849999999976717,209726.799999999988358],[448030.400000000023283,209724.4],[448030.849999999976717,209722.049999999988358],[448031.200000000011642,209719.700000000011642],[448031.5,209717.35],[448031.849999999976717,209713.049999999988358],[448031.950000000011642,209710.65],[448032.0,209708.299999999988358],[448031.950000000011642,209705.25],[448031.650000000023283,209700.700000000011642],[448031.150000000023283,209697.1],[448030.5,209693.450000000011642],[448019.400000000023283,209647.950000000011642],[448017.75,209639.4],[448017.150000000023283,209635.9],[448016.200000000011642,209629.799999999988358],[448016.0,209628.25],[448015.799999999988358,209626.65],[448015.599999999976717,209625.1],[448015.450000000011642,209622.6],[448015.5,209620.1],[448015.650000000023283,209617.549999999988358],[448015.950000000011642,209614.75],[448016.150000000023283,209613.1],[448016.549999999988358,209609.9],[448016.900000000023283,209608.15],[448017.25,209606.549999999988358],[448017.700000000011642,209604.950000000011642],[448018.200000000011642,209603.4],[448018.849999999976717,209601.5],[448021.099999999976717,209594.950000000011642],[448022.450000000011642,209591.450000000011642],[448024.599999999976717,209586.299999999988358],[448026.150000000023283,209582.9],[448027.75,209579.5],[448032.099999999976717,209570.700000000011642],[448040.200000000011642,209555.450000000011642],[448041.650000000023283,209552.85],[448042.460000000020955,209551.26],[448042.849999999976717,209550.5],[448044.049999999988358,209548.049999999988358],[448045.150000000023283,209545.65],[448046.200000000011642,209543.15],[448047.5,209539.799999999988358],[448048.400000000023283,209537.25],[448049.200000000011642,209534.700000000011642],[448050.700000000011642,209529.15],[448052.450000000011642,209521.9],[448053.299999999988358,209517.549999999988358],[448053.950000000011642,209513.15],[448054.25,209510.35],[448055.049999999988358,209500.0],[448055.200000000011642,209498.4],[448056.400000000023283,209488.299999999988358],[448056.849999999976717,209485.0],[448057.349999999976717,209481.700000000011642],[448058.200000000011642,209476.799999999988358],[448058.900000000023283,209473.450000000011642],[448059.700000000011642,209470.1],[448061.349999999976717,209464.200000000011642],[448063.349999999976717,209458.200000000011642],[448067.849999999976717,209446.700000000011642],[448074.650000000023283,209431.049999999988358],[448079.0,209421.1],[448084.299999999988358,209411.4],[448090.349999999976717,209401.049999999988358],[448109.599999999976717,209372.200000000011642],[448115.450000000011642,209365.200000000011642],[448116.950000000011642,209363.35],[448118.450000000011642,209361.450000000011642],[448120.049999999988358,209359.299999999988358],[448120.75,209358.299999999988358],[448121.5,209357.299999999988358],[448082.75,209363.950000000011642],[448082.3258,209366.1881]]]]}},
{"type":"Feature","properties":{"mainhabs":"Coastal and floodplain grazing marsh","habcodes":"CFPGM","featdesc":null,"featcodes":null,"otherclass":null,"addhabs":null,"primsource":"Higher Level Stewardship 2011 (CFPGM)","areaha":0.08,"version":"Sep_25","uid":"PHID44803202_020965087","shape_length":null,"shape_area":null},"geometry":{"type":"MultiPolygon","coordinates":[[[[448018.960000000020955,209770.76],[448018.700000000011642,209770.950000000011642],[448016.349999999976717,209774.200000000011642],[448015.150000000023283,209775.450000000011642],[448014.25,209776.6],[448013.5,209777.9],[448012.950000000011642,209779.299999999988358],[448012.450000000011642,209780.700000000011642],[448011.5,209784.15],[448010.849999999976717,209787.65],[448010.549999999988358,209790.35],[448008.049999999988358,209798.0],[448007.400000000023283,209800.0],[448006.400000000023283,209802.950000000011642],[448006.0,209804.1],[448005.5,209805.15],[448004.549999999988358,209806.75],[448003.799999999988358,209808.049999999988358],[448002.049999999988358,209810.950000000011642],[448001.400000000023283,209811.6],[448000.700000000011642,209812.25],[448000.0,209812.799999999988358],[447996.599999999976717,209816.4],[447997.900000000023283,209815.5],[447998.400000000023283,209815.200000000011642],[448000.0,209813.549999999988358],[448003.26,209812.97],[448003.5,209812.65],[448005.650000000023283,209810.450000000011642],[448005.799999999988358,209809.5],[448005.799999999988358,209808.15],[448005.849999999976717,209807.5],[448006.049999999988358,209806.799999999988358],[448006.299999999988358,209806.1],[448006.700000000011642,209805.450000000011642],[448007.200000000011642,209804.9],[448007.799999999988358,209804.4],[448008.450000000011642,209804.0],[448009.099999999976717,209803.700000000011642],[448010.25,209803.549999999988358],[448010.450000000011642,209802.950000000011642],[448010.099999999976717,209802.549999999988358],[448009.799999999988358,209802.1],[448009.599999999976717,209801.549999999988358],[448009.950000000011642,209800.15],[448010.700000000011642,209798.25],[448011.0,209797.6],[448011.349999999976717,209796.950000000011642],[448012.099999999976717,209796.0],[448012.099999999976717,209794.1],[448011.75,209792.9],[448011.650000000023283,209792.200000000011642],[448011.650000000023283,209791.799999999988358],[448011.75,209791.450000000011642],[448011.900000000023283,209791.200000000011642],[448012.150000000023283,209790.9],[448012.400000000023283,209790.0],[448012.299999999988358,209789.049999999988358],[448012.5,209786.049999999988358],[448013.549999999988358,209782.25],[448014.400000000023283,209780.299999999988358],[448015.950000000011642,209777.65],[448016.900000000023283,209775.9],[448018.25,209775.9],[448019.799999999988358,209773.450000000011642],[448021.0,209771.65],[448022.200000000011642,209770.200000000011642],[448023.099999999976717,209769.4],[448024.150000000023283,209768.65],[448024.900000000023283,209768.1],[448025.549999999988358,209767.5],[448026.099999999976717,209766.950000000011642],[448026.599999999976717,209766.299999999988358],[448026.950000000011642,209765.6],[448027.25,209764.799999999988358],[448028.150000000023283,209763.1],[448032.900000000023283,209755.799999999988358],[448034.299999999988358,209753.799999999988358],[448036.0,209751.799999999988358],[448040.700000000011642,209746.450000000011642],[448040.849999999976717,209745.1],[448040.950000000011642,209743.9],[448041.150000000023283,209742.75],[448041.849999999976717,209740.700000000011642],[448042.650000000023283,209738.700000000011642],[448045.400000000023283,209733.950000000011642],[448045.799999999988358,209733.049999999988358],[448046.849999999976717,209731.1],[448047.849999999976717,209729.4],[448048.599999999976717,209728.25],[448048.950000000011642,209727.25],[448049.5,209722.6],[448049.400000000023283,209721.6],[448049.700000000011642,209719.5],[448051.5,209718.049999999988358],[448052.200000000011642,209717.6],[448053.799999999988358,209715.75],[448055.200000000011642,209713.9],[448056.599999999976717,209706.6],[448054.299999999988358,209699.950000000011642],[448051.950000000011642,209694.6],[448048.650000000023283,209686.9],[448047.900000000023283,209684.75],[448045.299999999988358,209679.0],[448042.799999999988358,209672.1],[448042.049999999988358,209669.75],[448040.150000000023283,209665.35],[448038.150000000023283,209660.65],[448036.349999999976717,209657.450000000011642],[448035.25,209656.049999999988358],[448034.400000000023283,209653.0],[448032.599999999976717,209649.450000000011642],[448028.75,209644.049999999988358],[448027.099999999976717,209641.549999999988358],[448025.900000000023283,209636.75],[448024.700000000011642,209634.549999999988358],[448024.599999999976717,209633.049999999988358],[448025.150000000023283,209631.25],[448025.299999999988358,209627.5],[448024.450000000011642,209623.65],[448023.200000000011642,209618.4],[448022.900000000023283,209617.1],[448022.75,209615.75],[448022.75,209614.35],[448022.900000000023283,209612.950000000011642],[448023.0,209612.200000000011642],[448023.150000000023283,209611.450000000011642],[448023.349999999976717,209610.700000000011642],[448023.650000000023283,209610.1],[448024.0,209609.5],[448024.450000000011642,209608.950000000011642],[448028.5,209602.799999999988358],[448031.650000000023283,209597.4],[448032.799999999988358,209595.35],[448033.799999999988358,209593.25],[448035.25,209589.700000000011642],[448040.299999999988358,209575.9],[448043.5,209570.200000000011642],[448044.099999999976717,209569.299999999988358],[448044.599999999976717,209568.299999999988358],[448045.099999999976717,209566.799999999988358],[448045.950000000011642,209562.75],[448046.5,209561.799999999988358],[448046.849999999976717,209560.75],[448047.049999999988358,209559.700000000011642],[448047.299999999988358,209558.85],[448049.06,209555.64000000001397],[448050.799999999988358,209552.450000000011642],[448052.450000000011642,209551.200000000011642],[448054.900000000023283,209547.450000000011642],[448057.650000000023283,209538.950000000011642],[448060.349999999976717,209531.049999999988358],[448063.349999999976717,209521.1],[448063.75,209519.549999999988358],[448064.099999999976717,209518.0],[448064.400000000023283,209515.6],[448064.5,209513.700000000011642],[448064.5,209510.549999999988358],[448064.599999999976717,209509.85],[448064.75,209509.25],[448065.0,209508.700000000011642],[448065.349999999976717,209504.1],[448065.700000000011642,209502.0],[448066.13,209500.0],[448066.950000000011642,209495.9],[448067.44,209485.41],[448066.700000000011642,209486.5],[448066.349999999976717,209487.4],[448066.099999999976717,209488.25],[448064.849999999976717,209491.9],[448064.400000000023283,209494.15],[448063.849999999976717,209497.6],[448063.53000000002794,209500.0],[448062.450000000011642,209508.6],[448061.799999999988358,209515.0],[448061.5,209518.200000000011642],[448061.150000000023283,209520.25],[448060.650000000023283,209522.25],[448058.599999999976717,209529.9],[448057.049999999988358,209535.049999999988358],[448055.299999999988358,209539.700000000011642],[448053.700000000011642,209542.85],[448051.950000000011642,209545.799999999988358],[448046.99,209554.269999999989523],[448045.650000000023283,209556.5],[448045.25,209558.35],[448044.599999999976717,209560.450000000011642],[448043.650000000023283,209563.1],[448042.049999999988358,209566.25],[448039.849999999976717,209571.200000000011642],[448038.400000000023283,209574.9],[448037.900000000023283,209575.75],[448037.5,209576.65],[448037.049999999988358,209577.799999999988358],[448036.799999999988358,209579.0],[448035.900000000023283,209582.299999999988358],[448034.900000000023283,209585.0],[448034.25,209587.0],[448033.900000000023283,209588.65],[448033.400000000023283,209590.25],[448032.799999999988358,209591.75],[448032.099999999976717,209593.200000000011642],[448031.099999999976717,209595.1],[448029.950000000011642,209597.0],[448027.400000000023283,209601.049999999988358],[448022.0,209609.4],[448021.599999999976717,209610.1],[448021.299999999988358,209610.85],[448021.150000000023283,209611.65],[448021.099999999976717,209612.450000000011642],[448021.150000000023283,209614.15],[448022.049999999988358,209620.35],[448022.950000000011642,209627.299999999988358],[448023.200000000011642,209628.85],[448023.25,209630.549999999988358],[448023.150000000023283,209632.1],[448023.049999999988358,209633.4],[448023.400000000023283,209635.450000000011642],[448023.900000000023283,209637.35],[448024.299999999988358,209638.35],[448024.849999999976717,209639.299999999988358],[448025.450000000011642,209640.15],[448026.950000000011642,209643.35],[448032.200000000011642,209653.450000000011642],[448033.650000000023283,209656.200000000011642],[448035.150000000023283,209660.5],[448038.599999999976717,209668.700000000011642],[448039.950000000011642,209674.299999999988358],[448044.450000000011642,209683.9],[448048.75,209692.9],[448049.75,209695.549999999988358],[448050.799999999988358,209697.299999999988358],[448051.650000000023283,209698.950000000011642],[448052.849999999976717,209701.700000000011642],[448053.299999999988358,209703.25],[448053.599999999976717,209704.799999999988358],[448053.799999999988358,209706.450000000011642],[448053.799999999988358,209708.1],[448053.650000000023283,209709.25],[448053.349999999976717,209710.35],[448052.950000000011642,209711.4],[448049.0,209719.700000000011642],[448046.950000000011642,209723.85],[448046.150000000023283,209726.049999999988358],[448045.5,209728.049999999988358],[448044.799999999988358,209729.799999999988358],[448041.5,209736.65],[448039.75,209739.950000000011642],[448037.900000000023283,209744.799999999988358],[448036.700000000011642,209747.15],[448034.900000000023283,209750.1],[448032.400000000023283,209753.9],[448027.549999999988358,209761.15],[448026.200000000011642,209763.1],[448024.650000000023283,209764.85],[448023.0,209766.799999999988358],[448021.25,209769.15],[448018.960000000020955,209770.76]]]]}},
{"type":"Feature","properties":{"mainhabs":"Coastal and floodplain grazing marsh","habcodes":"CFPGM","featdesc":null,"featcodes":null,"otherclass":null,"addhabs":null,"primsource":"Higher Level Stewardship 2011 (CFPGM)","areaha":1.66,"version":"Sep_25","uid":"PHID44805674_021011369","shape_length":null,"shape_area":null},"geometry":{"type":"MultiPolygon","coordinates":[[[[448126.049999999988358,209356.15],[448124.849999999976717,209357.950000000011642],[448123.650000000023283,209359.6],[448121.549999999988358,209362.299999999988358],[448116.549999999988358,209368.9],[448110.0,209378.0],[448102.349999999976717,209389.0],[448096.650000000023283,209397.25],[448090.0,209408.200000000011642],[448086.400000000023283,209414.450000000011642],[448081.549999999988358,209423.200000000011642],[448078.299999999988358,209429.65],[448075.700000000011642,209435.450000000011642],[448074.150000000023283,209439.25],[448072.549999999988358,209443.1],[448065.950000000011642,209459.65],[448063.650000000023283,209466.799999999988358],[448062.549999999988358,209470.65],[448061.599999999976717,209474.5],[448060.549999999988358,209479.450000000011642],[448060.0,209482.75],[448059.450000000011642,209486.0],[448058.400000000023283,209494.0],[448057.950000000011642,209498.200000000011642],[448057.799999999988358,209500.0],[448056.799999999988358,209511.35],[448056.599999999976717,209513.950000000011642],[448056.299999999988358,209516.549999999988358],[448055.700000000011642,209520.549999999988358],[448055.299999999988358,209522.799999999988358],[448054.849999999976717,209525.049999999988358],[448054.299999999988358,209527.35],[448053.700000000011642,209529.549999999988358],[448053.049999999988358,209531.75],[448052.349999999976717,209533.950000000011642],[448051.400000000023283,209536.5],[448050.400000000023283,209539.35],[448049.299999999988358,209542.15],[448047.799999999988358,209545.65],[448046.549999999988358,209548.4],[448045.200000000011642,209551.1],[448044.44,209552.57],[448043.25,209554.85],[448033.799999999988358,209572.4],[448031.799999999988358,209576.4],[448029.25,209581.799999999988358],[448025.049999999988358,209591.75],[448023.75,209595.0],[448021.549999999988358,209600.85],[448020.450000000011642,209604.15],[448018.75,209609.85],[448018.299999999988358,209611.9],[448018.049999999988358,209613.35],[448017.75,209616.25],[448017.650000000023283,209618.9],[448017.75,209621.799999999988358],[448017.849999999976717,209623.25],[448018.049999999988358,209625.4],[448018.25,209627.450000000011642],[448018.549999999988358,209629.5],[448019.25,209633.6],[448019.75,209636.299999999988358],[448021.0,209642.450000000011642],[448022.400000000023283,209649.5],[448033.700000000011642,209696.15],[448034.150000000023283,209698.75],[448034.5,209701.049999999988358],[448034.799999999988358,209703.75],[448035.0,209706.049999999988358],[448034.950000000011642,209710.1],[448034.849999999976717,209712.25],[448034.700000000011642,209714.450000000011642],[448034.150000000023283,209718.549999999988358],[448033.799999999988358,209720.700000000011642],[448033.400000000023283,209722.85],[448032.950000000011642,209725.0],[448031.599999999976717,209730.799999999988358],[448030.75,209733.950000000011642],[448029.849999999976717,209737.049999999988358],[448027.75,209743.15],[448026.650000000023283,209746.15],[448025.450000000011642,209749.15],[448023.349999999976717,209754.25],[448021.450000000011642,209758.549999999988358],[448019.5,209762.75],[448017.049999999988358,209767.700000000011642],[448016.12,209769.519999999989523],[448014.799999999988358,209772.1],[448011.200000000011642,209778.85],[448009.099999999976717,209782.549999999988358],[448006.900000000023283,209786.15],[448004.0,209790.75],[448000.0,209796.730000000010477],[447993.799999999988358,209806.0],[447986.5,209817.5],[447983.0,209823.299999999988358],[447982.900000000023283,209823.5],[447981.299999999988358,209826.1],[447980.5,209827.5],[447979.700000000011642,209828.799999999988358],[447979.0,209830.1],[447978.200000000011642,209831.5],[447977.599999999976717,209832.799999999988358],[447976.700000000011642,209834.6],[447976.299999999988358,209835.799999999988358],[447975.799999999988358,209837.0],[447975.18,209838.769999999989523],[447974.919999999983702,209840.53],[447974.830000000016298,209841.730000000010477],[447974.64000000001397,209842.950000000011642],[447974.68,209844.230000000010477],[447974.599999999976717,209844.93],[447974.60999999998603,209846.12],[447974.64000000001397,209847.4],[447974.539999999979045,209848.6],[447974.340000000025611,209849.799999999988358],[447974.340000000025611,209851.0],[447974.24,209852.299999999988358],[447974.24,209855.799999999988358],[447974.340000000025611,209856.799999999988358],[447974.44,209857.9],[447974.539999999979045,209858.9],[447974.64000000001397,209859.6],[447974.840000000025611,209860.6],[447975.039999999979045,209861.700000000011642],[447975.24,209862.700000000011642],[447975.539999999979045,209863.700000000011642],[447975.74,209864.700000000011642],[447978.32,209872.829999999987194],[447980.39000000001397,209880.450000000011642],[447980.580000000016298,209881.049999999988358],[447980.960000000020955,209882.16],[447981.25,209883.26],[447981.63,209884.37],[447981.919999999983702,209885.37],[447982.200000000011642,209886.480000000010477],[447982.38,209887.57],[447982.57,209888.57],[447982.830000000016298,209891.28],[447983.080000000016298,209894.079999999987194],[447983.24,209896.78],[447983.35999999998603,209902.18],[447983.090000000025611,209913.15],[447983.10999999998603,209958.01],[447983.03000000002794,209965.329999999987194],[447983.200000000011642,210000.0],[447983.53000000002794,210020.91],[447984.64000000001397,210050.60999999998603],[447987.289999999979045,210115.769999999989523],[447989.62,210160.89000000001397],[447989.909999999974389,210163.09],[447990.289999999979045,210167.0],[447990.28000000002794,210168.9],[447990.169999999983702,210170.9],[447989.63,210174.56],[447989.26,210176.480000000010477],[447988.150000000023283,210180.03],[447987.5,210181.84],[447986.74,210183.66],[447985.38,210186.35999999998603],[447987.51,210187.59],[447991.099999999976717,210190.46],[447995.229999999981374,210185.72],[448000.0,210183.65],[448000.62,210183.38],[448001.81,210183.13],[448003.31,210182.57],[448006.24,210181.81],[448009.24,210179.91],[448011.69,210176.35999999998603],[448014.63,210173.170000000012806],[448016.81,210170.299999999988358],[448017.936999999976251,210169.222],[448019.332,210167.556000000011409],[448020.82,210166.316],[448021.941999999980908,210165.147999999986496],[448023.691,210163.028],[448025.742000000027474,210160.911],[448028.256999999983236,210159.919],[448031.522999999986496,210158.777],[448035.664999999979045,210156.837999999988824],[448036.037000000011176,210156.693],[448036.577,210156.481],[448037.783999999985099,210156.009],[448039.471000000019558,210154.505],[448044.223999999987427,210150.616],[448049.446,210146.885],[448053.62599999998929,210143.737],[448055.330000000016298,210142.361],[448059.37599999998929,210139.200000000011642],[448061.564000000013039,210136.526000000012573],[448063.316,210134.19],[448065.166000000026543,210132.787000000011176],[448066.061999999976251,210131.392],[448068.428000000014435,210126.530999999988126],[448070.12,210123.698],[448071.580000000016298,210120.778],[448071.784999999974389,210120.259],[448072.039999999979045,210119.60999999998603],[448072.311999999976251,210118.658],[448073.039999999979045,210116.10999999998603],[448073.205000000016298,210115.492],[448073.44,210114.60999999998603],[448073.340000000025611,210113.60999999998603],[448072.94,210112.60999999998603],[448072.64000000001397,210111.60999999998603],[448071.81,210106.53],[448070.979999999981374,210102.47],[448069.51,210098.519999999989523],[448067.409999999974389,210093.549999999988358],[448065.31,210090.450000000011642],[448064.31,210089.450000000011642],[448063.10999999998603,210088.75],[448061.909999999974389,210087.950000000011642],[448060.210000000020955,210087.15],[448058.409999999974389,210086.549999999988358],[448051.51,210084.85],[448039.210000000020955,210083.35],[448033.51,210082.75],[448030.51,210082.049999999988358],[448027.51,210081.049999999988358],[448023.60999999998603,210079.450000000011642],[448022.210000000020955,210078.549999999988358],[448020.81,210077.450000000011642],[448019.60999999998603,210076.65],[448018.81,210075.65],[448018.210000000020955,210074.65],[448016.409999999974389,210071.85],[448014.60999999998603,210069.15],[448011.210000000020955,210064.39000000001397],[448008.31,210060.82],[448001.650000000023283,210052.25],[448000.0,210049.94],[447997.21999999997206,210046.700000000011642],[447993.93,210043.049999999988358],[447990.450000000011642,210037.71],[447988.229999999981374,210033.97],[447986.799999999988358,210029.16],[447986.409999999974389,210025.85],[447986.35999999998603,210024.980000000010477],[447986.35999999998603,210024.53],[447986.53000000002794,210024.03],[447988.270000000018626,210020.450000000011642],[447988.49,210020.079999999987194],[447988.94,210019.46],[447990.479999999981374,210017.12],[447990.900000000023283,210016.43],[447993.93,210002.15],[447994.330000000016298,210000.0],[447996.270000000018626,209991.64000000001397],[447998.37,209985.84],[448000.0,209982.96],[448000.10999999998603,209982.85],[448000.700000000011642,209982.14000000001397],[448001.289999999979045,209981.41],[448001.849999999976717,209980.670000000012806],[448001.99,209980.480000000010477],[448002.520000000018626,209979.72],[448003.03000000002794,209978.950000000011642],[448003.53000000002794,209978.16],[448004.01,209977.35999999998603],[448004.39000000001397,209976.74],[448005.44,209974.96],[448006.450000000011642,209973.16],[448007.37,209971.480000000010477],[448009.43,209967.69],[448010.94,209964.71],[448011.849999999976717,209962.87],[448013.99,209958.57],[448014.450000000011642,209957.799999999988358],[448014.919999999983702,209957.03],[448015.419999999983702,209956.28],[448015.950000000011642,209955.549999999988358],[448016.289999999979045,209955.10999999998603],[448016.659999999974389,209954.66],[448017.039999999979045,209954.22],[448017.43,209953.79],[448017.840000000025611,209953.37],[448018.25,209952.97],[448018.69,209952.59],[448019.10999999998603,209952.25],[448019.450000000011642,209951.99],[448019.799999999988358,209951.75],[448020.159999999974389,209951.519999999989523],[448020.520000000018626,209951.299999999988358],[448020.89000000001397,209951.09],[448021.270000000018626,209950.89000000001397],[448022.03000000002794,209950.51],[448022.289999999979045,209950.39000000001397],[448022.76,209950.19],[448023.24,209950.019999999989523],[448023.71999999997206,209949.85999999998603],[448024.210000000020955,209949.72],[448024.700000000011642,209949.6],[448025.200000000011642,209949.49],[448026.200000000011642,209949.31],[448026.710000000020955,209949.22],[448027.21999999997206,209949.14000000001397],[448027.71999999997206,209949.07],[448028.229999999981374,209948.99],[448028.74,209948.9],[448029.24,209948.81],[448029.539999999979045,209948.75],[448032.830000000016298,209948.12],[448034.53000000002794,209947.82],[448038.979999999981374,209947.200000000011642],[448041.669999999983702,209946.71],[448042.82,209946.420000000012806],[448043.950000000011642,209946.1],[448046.210000000020955,209945.420000000012806],[448048.94,209944.39000000001397],[448051.56,209943.519999999989523],[448052.330000000016298,209943.39000000001397],[448052.789999999979045,209943.34],[448053.25,209943.299999999988358],[448053.710000000020955,209943.269999999989523],[448054.169999999983702,209943.26],[448054.63,209943.26],[448055.03000000002794,209943.28],[448055.419999999983702,209943.31],[448055.799999999988358,209943.35999999998603],[448056.18,209943.43],[448056.57,209943.5],[448056.94,209943.59],[448057.32,209943.68],[448057.700000000011642,209943.78],[448058.07,209943.89000000001397],[448058.450000000011642,209944.0],[448058.82,209944.10999999998603],[448058.99,209944.16],[448059.669999999983702,209944.39000000001397],[448060.340000000025611,209944.65],[448061.01,209944.93],[448061.659999999974389,209945.22],[448062.31,209945.53],[448062.96999999997206,209945.84],[448063.62,209946.14000000001397],[448064.28000000002794,209946.43],[448064.63,209946.579999999987194],[448067.60999999998603,209947.75],[448068.24,209947.93],[448068.87,209948.09],[448069.51,209948.230000000010477],[448070.159999999974389,209948.35],[448070.799999999988358,209948.46],[448071.450000000011642,209948.56],[448072.099999999976717,209948.65],[448072.75,209948.75],[448073.39000000001397,209948.85],[448073.450000000011642,209948.85999999998603],[448075.909999999974389,209949.299999999988358],[448077.020000000018626,209949.39000000001397],[448077.409999999974389,209949.39000000001397],[448077.81,209949.37],[448078.200000000011642,209949.34],[448078.590000000025611,209949.299999999988358],[448079.37,209949.18],[448079.76,209949.10999999998603],[448080.150000000023283,209949.03],[448080.53000000002794,209948.94],[448080.75,209948.9],[448081.26,209948.76],[448081.76,209948.6],[448082.26,209948.43],[448082.76,209948.24],[448083.25,209948.04],[448083.729999999981374,209947.829999999987194],[448084.21999999997206,209947.62],[448085.200000000011642,209947.22],[448085.400000000023283,209947.14000000001397],[448093.12,209944.1],[448093.96999999997206,209943.65],[448094.799999999988358,209943.18],[448095.63,209942.700000000011642],[448096.44,209942.19],[448097.229999999981374,209941.66],[448098.01,209941.1],[448098.76,209940.51],[448099.01,209940.31],[448100.169999999983702,209939.35],[448100.729999999981374,209938.85],[448101.28000000002794,209938.34],[448101.799999999988358,209937.799999999988358],[448102.28000000002794,209937.230000000010477],[448102.659999999974389,209936.69],[448102.85999999998603,209936.38],[448103.039999999979045,209936.06],[448103.21999999997206,209935.730000000010477],[448103.539999999979045,209935.07],[448103.68,209934.730000000010477],[448103.82,209934.38],[448103.950000000011642,209934.03],[448104.169999999983702,209933.329999999987194],[448104.270000000018626,209932.97],[448104.35999999998603,209932.60999999998603],[448104.400000000023283,209932.44],[448104.580000000016298,209931.62],[448104.650000000023283,209931.22],[448104.71999999997206,209930.799999999988358],[448104.770000000018626,209930.39000000001397],[448104.789999999979045,209929.980000000010477],[448104.799999999988358,209929.57],[448104.770000000018626,209929.16],[448104.75,209928.99],[448104.710000000020955,209928.74],[448104.659999999974389,209928.49],[448104.60999999998603,209928.25],[448104.539999999979045,209928.0],[448104.460000000020955,209927.76],[448104.37,209927.519999999989523],[448104.28000000002794,209927.29],[448104.18,209927.06],[448104.07,209926.829999999987194],[448103.830000000016298,209926.37],[448103.710000000020955,209926.15],[448103.580000000016298,209925.93],[448103.44,209925.71],[448103.06,209925.14000000001397],[448102.85999999998603,209924.85999999998603],[448102.659999999974389,209924.59],[448102.44,209924.32],[448102.21999999997206,209924.06],[448101.99,209923.799999999988358],[448101.76,209923.549999999988358],[448101.26,209923.09],[448101.0,209922.87],[448100.729999999981374,209922.66],[448100.450000000011642,209922.46],[448100.159999999974389,209922.269999999989523],[448099.900000000023283,209922.12],[448099.64000000001397,209921.980000000010477],[448099.12,209921.72],[448098.580000000016298,209921.5],[448098.020000000018626,209921.32],[448097.74,209921.24],[448097.460000000020955,209921.170000000012806],[448097.39000000001397,209921.15],[448097.099999999976717,209921.09],[448096.799999999988358,209921.049999999988358],[448096.5,209921.019999999989523],[448096.200000000011642,209921.0],[448095.89000000001397,209920.99],[448095.289999999979045,209920.99],[448094.979999999981374,209921.0],[448091.210000000020955,209921.0],[448088.770000000018626,209920.950000000011642],[448087.669999999983702,209920.85],[448086.57,209920.72],[448085.46999999997206,209920.6],[448081.849999999976717,209920.29],[448081.729999999981374,209920.29],[448081.21999999997206,209920.32],[448080.710000000020955,209920.35999999998603],[448080.330000000016298,209920.37],[448080.03000000002794,209920.35],[448079.75,209920.32],[448079.460000000020955,209920.28],[448079.169999999983702,209920.230000000010477],[448078.89000000001397,209920.16],[448078.599999999976717,209920.1],[448078.039999999979045,209919.96],[448077.75,209919.89000000001397],[448077.46999999997206,209919.829999999987194],[448077.43,209919.82],[448072.88,209918.799999999988358],[448070.28000000002794,209918.299999999988358],[448067.74,209917.87],[448066.06,209917.6],[448060.349999999976717,209916.76],[448058.799999999988358,209916.519999999989523],[448054.44,209915.78],[448052.849999999976717,209915.56],[448051.26,209915.39000000001397],[448049.99,209915.31],[448049.10999999998603,209915.299999999988358],[448048.21999999997206,209915.329999999987194],[448047.340000000025611,209915.329999999987194],[448046.94,209915.31],[448046.349999999976717,209915.26],[448045.75,209915.200000000011642],[448045.159999999974389,209915.12],[448044.599999999976717,209915.03],[448044.06,209914.91],[448043.520000000018626,209914.78],[448042.99,209914.62],[448041.93,209914.28],[448041.409999999974389,209914.10999999998603],[448040.88,209913.94],[448040.539999999979045,209913.84],[448035.419999999983702,209912.450000000011642],[448031.62,209911.480000000010477],[448026.289999999979045,209910.32],[448021.43,209909.170000000012806],[448019.24,209908.549999999988358],[448017.06,209907.88],[448015.599999999976717,209907.35999999998603],[448014.44,209906.91],[448013.28000000002794,209906.44],[448012.13,209905.950000000011642],[448011.0,209905.420000000012806],[448009.89000000001397,209904.84],[448009.169999999983702,209904.44],[448008.419999999983702,209903.980000000010477],[448007.69,209903.5],[448006.96999999997206,209902.99],[448006.270000000018626,209902.47],[448005.57,209901.93],[448004.89000000001397,209901.38],[448002.849999999976717,209899.700000000011642],[448002.64000000001397,209899.54],[448000.960000000020955,209898.15],[448000.0,209897.37],[447998.0,209895.799999999988358],[447996.0,209893.700000000011642],[447991.400000000023283,209889.0],[447987.5,209884.799999999988358],[447985.900000000023283,209882.9],[447985.5,209882.5],[447984.799999999988358,209881.6],[447984.099999999976717,209880.6],[447983.799999999988358,209880.1],[447983.200000000011642,209879.200000000011642],[447982.700000000011642,209878.299999999988358],[447982.299999999988358,209877.299999999988358],[447981.700000000011642,209875.5],[447981.200000000011642,209873.799999999988358],[447980.599999999976717,209872.4],[447980.200000000011642,209871.299999999988358],[447979.200000000011642,209867.9],[447978.5,209864.4],[447977.900000000023283,209860.9],[447977.799999999988358,209860.4],[447977.400000000023283,209857.799999999988358],[447977.099999999976717,209855.1],[447977.0,209853.799999999988358],[447976.900000000023283,209852.0],[447977.0,209850.299999999988358],[447977.0,209849.1],[447977.099999999976717,209848.200000000011642],[447977.200000000011642,209847.200000000011642],[447977.5,209845.700000000011642],[447979.099999999976717,209841.700000000011642],[447979.799999999988358,209840.200000000011642],[447980.700000000011642,209838.299999999988358],[447982.200000000011642,209835.4],[447983.5,209832.5],[447983.700000000011642,209832.1],[447985.0,209829.6],[447986.099999999976717,209827.799999999988358],[447986.900000000023283,209826.5],[447988.200000000011642,209824.4],[447988.599999999976717,209823.700000000011642],[447989.599999999976717,209822.299999999988358],[447990.700000000011642,209820.799999999988358],[447991.799999999988358,209819.4],[447992.900000000023283,209818.1],[447995.200000000011642,209815.9],[447998.700000000011642,209812.700000000011642],[447999.799999999988358,209811.700000000011642],[448000.0,209811.6],[448001.049999999988358,209810.65],[448002.200000000011642,209808.9],[448004.450000000011642,209805.15],[448005.200000000011642,209803.65],[448005.650000000023283,209802.35],[448006.299999999988358,209800.0],[448008.25,209793.1],[448008.900000000023283,209791.700000000011642],[448009.25,209790.25],[448010.099999999976717,209786.15],[448011.150000000023283,209781.450000000011642],[448011.349999999976717,209780.35],[448011.700000000011642,209779.299999999988358],[448012.049999999988358,209778.450000000011642],[448012.549999999988358,209777.65],[448013.400000000023283,209776.1],[448014.349999999976717,209774.65],[448015.599999999976717,209773.450000000011642],[448017.0,209770.15],[448017.210000000020955,209770.0],[448018.5,209769.049999999988358],[448023.099999999976717,209765.1],[448023.75,209764.25],[448024.099999999976717,209763.700000000011642],[448026.049999999988358,209760.950000000011642],[448027.900000000023283,209758.0],[448030.349999999976717,209754.65],[448032.299999999988358,209751.950000000011642],[448034.099999999976717,209749.35],[448035.049999999988358,209747.799999999988358],[448036.0,209745.950000000011642],[448038.200000000011642,209740.950000000011642],[448038.799999999988358,209739.549999999988358],[448040.0,209737.5],[448042.700000000011642,209731.85],[448043.400000000023283,209730.549999999988358],[448044.0,209729.1],[448044.900000000023283,209726.35],[448045.450000000011642,209724.799999999988358],[448046.150000000023283,209723.299999999988358],[448047.599999999976717,209720.450000000011642],[448049.450000000011642,209716.450000000011642],[448052.099999999976717,209711.0],[448052.400000000023283,209710.200000000011642],[448052.599999999976717,209709.4],[448052.599999999976717,209706.35],[448052.549999999988358,209705.200000000011642],[448052.25,209703.700000000011642],[448051.75,209702.15],[448051.299999999988358,209700.85],[448050.700000000011642,209699.549999999988358],[448049.75,209698.049999999988358],[448048.700000000011642,209696.25],[448048.049999999988358,209694.5],[448044.25,209686.0],[448040.150000000023283,209677.25],[448039.150000000023283,209675.299999999988358],[448038.849999999976717,209674.700000000011642],[448038.650000000023283,209674.049999999988358],[448038.549999999988358,209672.9],[448038.349999999976717,209672.0],[448038.0,209670.5],[448037.450000000011642,209668.9],[448036.849999999976717,209667.35],[448036.549999999988358,209666.799999999988358],[448035.200000000011642,209663.15],[448033.299999999988358,209658.75],[448032.75,209657.0],[448032.0,209655.450000000011642],[448031.200000000011642,209654.1],[448027.950000000011642,209647.6],[448026.5,209644.9],[448024.5,209640.700000000011642],[448023.200000000011642,209638.049999999988358],[448022.700000000011642,209637.1],[448022.349999999976717,209636.049999999988358],[448022.0,209634.15],[448022.0,209632.25],[448022.049999999988358,209630.549999999988358],[448022.049999999988358,209628.950000000011642],[448021.900000000023283,209626.950000000011642],[448021.349999999976717,209622.85],[448020.099999999976717,209614.549999999988358],[448019.950000000011642,209612.75],[448019.849999999976717,209612.200000000011642],[448019.849999999976717,209611.65],[448019.900000000023283,209611.1],[448020.049999999988358,209610.5],[448020.349999999976717,209609.9],[448029.650000000023283,209595.299999999988358],[448030.849999999976717,209593.4],[448031.400000000023283,209592.299999999988358],[448031.900000000023283,209591.15],[448032.400000000023283,209589.35],[448033.549999999988358,209585.0],[448034.299999999988358,209583.35],[448034.849999999976717,209581.65],[448035.299999999988358,209580.049999999988358],[448036.400000000023283,209576.75],[448037.900000000023283,209573.200000000011642],[448041.25,209565.15],[448041.900000000023283,209563.799999999988358],[448042.450000000011642,209562.4],[448043.150000000023283,209559.65],[448044.299999999988358,209556.35],[448045.12,209553.019999999989523],[448046.799999999988358,209550.65],[448049.650000000023283,209546.75],[448051.799999999988358,209543.450000000011642],[448053.0,209541.4],[448054.049999999988358,209539.35],[448055.0,209537.15],[448055.849999999976717,209534.85],[448058.349999999976717,209526.4],[448059.0,209522.65],[448059.799999999988358,209519.15],[448060.299999999988358,209516.200000000011642],[448060.650000000023283,209512.799999999988358],[448060.950000000011642,209509.049999999988358],[448061.75,209503.15],[448062.25,209500.0],[448062.75,209496.299999999988358],[448063.650000000023283,209490.950000000011642],[448064.950000000011642,209485.15],[448066.150000000023283,209480.700000000011642],[448068.200000000011642,209474.4],[448070.25,209468.299999999988358],[448071.900000000023283,209463.299999999988358],[448073.950000000011642,209456.75],[448075.450000000011642,209451.5],[448076.400000000023283,209447.950000000011642],[448077.849999999976717,209442.25],[448079.0,209437.6],[448079.299999999988358,209436.4],[448080.150000000023283,209434.9],[448082.099999999976717,209431.85],[448083.299999999988358,209429.65],[448084.450000000011642,209426.85],[448086.599999999976717,209422.4],[448093.200000000011642,209409.35],[448098.950000000011642,209398.549999999988358],[448100.900000000023283,209394.950000000011642],[448102.75,209392.0],[448103.650000000023283,209390.549999999988358],[448106.950000000011642,209386.5],[448108.599999999976717,209384.549999999988358],[448110.200000000011642,209382.6],[448111.450000000011642,209380.75],[448112.75,209378.950000000011642],[448116.799999999988358,209374.450000000011642],[448122.450000000011642,209368.549999999988358],[448125.400000000023283,209365.450000000011642],[448126.400000000023283,209364.25],[448127.599999999976717,209362.35],[448128.549999999988358,209360.85],[448129.650000000023283,209359.450000000011642],[448131.099999999976717,209357.950000000011642],[448132.700000000011642,209356.549999999988358],[448134.049999999988358,209355.549999999988358],[448135.450000000011642,209354.6],[448136.5,209354.0],[448137.799999999988358,209353.25],[448139.24,209352.43],[448136.400000000023283,209344.4],[448136.19,209343.799999999988358],[448131.200000000011642,209329.35],[448125.950000000011642,209313.65],[448115.400000000023283,209280.85],[448112.25,209270.0],[448109.12,209258.75],[448109.150000000023283,209260.6],[448116.25,209287.799999999988358],[448119.150000000023283,209298.15],[448119.299999999988358,209298.700000000011642],[448119.650000000023283,209300.0],[448129.75,209338.25],[448130.099999999976717,209339.75],[448130.299999999988358,209341.450000000011642],[448130.299999999988358,209343.1],[448130.200000000011642,209344.25],[448130.049999999988358,209345.1],[448129.900000000023283,209345.9],[448129.700000000011642,209346.75],[448129.5,209347.549999999988358],[448128.950000000011642,209349.6],[448128.549999999988358,209350.950000000011642],[448128.049999999988358,209352.299999999988358],[448127.5,209353.6],[448126.650000000023283,209355.200000000011642],[448126.049999999988358,209356.15]]]]}},
{"type":"Feature","properties":{"mainhabs":"Coastal and floodplain grazing marsh","habcodes":"CFPGM","featdesc":null,"featcodes":null,"otherclass":null,"addhabs":null,"primsource":"Higher Level Stewardship 2011 (CFPGM)","areaha":0.05,"version":"Sep_25","uid":"PHID44807576_020991695","shape_length":null,"shape_area":null},"geometry":{"type":"MultiPolygon","coordinates":[[[[447998.299999999988358,209994.9],[447999.200000000011642,209992.5],[448000.0,209990.43],[448000.14000000001397,209989.96],[448001.080000000016298,209988.57],[448001.24,209988.329999999987194],[448002.229999999981374,209986.980000000010477],[448003.18,209985.66],[448003.68,209984.85999999998603],[448004.03000000002794,209984.32],[448004.299999999988358,209983.94],[448004.580000000016298,209983.57],[448004.88,209983.21],[448004.950000000011642,209983.13],[448005.979999999981374,209981.1],[448007.18,209978.84],[448007.520000000018626,209978.22],[448008.549999999988358,209976.35999999998603],[448008.69,209976.18],[448008.93,209975.91],[448010.39000000001397,209973.730000000010477],[448010.78000000002794,209972.34],[448011.349999999976717,209970.51],[448011.82,209969.14000000001397],[448012.299999999988358,209967.829999999987194],[448012.799999999988358,209966.57],[448012.849999999976717,209966.46],[448013.270000000018626,209965.47],[448013.520000000018626,209964.950000000011642],[448013.700000000011642,209964.63],[448013.88,209964.329999999987194],[448014.080000000016298,209964.03],[448014.26,209963.730000000010477],[448015.650000000023283,209961.53],[448017.159999999974389,209959.200000000011642],[448018.0,209957.68],[448018.080000000016298,209957.53],[448018.75,209956.4],[448018.93,209956.12],[448019.18,209955.76],[448019.71999999997206,209955.06],[448019.799999999988358,209954.96],[448020.789999999979045,209953.68],[448021.099999999976717,209953.35],[448021.650000000023283,209952.9],[448022.25,209952.5],[448022.900000000023283,209952.15],[448023.549999999988358,209951.85],[448024.549999999988358,209951.450000000011642],[448025.650000000023283,209951.15],[448026.799999999988358,209950.9],[448028.75,209950.700000000011642],[448030.5,209950.65],[448033.599999999976717,209950.65],[448034.799999999988358,209950.6],[448036.0,209950.5],[448037.200000000011642,209950.35],[448038.75,209950.1],[448039.549999999988358,209949.950000000011642],[448040.349999999976717,209949.75],[448041.099999999976717,209949.549999999988358],[448042.349999999976717,209949.15],[448043.599999999976717,209948.5],[448045.75,209947.25],[448046.549999999988358,209946.85],[448047.400000000023283,209946.450000000011642],[448048.25,209946.1],[448049.099999999976717,209945.799999999988358],[448050.400000000023283,209945.4],[448051.049999999988358,209945.25],[448051.700000000011642,209945.15],[448052.950000000011642,209945.0],[448053.75,209945.0],[448054.5,209945.1],[448055.299999999988358,209945.200000000011642],[448056.049999999988358,209945.4],[448057.400000000023283,209945.799999999988358],[448057.900000000023283,209945.950000000011642],[448058.400000000023283,209946.15],[448059.299999999988358,209946.549999999988358],[448060.099999999976717,209947.049999999988358],[448060.5,209947.4],[448060.849999999976717,209947.85],[448061.150000000023283,209948.299999999988358],[448061.5,209948.75],[448062.150000000023283,209949.5],[448062.549999999988358,209949.799999999988358],[448063.0,209950.1],[448063.400000000023283,209950.35],[448063.900000000023283,209950.549999999988358],[448064.349999999976717,209950.75],[448067.150000000023283,209951.1],[448067.75,209951.15],[448068.349999999976717,209951.1],[448069.549999999988358,209951.1],[448070.549999999988358,209951.25],[448071.25,209951.5],[448071.950000000011642,209951.799999999988358],[448072.950000000011642,209952.200000000011642],[448073.599999999976717,209952.4],[448074.25,209952.5],[448074.900000000023283,209952.65],[448075.599999999976717,209952.700000000011642],[448076.900000000023283,209952.700000000011642],[448078.200000000011642,209952.5],[448080.900000000023283,209952.0],[448083.200000000011642,209951.4],[448084.5,209951.0],[448085.75,209950.549999999988358],[448087.5,209949.85],[448088.700000000011642,209949.25],[448089.849999999976717,209948.6],[448091.5,209947.799999999988358],[448092.5,209947.4],[448093.549999999988358,209947.049999999988358],[448094.849999999976717,209946.549999999988358],[448095.200000000011642,209946.4],[448095.599999999976717,209946.25],[448095.950000000011642,209946.049999999988358],[448096.349999999976717,209945.799999999988358],[448097.599999999976717,209944.35],[448098.400000000023283,209943.4],[448098.700000000011642,209943.049999999988358],[448099.150000000023283,209942.6],[448099.900000000023283,209942.049999999988358],[448101.25,209941.35],[448101.549999999988358,209941.200000000011642],[448101.849999999976717,209941.1],[448102.099999999976717,209941.0],[448102.549999999988358,209940.75],[448103.299999999988358,209939.799999999988358],[448104.200000000011642,209938.85],[448104.5,209938.6],[448104.849999999976717,209938.35],[448105.349999999976717,209937.9],[448105.549999999988358,209937.65],[448105.75,209937.35],[448106.0,209936.950000000011642],[448106.150000000023283,209936.450000000011642],[448106.299999999988358,209935.75],[448106.349999999976717,209935.25],[448106.299999999988358,209934.75],[448106.299999999988358,209934.25],[448106.349999999976717,209933.65],[448106.450000000011642,209933.15],[448106.599999999976717,209932.65],[448106.799999999988358,209932.15],[448107.0,209931.799999999988358],[448107.5,209931.1],[448107.75,209930.549999999988358],[448107.900000000023283,209930.15],[448107.950000000011642,209929.700000000011642],[448108.049999999988358,209929.299999999988358],[448108.049999999988358,209928.85],[448108.0,209928.25],[448107.900000000023283,209927.65],[448107.700000000011642,209926.950000000011642],[448107.450000000011642,209926.200000000011642],[448107.099999999976717,209925.450000000011642],[448106.700000000011642,209924.75],[448106.25,209924.049999999988358],[448105.849999999976717,209923.5],[448105.450000000011642,209922.9],[448105.049999999988358,209922.4],[448104.349999999976717,209921.65],[448103.700000000011642,209921.1],[448103.049999999988358,209920.6],[448101.75,209919.75],[448101.150000000023283,209919.4],[448100.549999999988358,209919.1],[448099.900000000023283,209918.799999999988358],[448098.849999999976717,209918.4],[448097.75,209918.15],[448096.599999999976717,209918.0],[448094.549999999988358,209917.9],[448092.650000000023283,209917.950000000011642],[448090.599999999976717,209918.049999999988358],[448087.75,209918.0],[448081.299999999988358,209917.1],[448078.349999999976717,209916.6],[448074.099999999976717,209916.1],[448062.900000000023283,209914.299999999988358],[448058.700000000011642,209913.75],[448053.650000000023283,209913.049999999988358],[448046.75,209911.799999999988358],[448039.799999999988358,209910.299999999988358],[448027.5,209907.4],[448017.849999999976717,209904.9],[448016.900000000023283,209904.65],[448015.0,209904.25],[448014.099999999976717,209904.0],[448012.950000000011642,209903.6],[448011.849999999976717,209903.1],[448010.75,209902.549999999988358],[448008.799999999988358,209901.35],[448006.799999999988358,209899.950000000011642],[448005.349999999976717,209898.75],[448000.0,209893.0],[447998.799999999988358,209891.700000000011642],[447997.799999999988358,209890.6],[447996.200000000011642,209889.1],[447994.200000000011642,209887.1],[447993.200000000011642,209886.0],[447991.900000000023283,209885.299999999988358],[447991.799999999988358,209885.200000000011642],[447991.5,209884.799999999988358],[447991.0,209884.299999999988358],[447990.599999999976717,209883.799999999988358],[447990.299999999988358,209883.299999999988358],[447990.099999999976717,209882.799999999988358],[447989.900000000023283,209882.4],[447989.299999999988358,209881.4],[447989.200000000011642,209881.200000000011642],[447988.900000000023283,209880.799999999988358],[447988.5,209880.299999999988358],[447988.200000000011642,209880.0],[447987.900000000023283,209879.6],[447987.5,209879.1],[447986.900000000023283,209877.9],[447986.0,209876.200000000011642],[447985.099999999976717,209874.299999999988358],[447984.400000000023283,209872.5],[447983.900000000023283,209871.4],[447983.400000000023283,209869.9],[447983.099999999976717,209868.5],[447982.5,209866.9],[447981.799999999988358,209864.9],[447981.599999999976717,209864.1],[447981.200000000011642,209863.0],[447980.900000000023283,209862.0],[447980.799999999988358,209861.4],[447980.599999999976717,209860.0],[447980.5,209858.5],[447980.400000000023283,209857.1],[447980.200000000011642,209854.6],[447980.200000000011642,209853.299999999988358],[447980.099999999976717,209853.1],[447980.0,209852.799999999988358],[447979.900000000023283,209852.700000000011642],[447979.799999999988358,209852.5],[447979.599999999976717,209852.200000000011642],[447979.099999999976717,209851.700000000011642],[447980.099999999976717,209850.1],[447980.299999999988358,209849.799999999988358],[447980.400000000023283,209849.5],[447980.599999999976717,209849.1],[447980.799999999988358,209848.6],[447980.900000000023283,209848.1],[447980.900000000023283,209847.4],[447981.0,209846.9],[447981.5,209844.700000000011642],[447982.0,209842.299999999988358],[447982.400000000023283,209841.0],[447982.89000000001397,209839.0],[447982.200000000011642,209839.0],[447981.599999999976717,209840.200000000011642],[447980.599999999976717,209843.0],[447979.799999999988358,209844.700000000011642],[447979.5,209845.9],[447978.799999999988358,209847.6],[447978.599999999976717,209848.1],[447978.400000000023283,209848.9],[447978.200000000011642,209849.9],[447978.200000000011642,209852.0],[447978.299999999988358,209852.9],[447978.400000000023283,209853.700000000011642],[447978.5,209854.4],[447978.900000000023283,209858.299999999988358],[447979.299999999988358,209861.0],[447979.900000000023283,209863.799999999988358],[447980.400000000023283,209865.799999999988358],[447981.299999999988358,209868.799999999988358],[447981.700000000011642,209869.9],[447982.5,209872.200000000011642],[447983.599999999976717,209875.5],[447985.0,209879.4],[447985.400000000023283,209880.1],[447985.799999999988358,209880.700000000011642],[447986.299999999988358,209881.299999999988358],[447986.599999999976717,209881.700000000011642],[447990.099999999976717,209885.700000000011642],[447993.0,209888.6],[447997.900000000023283,209893.4],[448000.0,209895.200000000011642],[448004.25,209898.9],[448004.950000000011642,209899.6],[448006.450000000011642,209900.9],[448007.849999999976717,209901.9],[448008.700000000011642,209902.4],[448009.549999999988358,209902.85],[448010.450000000011642,209903.299999999988358],[448013.150000000023283,209904.5],[448015.599999999976717,209905.5],[448018.799999999988358,209906.6],[448020.450000000011642,209907.1],[448023.349999999976717,209907.85],[448025.549999999988358,209908.299999999988358],[448027.700000000011642,209908.799999999988358],[448029.900000000023283,209909.299999999988358],[448035.400000000023283,209910.799999999988358],[448042.200000000011642,209912.450000000011642],[448046.900000000023283,209913.700000000011642],[448047.799999999988358,209913.700000000011642],[448048.549999999988358,209913.65],[448049.25,209913.549999999988358],[448050.0,209913.549999999988358],[448051.150000000023283,209913.65],[448052.099999999976717,209913.75],[448054.099999999976717,209914.15],[448055.049999999988358,209914.35],[448056.049999999988358,209914.549999999988358],[448064.75,209915.9],[448073.549999999988358,209917.35],[448079.150000000023283,209918.5],[448082.049999999988358,209918.75],[448085.25,209918.950000000011642],[448092.349999999976717,209919.6],[448098.450000000011642,209920.1],[448099.400000000023283,209920.450000000011642],[448100.099999999976717,209920.700000000011642],[448101.5,209921.4],[448102.099999999976717,209921.799999999988358],[448102.700000000011642,209922.299999999988358],[448103.400000000023283,209923.0],[448104.200000000011642,209924.0],[448104.5,209924.5],[448105.099999999976717,209925.6],[448105.450000000011642,209926.35],[448105.700000000011642,209927.0],[448105.900000000023283,209927.65],[448106.049999999988358,209928.299999999988358],[448106.150000000023283,209928.950000000011642],[448106.200000000011642,209929.65],[448106.200000000011642,209930.299999999988358],[448106.150000000023283,209930.9],[448105.950000000011642,209932.1],[448105.799999999988358,209932.700000000011642],[448105.599999999976717,209933.25],[448105.150000000023283,209934.35],[448104.849999999976717,209935.0],[448104.150000000023283,209936.200000000011642],[448103.349999999976717,209937.6],[448102.700000000011642,209938.6],[448101.950000000011642,209939.549999999988358],[448101.049999999988358,209940.4],[448100.5,209940.9],[448099.849999999976717,209941.4],[448099.25,209941.85],[448098.599999999976717,209942.25],[448097.950000000011642,209942.700000000011642],[448096.25,209943.799999999988358],[448095.049999999988358,209944.5],[448093.799999999988358,209945.15],[448092.549999999988358,209945.75],[448090.349999999976717,209946.65],[448089.049999999988358,209947.1],[448087.700000000011642,209947.6],[448082.299999999988358,209949.450000000011642],[448079.75,209950.15],[448078.150000000023283,209950.4],[448077.150000000023283,209950.4],[448076.450000000011642,209950.35],[448075.700000000011642,209950.25],[448075.0,209950.15],[448074.25,209950.049999999988358],[448071.5,209949.65],[448069.700000000011642,209949.299999999988358],[448068.400000000023283,209948.950000000011642],[448067.200000000011642,209948.549999999988358],[448066.049999999988358,209948.15],[448064.900000000023283,209947.700000000011642],[448062.099999999976717,209946.4],[448058.75,209944.950000000011642],[448057.200000000011642,209944.4],[448055.549999999988358,209944.049999999988358],[448054.599999999976717,209944.0],[448053.200000000011642,209944.1],[448052.5,209944.200000000011642],[448051.849999999976717,209944.299999999988358],[448051.150000000023283,209944.450000000011642],[448049.549999999988358,209944.950000000011642],[448047.849999999976717,209945.65],[448047.049999999988358,209946.0],[448046.200000000011642,209946.299999999988358],[448041.049999999988358,209948.0],[448039.25,209948.299999999988358],[448036.75,209948.6],[448035.5,209948.700000000011642],[448034.25,209948.85],[448030.549999999988358,209949.4],[448027.0,209950.1],[448025.0,209950.65],[448023.700000000011642,209951.049999999988358],[448022.400000000023283,209951.6],[448021.150000000023283,209952.25],[448020.049999999988358,209953.0],[448019.400000000023283,209953.5],[448018.799999999988358,209954.049999999988358],[448018.25,209954.6],[448017.450000000011642,209955.6],[448017.049999999988358,209956.200000000011642],[448016.700000000011642,209956.85],[448016.299999999988358,209957.450000000011642],[448015.950000000011642,209958.1],[448014.650000000023283,209960.4],[448014.159999999974389,209961.43],[448013.71999999997206,209962.35],[448013.169999999983702,209963.420000000012806],[448012.650000000023283,209964.51],[448012.32,209965.26],[448012.01,209966.019999999989523],[448011.669999999983702,209966.769999999989523],[448011.200000000011642,209967.68],[448010.18,209969.519999999989523],[448009.599999999976717,209970.69],[448009.01,209971.91],[448008.400000000023283,209973.13],[448007.979999999981374,209973.88],[448006.82,209975.85],[448005.599999999976717,209977.79],[448004.96999999997206,209978.769999999989523],[448002.909999999974389,209981.829999999987194],[448002.38,209982.60999999998603],[448001.840000000025611,209983.38],[448001.289999999979045,209984.15],[448000.71999999997206,209984.89000000001397],[448000.659999999974389,209984.96],[448000.06,209985.69],[448000.0,209985.81],[447998.299999999988358,209994.9]]]]}},
{"type":"Feature","properties":{"mainhabs":"Coastal and floodplain grazing marsh,Lowland meadows","habcodes":"CFPGM, LMEAD","featdesc":null,"featcodes":null,"otherclass":null,"addhabs":null,"primsource":"Environment Agency Flood Zone 3 Oxfordshire digital data 2009 (CFPGM), Feedback from Natural England adviser or specialist 2021 (LMEAD)","areaha":14.11,"version":"Sep_25","uid":"PHID44596554_020952527","shape_length":null,"shape_area":null},"geometry":{"type":"MultiPolygon","coordinates":[[[[445796.799999999988358,209450.49],[445795.900000000023283,209454.69],[445795.799999999988358,209454.99],[445795.799999999988358,209456.79],[445795.900000000023283,209457.09],[445796.0,209457.49],[445796.200000000011642,209458.09],[445796.400000000023283,209458.39000000001397],[445796.5,209458.69],[445796.700000000011642,209458.99],[445797.0,209459.19],[445797.200000000011642,209459.49],[445797.5,209459.69],[445802.700000000011642,209466.19],[445806.599999999976717,209470.49],[445808.299999999988358,209472.19],[445809.200000000011642,209473.29],[445809.5,209473.79],[445811.799999999988358,209477.39000000001397],[445815.400000000023283,209483.79],[445821.400000000023283,209493.59],[445821.599999999976717,209493.89000000001397],[445823.599999999976717,209497.39000000001397],[445825.799999999988358,209500.79],[445831.5,209508.49],[445836.5,209514.79],[445842.700000000011642,209522.99],[445847.299999999988358,209529.19],[445857.0,209541.69],[445872.700000000011642,209562.09],[445887.900000000023283,209580.89000000001397],[445898.599999999976717,209594.49],[445902.0,209598.69],[445905.19,209602.26],[445905.409999999974389,209602.49],[445909.25,209606.34],[445916.919999999983702,209613.049999999988358],[445919.76,209615.32],[445923.700000000011642,209618.769999999989523],[445931.81,209626.87],[445933.01,209627.950000000011642],[445936.38,209631.15],[445938.299999999988358,209632.75],[445941.26,209635.6],[445942.840000000025611,209637.28],[445945.38,209639.69],[445953.669999999983702,209646.49],[445953.93650000001071,209646.646199999988312],[445953.960000000020955,209646.66],[445958.409999999974389,209649.64000000001397],[445966.619599999976344,209656.103],[445967.669999999983702,209656.93],[445981.650000000023283,209666.64000000001397],[445999.419999999983702,209678.730000000010477],[446000.0,209679.07],[446004.450000000011642,209681.89000000001397],[446011.13,209685.63],[446030.450000000011642,209697.68],[446035.574000000022352,209700.676],[446050.106000000028871,209707.894999999989523],[446069.367000000027474,209717.525],[446098.26,209730.543],[446118.050999999977648,209739.221],[446130.222,209745.889],[446141.757999999972526,209752.345],[446150.330000000016298,209757.636],[446159.431999999971595,209765.468],[446168.538999999989755,209773.557999999989988],[446168.88,209773.78],[446170.443399999989197,209772.057],[446172.700000000011642,209769.57],[446175.71999999997206,209764.72],[446178.729999999981374,209758.480000000010477],[446183.900000000023283,209749.44],[446191.75,209735.66],[446200.32,209723.079999999987194],[446213.460000000020955,209703.4],[446234.520000000018626,209671.59],[446264.88,209625.74],[446267.35999999998603,209620.79],[446270.799999999988358,209610.13],[446269.072700000018813,209609.884499999985565],[446266.93,209609.579999999987194],[446265.28000000002794,209609.329999999987194],[446260.3015,209609.738600000011502],[446248.830000000016298,209610.68],[446240.2977,209607.07139999998617],[446236.6987,209605.549300000013318],[446219.445,209598.252100000012433],[446184.99,209583.68],[446132.789999999979045,209556.579999999987194],[446123.6556,209550.7008],[446121.650000000023283,209549.41],[446117.1129,209546.5448],[446115.68,209545.64000000001397],[446113.28000000002794,209543.96],[446109.789999999979045,209541.39000000001397],[446108.28000000002794,209540.21],[446101.46999999997206,209534.480000000010477],[446098.651399999973364,209532.5262],[446096.06,209530.730000000010477],[446089.87,209527.079999999987194],[446084.169999999983702,209523.84],[446081.0096,209522.113000000012107],[446074.270000000018626,209518.43],[446070.580000000016298,209516.75],[446060.69,209511.85],[446050.69,209506.74],[446044.090000000025611,209502.79],[446035.789999999979045,209497.769999999989523],[446026.599999999976717,209491.85],[446022.669999999983702,209489.53],[446018.700000000011642,209487.670000000012806],[446014.5564,209485.623499999986961],[446012.96999999997206,209484.84],[446005.919999999983702,209481.519999999989523],[446000.0,209478.69],[445996.900000000023283,209477.19],[445988.900000000023283,209474.29],[445983.200000000011642,209472.39000000001397],[445976.099999999976717,209470.39000000001397],[445962.5075,209467.5323],[445955.599999999976717,209466.079999999987194],[445946.586399999971036,209464.478899999987334],[445925.200000000011642,209460.68],[445910.799999999988358,209458.28],[445909.099999999976717,209457.980000000010477],[445886.28000000002794,209455.420000000012806],[445879.580000000016298,209454.47],[445870.270000000018626,209453.0],[445868.57,209452.69],[445862.270000000018626,209451.44],[445856.07,209449.9],[445842.479999999981374,209445.59],[445834.3958,209442.962900000013178],[445812.599999999976717,209435.88],[445803.6702,209433.038],[445802.760699999984354,209432.748499999986961],[445801.76,209432.43],[445800.602300000027753,209436.481999999989057],[445797.799999999988358,209446.29],[445796.099999999976717,209445.79],[445799.909999999974389,209431.85999999998603],[445792.599999999976717,209429.59],[445771.200000000011642,209422.79],[445767.299999999988358,209421.59],[445745.900000000023283,209414.89000000001397],[445727.0,209408.19],[445715.5,209403.79],[445712.900000000023283,209402.69],[445708.799999999988358,209401.09],[445704.700000000011642,209399.39000000001397],[445700.700000000011642,209397.49],[445690.799999999988358,209391.59],[445680.0,209384.69],[445675.400000000023283,209381.79],[445671.2573,209379.3351],[445670.0,209378.59],[445658.5,209372.69],[445650.69,209368.9],[445638.900000000023283,209363.19],[445617.299999999988358,209352.09],[445601.299999999988358,209343.19],[445588.400000000023283,209335.59],[445575.099999999976717,209327.19],[445564.900000000023283,209320.39000000001397],[445552.88,209311.480000000010477],[445524.789999999979045,209290.9],[445511.69,209282.200000000011642],[445511.49,209282.1],[445507.590000000025611,209279.6],[445503.69,209276.9],[445500.99,209274.799999999988358],[445495.789999999979045,209270.700000000011642],[445495.650000000023283,209270.53],[445494.038,209268.586000000010245],[445471.49,209292.24299999998766],[445467.8491,209296.062899999989895],[445471.07,209298.519999999989523],[445472.49,209299.6],[445480.789999999979045,209306.200000000011642],[445489.89000000001397,209313.6],[445492.900000000023283,209316.37],[445491.289999999979045,209312.700000000011642],[445491.789999999979045,209311.980000000010477],[445494.859400000015739,209314.589],[445526.229799999971874,209348.3724],[445526.782200000016019,209348.967299999989336],[445552.715199999976903,209384.4546],[445569.512999999977183,209403.779],[445577.60999999998603,209413.144999999989523],[445578.1937,209413.941],[445584.59499999997206,209422.670000000012806],[445587.452,209426.003999999986263],[445593.802000000025146,209433.62400000001071],[445600.152,209441.244],[445604.293,209446.192000000010012],[445610.378000000026077,209451.881],[445615.802000000025146,209457.568999999988591],[445617.144299999985378,209459.018699999985984],[445643.793500000028871,209489.859900000010384],[445674.191,209525.038999999989755],[445700.686999999976251,209561.1699],[445717.35999999998603,209583.9057],[445718.936999999976251,209587.347],[445719.744599999976344,209588.962399999989429],[445731.5166999999783,209646.5148],[445751.9901,209705.2053],[445779.288,209739.3278],[445793.68,209750.707499999989523],[445799.299999999988358,209754.85],[445812.340000000025611,209763.81],[445814.580000000016298,209765.299999999988358],[445830.76,209776.170000000012806],[445840.63,209781.96],[445841.924999999988358,209780.428000000014435],[445843.495,209778.571],[445844.206,209777.730000000010477],[445847.309499999973923,209774.059100000013132],[445877.169999999983702,209738.74],[445903.599999999976717,209707.579999999987194],[445934.49,209670.769999999989523],[445949.809100000013132,209652.033],[445951.96999999997206,209649.39000000001397],[445950.96999999997206,209648.69],[445948.669999999983702,209646.89000000001397],[445944.450000000011642,209642.69],[445938.44,209637.03],[445935.53000000002794,209634.21],[445932.82,209631.670000000012806],[445930.400000000023283,209629.13],[445922.49,209621.829999999987194],[445917.82,209617.39000000001397],[445907.37,209607.519999999989523],[445906.770000000018626,209607.03],[445905.340000000025611,209605.85],[445903.919999999983702,209604.480000000010477],[445902.590000000025611,209603.07],[445901.5,209601.89000000001397],[445896.299999999988358,209595.39000000001397],[445888.200000000011642,209585.09],[445877.299999999988358,209571.99],[445869.778400000010151,209562.3529],[445867.700000000011642,209559.69],[445855.799999999988358,209544.29],[445844.0,209529.09],[445833.200000000011642,209514.59],[445830.799999999988358,209511.39000000001397],[445830.625300000014249,209511.169400000013411],[445827.0,209506.59],[445823.5,209501.59],[445816.099999999976717,209489.29],[445813.900000000023283,209485.59],[445810.200000000011642,209479.59],[445808.900000000023283,209477.59],[445806.299999999988358,209473.89000000001397],[445801.400000000023283,209467.59],[445797.0,209462.49],[445796.400000000023283,209461.89000000001397],[445796.0,209461.39000000001397],[445794.799999999988358,209460.19],[445794.5,209459.59],[445794.299999999988358,209459.29],[445794.200000000011642,209459.09],[445794.0,209458.79],[445793.799999999988358,209458.19],[445793.799999999988358,209457.89000000001397],[445794.099999999976717,209455.69],[445794.599999999976717,209453.29],[445795.599999999976717,209449.89000000001397],[445796.25199999997858,209450.215999999985797],[445796.799999999988358,209450.49]]]]}},
{"type":"Feature","properties":{"mainhabs":"Coastal and floodplain grazing marsh,Lowland meadows","habcodes":"CFPGM, LMEAD","featdesc":null,"featcodes":null,"otherclass":null,"addhabs":null,"primsource":"Environment Agency Flood Zone 3 Oxfordshire digital data 2009 (CFPGM), Feedback from Natural England adviser or specialist 2021 (LMEAD)","areaha":2.69,"version":"Sep_25","uid":"PHID44627783_020972731","shape_length":null,"shape_area":null},"geometry":{"type":"MultiPolygon","coordinates":[[[[446344.409999999974389,209735.14000000001397],[446345.35999999998603,209732.82],[446349.35999999998603,209722.59],[446352.69,209714.049999999988358],[446359.07,209697.93],[446362.229999999981374,209690.38],[446366.93,209680.13],[446369.770000000018626,209674.329999999987194],[446371.01,209671.43],[446377.14000000001397,209657.200000000011642],[446384.26,209641.07],[446381.919999999983702,209640.56],[446376.020000000018626,209638.66],[446368.62,209636.16],[446367.37,209635.72],[446362.049999999988358,209634.1],[446359.53000000002794,209633.32],[446356.5,209632.549999999988358],[446355.088999999978114,209632.2958],[446354.28000000002794,209632.15],[446351.349999999976717,209631.38],[446350.950000000011642,209631.299999999988358],[446348.020000000018626,209630.44],[446346.69,209629.9],[446342.44,209628.579999999987194],[446339.724899999971967,209627.377700000011828],[446336.93,209626.14000000001397],[446334.9386,209625.2892],[446332.669999999983702,209624.32],[446331.683000000019092,209623.865500000014435],[446330.520000000018626,209623.329999999987194],[446328.789999999979045,209622.60999999998603],[446324.330000000016298,209621.0],[446323.93,209620.920000000012806],[446321.900000000023283,209620.41],[446319.89000000001397,209620.0],[446318.6126,209619.818399999989197],[446317.78000000002794,209619.700000000011642],[446317.169999999983702,209619.63],[446314.450000000011642,209619.049999999988358],[446308.31,209617.62],[446308.0465,209617.568900000012945],[446301.25,209616.25],[446298.9682,209615.9171],[446296.520000000018626,209615.56],[446290.32,209613.84],[446282.64000000001397,209612.14000000001397],[446280.710000000020955,209611.59],[446277.330000000016298,209610.980000000010477],[446274.840000000025611,209610.66],[446270.14000000001397,209621.93],[446267.479999999981374,209627.25],[446237.020000000018626,209673.25],[446215.960000000020955,209705.06],[446202.81,209724.76],[446194.299999999988358,209737.25],[446186.51,209750.93],[446181.39000000001397,209759.88],[446178.349999999976717,209766.170000000012806],[446175.13,209771.34],[446172.737499999988358,209773.886900000012247],[446171.409999999974389,209775.299999999988358],[446177.14000000001397,209780.13],[446177.5737,209780.5735],[446178.03000000002794,209781.04],[446179.200000000011642,209782.06],[446180.49,209783.079999999987194],[446180.69,209783.28],[446181.96999999997206,209784.200000000011642],[446184.75,209785.829999999987194],[446187.330000000016298,209787.26],[446201.12,209794.549999999988358],[446201.813000000023749,209794.903],[446211.50199999997858,209798.594000000011874],[446219.968999999982771,209801.769],[446230.340000000025611,209805.896],[446236.055,209808.435999999986961],[446245.157,209814.363000000012107],[446249.602000000013504,209818.702],[446252.844700000016019,209821.6935],[446259.542000000015832,209827.872],[446260.14000000001397,209828.26],[446262.51,209830.79],[446265.049999999988358,209833.72],[446265.49,209834.269999999989523],[446266.379000000015367,209835.403],[446280.068099999974947,209845.1501],[446286.326,209849.606],[446291.935,209853.204],[446292.648800000024494,209853.2402],[446293.6043,209853.2886],[446294.62,209853.34],[446294.830000000016298,209853.15],[446294.94,209852.85999999998603],[446295.320300000021234,209852.1163],[446297.400000000023283,209848.049999999988358],[446299.849999999976717,209842.91],[446301.340000000025611,209839.63],[446302.960000000020955,209835.74],[446304.120799999975134,209832.7336],[446306.13,209827.53],[446308.94,209820.59],[446311.60999999998603,209815.24],[446317.770000000018626,209800.06],[446318.397,209798.6047],[446318.6497,209798.0183],[446322.8714,209788.2199],[446327.99,209776.34],[446331.2538,209767.5388],[446331.549999999988358,209766.74],[446335.799999999988358,209755.46],[446336.8615,209752.6402],[446337.75,209750.28],[446341.96999999997206,209740.53],[446343.011899999983143,209738.2284],[446344.409999999974389,209735.14000000001397]]]]}},
{"type":"Feature","properties":{"mainhabs":"Coastal and floodplain grazing marsh,Lowland meadows","habcodes":"CFPGM, LMEAD","featdesc":null,"featcodes":null,"otherclass":null,"addhabs":null,"primsource":"Environment Agency Flood Zone 3 Oxfordshire digital data 2009 (CFPGM), Feedback from Natural England adviser or specialist 2021 (LMEAD)","areaha":5.81,"version":"Sep_25","uid":"PHID44781582_020930186","shape_length":null,"shape_area":null},"geometry":{"type":"MultiPolygon","coordinates":[[[[447691.299999999988358,209485.68],[447690.700000000011642,209488.480000000010477],[447685.82,209487.4],[447685.200000000011642,209492.88],[447685.159999999974389,209493.170000000012806],[447687.5,209493.480000000010477],[447694.799999999988358,209494.28],[447701.900000000023283,209494.88],[447705.900000000023283,209494.980000000010477],[447709.900000000023283,209495.18],[447714.400000000023283,209495.18],[447718.700000000011642,209494.88],[447722.099999999976717,209494.78],[447726.700000000011642,209494.68],[447729.099999999976717,209494.68],[447733.700000000011642,209494.78],[447739.799999999988358,209494.88],[447753.5,209495.480000000010477],[447759.599999999976717,209495.68],[447764.099999999976717,209495.88],[447770.0,209495.980000000010477],[447773.799999999988358,209496.079999999987194],[447776.200000000011642,209495.980000000010477],[447777.5,209495.88],[447783.299999999988358,209495.68],[447788.099999999976717,209495.480000000010477],[447790.599999999976717,209495.480000000010477],[447792.5,209495.38],[447794.200000000011642,209495.38],[447794.5,209495.480000000010477],[447794.900000000023283,209495.579999999987194],[447795.099999999976717,209495.68],[447795.599999999976717,209495.78],[447796.0,209495.980000000010477],[447796.400000000023283,209496.28],[447796.700000000011642,209496.38],[447800.900000000023283,209498.78],[447805.400000000023283,209501.480000000010477],[447807.099999999976717,209502.68],[447807.599999999976717,209502.88],[447808.099999999976717,209503.18],[447808.299999999988358,209503.28],[447808.799999999988358,209503.480000000010477],[447809.400000000023283,209503.68],[447810.599999999976717,209503.68],[447810.700000000011642,209503.579999999987194],[447811.400000000023283,209503.579999999987194],[447812.599999999976717,209506.980000000010477],[447815.379200000024866,209506.233],[447817.919999999983702,209505.549999999988358],[447822.020000000018626,209504.26],[447828.32,209502.47],[447832.830000000016298,209501.18],[447834.03000000002794,209500.829999999987194],[447836.330000000016298,209500.32],[447837.840000000025611,209500.06],[447840.57,209499.63],[447841.669999999983702,209499.39000000001397],[447842.770000000018626,209499.24],[447843.99,209499.09],[447844.090000000025611,209498.99],[447845.289999999979045,209498.94],[447846.419999999983702,209498.99],[447849.039999999979045,209498.78],[447851.87,209498.56],[447854.87,209498.46],[447856.96999999997206,209498.35999999998603],[447861.37,209498.35999999998603],[447864.669999999983702,209498.26],[447868.46999999997206,209498.26],[447870.270000000018626,209498.06],[447873.270000000018626,209497.96],[447873.96999999997206,209497.96],[447877.07,209498.06],[447879.96999999997206,209498.26],[447882.37,209498.35999999998603],[447885.96999999997206,209498.66],[447886.57,209498.56],[447886.773999999975786,209498.509],[447887.979999999981374,209494.335],[447888.826,209491.901000000012573],[447888.826,209488.303000000014435],[447889.25,209485.234],[447889.566999999980908,209481.847],[447889.143999999971129,209479.413],[447888.297000000020489,209477.508],[447886.49800000002142,209474.756],[447885.651000000012573,209472.851],[447884.593,209469.782],[447884.593,209467.771],[447884.593,209465.549],[447885.544999999983702,209462.585],[447886.49800000002142,209461.104],[447887.87400000001071,209460.469000000011874],[447889.566999999980908,209459.94],[447891.684,209459.94],[447893.164999999979045,209459.94],[447894.647,209460.786],[447897.07,209461.96],[447898.07,209461.85999999998603],[447900.770000000018626,209461.85999999998603],[447902.270000000018626,209461.96],[447903.669999999983702,209462.06],[447904.46999999997206,209462.16],[447905.270000000018626,209462.35999999998603],[447906.07,209462.46],[447906.87,209462.66],[447907.57,209462.85999999998603],[447907.96999999997206,209463.06],[447909.57,209463.76],[447910.96999999997206,209464.56],[447912.37,209465.46],[447914.07,209466.76],[447914.96999999997206,209467.35999999998603],[447915.669999999983702,209467.85999999998603],[447916.37,209468.26],[447917.37,209468.76],[447917.770000000018626,209468.85999999998603],[447917.96999999997206,209468.96],[447918.169999999983702,209468.96],[447918.37,209469.06],[447918.669999999983702,209469.06],[447918.96999999997206,209469.16],[447919.169999999983702,209469.06],[447919.57,209469.06],[447919.770000000018626,209468.96],[447919.96999999997206,209468.96],[447920.169999999983702,209468.85999999998603],[447920.57,209468.46],[447921.07,209467.76],[447921.37,209467.35999999998603],[447922.37,209465.96],[447923.46999999997206,209463.56],[447924.37,209461.66],[447925.770000000018626,209458.66],[447926.37,209457.16],[447927.07,209455.76],[447927.270000000018626,209455.56],[447928.07,209454.16],[447930.07,209450.76],[447930.37,209450.06],[447931.669999999983702,209447.85999999998603],[447931.770000000018626,209447.76],[447932.46999999997206,209446.56],[447933.270000000018626,209445.46],[447933.87,209444.76],[447934.669999999983702,209443.66],[447935.37,209442.96],[447935.669999999983702,209442.56],[447935.96999999997206,209442.06],[447936.07,209441.96],[447936.37,209441.16],[447936.770000000018626,209440.35999999998603],[447936.96999999997206,209439.56],[447937.270000000018626,209438.76],[447937.46999999997206,209437.85999999998603],[447937.669999999983702,209436.049999999988358],[447938.080000000016298,209433.85999999998603],[447938.669999999983702,209431.01],[447939.159999999974389,209427.85999999998603],[447939.76,209424.71],[447940.74,209420.91],[447940.840000000025611,209420.24],[447941.24,209418.519999999989523],[447941.520000000018626,209417.68],[447942.39000000001397,209415.96],[447943.75,209413.01],[447945.210000000020955,209409.69],[447945.299999999988358,209409.59],[447945.590000000025611,209409.12],[447945.789999999979045,209408.65],[447946.169999999983702,209407.5],[447946.37,209407.03],[447946.37,209406.65],[447946.46999999997206,209406.170000000012806],[447946.479999999981374,209404.93],[447946.39000000001397,209404.549999999988358],[447946.39000000001397,209404.170000000012806],[447946.200000000011642,209403.88],[447945.349999999976717,209403.06],[447943.900000000023283,209402.19],[447942.62,209401.299999999988358],[447937.409999999974389,209397.78],[447934.74,209395.82],[447934.409999999974389,209395.519999999989523],[447933.669999999983702,209395.04],[447932.38,209394.049999999988358],[447932.06,209393.75],[447930.96999999997206,209392.54],[447930.419999999983702,209391.85999999998603],[447930.32,209391.64000000001397],[447929.43,209390.24],[447927.210000000020955,209386.799999999988358],[447925.549999999988358,209384.170000000012806],[447925.44,209383.87],[447923.78000000002794,209381.14000000001397],[447923.650000000023283,209380.829999999987194],[447922.909999999974389,209380.03],[447922.24,209379.22],[447919.19,209375.43],[447917.539999999979045,209373.31],[447917.21999999997206,209372.81],[447915.770000000018626,209370.69],[447914.44,209368.35999999998603],[447912.63,209364.799999999988358],[447910.830000000016298,209361.049999999988358],[447908.78000000002794,209356.670000000012806],[447907.080000000016298,209353.01],[447906.39000000001397,209351.37],[447905.94,209350.57],[447905.5,209349.85999999998603],[447904.950000000011642,209349.16],[447904.31,209348.35],[447903.76,209347.65],[447902.25,209346.26],[447901.60999999998603,209345.769999999989523],[447901.18,209345.37],[447899.700000000011642,209344.6],[447898.32,209344.04],[447896.43,209343.18],[447895.039999999979045,209342.41],[447894.520000000018626,209342.019999999989523],[447893.229999999981374,209341.13],[447890.789999999979045,209339.68],[447890.68,209339.57],[447889.830000000016298,209338.99],[447887.919999999983702,209338.03],[447887.080000000016298,209337.549999999988358],[447886.13,209337.170000000012806],[447885.270000000018626,209336.579999999987194],[447884.64000000001397,209336.200000000011642],[447883.88,209335.5],[447883.714099999982864,209335.1959],[447883.380300000018906,209334.5839],[447883.21999999997206,209334.29],[447882.74,209333.170000000012806],[447882.51,209332.75],[447882.049999999988358,209331.60999999998603],[447881.68,209330.47],[447879.03000000002794,209322.329999999987194],[447877.03000000002794,209316.53],[447876.893600000010338,209316.1313],[447874.43,209308.93],[447871.729999999981374,209302.03],[447871.03000000002794,209299.63],[447870.93,209299.329999999987194],[447870.830000000016298,209298.829999999987194],[447870.63,209298.230000000010477],[447870.63,209298.03],[447870.53000000002794,209297.43],[447870.53000000002794,209296.329999999987194],[447870.830000000016298,209294.43],[447871.229999999981374,209292.329999999987194],[447872.03000000002794,209289.13],[447872.81,209286.29],[447873.669999999983702,209282.730000000010477],[447874.549999999988358,209279.59],[447874.539999999979045,209279.18],[447875.13,209277.15],[447875.32,209276.03],[447875.409999999974389,209275.019999999989523],[447875.37,209271.99],[447875.26,209270.97],[447875.26,209270.670000000012806],[447875.150000000023283,209270.26],[447875.14000000001397,209269.56],[447874.63,209268.049999999988358],[447874.520000000018626,209267.950000000011642],[447874.31,209267.64000000001397],[447874.10999999998603,209267.44],[447873.909999999974389,209267.15],[447872.28000000002794,209266.35],[447872.18,209266.26],[447871.960000000020955,209266.15],[447871.659999999974389,209266.049999999988358],[447871.460000000020955,209265.950000000011642],[447870.75,209265.96],[447870.549999999988358,209266.06],[447864.400000000023283,209268.16],[447861.270000000018626,209269.31],[447858.659999999974389,209270.76],[447858.35999999998603,209270.85999999998603],[447857.650000000023283,209271.269999999989523],[447856.94,209271.49],[447856.340000000025611,209271.700000000011642],[447855.94,209271.799999999988358],[447855.64000000001397,209271.91],[447855.229999999981374,209272.01],[447854.32,209272.019999999989523],[447853.10999999998603,209271.730000000010477],[447852.69,209271.54],[447852.39000000001397,209271.44],[447851.979999999981374,209271.24],[447851.88,209271.14000000001397],[447851.479999999981374,209270.84],[447850.85999999998603,209270.24],[447850.24,209269.44],[447849.93,209268.93],[447849.51,209267.93],[447849.200000000011642,209267.019999999989523],[447849.090000000025611,209266.31],[447848.88,209265.1],[447848.87,209264.29],[447848.960000000020955,209263.579999999987194],[447849.150000000023283,209262.37],[447849.419999999983702,209259.94],[447850.19,209256.18],[447850.38,209254.96],[447850.76,209253.13],[447850.94,209251.51],[447851.12,209249.59],[447851.01,209248.78],[447851.299999999988358,209246.85],[447851.299999999988358,209246.65],[447851.479999999981374,209245.43],[447851.580000000016298,209245.03],[447851.770000000018626,209244.519999999989523],[447851.979999999981374,209243.91],[447852.56,209242.79],[447852.87,209242.38],[447853.26,209241.87],[447853.56,209241.06],[447853.76,209240.35],[447853.950000000011642,209239.53],[447853.94,209239.329999999987194],[447854.14000000001397,209238.62],[447854.13,209237.91],[447854.21999999997206,209237.200000000011642],[447854.210000000020955,209236.19],[447854.099999999976717,209235.38],[447853.99,209234.670000000012806],[447853.78000000002794,209233.96],[447852.93,209230.03],[447852.71999999997206,209229.43],[447852.5,209228.62],[447852.289999999979045,209227.71],[447852.18,209226.9],[447852.169999999983702,209225.89000000001397],[447852.06,209225.18],[447852.150000000023283,209224.47],[447852.150000000023283,209223.85999999998603],[447852.24,209223.35],[447852.330000000016298,209222.75],[447852.539999999979045,209222.14000000001397],[447852.729999999981374,209221.63],[447852.919999999983702,209221.019999999989523],[447854.419999999983702,209218.68],[447856.299999999988358,209215.71],[447858.789999999979045,209212.15],[447862.18,209207.25],[447864.270000000018626,209204.29],[447866.659999999974389,209200.41],[447871.13,209193.38],[447874.409999999974389,209187.97],[447874.60999999998603,209187.87],[447874.81,209187.670000000012806],[447874.909999999974389,209187.35999999998603],[447875.10999999998603,209187.16],[447875.409999999974389,209186.54],[447875.409999999974389,209186.24],[447875.51,209185.9],[447875.63,209185.71],[447875.75,209185.22],[447875.74,209184.950000000011642],[447875.81,209184.71],[447875.789999999979045,209184.46],[447875.599999999976717,209179.60999999998603],[447875.57,209178.44],[447874.85999999998603,209176.079999999987194],[447873.530299999983981,209171.3926],[447873.46999999997206,209171.18],[447870.76,209164.1],[447870.2956000000122,209162.9082],[447869.400000000023283,209160.60999999998603],[447867.752700000011828,209156.9484],[447860.69,209141.25],[447857.56,209134.450000000011642],[447853.960000000020955,209126.82],[447850.71999999997206,209120.32],[447850.32,209119.72],[447850.020000000018626,209119.12],[447849.520000000018626,209118.519999999989523],[447849.21999999997206,209118.22],[447849.020000000018626,209117.82],[447848.419999999983702,209117.22],[447848.12,209117.019999999989523],[447847.82,209116.72],[447846.82,209116.22],[447844.71999999997206,209115.32],[447842.020000000018626,209114.22],[447839.020000000018626,209113.12],[447835.520000000018626,209111.62],[447834.82,209111.420000000012806],[447833.419999999983702,209110.82],[447832.71999999997206,209110.420000000012806],[447831.919999999983702,209109.82],[447831.419999999983702,209109.519999999989523],[447831.020000000018626,209109.12],[447830.71999999997206,209108.72],[447830.32,209108.22],[447830.020000000018626,209107.920000000012806],[447828.919999999983702,209107.019999999989523],[447826.419999999983702,209105.22],[447823.82,209103.22],[447822.020000000018626,209102.420000000012806],[447818.419999999983702,209100.420000000012806],[447818.020000000018626,209100.12],[447817.62,209099.920000000012806],[447816.919999999983702,209099.22],[447816.71999999997206,209099.12],[447816.62,209098.82],[447816.020000000018626,209098.22],[447815.919999999983702,209097.82],[447815.82,209097.62],[447815.71999999997206,209097.32],[447815.49,209095.87],[447815.56,209094.76],[447815.68,209094.63],[447815.81,209092.4],[447816.87,209086.69],[447817.830000000016298,209081.03],[447818.049999999988358,209080.14000000001397],[447818.43,209077.85999999998603],[447818.700000000011642,209075.62],[447819.10999999998603,209068.920000000012806],[447819.51,209067.019999999989523],[447819.710000000020955,209065.82],[447819.909999999974389,209064.72],[447820.01,209063.62],[447820.01,209061.420000000012806],[447819.909999999974389,209060.019999999989523],[447819.710000000020955,209058.519999999989523],[447819.51,209057.72],[447819.409999999974389,209056.920000000012806],[447818.51,209054.549999999988358],[447818.12,209053.87],[447817.38,209052.920000000012806],[447815.82,209051.03],[447814.849999999976717,209049.91],[447813.78000000002794,209048.69],[447813.049999999988358,209048.15],[447812.6068,209047.945],[447810.909999999974389,209047.16],[447807.43,209046.03],[447806.21999999997206,209045.700000000011642],[447804.919999999983702,209045.39000000001397],[447804.460000000020955,209045.29],[447803.64000000001397,209045.15],[447803.5,209045.21],[447802.64000000001397,209045.09],[447802.39000000001397,209044.94],[447801.74,209044.799999999988358],[447800.75,209044.62],[447799.63,209044.68],[447798.63,209044.84],[447797.5,209045.1],[447796.49,209045.269999999989523],[447794.799999999988358,209045.72],[447793.789999999979045,209046.10999999998603],[447793.330000000016298,209046.31],[447792.76,209046.49],[447789.71999999997206,209047.43],[447788.700000000011642,209047.700000000011642],[447788.150000000023283,209047.670000000012806],[447787.960000000020955,209047.66],[447788.539999999979045,209055.4],[447786.409999999974389,209065.44],[447771.56,209066.18],[447764.659999999974389,209056.91],[447754.409999999974389,209038.93],[447743.13,209036.24],[447743.299999999988358,209040.56],[447743.349999999976717,209043.51],[447743.26,209046.5],[447743.299999999988358,209046.82],[447743.21999999997206,209048.230000000010477],[447743.06,209049.799999999988358],[447742.849999999976717,209051.230000000010477],[447741.64000000001397,209056.200000000011642],[447740.94,209059.32],[447740.289999999979045,209062.35],[447740.039999999979045,209063.35],[447739.770000000018626,209064.93],[447739.57,209066.35999999998603],[447739.539999999979045,209068.0],[447739.51,209068.47],[447739.56,209070.12],[447739.69,209073.230000000010477],[447739.87,209077.06],[447739.849999999976717,209077.269999999989523],[447739.35999999998603,209078.670000000012806],[447738.93,209079.920000000012806],[447738.270000000018626,209083.37],[447738.35999999998603,209084.68],[447738.56,209086.04],[447739.03000000002794,209088.62],[447739.12,209089.019999999989523],[447739.21999999997206,209089.700000000011642],[447739.35999999998603,209090.26],[447739.650000000023283,209091.299999999988358],[447739.96999999997206,209092.10999999998603],[447740.19,209092.700000000011642],[447740.799999999988358,209093.91],[447741.24,209094.51],[447741.64000000001397,209094.99],[447742.03000000002794,209095.57],[447743.28000000002794,209096.81],[447743.830000000016298,209097.18],[447745.14000000001397,209098.26],[447747.229999999981374,209100.049999999988358],[447748.049999999988358,209100.72],[447750.909999999974389,209103.19],[447751.960000000020955,209104.09],[447754.840000000025611,209106.49],[447757.96999999997206,209109.4],[447758.950000000011642,209110.31],[447761.53000000002794,209112.75],[447762.51,209113.68],[447764.38,209115.68],[447765.479999999981374,209116.670000000012806],[447767.62,209118.480000000010477],[447771.82,209122.18],[447775.76,209126.39000000001397],[447776.06,209126.56],[447776.729999999981374,209127.299999999988358],[447777.49,209128.04],[447778.159999999974389,209128.769999999989523],[447778.71999999997206,209129.66],[447779.06,209130.019999999989523],[447779.63,209130.9],[447780.35999999998603,209132.25],[447780.960000000020955,209133.420000000012806],[447782.159999999974389,209135.35],[447782.950000000011642,209136.63],[447784.31,209138.35],[447786.5,209141.54],[447788.10999999998603,209143.88],[447788.960000000020955,209145.230000000010477],[447789.460000000020955,209146.420000000012806],[447789.599999999976717,209147.04],[447789.770000000018626,209147.84],[447789.950000000011642,209148.54],[447790.0,209149.35],[447789.960000000020955,209150.079999999987194],[447790.01,209150.89000000001397],[447789.94,209151.200000000011642],[447789.89000000001397,209151.91],[447789.75,209152.64000000001397],[447789.57,209153.26],[447789.44,209154.01],[447789.200000000011642,209154.730000000010477],[447788.94,209155.35999999998603],[447788.57,209156.01],[447788.49,209156.1],[447787.919999999983702,209156.980000000010477],[447787.38,209157.75],[447786.74,209158.51],[447786.06,209159.16],[447785.88,209159.38],[447785.39000000001397,209159.82],[447784.830000000016298,209160.28],[447784.340000000025611,209160.72],[447783.76,209161.079999999987194],[447783.07,209161.54],[447779.89000000001397,209162.64000000001397],[447778.49,209163.06],[447776.88,209163.38],[447774.479999999981374,209163.96],[447770.650000000023283,209164.769999999989523],[447769.85999999998603,209164.950000000011642],[447768.400000000023283,209165.09],[447766.71999999997206,209165.24],[447762.44,209166.200000000011642],[447761.01,209166.76],[447758.700000000011642,209167.56],[447758.03000000002794,209167.71],[447757.479999999981374,209167.91],[447757.229999999981374,209168.01],[447756.71999999997206,209168.1],[447756.200000000011642,209168.4],[447755.700000000011642,209168.59],[447754.78000000002794,209169.200000000011642],[447754.460000000020955,209169.5],[447754.159999999974389,209169.68],[447753.849999999976717,209170.0],[447753.520000000018626,209170.4],[447753.32,209170.799999999988358],[447753.14000000001397,209171.31],[447752.960000000020955,209171.71],[447752.87,209171.84],[447752.849999999976717,209172.76],[447752.82,209173.14000000001397],[447752.82,209173.21],[447752.799999999988358,209173.62],[447752.840000000025611,209177.420000000012806],[447753.020000000018626,209180.64000000001397],[447753.340000000025611,209184.19],[447753.44,209184.299999999988358],[447753.49,209184.670000000012806],[447753.62,209185.04],[447753.650000000023283,209185.22],[447753.770000000018626,209185.480000000010477],[447754.01,209186.62],[447754.710000000020955,209189.299999999988358],[447754.94,209191.079999999987194],[447755.88,209194.94],[447756.35999999998603,209196.44],[447756.830000000016298,209197.85999999998603],[447757.49,209199.480000000010477],[447757.85999999998603,209200.15],[447758.700000000011642,209201.769999999989523],[447760.0,209203.81],[447761.37,209205.799999999988358],[447761.979999999981374,209206.6],[447762.669999999983702,209207.59],[447764.19,209209.39000000001397],[447764.450000000011642,209209.65],[447765.31,209210.549999999988358],[447766.26,209211.299999999988358],[447766.330000000016298,209211.35999999998603],[447767.19,209212.07],[447770.64000000001397,209214.99],[447773.340000000025611,209217.24],[447774.81,209218.329999999987194],[447780.270000000018626,209222.06],[447786.39000000001397,209226.31],[447789.76,209229.299999999988358],[447791.35999999998603,209230.799999999988358],[447793.76,209233.28],[447794.96999999997206,209234.579999999987194],[447795.76,209235.51],[447797.580000000016298,209237.85999999998603],[447798.19,209238.46],[447800.159999999974389,209241.32],[447800.57,209242.019999999989523],[447800.650000000023283,209242.230000000010477],[447800.99,209243.049999999988358],[447801.289999999979045,209243.78],[447801.659999999974389,209245.38],[447801.919999999983702,209247.74],[447802.13,209248.68],[447802.460000000020955,209250.0],[447802.669999999983702,209251.28],[447802.849999999976717,209253.18],[447802.82,209254.01],[447802.78000000002794,209254.72],[447802.82,209255.13],[447802.849999999976717,209256.09],[447802.71999999997206,209258.09],[447802.539999999979045,209259.019999999989523],[447802.289999999979045,209259.99],[447801.71999999997206,209261.82],[447800.830000000016298,209263.730000000010477],[447799.06,209267.06],[447798.87,209267.299999999988358],[447796.94,209270.81],[447795.830000000016298,209271.84],[447793.549999999988358,209274.24],[447793.32,209274.59],[447791.669999999983702,209276.079999999987194],[447789.950000000011642,209277.72],[447789.18,209278.29],[447787.419999999983702,209279.700000000011642],[447787.18,209279.79],[447785.75,209281.07],[447785.549999999988358,209281.28],[447783.03000000002794,209283.93],[447782.2451,209285.1844],[447781.960000000020955,209285.64000000001397],[447780.46999999997206,209287.76],[447777.159999999974389,209292.39000000001397],[447774.38,209296.16],[447770.38,209299.85],[447765.900000000023283,209304.26],[447763.63,209306.6],[447763.13,209307.28],[447762.35999999998603,209308.14000000001397],[447761.5,209309.24],[447761.19,209309.75],[447760.12,209311.57],[447760.020000000018626,209311.74],[447757.19,209316.519999999989523],[447756.950000000011642,209316.91],[447756.710000000020955,209317.32],[447755.87,209318.94],[447754.950000000011642,209320.549999999988358],[447754.43,209321.75],[447753.78000000002794,209323.46],[447752.340000000025611,209327.07],[447751.159999999974389,209329.79],[447749.799999999988358,209332.9],[447748.03000000002794,209337.13],[447746.979999999981374,209339.53],[447746.460000000020955,209340.85999999998603],[447745.080000000016298,209344.75],[447744.12,209347.09],[447742.87,209350.19],[447741.62,209353.0],[447740.210000000020955,209356.54],[447739.729999999981374,209357.94],[447738.99,209359.87],[447738.599999999976717,209361.170000000012806],[447738.13,209363.16],[447737.14000000001397,209366.68],[447737.01,209367.46],[447736.599999999976717,209368.72],[447736.200000000011642,209370.06],[447735.710000000020955,209371.32],[447735.51,209371.53],[447734.69,209373.28],[447733.68,209374.96],[447732.770000000018626,209376.299999999988358],[447731.64000000001397,209377.87],[447729.01,209382.04],[447728.909999999974389,209382.15],[447728.099999999976717,209383.19],[447727.37,209384.31],[447726.69,209385.56],[447726.28000000002794,209386.51],[447724.89000000001397,209389.15],[447724.039999999979045,209390.69],[447723.19,209392.10999999998603],[447722.25,209393.43],[447721.729999999981374,209394.03],[447720.85999999998603,209395.25],[447719.81,209396.35999999998603],[447719.080000000016298,209397.07],[447717.37,209398.670000000012806],[447717.159999999974389,209398.85],[447715.349999999976717,209400.34],[447713.450000000011642,209401.89000000001397],[447710.74,209404.24],[447708.729999999981374,209406.269999999989523],[447706.520000000018626,209408.38],[447704.19,209410.63],[447702.69,209411.99],[447700.87,209413.87],[447698.650000000023283,209416.43],[447697.950000000011642,209417.299999999988358],[447695.96999999997206,209419.85999999998603],[447694.76,209421.4],[447694.0,209422.769999999989523],[447693.289999999979045,209424.35],[447692.650000000023283,209426.019999999989523],[447692.21999999997206,209427.31],[447691.669999999983702,209428.85999999998603],[447691.25,209430.450000000011642],[447691.03000000002794,209431.54],[447690.85999999998603,209433.21],[447690.64000000001397,209434.76],[447690.64000000001397,209436.163],[447691.465000000025611,209439.272],[447691.928000000014435,209442.91],[447694.375,209449.326],[447694.309,209453.229],[447693.978,209456.139],[447693.449000000022352,209460.108],[447692.854,209463.812],[447692.191999999980908,209467.913],[447691.663,209471.617],[447691.531000000017229,209475.189000000013039],[447691.465000000025611,209477.703],[447690.273999999975786,209480.547],[447688.753000000026077,209482.730000000010477],[447687.034999999974389,209484.383],[447686.919999999983702,209484.72],[447689.0,209485.170000000012806],[447691.299999999988358,209485.68]]]]}},
{"type":"Feature","properties":{"mainhabs":"Good quality semi improved grassland","habcodes":"GQSIG","featdesc":null,"featcodes":null,"otherclass":null,"addhabs":"CFPGM","primsource":"Feedback from Natural England adviser or specialist 2021 (GQSIG)","areaha":14.32,"version":"Sep_25","uid":"PHID44664298_020988660","shape_length":null,"shape_area":null},"geometry":{"type":"MultiPolygon","coordinates":[[[[446488.2771,210002.318999999988591],[446499.9535,210009.5773],[446543.630200000014156,210028.685900000011316],[446588.67180000001099,210060.0785],[446605.0884,210071.6144],[446610.787000000011176,210078.057],[446614.85999999998603,210080.53],[446621.35999999998603,210084.63],[446627.789999999979045,210087.980000000010477],[446629.612399999983609,210088.8475],[446639.173,210095.565800000011222],[446653.559699999983422,210099.642],[446661.49,210102.9],[446668.289999999979045,210104.54],[446684.14000000001397,210108.63],[446689.57640000001993,210109.8468],[446721.066799999971408,210118.7691],[446797.50099999998929,210121.4988],[446855.249599999981001,210128.0612],[446855.690500000026077,210126.65],[446855.6922,210126.6444],[446856.11099999997532,210125.304],[446856.13,210125.305],[446858.3822,210125.383800000010524],[446878.770299999974668,210052.8022],[446891.6789,210006.8475],[446849.367099999974016,209985.0092],[446810.828800000017509,209962.4177],[446810.520000000018626,209962.299999999988358],[446808.642,209961.8482],[446806.239500000025146,209961.2703],[446797.549999999988358,209959.18],[446791.78000000002794,209959.5],[446783.88,209961.32],[446778.12,209962.96],[446778.0356,209962.9818],[446768.56,209965.43],[446761.592699999979232,209967.2842],[446761.12,209967.41],[446755.200000000011642,209968.670000000012806],[446741.64000000001397,209971.57],[446738.039999999979045,209972.89000000001397],[446736.729999999981374,209973.06],[446735.450000000011642,209972.81],[446734.93560000002617,209972.6702],[446723.457999999984168,209969.5498],[446719.669999999983702,209968.519999999989523],[446705.289999999979045,209964.43],[446705.196999999985565,209964.3993],[446685.830000000016298,209958.0],[446674.49,209954.170000000012806],[446666.256500000017695,209951.1601],[446641.1165,209940.345200000010664],[446695.933399999979883,209957.1557],[446708.99,209961.53],[446722.450000000011642,209965.01],[446733.099999999976717,209967.4],[446733.31,209967.44],[446736.419999999983702,209968.22],[446736.87,209968.29],[446737.340000000025611,209968.46],[446738.25,209968.59],[446740.13,209968.38],[446740.56,209968.22],[446740.89000000001397,209968.07],[446752.099999999976717,209965.670000000012806],[446757.53000000002794,209964.6],[446765.76,209963.13],[446770.700000000011642,209961.480000000010477],[446778.94,209959.18],[446786.020000000018626,209957.03],[446791.950000000011642,209955.88],[446795.57,209955.549999999988358],[446801.74,209956.66],[446806.510699999984354,209957.996699999988778],[446808.200000000011642,209958.47],[446813.74,209959.51],[446813.960000000020955,209959.49],[446815.35999999998603,209959.59],[446816.76,209959.920000000012806],[446817.99,209939.79],[446819.25,209917.39000000001397],[446815.87,209915.57],[446812.770000000018626,209913.97],[446805.19,209909.72],[446795.590000000025611,209904.22],[446785.19,209898.22],[446759.19,209882.019999999989523],[446757.19,209880.62],[446754.89000000001397,209879.22],[446752.49,209877.920000000012806],[446752.289999999979045,209877.72],[446747.49,209875.519999999989523],[446739.289999999979045,209871.62],[446734.020000000018626,209869.64000000001397],[446733.69,209869.519999999989523],[446730.590000000025611,209868.32],[446716.289999999979045,209861.82],[446694.289999999979045,209852.12],[446676.69,209844.420000000012806],[446654.5,209836.35],[446639.729999999981374,209830.54],[446639.49,209830.43],[446636.49,209829.18],[446581.449000000022352,209805.097],[446549.420999999972992,209779.208000000013271],[446550.449000000022352,209778.01],[446554.299999999988358,209773.519999999989523],[446554.51,209773.01],[446555.099999999976717,209771.799999999988358],[446555.400000000023283,209771.49],[446555.69,209771.09],[446556.400000000023283,209770.38],[446557.89000000001397,209768.75],[446559.289999999979045,209767.329999999987194],[446560.69,209765.71],[446561.580000000016298,209764.29],[446562.78000000002794,209762.37],[446563.07,209761.85999999998603],[446563.43,209761.07],[446565.0,209759.19],[446565.43,209758.82],[446566.659999999974389,209757.74],[446567.88,209756.85],[446568.76,209756.12],[446569.549999999988358,209755.41],[446570.330000000016298,209754.59],[446571.03000000002794,209753.81],[446571.71999999997206,209752.9],[446572.76,209751.65],[446574.599999999976717,209749.62],[446575.57,209748.47],[446576.599999999976717,209747.14000000001397],[446577.63,209745.980000000010477],[446574.85999999998603,209744.9],[446567.49,209742.18],[446565.0,209741.269999999989523],[446553.89000000001397,209735.549999999988358],[446537.06,209726.85999999998603],[446517.479999999981374,209715.65],[446500.0,209705.35999999998603],[446385.409999999974389,209646.59],[446385.9193,209645.4781],[446385.302199999976438,209645.149899999989429],[446319.787200000020675,209798.0183],[446318.6497,209798.0183],[446318.397,209798.6047],[446631.1384,209935.513],[446631.0918,209936.032700000010664],[446319.787200000020675,209802.113000000012107],[446304.120799999975134,209832.7336],[446302.960000000020955,209835.74],[446301.340000000025611,209839.63],[446299.849999999976717,209842.91],[446297.400000000023283,209848.049999999988358],[446295.320300000021234,209852.1163],[446294.94,209852.85999999998603],[446294.830000000016298,209853.15],[446294.62,209853.34],[446293.6043,209853.2886],[446289.759399999980815,209860.80360000001383],[446292.4203,209865.2385],[446294.700000000011642,209868.43],[446295.479799999971874,209869.5672],[446297.099999999976717,209871.93],[446298.879299999971408,209874.364800000010291],[446299.0,209874.53],[446299.0024,209874.5336],[446300.599999999976717,209876.93],[446300.601000000024214,209876.932999999989988],[446300.700699999986682,209877.231300000014016],[446300.8001,209877.4303],[446301.0,209878.03],[446301.0,209878.329999999987194],[446301.099999999976717,209878.53],[446301.099999999976717,209879.13],[446301.0,209879.43],[446301.0,209879.5378],[446301.0,209879.7302],[446300.799999999988358,209880.3301],[446300.599999999976717,209880.730000000010477],[446298.5,209883.230099999986123],[446296.099999999976717,209886.329999999987194],[446290.501800000027288,209896.2268],[446290.5,209896.230000000010477],[446289.200000000011642,209898.329999999987194],[446284.799999999988358,209905.13],[446284.796900000015739,209905.1346],[446282.799999999988358,209908.13],[446282.5894,209908.481],[446282.5,209908.6301],[446282.4964,209908.6337],[446282.400000000023283,209908.730000000010477],[446282.3971,209908.7334],[446280.900000000023283,209910.53],[446280.896799999987707,209910.5332],[446280.599999999976717,209910.829999999987194],[446280.0,209911.329999999987194],[446279.997299999988172,209911.3321],[446277.400000000023283,209913.329999999987194],[446276.778899999975692,209914.0075],[446276.299999999988358,209914.53],[446276.0503,209914.863000000012107],[446275.9999,209914.9302],[446275.400000000023283,209916.13],[446275.2118,209916.4437],[446275.099999999976717,209916.63],[446274.4998,209918.130200000014156],[446274.399900000018533,209918.230099999986123],[446274.299999999988358,209918.63],[446274.099999999976717,209919.13],[446274.0,209919.53],[446273.945799999986775,209919.801100000011502],[446273.900000000023283,209920.03],[446273.799999999988358,209920.43],[446273.700000000011642,209920.93],[446273.599999999976717,209922.13],[446273.5,209923.829999999987194],[446273.5,209925.13],[446273.401000000012573,209929.769999999989523],[446274.520399999979418,209929.8297],[446276.400000000023283,209929.93],[446276.28000000002794,209936.06],[446276.115,209937.592],[446275.99,209938.76],[446276.06,209939.15],[446273.787100000015926,209952.251599999988684],[446273.599999999976717,209953.329999999987194],[446277.400000000023283,209952.63],[446293.900000000023283,209948.93],[446295.299999999988358,209948.53],[446296.700000000011642,209948.230000000010477],[446298.799999999988358,209947.93],[446300.299999999988358,209947.730000000010477],[446301.700000000011642,209947.53],[446306.200000000011642,209947.03],[446308.200000000011642,209946.829999999987194],[446309.900000000023283,209946.730000000010477],[446311.5,209946.730000000010477],[446317.700000000011642,209947.03],[446319.62,209946.9],[446315.2549,209943.7549],[446319.787200000020675,209942.6974],[446325.730700000014622,209944.1833],[446327.85999999998603,209945.4],[446333.159900000027847,209947.0905],[446337.75,209948.519999999989523],[446344.10999999998603,209950.09],[446356.289999999979045,209952.91],[446371.0724,209955.518699999985984],[446379.842599999974482,209957.7112],[446393.346399999980349,209961.682900000014342],[446449.4523,209978.184700000012526],[446460.504200000024866,209985.054800000012619],[446488.2771,210002.318999999988591]]]]}},
{"type":"Feature","properties":{"mainhabs":"Good quality semi improved grassland","habcodes":"GQSIG","featdesc":null,"featcodes":null,"otherclass":null,"addhabs":null,"primsource":"Feedback from Natural England adviser or specialist 2021 (GQSIG)","areaha":12.84,"version":"Sep_25","uid":"PHID44787356_020902719","shape_length":null,"shape_area":null},"geometry":{"type":"MultiPolygon","coordinates":[[[[447948.89000000001397,209401.07],[447949.200000000011642,209401.38],[447949.39000000001397,209401.57],[447949.580000000016298,209401.85999999998603],[447949.6706000000122,209401.941499999986263],[447949.68,209401.950000000011642],[447949.9706,209402.840300000010757],[448082.3258,209366.1881],[448082.75,209363.950000000011642],[448121.5,209357.299999999988358],[448122.200000000011642,209356.25],[448123.349999999976717,209354.299999999988358],[448123.849999999976717,209353.35],[448124.75,209351.35],[448125.25,209349.9],[448125.849999999976717,209347.799999999988358],[448126.049999999988358,209346.75],[448126.299999999988358,209345.049999999988358],[448126.400000000023283,209343.450000000011642],[448126.400000000023283,209341.799999999988358],[448126.299999999988358,209340.200000000011642],[448126.099999999976717,209338.549999999988358],[448125.75,209336.25],[448125.150000000023283,209333.049999999988358],[448124.75,209331.450000000011642],[448124.099999999976717,209329.25],[448114.549999999988358,209296.200000000011642],[448104.272,209256.134],[448104.25,209256.049999999988358],[448089.122099999978673,209198.169499999989057],[448088.150000000023283,209194.450000000011642],[448085.299999999988358,209183.9],[448084.799999999988358,209182.4],[448084.25,209180.9],[448083.650000000023283,209179.4],[448082.900000000023283,209177.799999999988358],[448082.200000000011642,209176.4],[448081.450000000011642,209175.0],[448080.650000000023283,209173.65],[448079.75,209172.25],[448078.349999999976717,209170.299999999988358],[448075.900000000023283,209167.25],[448075.099999999976717,209166.35],[448074.349999999976717,209165.5],[448073.099999999976717,209164.049999999988358],[448072.150000000023283,209162.700000000011642],[448070.349999999976717,209159.700000000011642],[448069.950000000011642,209158.950000000011642],[448069.200000000011642,209157.450000000011642],[448068.900000000023283,209156.65],[448068.650000000023283,209155.85],[448068.349999999976717,209154.75],[448067.599999999976717,209154.799999999988358],[448066.9217,209142.4461],[448066.900000000023283,209142.049999999988358],[448066.650000000023283,209141.049999999988358],[448066.450000000011642,209140.549999999988358],[448066.049999999988358,209139.700000000011642],[448065.75,209139.25],[448065.349999999976717,209138.799999999988358],[448065.049999999988358,209138.5],[448064.700000000011642,209138.25],[448064.0,209137.85],[448063.650000000023283,209137.700000000011642],[448062.349999999976717,209137.15],[448061.650000000023283,209136.9],[448060.25,209136.4],[448055.25,209134.299999999988358],[448053.375500000023749,209133.571],[448051.650000000023283,209132.9],[448047.549999999988358,209130.85],[448047.159999999974389,209130.63],[448039.650000000023283,209142.5],[448037.049999999988358,209140.700000000011642],[448044.38,209129.07],[448042.150000000023283,209127.75],[448036.75,209123.65],[448031.2514,209119.076],[448031.099999999976717,209118.950000000011642],[448027.549999999988358,209115.6],[448025.1493,209113.057999999989988],[448024.150000000023283,209112.0],[448018.700000000011642,209105.1],[448014.849999999976717,209099.4],[448012.2866,209095.3718],[448011.0,209093.35],[448008.450000000011642,209088.75],[448006.700000000011642,209085.299999999988358],[448005.555500000016764,209082.2358],[448005.150000000023283,209081.15],[448003.549999999988358,209076.049999999988358],[448002.200000000011642,209071.049999999988358],[448001.200000000011642,209066.549999999988358],[448000.549999999988358,209062.4],[448000.0,209059.03],[447998.900000000023283,209051.700000000011642],[447996.799999999988358,209036.9],[447995.0,209023.1],[447994.0,209016.4],[447991.900000000023283,209000.200000000011642],[447992.049999999988358,209000.0],[447990.299999999988358,208989.78],[447989.210000000020955,208984.299999999988358],[447987.919999999983702,208979.0],[447985.150000000023283,208969.700000000011642],[447984.0,208966.269999999989523],[447982.43,208962.35999999998603],[447980.479999999981374,208958.549999999988358],[447979.25,208956.22],[447977.10999999998603,208952.60999999998603],[447974.76,208949.019999999989523],[447973.650000000023283,208947.37],[447971.31,208944.35999999998603],[447968.99,208941.450000000011642],[447966.770000000018626,208938.94],[447964.349999999976717,208936.63],[447961.94,208934.41],[447959.74,208932.41],[447956.94,208930.21],[447954.19,208928.15],[447954.0,208927.94],[447951.340000000025611,208926.079999999987194],[447950.049999999988358,208925.25],[447932.19,208915.06],[447925.21999999997206,208911.1157],[447906.62,208900.59],[447904.799999999988358,208901.15],[447901.049999999988358,208898.96],[447900.590000000025611,208897.06],[447888.831699999980628,208891.1193],[447884.35999999998603,208888.85999999998603],[447871.789999999979045,208882.0],[447837.46999999997206,208863.450000000011642],[447803.840000000025611,208845.12],[447780.46999999997206,208832.19],[447745.340000000025611,208813.26],[447729.82,208805.51],[447711.900000000023283,208796.34],[447691.799999999988358,208786.15],[447673.38,208777.079999999987194],[447655.305999999982305,208766.633],[447651.314000000013039,208764.373],[447650.090000000025611,208763.68],[447645.520000000018626,208771.81],[447641.14000000001397,208778.200000000011642],[447637.909999999974389,208780.49],[447636.81,208781.54],[447635.039999999979045,208783.35],[447633.299999999988358,208785.63],[447632.62,208786.43],[447631.299999999988358,208787.78],[447625.289999999979045,208798.12],[447621.88,208804.34],[447621.270000000018626,208806.01],[447620.85999999998603,208807.78],[447620.76,208808.670000000012806],[447620.729999999981374,208811.44],[447621.19,208815.700000000011642],[447621.460000000020955,208816.97],[447622.96999999997206,208821.519999999989523],[447623.87,208823.63],[447627.099999999976717,208830.950000000011642],[447632.99,208844.12],[447635.340000000025611,208849.62],[447637.18,208855.76],[447638.520000000018626,208859.829999999987194],[447639.039999999979045,208870.22],[447638.710000000020955,208880.769999999989523],[447638.789999999979045,208884.519999999989523],[447639.43,208890.66],[447640.39000000001397,208894.37],[447641.799999999988358,208899.35],[447646.539999999979045,208910.480000000010477],[447649.75,208918.60999999998603],[447653.419999999983702,208924.07],[447659.479999999981374,208930.64000000001397],[447665.909999999974389,208935.62],[447669.770000000018626,208939.480000000010477],[447674.44,208943.5],[447678.78000000002794,208946.4],[447684.57,208951.06],[447693.900000000023283,208957.82],[447699.53000000002794,208961.35999999998603],[447705.960000000020955,208967.31],[447715.13,208974.87],[447724.659999999974389,208983.12],[447732.07,208988.57],[447734.01,208990.12],[447736.99,208993.19],[447737.57,208993.59],[447737.770000000018626,208993.89000000001397],[447738.039999999979045,208994.21],[447738.62,208995.21],[447738.700000000011642,208995.59],[447738.789999999979045,208995.9],[447739.659999999974389,208998.32],[447739.89000000001397,208998.5],[447740.24,209000.0],[447740.349999999976717,209000.41],[447740.74,209001.60999999998603],[447741.03000000002794,209002.230000000010477],[447741.12,209002.32],[447741.419999999983702,209002.93],[447741.71999999997206,209003.420000000012806],[447741.919999999983702,209003.62],[447742.210000000020955,209004.03],[447742.450000000011642,209004.269999999989523],[447742.60999999998603,209004.43],[447743.01,209004.74],[447743.31,209004.94],[447745.200000000011642,209006.76],[447746.96999999997206,209008.26],[447747.210000000020955,209008.41],[447747.38,209008.579999999987194],[447747.950000000011642,209008.670000000012806],[447748.57,209008.700000000011642],[447749.150000000023283,209008.79],[447750.03000000002794,209008.81],[447751.21999999997206,209008.63],[447752.0,209008.450000000011642],[447752.919999999983702,209008.170000000012806],[447754.88,209007.24],[447756.68,209006.19],[447759.460000000020955,209004.26],[447762.340000000025611,209002.34],[447764.799999999988358,209000.76],[447765.94,209000.0],[447767.049999999988358,208999.26],[447766.659999999974389,208999.13],[447769.270000000018626,208995.85999999998603],[447772.840000000025611,208992.97],[447776.46999999997206,208990.69],[447776.799999999988358,208990.43],[447777.10999999998603,208990.24],[447778.37,208989.76],[447779.979999999981374,208989.519999999989523],[447781.18,208989.62],[447782.35999999998603,208990.03],[447782.650000000023283,208990.16],[447783.020000000018626,208990.39000000001397],[447783.299999999988358,208990.62],[447783.69,208990.85],[447784.06,208991.19],[447784.51,208991.730000000010477],[447784.78000000002794,208992.16],[447785.10999999998603,208992.799999999988358],[447785.28000000002794,208993.21],[447786.549999999988358,208995.730000000010477],[447788.37,209000.0],[447788.87,209001.18],[447789.06,209001.28],[447791.729999999981374,209008.15],[447792.93,209010.54],[447793.43,209011.450000000011642],[447794.799999999988358,209013.74],[447795.0,209014.21],[447797.549999999988358,209018.32],[447799.60999999998603,209021.519999999989523],[447800.81,209023.54],[447801.19,209024.079999999987194],[447801.49,209024.72],[447801.87,209025.450000000011642],[447802.299999999988358,209026.74],[447802.409999999974389,209027.480000000010477],[447802.63,209028.14000000001397],[447802.650000000023283,209028.89000000001397],[447802.76,209029.53],[447802.69,209030.01],[447802.599999999976717,209030.56],[447802.60999999998603,209030.74],[447802.46999999997206,209032.049999999988358],[447802.39000000001397,209032.519999999989523],[447802.150000000023283,209034.10999999998603],[447801.590000000025611,209036.56],[447801.62,209037.68],[447801.71999999997206,209037.950000000011642],[447801.81,209038.12],[447801.830000000016298,209038.31],[447802.03000000002794,209038.78],[447802.340000000025611,209039.38],[447802.590000000025611,209039.56],[447803.32,209040.079999999987194],[447803.76,209040.299999999988358],[447804.60999999998603,209040.579999999987194],[447804.840000000025611,209040.700000000011642],[447807.169999999983702,209041.519999999989523],[447811.96999999997206,209043.49],[447815.659999999974389,209045.15],[447819.409999999974389,209047.96],[447819.729999999981374,209048.24],[447819.96999999997206,209048.519999999989523],[447820.080000000016298,209048.62],[447820.43,209048.99],[447820.659999999974389,209049.28],[447820.789999999979045,209049.68],[447820.909999999974389,209049.87],[447821.419999999983702,209050.84],[447821.710000000020955,209051.84],[447821.85999999998603,209052.230000000010477],[447822.44,209054.12],[447822.76,209055.22],[447823.10999999998603,209056.82],[447823.210000000020955,209058.32],[447823.210000000020955,209061.920000000012806],[447823.10999999998603,209065.12],[447823.10999999998603,209065.62],[447822.909999999974389,209067.420000000012806],[447822.60999999998603,209069.12],[447822.38,209072.15],[447822.14000000001397,209076.69],[447822.01500000001397,209077.3736],[447821.289999999979045,209081.34],[447820.74,209084.799999999988358],[447820.330000000016298,209088.22],[447819.85999999998603,209092.06],[447819.659999999974389,209095.34],[447819.71999999997206,209095.75],[447819.71999999997206,209096.32],[447819.82,209096.62],[447819.919999999983702,209097.019999999989523],[447820.020000000018626,209097.22],[447820.21999999997206,209097.420000000012806],[447820.32,209097.62],[447820.520000000018626,209097.72],[447820.62,209097.82],[447820.919999999983702,209098.019999999989523],[447821.21999999997206,209098.12],[447821.520000000018626,209098.32],[447821.82,209098.420000000012806],[447823.520000000018626,209099.12],[447823.694499999983236,209099.2073],[447825.32,209100.019999999989523],[447826.21999999997206,209100.420000000012806],[447827.82,209101.32],[447828.520000000018626,209101.82],[447830.020000000018626,209102.82],[447830.12,209102.920000000012806],[447830.71999999997206,209103.32],[447831.21999999997206,209103.82],[447831.419999999983702,209104.12],[447833.21999999997206,209105.920000000012806],[447833.520000000018626,209106.32],[447833.919999999983702,209106.62],[447834.21999999997206,209106.920000000012806],[447835.020000000018626,209107.32],[447835.62,209107.72],[447836.32,209108.019999999989523],[447836.71999999997206,209108.12],[447838.3111,209109.1249],[447838.62,209109.32],[447839.21999999997206,209109.72],[447839.82,209110.019999999989523],[447840.32,209110.22],[447840.8639,209110.4013],[447851.201300000015181,209115.57],[447867.752700000011828,209156.9484],[447869.400000000023283,209160.60999999998603],[447870.2956000000122,209162.9082],[447870.76,209164.1],[447873.46999999997206,209171.18],[447874.670099999988452,209174.2421],[447878.201200000010431,209183.0699],[447876.940599999972619,209186.3476],[447862.963600000017323,209209.0602],[447857.147600000025705,209218.511300000012852],[447856.875400000018999,209221.2327],[447855.978400000021793,209230.2029],[447854.3198,209254.2519],[447854.270000000018626,209254.57],[447853.909999999974389,209258.329999999987194],[447853.840000000025611,209260.85999999998603],[447853.7793,209262.0893],[447853.76,209262.480000000010477],[447853.337999999988824,209268.4884],[447853.2486,209269.7849],[447871.7463,209262.385799999989104],[447874.90759999997681,209266.3375],[447876.451899999985471,209272.5147],[447876.253299999982119,209274.6996],[447875.087,209287.528499999985797],[447875.087,209297.613600000011502],[447877.03000000002794,209316.53],[447879.03000000002794,209322.329999999987194],[447881.68,209330.47],[447882.049999999988358,209331.60999999998603],[447882.51,209332.75],[447882.74,209333.170000000012806],[447883.21999999997206,209334.29],[447883.380300000018906,209334.5839],[447883.714099999982864,209335.1959],[447908.159999999974389,209347.39000000001397],[447908.183399999979883,209347.4306],[447908.39000000001397,209347.79],[447910.19,209351.35],[447912.21999999997206,209355.41],[447915.150000000023283,209361.1],[447918.176099999982398,209366.9007],[447918.64000000001397,209367.79],[447920.53000000002794,209370.82],[447921.520000000018626,209372.230000000010477],[447922.169999999983702,209373.04],[447923.4265,209374.4957],[447923.81,209374.94],[447923.919999999983702,209375.13],[447925.450000000011642,209377.14000000001397],[447926.78000000002794,209379.170000000012806],[447927.78000000002794,209380.79],[447930.229999999981374,209384.730000000010477],[447930.44,209385.019999999989523],[447931.24,209386.65],[447931.799999999988358,209387.66],[447932.1753,209388.2229],[447932.340000000025611,209388.47],[447933.01,209389.480000000010477],[447933.669999999983702,209390.29],[447934.210000000020955,209390.89000000001397],[447935.71999999997206,209392.269999999989523],[447936.46999999997206,209392.87],[447937.650000000023283,209393.85],[447938.93,209394.730000000010477],[447940.099999999976717,209395.4],[447940.73499999998603,209395.74],[447941.37,209396.079999999987194],[447942.10999999998603,209396.46],[447944.87,209398.0],[447946.039999999979045,209398.69],[447947.099999999976717,209399.47],[447947.210000000020955,209399.579999999987194],[447948.169999999983702,209400.35999999998603],[447948.349999999976717,209400.53],[447948.89000000001397,209401.07]]]]}},
{"type":"Feature","properties":{"mainhabs":"Lowland fens","habcodes":"LFENS","featdesc":null,"featcodes":null,"otherclass":"Annex1(7230), NVC(M22 species-rich)","addhabs":"PMGRP","primsource":"Feedback from Natural England adviser or specialist 2021 (LFENS)","areaha":0.9,"version":"Sep_25","uid":"PHID44664186_020980781","shape_length":null,"shape_area":null},"geometry":{"type":"MultiPolygon","coordinates":[[[[446581.770000000018626,209747.579999999987194],[446577.63,209745.980000000010477],[446576.599999999976717,209747.14000000001397],[446575.57,209748.47],[446574.599999999976717,209749.62],[446572.76,209751.65],[446571.71999999997206,209752.9],[446571.03000000002794,209753.81],[446570.330000000016298,209754.59],[446569.549999999988358,209755.41],[446568.76,209756.12],[446567.88,209756.85],[446566.659999999974389,209757.74],[446565.43,209758.82],[446565.0,209759.19],[446563.43,209761.07],[446563.07,209761.85999999998603],[446562.78000000002794,209762.37],[446561.580000000016298,209764.29],[446560.69,209765.71],[446559.289999999979045,209767.329999999987194],[446557.89000000001397,209768.75],[446556.400000000023283,209770.38],[446555.69,209771.09],[446555.400000000023283,209771.49],[446555.099999999976717,209771.799999999988358],[446554.51,209773.01],[446554.299999999988358,209773.519999999989523],[446550.449000000022352,209778.01],[446549.420999999972992,209779.208000000013271],[446581.449000000022352,209805.097],[446636.49,209829.18],[446639.49,209830.43],[446639.729999999981374,209830.54],[446654.5,209836.35],[446676.69,209844.420000000012806],[446694.289999999979045,209852.12],[446716.289999999979045,209861.82],[446730.590000000025611,209868.32],[446733.69,209869.519999999989523],[446734.020000000018626,209869.64000000001397],[446750.400000000023283,209846.59],[446754.799999999988358,209840.85],[446749.099999999976717,209836.549999999988358],[446739.5,209831.14000000001397],[446734.909999999974389,209828.62],[446715.099999999976717,209817.91],[446669.599999999976717,209793.74],[446628.06,209772.049999999988358],[446602.39000000001397,209758.579999999987194],[446583.88,209748.769999999989523],[446581.770000000018626,209747.579999999987194]]]]}},
{"type":"Feature","properties":{"mainhabs":"Lowland meadows","habcodes":"LMEAD","featdesc":null,"featcodes":null,"otherclass":null,"addhabs":"CFPGM","primsource":"County Wildlife Site Survey Files 2001 (LMEAD)","areaha":0.01,"version":"Sep_25","uid":"PHID44581668_020976771","shape_length":null,"shape_area":null},"geometry":{"type":"MultiPolygon","coordinates":[[[[445840.63,209781.96],[445830.76,209776.170000000012806],[445814.580000000016298,209765.299999999988358],[445812.340000000025611,209763.81],[445799.299999999988358,209754.85],[445793.68,209750.707499999989523],[445832.066400000010617,209781.0594],[445838.299999999988358,209784.72],[445840.63,209781.96]]]]}},
{"type":"Feature","properties":{"mainhabs":"Lowland meadows","habcodes":"LMEAD","featdesc":null,"featcodes":null,"otherclass":null,"addhabs":"CFPGM","primsource":"County Wildlife Site Survey Files 2001 (LMEAD)","areaha":4.18,"version":"Sep_25","uid":"PHID44603190_020977567","shape_length":null,"shape_area":null},"geometry":{"type":"MultiPolygon","coordinates":[[[[445844.206,209777.730000000010477],[445843.495,209778.571],[445841.924999999988358,209780.428000000014435],[445840.63,209781.96],[445843.080000000016298,209783.3099],[445854.47009999997681,209790.3093],[445859.1101,209793.2599],[445878.839700000011362,209805.6304],[445878.8431,209805.632600000011735],[445896.299300000013318,209817.7401],[445898.838500000012573,209819.6395],[445903.21999999997206,209823.09],[445908.76400000002468,209827.5699],[445908.896,209827.676700000010896],[445908.900000000023283,209827.6801],[445915.94,209834.0],[445918.526399999973364,209836.6231],[445928.6301,209846.87],[445929.7096,209847.85140000001411],[445929.7304,209847.8703],[445934.330599999986589,209851.7698],[445939.030099999974482,209855.4699],[445942.93,209857.97],[445945.7267,209859.6678],[445945.730099999986123,209859.6696],[445948.63,209861.0699],[445951.03000000002794,209862.0699],[445953.03000000002794,209862.769900000013877],[445955.03000000002794,209863.37],[445957.13,209863.769999999989523],[445959.229999999981374,209864.269900000013877],[445963.729999999981374,209864.9699],[445966.829900000011548,209865.37],[445970.03000000002794,209865.57],[445971.729999999981374,209865.57],[445973.729999999981374,209865.37],[445975.729999999981374,209865.0699],[445977.6299,209864.6699],[445979.6299,209864.1699],[445981.530099999974482,209863.769999999989523],[445983.530099999974482,209863.269999999989523],[445983.829900000011548,209863.1699],[445989.9301,209861.47],[445998.4643,209858.909099999989849],[445998.9303,209858.769300000014482],[446000.0,209858.599500000011176],[446000.004100000020117,209858.598900000011781],[446003.43,209858.06950000001234],[446003.434,209858.0687],[446016.43,209855.170000000012806],[446019.330200000025798,209854.369700000010198],[446020.830399999977089,209853.869700000010198],[446022.330399999977089,209853.2698],[446022.512500000011642,209853.1716],[446023.6301,209852.5699],[446023.930600000021514,209852.4698],[446048.426900000020396,209842.6717],[446048.4302,209842.6705],[446052.830000000016298,209841.1699],[446057.229999999981374,209839.8699],[446061.43,209838.769900000013877],[446065.9301,209837.87],[446070.530099999974482,209837.1699],[446084.63,209835.5699],[446086.63,209835.3699],[446088.729999999981374,209835.269900000013877],[446090.830000000016298,209835.269900000013877],[446094.349999999976717,209835.39000000001397],[446096.25,209835.6299],[446100.160099999979138,209836.299999999988358],[446103.88,209837.35999999998603],[446104.549999999988358,209837.6299],[446107.8001,209838.700000000011642],[446109.909999999974389,209839.79],[446111.0601,209840.2299],[446112.100099999981467,209840.5899],[446113.25,209840.9499],[446114.400100000028033,209841.21],[446115.540099999983795,209841.3799],[446118.8001,209842.4499],[446119.0796,209842.5312],[446120.6999,209843.2502],[446120.7035,209843.252],[446125.130200000014156,209845.6305],[446127.918899999989662,209847.3706],[446129.946400000015274,209848.750900000013644],[446130.620600000023842,209849.2101],[446133.219800000020768,209851.14000000001397],[446136.1704,209853.4498],[446138.710299999976996,209855.5495],[446142.709900000016205,209859.1491],[446145.839900000020862,209862.3399],[446148.480099999986123,209865.429899999988265],[446149.7109,209866.9125],[446151.12,209868.609900000010384],[446153.5599,209871.899899999989429],[446160.330599999986589,209881.5743],[446167.69,209892.09],[446178.57760000001872,209906.6506],[446185.8896,209916.43049999998766],[446188.320499999972526,209920.5001],[446190.28000000002794,209922.7899],[446191.694399999978486,209924.2306],[446192.429200000013225,209924.9798],[446194.679500000027474,209927.0796],[446197.036399999982677,209929.0674],[446197.039899999974295,209929.070199999987381],[446199.3862,209930.977000000013504],[446199.3899,209930.980000000010477],[446199.77990000002319,209931.2799],[446200.76,209931.93],[446202.229899999976624,209932.9699],[446204.590099999972153,209934.579900000011548],[446207.06,209936.18],[446209.539999999979045,209937.5999],[446209.8199,209937.6999],[446210.857599999988452,209938.2082],[446212.760100000014063,209939.14000000001397],[446215.81,209940.4999],[446221.260100000014063,209942.78],[446230.330000000016298,209945.79],[446239.06060000002617,209948.3111],[446246.8605,209949.7109],[446248.770000000018626,209949.9],[446250.759399999980815,209949.883200000011129],[446252.46999999997206,209949.87],[446255.789999999979045,209949.35999999998603],[446259.909999999974389,209947.63],[446263.159999999974389,209945.97],[446263.96999999997206,209945.4],[446265.900000000023283,209943.579999999987194],[446268.93,209939.480000000010477],[446269.616199999989476,209938.329999999987194],[446269.619200000015553,209938.325000000011642],[446270.01,209937.670000000012806],[446262.695,209934.93],[446256.492000000027474,209933.582],[446247.099999999976717,209931.333000000013271],[446238.104,209928.422],[446220.906000000017229,209921.146],[446217.37400000001071,209919.104],[446214.539999999979045,209917.980000000010477],[446207.96999999997206,209914.97],[446202.590000000025611,209912.06],[446196.13,209908.079999999987194],[446191.60999999998603,209904.53],[446187.31,209900.54],[446182.35999999998603,209895.38],[446176.330000000016298,209889.03],[446171.38,209883.10999999998603],[446166.32,209876.97],[446161.37,209871.480000000010477],[446155.450000000011642,209865.019999999989523],[446151.039999999979045,209861.04],[446142.64000000001397,209853.079999999987194],[446138.979999999981374,209849.31],[446138.674999999988358,209848.956],[446136.289999999979045,209846.19],[446135.0,209843.28],[446134.25,209839.41],[446134.25,209835.85],[446135.10999999998603,209831.66],[446138.44,209824.980000000010477],[446145.37,209812.079999999987194],[446159.25,209787.44],[446161.830000000016298,209782.700000000011642],[446164.520000000018626,209779.25],[446166.369400000025053,209777.128900000010617],[446167.71999999997206,209775.579999999987194],[446166.51500000001397,209774.79],[446161.0014,209771.1765],[446160.900000000023283,209771.10999999998603],[446158.2928,209769.2432],[446158.289500000013504,209769.2408],[446151.76,209764.980000000010477],[446136.760200000018813,209755.6697],[446136.756500000017695,209755.6674],[446132.549999999988358,209752.84],[446121.601299999980256,209745.6599],[446121.1899,209745.2702],[446120.587899999984074,209744.780399999988731],[446119.3676,209744.010700000013458],[446118.7587,209743.730699999985518],[446118.460499999986496,209743.640600000013364],[446117.8592,209743.3308],[446116.449399999983143,209742.9608],[446114.960000000020955,209742.29],[446103.03000000002794,209737.41],[446085.799999999988358,209730.019999999989523],[446075.594900000025518,209725.2536],[446072.363699999987148,209723.743599999987055],[446066.940200000011828,209721.2095],[446066.936999999976251,209721.2078],[446044.2302,209709.5803],[446032.673,209702.538999999989755],[446016.460000000020955,209692.66],[446000.0,209682.170000000012806],[445999.419600000022911,209681.839700000011362],[445990.8503,209676.350199999986216],[445985.767899999977089,209672.872800000011921],[445971.46999999997206,209663.09],[445967.7048,209660.622200000012526],[445964.650000000023283,209658.62],[445956.3126,209652.438400000013644],[445956.724600000015926,209651.9744],[445943.8293999999878,209638.6824],[445953.994799999985844,209647.8797],[445966.619599999976344,209656.103],[445958.409999999974389,209649.64000000001397],[445953.960000000020955,209646.66],[445953.93650000001071,209646.646199999988312],[445953.669999999983702,209646.49],[445945.38,209639.69],[445942.840000000025611,209637.28],[445941.26,209635.6],[445938.299999999988358,209632.75],[445936.38,209631.15],[445933.01,209627.950000000011642],[445931.81,209626.87],[445923.700000000011642,209618.769999999989523],[445919.76,209615.32],[445916.919999999983702,209613.049999999988358],[445909.25,209606.34],[445905.409999999974389,209602.49],[445905.19,209602.26],[445902.0,209598.69],[445898.599999999976717,209594.49],[445887.900000000023283,209580.89000000001397],[445872.700000000011642,209562.09],[445857.0,209541.69],[445847.299999999988358,209529.19],[445842.700000000011642,209522.99],[445836.5,209514.79],[445831.5,209508.49],[445825.799999999988358,209500.79],[445823.599999999976717,209497.39000000001397],[445821.599999999976717,209493.89000000001397],[445821.400000000023283,209493.59],[445815.400000000023283,209483.79],[445811.799999999988358,209477.39000000001397],[445809.5,209473.79],[445809.200000000011642,209473.29],[445808.299999999988358,209472.19],[445806.599999999976717,209470.49],[445802.700000000011642,209466.19],[445797.5,209459.69],[445797.200000000011642,209459.49],[445797.0,209459.19],[445796.700000000011642,209458.99],[445796.5,209458.69],[445796.400000000023283,209458.39000000001397],[445796.200000000011642,209458.09],[445796.0,209457.49],[445795.900000000023283,209457.09],[445795.799999999988358,209456.79],[445795.799999999988358,209454.99],[445795.900000000023283,209454.69],[445796.799999999988358,209450.49],[445796.25199999997858,209450.215999999985797],[445795.599999999976717,209449.89000000001397],[445794.599999999976717,209453.29],[445794.099999999976717,209455.69],[445793.799999999988358,209457.89000000001397],[445793.799999999988358,209458.19],[445794.0,209458.79],[445794.200000000011642,209459.09],[445794.299999999988358,209459.29],[445794.5,209459.59],[445794.799999999988358,209460.19],[445796.0,209461.39000000001397],[445796.400000000023283,209461.89000000001397],[445797.0,209462.49],[445801.400000000023283,209467.59],[445806.299999999988358,209473.89000000001397],[445808.900000000023283,209477.59],[445810.200000000011642,209479.59],[445813.900000000023283,209485.59],[445816.099999999976717,209489.29],[445823.5,209501.59],[445827.0,209506.59],[445830.625300000014249,209511.169400000013411],[445830.799999999988358,209511.39000000001397],[445833.200000000011642,209514.59],[445844.0,209529.09],[445855.799999999988358,209544.29],[445867.700000000011642,209559.69],[445869.778400000010151,209562.3529],[445877.299999999988358,209571.99],[445888.200000000011642,209585.09],[445896.299999999988358,209595.39000000001397],[445901.5,209601.89000000001397],[445902.590000000025611,209603.07],[445903.919999999983702,209604.480000000010477],[445905.340000000025611,209605.85],[445906.770000000018626,209607.03],[445907.37,209607.519999999989523],[445917.82,209617.39000000001397],[445922.49,209621.829999999987194],[445930.400000000023283,209629.13],[445932.82,209631.670000000012806],[445935.53000000002794,209634.21],[445938.44,209637.03],[445944.450000000011642,209642.69],[445948.669999999983702,209646.89000000001397],[445950.96999999997206,209648.69],[445951.96999999997206,209649.39000000001397],[445949.809100000013132,209652.033],[445934.49,209670.769999999989523],[445903.599999999976717,209707.579999999987194],[445877.169999999983702,209738.74],[445847.309499999973923,209774.059100000013132],[445844.206,209777.730000000010477]]]]}},
{"type":"Feature","properties":{"mainhabs":"Lowland meadows","habcodes":"LMEAD","featdesc":null,"featcodes":null,"otherclass":null,"addhabs":"CFPGM","primsource":"County Wildlife Site Survey Files 2001 (LMEAD)","areaha":1.41,"version":"Sep_25","uid":"PHID44621785_020985544","shape_length":null,"shape_area":null},"geometry":{"type":"MultiPolygon","coordinates":[[[[446169.979999999981374,209777.38],[446169.903600000019651,209777.4718],[446168.648899999971036,209778.979],[446166.849999999976717,209781.14000000001397],[446164.349999999976717,209784.35],[446161.87,209788.89000000001397],[446147.979999999981374,209813.56],[446141.090000000025611,209826.39000000001397],[446137.96999999997206,209832.65],[446137.25,209836.15],[446137.25,209839.12],[446137.88,209842.38],[446138.849999999976717,209844.57],[446141.19,209847.28],[446144.75,209850.950000000011642],[446153.080000000016298,209858.84],[446157.57,209862.89000000001397],[446163.590000000025611,209869.46],[446168.590000000025611,209875.01],[446173.69,209881.19],[446178.57,209887.03],[446184.53000000002794,209893.31],[446189.409999999974389,209898.4],[446193.56,209902.25],[446197.849999999976717,209905.62],[446204.090000000025611,209909.46],[446209.31,209912.28],[446215.71999999997206,209915.22],[446221.82,209917.64000000001397],[446234.07,209921.75],[446260.68,209930.88],[446270.03000000002794,209934.57],[446273.2487,209935.576899999985471],[446273.289999999979045,209935.59],[446273.299400000018068,209934.595],[446273.3001,209934.53],[446273.36109999998007,209931.6558],[446273.401000000012573,209929.769999999989523],[446273.5,209925.13],[446273.5,209923.829999999987194],[446273.599999999976717,209922.13],[446273.700000000011642,209920.93],[446273.799999999988358,209920.43],[446273.900000000023283,209920.03],[446273.945799999986775,209919.801100000011502],[446274.0,209919.53],[446274.099999999976717,209919.13],[446274.299999999988358,209918.63],[446274.399900000018533,209918.230099999986123],[446274.4998,209918.130200000014156],[446275.099999999976717,209916.63],[446275.2118,209916.4437],[446275.400000000023283,209916.13],[446275.9999,209914.9302],[446276.0503,209914.863000000012107],[446276.299999999988358,209914.53],[446276.778899999975692,209914.0075],[446277.400000000023283,209913.329999999987194],[446279.997299999988172,209911.3321],[446280.0,209911.329999999987194],[446280.599999999976717,209910.829999999987194],[446280.896799999987707,209910.5332],[446280.900000000023283,209910.53],[446282.3971,209908.7334],[446282.400000000023283,209908.730000000010477],[446282.4964,209908.6337],[446282.5,209908.6301],[446282.5894,209908.481],[446282.799999999988358,209908.13],[446284.796900000015739,209905.1346],[446284.799999999988358,209905.13],[446289.200000000011642,209898.329999999987194],[446290.5,209896.230000000010477],[446290.501800000027288,209896.2268],[446296.099999999976717,209886.329999999987194],[446298.5,209883.230099999986123],[446300.599999999976717,209880.730000000010477],[446300.799999999988358,209880.3301],[446301.0,209879.7302],[446301.0,209879.5378],[446301.0,209879.43],[446301.099999999976717,209879.13],[446301.099999999976717,209878.53],[446301.0,209878.329999999987194],[446301.0,209878.03],[446300.8001,209877.4303],[446300.700699999986682,209877.231300000014016],[446300.601000000024214,209876.932999999989988],[446300.599999999976717,209876.93],[446299.0024,209874.5336],[446299.0,209874.53],[446298.879299999971408,209874.364800000010291],[446297.099999999976717,209871.93],[446295.479799999971874,209869.5672],[446294.700000000011642,209868.43],[446292.4203,209865.2385],[446290.700000000011642,209862.829999999987194],[446289.740999999979977,209861.494],[446288.549,209858.734],[446287.12,209856.353],[446283.548,209852.780999999988126],[446269.022,209841.271],[446264.419,209836.905999999988126],[446263.240999999979977,209835.76500000001397],[446258.0466,209830.7345],[446257.821999999985565,209830.517],[446256.878000000026077,209829.603],[446246.87699999997858,209821.189000000013039],[446240.01679999998305,209816.0617],[446252.844700000016019,209821.6935],[446249.602000000013504,209818.702],[446245.157,209814.363000000012107],[446236.055,209808.435999999986961],[446230.340000000025611,209805.896],[446219.968999999982771,209801.769],[446211.50199999997858,209798.594000000011874],[446201.813000000023749,209794.903],[446201.12,209794.549999999988358],[446187.330000000016298,209787.26],[446184.75,209785.829999999987194],[446181.96999999997206,209784.200000000011642],[446180.69,209783.28],[446180.49,209783.079999999987194],[446179.200000000011642,209782.06],[446178.03000000002794,209781.04],[446177.5737,209780.5735],[446177.14000000001397,209780.13],[446171.409999999974389,209775.299999999988358],[446171.063100000028498,209775.8046],[446169.979999999981374,209777.38]]]]}},
{"type":"Feature","properties":{"mainhabs":"Lowland meadows","habcodes":"LMEAD","featdesc":null,"featcodes":null,"otherclass":null,"addhabs":null,"primsource":"Feedback from Natural England adviser or specialist 2021 (LMEAD)","areaha":0.06,"version":"Sep_25","uid":"PHID44622185_020969343","shape_length":null,"shape_area":null},"geometry":{"type":"MultiPolygon","coordinates":[[[[446168.88,209773.78],[446171.409999999974389,209775.299999999988358],[446172.737499999988358,209773.886900000012247],[446175.13,209771.34],[446178.349999999976717,209766.170000000012806],[446181.39000000001397,209759.88],[446186.51,209750.93],[446194.299999999988358,209737.25],[446202.81,209724.76],[446215.960000000020955,209705.06],[446237.020000000018626,209673.25],[446267.479999999981374,209627.25],[446270.14000000001397,209621.93],[446274.840000000025611,209610.66],[446271.13,209610.18],[446270.799999999988358,209610.13],[446267.35999999998603,209620.79],[446264.88,209625.74],[446234.520000000018626,209671.59],[446213.460000000020955,209703.4],[446200.32,209723.079999999987194],[446191.75,209735.66],[446183.900000000023283,209749.44],[446178.729999999981374,209758.480000000010477],[446175.71999999997206,209764.72],[446172.700000000011642,209769.57],[446170.443399999989197,209772.057],[446168.88,209773.78]]]]}},
{"type":"Feature","properties":{"mainhabs":"Lowland meadows","habcodes":"LMEAD","featdesc":null,"featcodes":null,"otherclass":null,"addhabs":null,"primsource":"Feedback from Natural England adviser or specialist 2021 (LMEAD)","areaha":0.04,"version":"Sep_25","uid":"PHID44775356_020931808","shape_length":null,"shape_area":null},"geometry":{"type":"MultiPolygon","coordinates":[[[[447724.89000000001397,209389.15],[447726.28000000002794,209386.51],[447726.69,209385.56],[447727.37,209384.31],[447728.099999999976717,209383.19],[447728.909999999974389,209382.15],[447729.01,209382.04],[447731.64000000001397,209377.87],[447732.770000000018626,209376.299999999988358],[447733.68,209374.96],[447734.69,209373.28],[447735.51,209371.53],[447735.710000000020955,209371.32],[447736.200000000011642,209370.06],[447736.599999999976717,209368.72],[447737.01,209367.46],[447737.14000000001397,209366.68],[447738.13,209363.16],[447738.599999999976717,209361.170000000012806],[447738.99,209359.87],[447739.729999999981374,209357.94],[447740.210000000020955,209356.54],[447741.62,209353.0],[447742.87,209350.19],[447744.12,209347.09],[447745.080000000016298,209344.75],[447746.460000000020955,209340.85999999998603],[447746.979999999981374,209339.53],[447748.03000000002794,209337.13],[447749.799999999988358,209332.9],[447751.159999999974389,209329.79],[447752.340000000025611,209327.07],[447753.78000000002794,209323.46],[447754.43,209321.75],[447754.950000000011642,209320.549999999988358],[447755.87,209318.94],[447756.710000000020955,209317.32],[447756.950000000011642,209316.91],[447757.19,209316.519999999989523],[447760.020000000018626,209311.74],[447760.12,209311.57],[447761.19,209309.75],[447761.5,209309.24],[447762.35999999998603,209308.14000000001397],[447763.13,209307.28],[447763.63,209306.6],[447765.900000000023283,209304.26],[447770.38,209299.85],[447774.38,209296.16],[447777.159999999974389,209292.39000000001397],[447780.46999999997206,209287.76],[447781.960000000020955,209285.64000000001397],[447782.2451,209285.1844],[447772.037300000025425,209294.3714],[447755.658500000019558,209306.6555],[447725.630799999984447,209385.81950000001234],[447724.89000000001397,209389.15]]]]}},
{"type":"Feature","properties":{"mainhabs":"Lowland meadows","habcodes":"LMEAD","featdesc":null,"featcodes":null,"otherclass":null,"addhabs":"CFPGM","primsource":"Feedback from Natural England adviser or specialist 2021 (LMEAD)","areaha":0.11,"version":"Sep_25","uid":"PHID44776583_020904426","shape_length":null,"shape_area":null},"geometry":{"type":"MultiPolygon","coordinates":[[[[447744.150000000023283,209011.75],[447743.650000000023283,209012.24],[447743.43,209013.74],[447743.289999999979045,209017.74],[447743.19,209019.14000000001397],[447743.169999999983702,209022.64000000001397],[447743.229999999981374,209025.84],[447743.150000000023283,209035.74],[447743.13,209036.24],[447754.409999999974389,209038.93],[447764.659999999974389,209056.91],[447771.56,209066.18],[447786.409999999974389,209065.44],[447788.539999999979045,209055.4],[447787.960000000020955,209047.66],[447787.650000000023283,209047.6],[447787.35999999998603,209047.5],[447786.960000000020955,209047.5],[447786.460000000020955,209047.29],[447786.06,209047.19],[447784.87,209046.579999999987194],[447784.56,209046.28],[447784.169999999983702,209045.980000000010477],[447782.080000000016298,209044.16],[447778.020000000018626,209040.53],[447771.960000000020955,209035.37],[447766.400000000023283,209030.53],[447754.979999999981374,209020.829999999987194],[447744.150000000023283,209011.75]]]]}},
{"type":"Feature","properties":{"mainhabs":"Lowland meadows","habcodes":"LMEAD","featdesc":null,"featcodes":null,"otherclass":null,"addhabs":null,"primsource":"Feedback from Natural England adviser or specialist 2021 (LMEAD)","areaha":0.03,"version":"Sep_25","uid":"PHID44782577_020910244","shape_length":null,"shape_area":null},"geometry":{"type":"MultiPolygon","coordinates":[[[[447838.3111,209109.1249],[447836.71999999997206,209108.12],[447836.32,209108.019999999989523],[447835.62,209107.72],[447835.020000000018626,209107.32],[447834.21999999997206,209106.920000000012806],[447833.919999999983702,209106.62],[447833.520000000018626,209106.32],[447833.21999999997206,209105.920000000012806],[447831.419999999983702,209104.12],[447831.21999999997206,209103.82],[447830.71999999997206,209103.32],[447830.12,209102.920000000012806],[447830.020000000018626,209102.82],[447828.520000000018626,209101.82],[447827.82,209101.32],[447826.21999999997206,209100.420000000012806],[447825.32,209100.019999999989523],[447823.694499999983236,209099.2073],[447823.520000000018626,209099.12],[447821.82,209098.420000000012806],[447821.520000000018626,209098.32],[447821.21999999997206,209098.12],[447820.919999999983702,209098.019999999989523],[447820.62,209097.82],[447820.520000000018626,209097.72],[447820.32,209097.62],[447820.21999999997206,209097.420000000012806],[447820.020000000018626,209097.22],[447819.919999999983702,209097.019999999989523],[447819.82,209096.62],[447819.71999999997206,209096.32],[447819.71999999997206,209095.75],[447819.659999999974389,209095.34],[447819.85999999998603,209092.06],[447820.330000000016298,209088.22],[447820.74,209084.799999999988358],[447821.289999999979045,209081.34],[447822.01500000001397,209077.3736],[447820.833099999988917,209062.0081],[447819.8822,209049.644999999989523],[447818.125699999975041,209048.5159],[447812.6068,209047.945],[447813.049999999988358,209048.15],[447813.78000000002794,209048.69],[447814.849999999976717,209049.91],[447815.82,209051.03],[447817.38,209052.920000000012806],[447818.12,209053.87],[447818.51,209054.549999999988358],[447819.409999999974389,209056.920000000012806],[447819.51,209057.72],[447819.710000000020955,209058.519999999989523],[447819.909999999974389,209060.019999999989523],[447820.01,209061.420000000012806],[447820.01,209063.62],[447819.909999999974389,209064.72],[447819.710000000020955,209065.82],[447819.51,209067.019999999989523],[447819.10999999998603,209068.920000000012806],[447818.700000000011642,209075.62],[447818.43,209077.85999999998603],[447818.049999999988358,209080.14000000001397],[447817.830000000016298,209081.03],[447816.87,209086.69],[447815.81,209092.4],[447815.68,209094.63],[447815.56,209094.76],[447815.49,209095.87],[447815.71999999997206,209097.32],[447815.82,209097.62],[447815.919999999983702,209097.82],[447816.020000000018626,209098.22],[447816.62,209098.82],[447816.71999999997206,209099.12],[447816.919999999983702,209099.22],[447817.62,209099.920000000012806],[447818.020000000018626,209100.12],[447818.419999999983702,209100.420000000012806],[447822.020000000018626,209102.420000000012806],[447823.82,209103.22],[447826.419999999983702,209105.22],[447828.919999999983702,209107.019999999989523],[447830.020000000018626,209107.920000000012806],[447830.32,209108.22],[447830.71999999997206,209108.72],[447831.020000000018626,209109.12],[447831.419999999983702,209109.519999999989523],[447831.919999999983702,209109.82],[447832.71999999997206,209110.420000000012806],[447833.419999999983702,209110.82],[447834.82,209111.420000000012806],[447835.520000000018626,209111.62],[447839.020000000018626,209113.12],[447842.020000000018626,209114.22],[447844.71999999997206,209115.32],[447846.82,209116.22],[447847.82,209116.72],[447848.12,209117.019999999989523],[447848.419999999983702,209117.22],[447849.020000000018626,209117.82],[447849.21999999997206,209118.22],[447849.520000000018626,209118.519999999989523],[447850.020000000018626,209119.12],[447850.32,209119.72],[447850.71999999997206,209120.32],[447853.960000000020955,209126.82],[447857.56,209134.450000000011642],[447860.69,209141.25],[447867.752700000011828,209156.9484],[447851.201300000015181,209115.57],[447840.8639,209110.4013],[447840.32,209110.22],[447839.82,209110.019999999989523],[447839.21999999997206,209109.72],[447838.62,209109.32],[447838.3111,209109.1249]]]]}},
{"type":"Feature","properties":{"mainhabs":"Lowland meadows","habcodes":"LMEAD","featdesc":null,"featcodes":null,"otherclass":null,"addhabs":null,"primsource":"Feedback from Natural England adviser or specialist 2021 (LMEAD)","areaha":0.04,"version":"Sep_25","uid":"PHID44785352_020924385","shape_length":null,"shape_area":null},"geometry":{"type":"MultiPolygon","coordinates":[[[[447853.76,209262.480000000010477],[447853.7793,209262.0893],[447853.840000000025611,209260.85999999998603],[447853.909999999974389,209258.329999999987194],[447854.270000000018626,209254.57],[447854.3198,209254.2519],[447855.978400000021793,209230.2029],[447856.875400000018999,209221.2327],[447857.147600000025705,209218.511300000012852],[447862.963600000017323,209209.0602],[447876.940599999972619,209186.3476],[447878.201200000010431,209183.0699],[447874.670099999988452,209174.2421],[447873.46999999997206,209171.18],[447873.530299999983981,209171.3926],[447874.85999999998603,209176.079999999987194],[447875.57,209178.44],[447875.599999999976717,209179.60999999998603],[447875.789999999979045,209184.46],[447875.81,209184.71],[447875.74,209184.950000000011642],[447875.75,209185.22],[447875.63,209185.71],[447875.51,209185.9],[447875.409999999974389,209186.24],[447875.409999999974389,209186.54],[447875.10999999998603,209187.16],[447874.909999999974389,209187.35999999998603],[447874.81,209187.670000000012806],[447874.60999999998603,209187.87],[447874.409999999974389,209187.97],[447871.13,209193.38],[447866.659999999974389,209200.41],[447864.270000000018626,209204.29],[447862.18,209207.25],[447858.789999999979045,209212.15],[447856.299999999988358,209215.71],[447854.419999999983702,209218.68],[447852.919999999983702,209221.019999999989523],[447852.729999999981374,209221.63],[447852.539999999979045,209222.14000000001397],[447852.330000000016298,209222.75],[447852.24,209223.35],[447852.150000000023283,209223.85999999998603],[447852.150000000023283,209224.47],[447852.06,209225.18],[447852.169999999983702,209225.89000000001397],[447852.18,209226.9],[447852.289999999979045,209227.71],[447852.5,209228.62],[447852.71999999997206,209229.43],[447852.93,209230.03],[447853.78000000002794,209233.96],[447853.99,209234.670000000012806],[447854.099999999976717,209235.38],[447854.210000000020955,209236.19],[447854.21999999997206,209237.200000000011642],[447854.13,209237.91],[447854.14000000001397,209238.62],[447853.94,209239.329999999987194],[447853.950000000011642,209239.53],[447853.76,209240.35],[447853.56,209241.06],[447853.26,209241.87],[447852.87,209242.38],[447852.56,209242.79],[447851.979999999981374,209243.91],[447851.770000000018626,209244.519999999989523],[447851.580000000016298,209245.03],[447851.479999999981374,209245.43],[447851.299999999988358,209246.65],[447851.299999999988358,209246.85],[447851.01,209248.78],[447851.12,209249.59],[447850.94,209251.51],[447850.76,209253.13],[447850.38,209254.96],[447850.19,209256.18],[447849.419999999983702,209259.94],[447849.150000000023283,209262.37],[447848.960000000020955,209263.579999999987194],[447848.87,209264.29],[447848.88,209265.1],[447849.090000000025611,209266.31],[447849.200000000011642,209267.019999999989523],[447849.51,209267.93],[447849.93,209268.93],[447850.24,209269.44],[447850.85999999998603,209270.24],[447851.479999999981374,209270.84],[447851.88,209271.14000000001397],[447851.979999999981374,209271.24],[447852.39000000001397,209271.44],[447852.69,209271.54],[447853.10999999998603,209271.730000000010477],[447854.32,209272.019999999989523],[447855.229999999981374,209272.01],[447855.64000000001397,209271.91],[447855.94,209271.799999999988358],[447856.340000000025611,209271.700000000011642],[447856.94,209271.49],[447857.650000000023283,209271.269999999989523],[447858.35999999998603,209270.85999999998603],[447858.659999999974389,209270.76],[447861.270000000018626,209269.31],[447864.400000000023283,209268.16],[447870.549999999988358,209266.06],[447870.75,209265.96],[447871.460000000020955,209265.950000000011642],[447871.659999999974389,209266.049999999988358],[447871.960000000020955,209266.15],[447872.18,209266.26],[447872.28000000002794,209266.35],[447873.909999999974389,209267.15],[447874.10999999998603,209267.44],[447874.31,209267.64000000001397],[447874.520000000018626,209267.950000000011642],[447874.63,209268.049999999988358],[447875.14000000001397,209269.56],[447875.150000000023283,209270.26],[447875.26,209270.670000000012806],[447875.26,209270.97],[447875.37,209271.99],[447875.409999999974389,209275.019999999989523],[447875.32,209276.03],[447875.13,209277.15],[447874.539999999979045,209279.18],[447874.549999999988358,209279.59],[447873.669999999983702,209282.730000000010477],[447872.81,209286.29],[447872.03000000002794,209289.13],[447871.229999999981374,209292.329999999987194],[447870.830000000016298,209294.43],[447870.53000000002794,209296.329999999987194],[447870.53000000002794,209297.43],[447870.63,209298.03],[447870.63,209298.230000000010477],[447870.830000000016298,209298.829999999987194],[447870.93,209299.329999999987194],[447871.03000000002794,209299.63],[447871.729999999981374,209302.03],[447874.43,209308.93],[447876.893600000010338,209316.1313],[447877.03000000002794,209316.53],[447875.087,209297.613600000011502],[447875.087,209287.528499999985797],[447876.253299999982119,209274.6996],[447876.451899999985471,209272.5147],[447874.90759999997681,209266.3375],[447871.7463,209262.385799999989104],[447853.2486,209269.7849],[447853.337999999988824,209268.4884],[447853.76,209262.480000000010477]]]]}},
{"type":"Feature","properties":{"mainhabs":"Lowland meadows","habcodes":"LMEAD","featdesc":null,"featcodes":null,"otherclass":null,"addhabs":null,"primsource":"Feedback from Natural England adviser or specialist 2021 (LMEAD)","areaha":0.03,"version":"Sep_25","uid":"PHID44791603_020936693","shape_length":null,"shape_area":null},"geometry":{"type":"MultiPolygon","coordinates":[[[[447923.4265,209374.4957],[447922.169999999983702,209373.04],[447921.520000000018626,209372.230000000010477],[447920.53000000002794,209370.82],[447918.64000000001397,209367.79],[447918.176099999982398,209366.9007],[447915.150000000023283,209361.1],[447912.21999999997206,209355.41],[447910.19,209351.35],[447908.39000000001397,209347.79],[447908.183399999979883,209347.4306],[447908.159999999974389,209347.39000000001397],[447883.714099999982864,209335.1959],[447883.88,209335.5],[447884.64000000001397,209336.200000000011642],[447885.270000000018626,209336.579999999987194],[447886.13,209337.170000000012806],[447887.080000000016298,209337.549999999988358],[447887.919999999983702,209338.03],[447889.830000000016298,209338.99],[447890.68,209339.57],[447890.789999999979045,209339.68],[447893.229999999981374,209341.13],[447894.520000000018626,209342.019999999989523],[447895.039999999979045,209342.41],[447896.43,209343.18],[447898.32,209344.04],[447899.700000000011642,209344.6],[447901.18,209345.37],[447901.60999999998603,209345.769999999989523],[447902.25,209346.26],[447903.76,209347.65],[447904.31,209348.35],[447904.950000000011642,209349.16],[447905.5,209349.85999999998603],[447905.94,209350.57],[447906.39000000001397,209351.37],[447907.080000000016298,209353.01],[447908.78000000002794,209356.670000000012806],[447910.830000000016298,209361.049999999988358],[447912.63,209364.799999999988358],[447914.44,209368.35999999998603],[447915.770000000018626,209370.69],[447917.21999999997206,209372.81],[447917.539999999979045,209373.31],[447919.19,209375.43],[447922.24,209379.22],[447922.909999999974389,209380.03],[447923.650000000023283,209380.829999999987194],[447923.78000000002794,209381.14000000001397],[447925.44,209383.87],[447925.549999999988358,209384.170000000012806],[447927.210000000020955,209386.799999999988358],[447929.43,209390.24],[447930.32,209391.64000000001397],[447930.419999999983702,209391.85999999998603],[447930.96999999997206,209392.54],[447932.06,209393.75],[447932.38,209394.049999999988358],[447933.669999999983702,209395.04],[447934.409999999974389,209395.519999999989523],[447934.74,209395.82],[447937.409999999974389,209397.78],[447942.62,209401.299999999988358],[447943.900000000023283,209402.19],[447945.349999999976717,209403.06],[447948.349999999976717,209400.53],[447948.169999999983702,209400.35999999998603],[447947.210000000020955,209399.579999999987194],[447947.099999999976717,209399.47],[447946.039999999979045,209398.69],[447944.87,209398.0],[447942.10999999998603,209396.46],[447941.37,209396.079999999987194],[447940.73499999998603,209395.74],[447940.099999999976717,209395.4],[447938.93,209394.730000000010477],[447937.650000000023283,209393.85],[447936.46999999997206,209392.87],[447935.71999999997206,209392.269999999989523],[447934.210000000020955,209390.89000000001397],[447933.669999999983702,209390.29],[447933.01,209389.480000000010477],[447932.340000000025611,209388.47],[447932.1753,209388.2229],[447931.799999999988358,209387.66],[447931.24,209386.65],[447930.44,209385.019999999989523],[447930.229999999981374,209384.730000000010477],[447927.78000000002794,209380.79],[447926.78000000002794,209379.170000000012806],[447925.450000000011642,209377.14000000001397],[447923.919999999983702,209375.13],[447923.81,209374.94],[447923.4265,209374.4957]]]]}},
{"type":"Feature","properties":{"mainhabs":"Lowland meadows","habcodes":"LMEAD","featdesc":null,"featcodes":null,"otherclass":null,"addhabs":null,"primsource":"Feedback from Natural England adviser or specialist 2021 (LMEAD)","areaha":0.08,"version":"Sep_25","uid":"PHID44792944_020945548","shape_length":null,"shape_area":null},"geometry":{"type":"MultiPolygon","coordinates":[[[[447891.229999999981374,209501.102000000013504],[447892.746999999973923,209495.851],[447893.826,209492.745],[447893.826,209488.647],[447894.218,209485.809],[447894.239200000010896,209485.5827],[447894.4879,209482.92180000001099],[447894.607000000018161,209481.647999999986496],[447893.963999999978114,209477.946999999985565],[447892.702,209475.109],[447892.254100000020117,209474.4242],[447891.032200000016019,209472.5546],[447890.903,209472.356999999989057],[447890.308000000019092,209471.017],[447889.593,209468.943999999988591],[447889.593,209468.2371],[447889.593,209467.6551],[447889.593,209466.332],[447890.007999999972526,209465.041],[447890.330000000016298,209464.94],[447890.826,209464.94],[447891.787000000011176,209464.94],[447892.6971,209465.078],[447895.881700000027195,209465.5589],[447901.70250000001397,209463.618599999987055],[447919.4461,209471.807999999989988],[447935.96999999997206,209449.5599],[447936.53000000002794,209448.72],[447936.770000000018626,209448.35999999998603],[447937.490600000019185,209447.3191],[447937.669999999983702,209447.06],[447938.6104,209445.5409],[447938.96999999997206,209444.96],[447939.07,209444.76],[447939.87,209443.56],[447940.169999999983702,209442.85999999998603],[447940.57,209442.26],[447940.87,209441.46],[447941.270000000018626,209440.06],[447941.270000000018626,209439.78],[447941.57,209438.91],[447941.76,209438.049999999988358],[447941.76,209437.85999999998603],[447941.85999999998603,209437.0],[447941.960000000020955,209436.04],[447942.64000000001397,209433.64000000001397],[447943.14000000001397,209429.71],[447943.3848,209427.9462],[447943.63,209426.179899999988265],[447944.21999999997206,209422.730000000010477],[447944.81,209420.329900000011548],[447945.200000000011642,209418.51],[447945.39000000001397,209417.84],[447945.68,209417.269999999989523],[447946.270000000018626,209416.32],[447947.13,209414.21],[447947.64069999998901,209413.0633],[447948.19,209411.829999999987194],[447949.07,209408.76],[447949.35999999998603,209408.18],[447949.650000000023283,209407.32],[447950.039999999979045,209405.79],[447950.039999999979045,209405.6],[447950.14000000001397,209405.21],[447950.150000000023283,209404.829999999987194],[447950.24,209404.35],[447950.150000000023283,209404.06],[447950.150000000023283,209403.39000000001397],[447949.9706,209402.840300000010757],[447949.68,209401.950000000011642],[447949.6706000000122,209401.941499999986263],[447949.580000000016298,209401.85999999998603],[447949.39000000001397,209401.57],[447949.200000000011642,209401.38],[447946.200000000011642,209403.88],[447946.39000000001397,209404.170000000012806],[447946.39000000001397,209404.549999999988358],[447946.479999999981374,209404.93],[447946.46999999997206,209406.170000000012806],[447946.37,209406.65],[447946.37,209407.03],[447946.169999999983702,209407.5],[447945.789999999979045,209408.65],[447945.590000000025611,209409.12],[447945.299999999988358,209409.59],[447945.210000000020955,209409.69],[447943.75,209413.01],[447942.39000000001397,209415.96],[447941.520000000018626,209417.68],[447941.24,209418.519999999989523],[447940.840000000025611,209420.24],[447940.74,209420.91],[447939.76,209424.71],[447939.159999999974389,209427.85999999998603],[447938.669999999983702,209431.01],[447938.080000000016298,209433.85999999998603],[447937.669999999983702,209436.049999999988358],[447937.46999999997206,209437.85999999998603],[447937.270000000018626,209438.76],[447936.96999999997206,209439.56],[447936.770000000018626,209440.35999999998603],[447936.37,209441.16],[447936.07,209441.96],[447935.96999999997206,209442.06],[447935.669999999983702,209442.56],[447935.37,209442.96],[447934.669999999983702,209443.66],[447933.87,209444.76],[447933.270000000018626,209445.46],[447932.46999999997206,209446.56],[447931.770000000018626,209447.76],[447931.669999999983702,209447.85999999998603],[447930.37,209450.06],[447930.07,209450.76],[447928.07,209454.16],[447927.270000000018626,209455.56],[447927.07,209455.76],[447926.37,209457.16],[447925.770000000018626,209458.66],[447924.37,209461.66],[447923.46999999997206,209463.56],[447922.37,209465.96],[447921.37,209467.35999999998603],[447921.07,209467.76],[447920.57,209468.46],[447920.169999999983702,209468.85999999998603],[447919.96999999997206,209468.96],[447919.770000000018626,209468.96],[447919.57,209469.06],[447919.169999999983702,209469.06],[447918.96999999997206,209469.16],[447918.669999999983702,209469.06],[447918.37,209469.06],[447918.169999999983702,209468.96],[447917.96999999997206,209468.96],[447917.770000000018626,209468.85999999998603],[447917.37,209468.76],[447916.37,209468.26],[447915.669999999983702,209467.85999999998603],[447914.96999999997206,209467.35999999998603],[447914.07,209466.76],[447912.37,209465.46],[447910.96999999997206,209464.56],[447909.57,209463.76],[447907.96999999997206,209463.06],[447907.57,209462.85999999998603],[447906.87,209462.66],[447906.07,209462.46],[447905.270000000018626,209462.35999999998603],[447904.46999999997206,209462.16],[447903.669999999983702,209462.06],[447902.270000000018626,209461.96],[447900.770000000018626,209461.85999999998603],[447898.07,209461.85999999998603],[447897.07,209461.96],[447894.647,209460.786],[447893.164999999979045,209459.94],[447891.684,209459.94],[447889.566999999980908,209459.94],[447887.87400000001071,209460.469000000011874],[447886.49800000002142,209461.104],[447885.544999999983702,209462.585],[447884.593,209465.549],[447884.593,209467.771],[447884.593,209469.782],[447885.651000000012573,209472.851],[447886.49800000002142,209474.756],[447888.297000000020489,209477.508],[447889.143999999971129,209479.413],[447889.566999999980908,209481.847],[447889.25,209485.234],[447888.826,209488.303000000014435],[447888.826,209491.901000000012573],[447887.979999999981374,209494.335],[447886.773999999975786,209498.509],[447886.57,209498.56],[447885.96999999997206,209498.66],[447882.37,209498.35999999998603],[447879.96999999997206,209498.26],[447877.07,209498.06],[447873.96999999997206,209497.96],[447873.270000000018626,209497.96],[447870.270000000018626,209498.06],[447868.46999999997206,209498.26],[447864.669999999983702,209498.26],[447861.37,209498.35999999998603],[447856.96999999997206,209498.35999999998603],[447854.87,209498.46],[447851.87,209498.56],[447849.039999999979045,209498.78],[447846.419999999983702,209498.99],[447845.289999999979045,209498.94],[447844.090000000025611,209498.99],[447843.99,209499.09],[447842.770000000018626,209499.24],[447841.669999999983702,209499.39000000001397],[447840.57,209499.63],[447837.840000000025611,209500.06],[447836.330000000016298,209500.32],[447834.03000000002794,209500.829999999987194],[447832.830000000016298,209501.18],[447828.32,209502.47],[447822.020000000018626,209504.26],[447817.919999999983702,209505.549999999988358],[447815.379200000024866,209506.233],[447812.599999999976717,209506.980000000010477],[447813.210000000020955,209509.579999999987194],[447816.289999999979045,209508.56],[447820.200000000011642,209507.4],[447824.49,209505.94],[447825.289999999979045,209505.700000000011642],[447827.0343,209505.235600000014529],[447831.900000000023283,209503.94],[447833.900000000023283,209503.57],[447838.020000000018626,209502.60999999998603],[447839.330000000016298,209502.46],[447842.539999999979045,209501.93],[447843.3785,209501.854],[447846.07,209501.60999999998603],[447851.60999999998603,209501.200000000011642],[447852.808399999979883,209501.1196],[447856.972400000027847,209500.840300000010757],[447858.169999999983702,209500.76],[447861.66970000002766,209500.76],[447865.169999999983702,209500.76],[447869.37,209500.85999999998603],[447869.5243,209500.85999999998603],[447871.37,209500.85999999998603],[447872.669999999983702,209500.96],[447873.07,209500.96],[447875.669999999983702,209501.35999999998603],[447878.57,209501.66],[447879.96999999997206,209501.85999999998603],[447881.669999999983702,209501.96],[447882.770000000018626,209502.06],[447884.669999999983702,209502.06],[447887.256600000022445,209501.8752],[447887.46999999997206,209501.85999999998603],[447887.96999999997206,209501.85999999998603],[447888.770000000018626,209501.76],[447889.270000000018626,209501.66],[447890.37,209501.35999999998603],[447891.229999999981374,209501.102000000013504]]]]}}
]
}
