{
"type": "FeatureCollection",
"crs": { "type": "name", "properties": { "name": "urn:ogc:def:crs:EPSG::27700" } },
"features": [
{ "type": "Feature", "properties": { "mainhabs": "Deciduous woodland", "habcodes": "DWOOD", "featdesc": null, "featcodes": null, "otherclass": null, "addhabs": null, "primsource": "National Forest Inventory 2023 (DWOOD)", "areaha": "9.99", "version": "Sep_25", "uid": "PHID43523506_022698084", "shape_length": null, "shape_area": null, "site": "dunthropfarm", "pid": 0, "method": "grabcut2" }, "geometry": { "type": "Polygon", "coordinates": [ [ [ 435128.93, 227008.92509135324508 ], [ 435129.93, 227009.42509135324508 ], [ 435130.43, 227007.42509135324508 ], [ 435131.43, 227006.92509135324508 ], [ 435130.93, 227004.92509135324508 ], [ 435131.93, 227004.42509135324508 ], [ 435131.93, 227002.92509135324508 ], [ 435132.43, 227003.92509135324508 ], [ 435133.93, 227003.42509135324508 ], [ 435136.93, 227001.42509135324508 ], [ 435136.93, 226999.92509135324508 ], [ 435138.43, 226999.92509135324508 ], [ 435138.93, 226998.42509135324508 ], [ 435141.43, 226999.92509135324508 ], [ 435144.43, 226999.42509135324508 ], [ 435145.43, 226997.92509135324508 ], [ 435147.43, 226999.42509135324508 ], [ 435150.43, 226997.42509135324508 ], [ 435153.43, 226996.92509135324508 ], [ 435153.93, 226995.42509135324508 ], [ 435156.93, 226994.92509135324508 ], [ 435158.93, 226991.92509135324508 ], [ 435157.43, 226990.92509135324508 ], [ 435157.93, 226989.92509135324508 ], [ 435163.93, 226989.92509135324508 ], [ 435164.93, 226988.42509135324508 ], [ 435163.93, 226988.42509135324508 ], [ 435163.93, 226986.92509135324508 ], [ 435165.93, 226986.42509135324508 ], [ 435166.93, 226984.92509135324508 ], [ 435165.43, 226983.92509135324508 ], [ 435164.93, 226985.42509135324508 ], [ 435162.93, 226985.92509135324508 ], [ 435162.93, 226987.42509135324508 ], [ 435160.93, 226986.92509135324508 ], [ 435160.93, 226985.92509135324508 ], [ 435162.43, 226985.42509135324508 ], [ 435162.93, 226983.42509135324508 ], [ 435165.43, 226981.42509135324508 ], [ 435169.43, 226981.92509135324508 ], [ 435169.43, 226983.92509135324508 ], [ 435168.43, 226983.92509135324508 ], [ 435167.93, 226985.92509135324508 ], [ 435166.93, 226986.42509135324508 ], [ 435167.93, 226986.92509135324508 ], [ 435176.43, 226983.42509135324508 ], [ 435187.93, 226980.42509135324508 ], [ 435188.93, 226979.92509135324508 ], [ 435188.43, 226978.42509135324508 ], [ 435189.93, 226978.42509135324508 ], [ 435190.43, 226979.92509135324508 ], [ 435197.93, 226977.92509135324508 ], [ 435202.43, 226977.92509135324508 ], [ 435202.43, 226976.92509135324508 ], [ 435205.43, 226975.92509135324508 ], [ 435206.43, 226978.42509135324508 ], [ 435208.43, 226978.92509135324508 ], [ 435208.43, 226975.92509135324508 ], [ 435209.93, 226975.42509135324508 ], [ 435209.93, 226980.92509135324508 ], [ 435211.43, 226980.42509135324508 ], [ 435212.43, 226982.42509135324508 ], [ 435212.43, 226984.92509135324508 ], [ 435213.93, 226986.92509135324508 ], [ 435213.93, 226989.92509135324508 ], [ 435215.43, 226991.92509135324508 ], [ 435215.43, 226994.42509135324508 ], [ 435218.43, 227001.42509135324508 ], [ 435218.43, 227003.42509135324508 ], [ 435222.43, 227012.42509135324508 ], [ 435226.93, 227031.42509135324508 ], [ 435225.43, 227035.42509135324508 ], [ 435223.93, 227035.92509135324508 ], [ 435222.93, 227038.42509135324508 ], [ 435220.93, 227039.92509135324508 ], [ 435222.43, 227042.92509135324508 ], [ 435219.93, 227045.42509135324508 ], [ 435219.93, 227051.42509135324508 ], [ 435220.93, 227051.42509135324508 ], [ 435220.93, 227052.92509135324508 ], [ 435219.43, 227054.42509135324508 ], [ 435219.93, 227056.42509135324508 ], [ 435218.43, 227056.92509135324508 ], [ 435218.93, 227058.92509135324508 ], [ 435217.93, 227062.42509135324508 ], [ 435220.43, 227065.42509135324508 ], [ 435225.43, 227065.42509135324508 ], [ 435224.93, 227068.42509135324508 ], [ 435228.93, 227072.92509135324508 ], [ 435228.93, 227074.92509135324508 ], [ 435215.43, 227093.42509135324508 ], [ 435215.43, 227094.42509135324508 ], [ 435223.43, 227099.42509135324508 ], [ 435238.93, 227087.92509135324508 ], [ 435239.93, 227088.42509135324508 ], [ 435243.93, 227097.92509135324508 ], [ 435298.43, 227094.92509135324508 ], [ 435298.43, 227079.92509135324508 ], [ 435273.93, 227042.92509135324508 ], [ 435273.93, 227040.42509135324508 ], [ 435291.93, 227000.42509135324508 ], [ 435312.43, 226951.42509135324508 ], [ 435318.43, 226939.42509135324508 ], [ 435319.93, 226934.42509135324508 ], [ 435366.43, 226830.92509135324508 ], [ 435367.93, 226825.92509135324508 ], [ 435369.43, 226824.42509135324508 ], [ 435377.93, 226806.42509135324508 ], [ 435386.43, 226793.92509135324508 ], [ 435395.43, 226784.42509135324508 ], [ 435445.93, 226754.42509135324508 ], [ 435455.93, 226746.92509135324508 ], [ 435462.43, 226740.42509135324508 ], [ 435463.43, 226740.42509135324508 ], [ 435479.43, 226724.92509135324508 ], [ 435494.43, 226696.92509135324508 ], [ 435510.43, 226671.42509135324508 ], [ 435516.43, 226664.42509135324508 ], [ 435517.43, 226661.92509135324508 ], [ 435537.43, 226638.92509135324508 ], [ 435538.43, 226638.92509135324508 ], [ 435545.43, 226632.42509135324508 ], [ 435554.43, 226628.42509135324508 ], [ 435554.93, 226627.42509135324508 ], [ 435568.43, 226620.92509135324508 ], [ 435568.93, 226619.92509135324508 ], [ 435590.93, 226608.92509135324508 ], [ 435591.43, 226607.92509135324508 ], [ 435621.43, 226593.92509135324508 ], [ 435658.43, 226597.92509135324508 ], [ 435688.93, 226597.42509135324508 ], [ 435711.43, 226582.92509135324508 ], [ 435730.93, 226566.42509135324508 ], [ 435743.43, 226557.42509135324508 ], [ 435745.43, 226554.92509135324508 ], [ 435747.43, 226547.42509135324508 ], [ 435758.43, 226539.92509135324508 ], [ 435778.93, 226562.42509135324508 ], [ 435786.93, 226555.42509135324508 ], [ 435811.43, 226544.42509135324508 ], [ 435815.93, 226539.92509135324508 ], [ 435817.43, 226536.92509135324508 ], [ 435784.93, 226511.92509135324508 ], [ 435782.93, 226512.92509135324508 ], [ 435781.43, 226511.92509135324508 ], [ 435781.43, 226509.42509135324508 ], [ 435779.93, 226507.92509135324508 ], [ 435776.43, 226505.92509135324508 ], [ 435774.43, 226503.42509135324508 ], [ 435758.43, 226491.42509135324508 ], [ 435756.93, 226489.42509135324508 ], [ 435753.93, 226487.92509135324508 ], [ 435752.43, 226485.92509135324508 ], [ 435751.43, 226485.92509135324508 ], [ 435749.93, 226483.92509135324508 ], [ 435748.93, 226483.92509135324508 ], [ 435734.43, 226470.42509135324508 ], [ 435731.43, 226465.42509135324508 ], [ 435728.93, 226465.92509135324508 ], [ 435718.43, 226475.92509135324508 ], [ 435708.43, 226482.92509135324508 ], [ 435700.93, 226484.42509135324508 ], [ 435685.43, 226483.92509135324508 ], [ 435682.43, 226485.42509135324508 ], [ 435684.43, 226489.92509135324508 ], [ 435680.93, 226491.42509135324508 ], [ 435679.43, 226496.42509135324508 ], [ 435676.43, 226500.42509135324508 ], [ 435656.93, 226510.42509135324508 ], [ 435656.43, 226511.42509135324508 ], [ 435641.93, 226517.92509135324508 ], [ 435635.43, 226517.92509135324508 ], [ 435631.93, 226516.42509135324508 ], [ 435622.43, 226504.92509135324508 ], [ 435622.43, 226503.92509135324508 ], [ 435610.43, 226491.92509135324508 ], [ 435606.43, 226493.42509135324508 ], [ 435620.93, 226547.92509135324508 ], [ 435592.43, 226552.92509135324508 ], [ 435565.43, 226559.92509135324508 ], [ 435547.93, 226565.92509135324508 ], [ 435544.43, 226560.92509135324508 ], [ 435542.93, 226560.92509135324508 ], [ 435537.93, 226557.92509135324508 ], [ 435533.43, 226550.42509135324508 ], [ 435532.93, 226546.42509135324508 ], [ 435537.43, 226541.42509135324508 ], [ 435537.43, 226532.92509135324508 ], [ 435534.43, 226529.92509135324508 ], [ 435530.43, 226528.42509135324508 ], [ 435514.93, 226532.42509135324508 ], [ 435501.93, 226533.92509135324508 ], [ 435496.93, 226535.92509135324508 ], [ 435495.93, 226535.42509135324508 ], [ 435494.93, 226530.92509135324508 ], [ 435491.93, 226531.42509135324508 ], [ 435446.93, 226556.42509135324508 ], [ 435446.93, 226557.92509135324508 ], [ 435452.43, 226563.92509135324508 ], [ 435458.93, 226573.42509135324508 ], [ 435466.43, 226593.42509135324508 ], [ 435471.43, 226602.42509135324508 ], [ 435471.43, 226604.92509135324508 ], [ 435478.43, 226615.42509135324508 ], [ 435463.93, 226630.42509135324508 ], [ 435455.43, 226636.42509135324508 ], [ 435425.93, 226653.42509135324508 ], [ 435417.43, 226662.42509135324508 ], [ 435408.93, 226675.42509135324508 ], [ 435399.43, 226694.92509135324508 ], [ 435392.93, 226704.42509135324508 ], [ 435378.93, 226719.42509135324508 ], [ 435377.93, 226719.42509135324508 ], [ 435360.93, 226735.92509135324508 ], [ 435358.93, 226738.92509135324508 ], [ 435356.43, 226744.92509135324508 ], [ 435347.93, 226758.42509135324508 ], [ 435342.43, 226769.42509135324508 ], [ 435338.93, 226779.42509135324508 ], [ 435335.93, 226794.42509135324508 ], [ 435330.93, 226798.42509135324508 ], [ 435327.93, 226799.42509135324508 ], [ 435327.93, 226755.42509135324508 ], [ 435326.93, 226743.42509135324508 ], [ 435324.93, 226743.42509135324508 ], [ 435314.43, 226760.92509135324508 ], [ 435310.43, 226775.92509135324508 ], [ 435309.43, 226790.92509135324508 ], [ 435305.43, 226796.42509135324508 ], [ 435283.43, 226819.42509135324508 ], [ 435283.43, 226820.42509135324508 ], [ 435267.93, 226836.92509135324508 ], [ 435267.93, 226837.92509135324508 ], [ 435263.93, 226841.42509135324508 ], [ 435263.93, 226842.42509135324508 ], [ 435251.43, 226854.92509135324508 ], [ 435251.43, 226855.92509135324508 ], [ 435244.93, 226861.92509135324508 ], [ 435242.93, 226864.92509135324508 ], [ 435226.93, 226876.92509135324508 ], [ 435225.43, 226878.92509135324508 ], [ 435224.43, 226878.92509135324508 ], [ 435222.43, 226881.42509135324508 ], [ 435221.43, 226881.42509135324508 ], [ 435197.93, 226900.92509135324508 ], [ 435160.93, 226917.42509135324508 ], [ 435144.43, 226919.92509135324508 ], [ 435138.43, 226919.92509135324508 ], [ 435124.93, 226916.42509135324508 ], [ 435081.93, 226916.92509135324508 ], [ 435080.93, 226915.92509135324508 ], [ 435068.93, 226912.42509135324508 ], [ 435061.93, 226912.42509135324508 ], [ 435035.43, 226924.92509135324508 ], [ 435033.43, 226927.92509135324508 ], [ 435034.93, 226939.42509135324508 ], [ 435033.43, 226941.92509135324508 ], [ 435024.43, 226946.92509135324508 ], [ 435018.43, 226948.42509135324508 ], [ 435015.93, 226948.42509135324508 ], [ 435014.43, 226946.42509135324508 ], [ 435012.43, 226945.92509135324508 ], [ 435004.43, 226927.42509135324508 ], [ 435002.93, 226921.42509135324508 ], [ 434999.43, 226920.92509135324508 ], [ 434954.43, 226940.42509135324508 ], [ 434932.93, 226947.92509135324508 ], [ 434914.93, 226956.42509135324508 ], [ 434891.43, 226965.92509135324508 ], [ 434890.93, 226966.92509135324508 ], [ 434883.93, 226969.92509135324508 ], [ 434874.43, 226976.92509135324508 ], [ 434862.93, 226982.92509135324508 ], [ 434853.43, 226989.92509135324508 ], [ 434837.43, 226998.92509135324508 ], [ 434833.43, 227002.42509135324508 ], [ 434823.93, 227004.92509135324508 ], [ 434809.43, 227011.92509135324508 ], [ 434777.93, 227019.42509135324508 ], [ 434756.43, 227023.42509135324508 ], [ 434701.93, 227027.92509135324508 ], [ 434680.43, 227039.42509135324508 ], [ 434675.43, 227033.42509135324508 ], [ 434669.93, 227030.92509135324508 ], [ 434659.93, 227031.42509135324508 ], [ 434652.43, 227033.92509135324508 ], [ 434657.93, 227071.42509135324508 ], [ 434662.93, 227069.42509135324508 ], [ 434674.43, 227068.92509135324508 ], [ 434686.93, 227064.92509135324508 ], [ 434693.93, 227063.92509135324508 ], [ 434709.93, 227058.92509135324508 ], [ 434714.43, 227058.42509135324508 ], [ 434724.43, 227054.92509135324508 ], [ 434764.93, 227046.42509135324508 ], [ 434774.93, 227042.92509135324508 ], [ 434780.93, 227041.92509135324508 ], [ 434795.93, 227036.42509135324508 ], [ 434815.43, 227032.42509135324508 ], [ 434826.93, 227028.92509135324508 ], [ 434856.43, 227023.42509135324508 ], [ 434871.43, 227019.42509135324508 ], [ 434887.43, 227013.42509135324508 ], [ 434903.93, 227004.42509135324508 ], [ 434929.43, 226997.92509135324508 ], [ 434935.43, 226994.42509135324508 ], [ 434948.93, 226989.92509135324508 ], [ 434958.93, 226984.92509135324508 ], [ 434974.43, 226979.42509135324508 ], [ 434980.93, 226979.42509135324508 ], [ 434983.93, 226978.42509135324508 ], [ 434994.93, 226973.42509135324508 ], [ 435000.43, 226971.92509135324508 ], [ 435003.93, 226967.42509135324508 ], [ 435005.93, 226966.42509135324508 ], [ 435034.43, 226956.92509135324508 ], [ 435033.43, 226959.42509135324508 ], [ 435033.93, 226973.92509135324508 ], [ 435036.43, 226979.92509135324508 ], [ 435044.93, 226987.92509135324508 ], [ 435053.43, 226999.42509135324508 ], [ 435065.93, 227011.42509135324508 ], [ 435066.43, 227012.92509135324508 ], [ 435074.43, 227013.92509135324508 ], [ 435079.43, 227016.42509135324508 ], [ 435079.43, 227018.42509135324508 ], [ 435077.93, 227018.92509135324508 ], [ 435075.43, 227016.92509135324508 ], [ 435068.43, 227015.92509135324508 ], [ 435065.43, 227013.92509135324508 ], [ 435063.93, 227013.92509135324508 ], [ 435060.93, 227017.42509135324508 ], [ 435056.93, 227019.42509135324508 ], [ 435054.43, 227021.92509135324508 ], [ 435050.93, 227028.92509135324508 ], [ 435047.93, 227039.92509135324508 ], [ 435036.43, 227047.42509135324508 ], [ 435032.43, 227051.42509135324508 ], [ 435027.93, 227053.42509135324508 ], [ 435029.43, 227055.42509135324508 ], [ 435035.43, 227059.42509135324508 ], [ 435035.43, 227061.42509135324508 ], [ 435037.93, 227062.92509135324508 ], [ 435038.43, 227064.42509135324508 ], [ 435045.43, 227063.92509135324508 ], [ 435047.43, 227065.42509135324508 ], [ 435049.43, 227065.42509135324508 ], [ 435050.93, 227062.92509135324508 ], [ 435053.43, 227063.92509135324508 ], [ 435055.93, 227062.42509135324508 ], [ 435057.43, 227063.92509135324508 ], [ 435059.93, 227063.92509135324508 ], [ 435065.43, 227059.42509135324508 ], [ 435067.43, 227055.92509135324508 ], [ 435072.43, 227054.42509135324508 ], [ 435072.93, 227052.92509135324508 ], [ 435075.43, 227051.92509135324508 ], [ 435077.43, 227049.92509135324508 ], [ 435076.93, 227048.42509135324508 ], [ 435079.43, 227046.42509135324508 ], [ 435079.43, 227045.42509135324508 ], [ 435083.43, 227045.42509135324508 ], [ 435085.93, 227042.92509135324508 ], [ 435089.43, 227041.92509135324508 ], [ 435090.43, 227040.92509135324508 ], [ 435089.93, 227038.42509135324508 ], [ 435090.93, 227037.42509135324508 ], [ 435090.93, 227035.42509135324508 ], [ 435092.43, 227034.42509135324508 ], [ 435097.93, 227034.42509135324508 ], [ 435098.43, 227032.92509135324508 ], [ 435099.43, 227032.92509135324508 ], [ 435099.43, 227029.92509135324508 ], [ 435103.93, 227030.42509135324508 ], [ 435107.43, 227026.92509135324508 ], [ 435109.43, 227026.42509135324508 ], [ 435109.43, 227025.42509135324508 ], [ 435110.93, 227025.42509135324508 ], [ 435114.43, 227021.42509135324508 ], [ 435118.43, 227019.92509135324508 ], [ 435122.43, 227015.92509135324508 ], [ 435120.93, 227014.42509135324508 ], [ 435121.93, 227012.92509135324508 ], [ 435120.93, 227012.42509135324508 ], [ 435125.43, 227009.92509135324508 ], [ 435126.43, 227008.42509135324508 ], [ 435127.43, 227009.92509135324508 ], [ 435128.93, 227008.92509135324508 ] ], [ [ 435127.93, 227008.42509135324508 ], [ 435127.93, 227007.92509135324508 ], [ 435128.43, 227007.92509135324508 ], [ 435128.43, 227008.42509135324508 ], [ 435127.93, 227008.42509135324508 ] ], [ [ 435128.43, 227007.92509135324508 ], [ 435128.43, 227007.42509135324508 ], [ 435129.43, 227007.42509135324508 ], [ 435129.43, 227007.92509135324508 ], [ 435128.43, 227007.92509135324508 ] ], [ [ 435128.43, 227008.42509135324508 ], [ 435128.93, 227008.42509135324508 ], [ 435128.93, 227008.92509135324508 ], [ 435128.43, 227008.92509135324508 ], [ 435128.43, 227008.42509135324508 ] ], [ [ 435164.93, 226985.42509135324508 ], [ 435165.43, 226985.42509135324508 ], [ 435165.43, 226985.92509135324508 ], [ 435164.93, 226985.92509135324508 ], [ 435164.93, 226985.42509135324508 ] ], [ [ 435189.93, 226978.42509135324508 ], [ 435189.93, 226977.92509135324508 ], [ 435190.43, 226977.92509135324508 ], [ 435190.43, 226978.42509135324508 ], [ 435189.93, 226978.42509135324508 ] ], [ [ 435327.93, 226799.42509135324508 ], [ 435327.93, 226799.92509135324508 ], [ 435327.43, 226799.92509135324508 ], [ 435327.43, 226799.42509135324508 ], [ 435327.93, 226799.42509135324508 ] ], [ [ 435203.93, 226969.92509135324508 ], [ 435204.93, 226968.42509135324508 ], [ 435205.93, 226968.92509135324508 ], [ 435205.93, 226969.92509135324508 ], [ 435203.93, 226969.92509135324508 ] ], [ [ 435205.93, 226969.92509135324508 ], [ 435207.93, 226969.92509135324508 ], [ 435207.93, 226971.92509135324508 ], [ 435206.43, 226972.42509135324508 ], [ 435205.93, 226971.42509135324508 ], [ 435206.93, 226970.92509135324508 ], [ 435205.93, 226969.92509135324508 ] ], [ [ 435206.43, 226965.92509135324508 ], [ 435206.43, 226965.42509135324508 ], [ 435206.93, 226965.42509135324508 ], [ 435206.93, 226965.92509135324508 ], [ 435206.43, 226965.92509135324508 ] ], [ [ 435191.93, 226971.42509135324508 ], [ 435190.43, 226966.42509135324508 ], [ 435192.43, 226965.42509135324508 ], [ 435194.93, 226965.42509135324508 ], [ 435199.43, 226963.42509135324508 ], [ 435203.93, 226963.42509135324508 ], [ 435206.43, 226964.92509135324508 ], [ 435205.93, 226965.92509135324508 ], [ 435203.93, 226965.92509135324508 ], [ 435203.93, 226966.92509135324508 ], [ 435199.93, 226966.92509135324508 ], [ 435198.43, 226968.42509135324508 ], [ 435198.43, 226969.92509135324508 ], [ 435196.93, 226969.42509135324508 ], [ 435196.93, 226968.42509135324508 ], [ 435195.93, 226969.42509135324508 ], [ 435193.93, 226968.92509135324508 ], [ 435193.93, 226969.92509135324508 ], [ 435191.93, 226971.42509135324508 ] ], [ [ 435198.43, 226969.92509135324508 ], [ 435200.43, 226970.92509135324508 ], [ 435200.43, 226971.42509135324508 ], [ 435198.43, 226971.42509135324508 ], [ 435198.43, 226969.92509135324508 ] ], [ [ 435199.93, 226976.42509135324508 ], [ 435199.93, 226974.42509135324508 ], [ 435201.43, 226973.92509135324508 ], [ 435201.43, 226974.92509135324508 ], [ 435199.93, 226976.42509135324508 ] ], [ [ 435194.93, 226971.92509135324508 ], [ 435194.93, 226971.42509135324508 ], [ 435195.43, 226971.42509135324508 ], [ 435195.43, 226971.92509135324508 ], [ 435194.93, 226971.92509135324508 ] ], [ [ 435192.43, 226976.42509135324508 ], [ 435192.43, 226975.42509135324508 ], [ 435189.93, 226974.92509135324508 ], [ 435191.43, 226971.42509135324508 ], [ 435193.43, 226973.92509135324508 ], [ 435194.43, 226973.92509135324508 ], [ 435193.93, 226976.42509135324508 ], [ 435192.43, 226976.42509135324508 ] ], [ [ 435191.93, 226978.42509135324508 ], [ 435191.93, 226977.92509135324508 ], [ 435192.93, 226977.92509135324508 ], [ 435192.93, 226978.42509135324508 ], [ 435191.93, 226978.42509135324508 ] ], [ [ 435185.43, 226978.42509135324508 ], [ 435185.43, 226976.92509135324508 ], [ 435186.93, 226977.92509135324508 ], [ 435186.93, 226978.42509135324508 ], [ 435185.43, 226978.42509135324508 ] ], [ [ 435186.93, 226978.42509135324508 ], [ 435187.43, 226978.42509135324508 ], [ 435187.43, 226978.92509135324508 ], [ 435186.93, 226978.92509135324508 ], [ 435186.93, 226978.42509135324508 ] ], [ [ 435180.93, 226979.92509135324508 ], [ 435180.93, 226979.42509135324508 ], [ 435181.43, 226979.42509135324508 ], [ 435181.43, 226979.92509135324508 ], [ 435180.93, 226979.92509135324508 ] ], [ [ 435181.43, 226979.92509135324508 ], [ 435182.93, 226980.42509135324508 ], [ 435182.43, 226981.42509135324508 ], [ 435181.43, 226980.42509135324508 ], [ 435181.43, 226979.92509135324508 ] ], [ [ 435180.93, 226977.92509135324508 ], [ 435180.93, 226977.42509135324508 ], [ 435181.43, 226977.42509135324508 ], [ 435181.43, 226977.92509135324508 ], [ 435180.93, 226977.92509135324508 ] ], [ [ 435177.43, 226978.42509135324508 ], [ 435178.43, 226976.42509135324508 ], [ 435179.43, 226976.92509135324508 ], [ 435178.43, 226978.42509135324508 ], [ 435177.43, 226978.42509135324508 ] ], [ [ 435172.43, 226981.42509135324508 ], [ 435173.43, 226979.92509135324508 ], [ 435176.93, 226979.92509135324508 ], [ 435176.93, 226981.42509135324508 ], [ 435173.93, 226980.42509135324508 ], [ 435173.93, 226981.42509135324508 ], [ 435172.43, 226981.42509135324508 ] ], [ [ 435169.43, 226984.92509135324508 ], [ 435169.43, 226984.42509135324508 ], [ 435169.93, 226984.42509135324508 ], [ 435169.93, 226984.92509135324508 ], [ 435169.43, 226984.92509135324508 ] ], [ [ 435150.93, 226994.42509135324508 ], [ 435150.93, 226993.42509135324508 ], [ 435152.43, 226993.42509135324508 ], [ 435151.93, 226994.42509135324508 ], [ 435150.93, 226994.42509135324508 ] ], [ [ 435145.43, 226996.92509135324508 ], [ 435145.43, 226996.42509135324508 ], [ 435146.43, 226996.42509135324508 ], [ 435146.43, 226996.92509135324508 ], [ 435145.43, 226996.92509135324508 ] ], [ [ 435146.43, 226996.42509135324508 ], [ 435146.43, 226995.92509135324508 ], [ 435146.93, 226995.92509135324508 ], [ 435146.93, 226996.42509135324508 ], [ 435146.43, 226996.42509135324508 ] ], [ [ 435133.93, 227000.42509135324508 ], [ 435133.93, 226999.92509135324508 ], [ 435135.93, 226999.92509135324508 ], [ 435135.93, 227000.42509135324508 ], [ 435133.93, 227000.42509135324508 ] ], [ [ 435117.43, 227016.92509135324508 ], [ 435117.43, 227016.42509135324508 ], [ 435117.93, 227016.42509135324508 ], [ 435117.93, 227016.92509135324508 ], [ 435117.43, 227016.92509135324508 ] ], [ [ 435115.43, 227017.42509135324508 ], [ 435115.43, 227016.92509135324508 ], [ 435115.93, 227016.92509135324508 ], [ 435115.93, 227017.42509135324508 ], [ 435115.43, 227017.42509135324508 ] ], [ [ 435115.93, 227017.42509135324508 ], [ 435116.43, 227017.42509135324508 ], [ 435116.43, 227018.42509135324508 ], [ 435115.93, 227018.42509135324508 ], [ 435115.93, 227017.42509135324508 ] ], [ [ 435088.43, 227038.92509135324508 ], [ 435088.43, 227038.42509135324508 ], [ 435088.93, 227038.42509135324508 ], [ 435088.93, 227038.92509135324508 ], [ 435088.43, 227038.92509135324508 ] ], [ [ 435084.93, 227041.92509135324508 ], [ 435084.93, 227041.42509135324508 ], [ 435085.43, 227041.42509135324508 ], [ 435085.43, 227041.92509135324508 ], [ 435084.93, 227041.92509135324508 ] ] ] } },
{ "type": "Feature", "properties": { "mainhabs": "Lowland meadows", "habcodes": "LMEAD", "featdesc": null, "featcodes": null, "otherclass": null, "addhabs": null, "primsource": "Vegetation survey from or on behalf of landowner 2024 (LMEAD)", "areaha": "4.86", "version": "Sep_25", "uid": "PHID43489120_022719782", "shape_length": null, "shape_area": null, "site": "dunthropfarm", "pid": 1, "method": "grabcut2" }, "geometry": { "type": "MultiPolygon", "coordinates": [ [ [ [ 434881.43, 227139.92509135324508 ], [ 434878.43, 227139.92509135324508 ], [ 434879.43, 227142.42509135324508 ], [ 434877.93, 227142.92509135324508 ], [ 434875.93, 227145.92509135324508 ], [ 434873.93, 227145.42509135324508 ], [ 434873.43, 227141.92509135324508 ], [ 434871.43, 227140.42509135324508 ], [ 434869.93, 227140.42509135324508 ], [ 434868.43, 227142.92509135324508 ], [ 434867.93, 227141.92509135324508 ], [ 434866.43, 227142.92509135324508 ], [ 434867.93, 227144.42509135324508 ], [ 434867.43, 227145.92509135324508 ], [ 434863.93, 227145.92509135324508 ], [ 434862.43, 227142.92509135324508 ], [ 434860.93, 227143.92509135324508 ], [ 434860.93, 227145.42509135324508 ], [ 434859.93, 227145.42509135324508 ], [ 434857.93, 227142.92509135324508 ], [ 434857.93, 227141.42509135324508 ], [ 434856.43, 227141.42509135324508 ], [ 434856.43, 227142.42509135324508 ], [ 434851.43, 227142.92509135324508 ], [ 434849.43, 227148.42509135324508 ], [ 434842.93, 227148.42509135324508 ], [ 434842.43, 227149.92509135324508 ], [ 434839.93, 227150.92509135324508 ], [ 434837.93, 227150.92509135324508 ], [ 434837.93, 227149.92509135324508 ], [ 434834.93, 227148.42509135324508 ], [ 434832.43, 227148.92509135324508 ], [ 434831.93, 227149.92509135324508 ], [ 434827.93, 227149.92509135324508 ], [ 434826.43, 227147.92509135324508 ], [ 434824.93, 227148.42509135324508 ], [ 434824.93, 227149.92509135324508 ], [ 434822.43, 227149.92509135324508 ], [ 434821.93, 227145.92509135324508 ], [ 434820.93, 227144.92509135324508 ], [ 434819.43, 227146.92509135324508 ], [ 434818.43, 227146.92509135324508 ], [ 434817.93, 227145.42509135324508 ], [ 434816.43, 227145.92509135324508 ], [ 434817.43, 227147.92509135324508 ], [ 434815.93, 227148.42509135324508 ], [ 434810.93, 227147.92509135324508 ], [ 434810.93, 227146.92509135324508 ], [ 434809.93, 227146.92509135324508 ], [ 434810.43, 227145.92509135324508 ], [ 434808.93, 227145.42509135324508 ], [ 434808.43, 227146.42509135324508 ], [ 434809.43, 227147.42509135324508 ], [ 434807.93, 227147.92509135324508 ], [ 434807.93, 227149.92509135324508 ], [ 434809.43, 227151.42509135324508 ], [ 434807.43, 227152.92509135324508 ], [ 434808.43, 227154.42509135324508 ], [ 434807.93, 227156.42509135324508 ], [ 434803.43, 227155.92509135324508 ], [ 434801.93, 227158.42509135324508 ], [ 434799.43, 227158.42509135324508 ], [ 434798.93, 227159.92509135324508 ], [ 434795.93, 227160.92509135324508 ], [ 434792.43, 227160.92509135324508 ], [ 434790.93, 227159.92509135324508 ], [ 434790.43, 227161.92509135324508 ], [ 434787.93, 227163.42509135324508 ], [ 434785.93, 227161.92509135324508 ], [ 434783.93, 227162.42509135324508 ], [ 434780.43, 227159.42509135324508 ], [ 434778.43, 227158.92509135324508 ], [ 434774.93, 227161.42509135324508 ], [ 434773.43, 227158.42509135324508 ], [ 434770.93, 227158.42509135324508 ], [ 434770.93, 227157.42509135324508 ], [ 434767.93, 227156.42509135324508 ], [ 434766.93, 227158.42509135324508 ], [ 434763.43, 227160.42509135324508 ], [ 434763.43, 227161.42509135324508 ], [ 434760.93, 227161.42509135324508 ], [ 434759.43, 227167.42509135324508 ], [ 434756.43, 227170.92509135324508 ], [ 434756.43, 227174.42509135324508 ], [ 434757.43, 227174.92509135324508 ], [ 434756.43, 227175.92509135324508 ], [ 434757.43, 227177.42509135324508 ], [ 434756.43, 227178.42509135324508 ], [ 434756.93, 227179.92509135324508 ], [ 434755.93, 227180.42509135324508 ], [ 434756.93, 227181.42509135324508 ], [ 434756.93, 227185.42509135324508 ], [ 434756.43, 227187.92509135324508 ], [ 434754.93, 227188.42509135324508 ], [ 434754.93, 227189.92509135324508 ], [ 434753.43, 227190.92509135324508 ], [ 434753.43, 227192.92509135324508 ], [ 434754.43, 227193.42509135324508 ], [ 434754.93, 227195.42509135324508 ], [ 434756.43, 227195.92509135324508 ], [ 434755.43, 227197.92509135324508 ], [ 434758.43, 227203.42509135324508 ], [ 434757.43, 227205.92509135324508 ], [ 434757.93, 227208.42509135324508 ], [ 434756.93, 227209.92509135324508 ], [ 434757.93, 227209.92509135324508 ], [ 434759.43, 227212.92509135324508 ], [ 434760.43, 227212.92509135324508 ], [ 434759.93, 227215.92509135324508 ], [ 434761.93, 227217.42509135324508 ], [ 434759.43, 227219.92509135324508 ], [ 434764.93, 227223.92509135324508 ], [ 434764.93, 227225.92509135324508 ], [ 434761.93, 227226.42509135324508 ], [ 434763.43, 227229.92509135324508 ], [ 434764.93, 227230.92509135324508 ], [ 434764.93, 227232.92509135324508 ], [ 434757.93, 227238.42509135324508 ], [ 434753.43, 227238.42509135324508 ], [ 434753.43, 227237.42509135324508 ], [ 434752.43, 227237.42509135324508 ], [ 434752.93, 227234.42509135324508 ], [ 434751.93, 227232.92509135324508 ], [ 434748.93, 227232.92509135324508 ], [ 434747.93, 227233.92509135324508 ], [ 434749.43, 227246.42509135324508 ], [ 434751.93, 227254.92509135324508 ], [ 434751.93, 227266.92509135324508 ], [ 434750.93, 227268.92509135324508 ], [ 434746.43, 227271.42509135324508 ], [ 434746.43, 227276.42509135324508 ], [ 434747.43, 227278.92509135324508 ], [ 434749.43, 227278.92509135324508 ], [ 434750.93, 227278.42509135324508 ], [ 434750.93, 227277.42509135324508 ], [ 434752.43, 227277.92509135324508 ], [ 434756.43, 227275.92509135324508 ], [ 434758.43, 227275.92509135324508 ], [ 434759.43, 227277.42509135324508 ], [ 434767.93, 227276.42509135324508 ], [ 434767.93, 227277.42509135324508 ], [ 434769.93, 227277.42509135324508 ], [ 434771.93, 227279.92509135324508 ], [ 434771.93, 227284.42509135324508 ], [ 434770.93, 227286.92509135324508 ], [ 434768.93, 227287.42509135324508 ], [ 434768.43, 227288.42509135324508 ], [ 434766.93, 227287.92509135324508 ], [ 434764.43, 227289.92509135324508 ], [ 434765.93, 227292.92509135324508 ], [ 434763.43, 227295.42509135324508 ], [ 434764.43, 227295.92509135324508 ], [ 434763.93, 227297.42509135324508 ], [ 434765.93, 227301.92509135324508 ], [ 434766.43, 227306.92509135324508 ], [ 434767.43, 227307.92509135324508 ], [ 434767.43, 227309.92509135324508 ], [ 434768.43, 227310.42509135324508 ], [ 434767.93, 227314.42509135324508 ], [ 434768.93, 227314.42509135324508 ], [ 434768.43, 227316.92509135324508 ], [ 434769.43, 227317.42509135324508 ], [ 434769.43, 227324.42509135324508 ], [ 434771.43, 227326.42509135324508 ], [ 434770.43, 227329.92509135324508 ], [ 434771.93, 227333.42509135324508 ], [ 434771.93, 227337.42509135324508 ], [ 434772.93, 227337.42509135324508 ], [ 434773.43, 227344.42509135324508 ], [ 434774.93, 227346.92509135324508 ], [ 434774.93, 227351.92509135324508 ], [ 434776.43, 227353.92509135324508 ], [ 434776.93, 227358.92509135324508 ], [ 434777.93, 227358.92509135324508 ], [ 434777.93, 227359.92509135324508 ], [ 434780.93, 227358.92509135324508 ], [ 434782.93, 227360.42509135324508 ], [ 434782.93, 227363.92509135324508 ], [ 434785.43, 227366.42509135324508 ], [ 434784.93, 227370.92509135324508 ], [ 434783.43, 227371.42509135324508 ], [ 434783.43, 227373.42509135324508 ], [ 434778.93, 227376.92509135324508 ], [ 434779.43, 227381.42509135324508 ], [ 434782.43, 227383.92509135324508 ], [ 434786.43, 227400.42509135324508 ], [ 434788.43, 227401.92509135324508 ], [ 434788.43, 227403.92509135324508 ], [ 434789.43, 227404.42509135324508 ], [ 434789.43, 227411.42509135324508 ], [ 434790.93, 227413.42509135324508 ], [ 434790.93, 227421.92509135324508 ], [ 434793.93, 227428.92509135324508 ], [ 434794.93, 227438.92509135324508 ], [ 434796.43, 227439.42509135324508 ], [ 434796.93, 227441.42509135324508 ], [ 434795.43, 227444.42509135324508 ], [ 434796.43, 227445.42509135324508 ], [ 434795.43, 227445.92509135324508 ], [ 434795.43, 227448.42509135324508 ], [ 434797.93, 227451.42509135324508 ], [ 434797.93, 227454.92509135324508 ], [ 434800.93, 227457.42509135324508 ], [ 434799.43, 227459.42509135324508 ], [ 434800.43, 227460.42509135324508 ], [ 434802.43, 227460.42509135324508 ], [ 434800.93, 227461.92509135324508 ], [ 434800.93, 227467.42509135324508 ], [ 434801.93, 227467.42509135324508 ], [ 434801.93, 227468.92509135324508 ], [ 434803.43, 227469.92509135324508 ], [ 434803.43, 227472.92509135324508 ], [ 434809.43, 227472.92509135324508 ], [ 434809.43, 227471.92509135324508 ], [ 434810.93, 227471.92509135324508 ], [ 434813.43, 227469.92509135324508 ], [ 434813.43, 227468.92509135324508 ], [ 434814.93, 227468.42509135324508 ], [ 434816.43, 227464.42509135324508 ], [ 434812.43, 227463.92509135324508 ], [ 434814.43, 227462.42509135324508 ], [ 434814.93, 227460.42509135324508 ], [ 434816.43, 227459.92509135324508 ], [ 434816.43, 227458.42509135324508 ], [ 434817.93, 227457.42509135324508 ], [ 434817.93, 227455.42509135324508 ], [ 434822.43, 227449.92509135324508 ], [ 434819.93, 227446.42509135324508 ], [ 434822.43, 227445.92509135324508 ], [ 434823.43, 227444.42509135324508 ], [ 434823.43, 227440.42509135324508 ], [ 434824.93, 227440.42509135324508 ], [ 434825.43, 227438.92509135324508 ], [ 434827.43, 227438.92509135324508 ], [ 434827.93, 227437.42509135324508 ], [ 434829.43, 227437.42509135324508 ], [ 434830.93, 227435.92509135324508 ], [ 434830.93, 227434.42509135324508 ], [ 434834.43, 227431.92509135324508 ], [ 434833.43, 227429.92509135324508 ], [ 434837.93, 227427.92509135324508 ], [ 434839.43, 227421.92509135324508 ], [ 434843.93, 227416.42509135324508 ], [ 434843.43, 227413.92509135324508 ], [ 434841.43, 227412.42509135324508 ], [ 434841.93, 227407.42509135324508 ], [ 434842.93, 227406.92509135324508 ], [ 434841.93, 227404.92509135324508 ], [ 434842.43, 227402.92509135324508 ], [ 434844.93, 227401.42509135324508 ], [ 434845.93, 227398.92509135324508 ], [ 434847.93, 227398.92509135324508 ], [ 434847.93, 227397.92509135324508 ], [ 434850.93, 227395.92509135324508 ], [ 434851.43, 227392.92509135324508 ], [ 434857.93, 227392.92509135324508 ], [ 434857.93, 227393.92509135324508 ], [ 434859.43, 227394.42509135324508 ], [ 434859.43, 227396.42509135324508 ], [ 434860.93, 227397.42509135324508 ], [ 434863.93, 227392.92509135324508 ], [ 434863.93, 227391.42509135324508 ], [ 434864.93, 227391.42509135324508 ], [ 434865.43, 227389.42509135324508 ], [ 434867.43, 227387.42509135324508 ], [ 434868.43, 227383.92509135324508 ], [ 434865.93, 227384.42509135324508 ], [ 434863.93, 227382.42509135324508 ], [ 434863.93, 227380.42509135324508 ], [ 434862.93, 227380.42509135324508 ], [ 434862.93, 227371.42509135324508 ], [ 434867.43, 227370.42509135324508 ], [ 434868.43, 227371.92509135324508 ], [ 434870.93, 227372.92509135324508 ], [ 434870.43, 227376.92509135324508 ], [ 434871.93, 227377.92509135324508 ], [ 434873.93, 227377.42509135324508 ], [ 434873.93, 227375.92509135324508 ], [ 434874.93, 227375.92509135324508 ], [ 434874.93, 227374.42509135324508 ], [ 434876.43, 227373.42509135324508 ], [ 434876.93, 227371.42509135324508 ], [ 434877.93, 227371.42509135324508 ], [ 434884.93, 227360.92509135324508 ], [ 434886.43, 227360.42509135324508 ], [ 434885.93, 227359.42509135324508 ], [ 434887.43, 227358.42509135324508 ], [ 434888.43, 227355.92509135324508 ], [ 434889.43, 227355.92509135324508 ], [ 434889.43, 227354.42509135324508 ], [ 434892.43, 227350.42509135324508 ], [ 434895.93, 227348.92509135324508 ], [ 434896.43, 227347.42509135324508 ], [ 434897.93, 227347.42509135324508 ], [ 434912.43, 227335.92509135324508 ], [ 434913.93, 227335.92509135324508 ], [ 434913.93, 227334.92509135324508 ], [ 434914.93, 227334.92509135324508 ], [ 434917.93, 227331.42509135324508 ], [ 434924.93, 227327.42509135324508 ], [ 434924.93, 227326.42509135324508 ], [ 434926.93, 227325.92509135324508 ], [ 434931.93, 227321.42509135324508 ], [ 434933.93, 227320.92509135324508 ], [ 434933.93, 227319.92509135324508 ], [ 434938.93, 227317.42509135324508 ], [ 434939.43, 227315.92509135324508 ], [ 434940.93, 227315.92509135324508 ], [ 434947.43, 227309.92509135324508 ], [ 434950.93, 227308.42509135324508 ], [ 434950.93, 227307.42509135324508 ], [ 434952.43, 227307.42509135324508 ], [ 434952.43, 227306.42509135324508 ], [ 434960.93, 227300.92509135324508 ], [ 434960.93, 227299.92509135324508 ], [ 434963.93, 227298.92509135324508 ], [ 434970.43, 227292.92509135324508 ], [ 434972.43, 227292.42509135324508 ], [ 434972.43, 227291.42509135324508 ], [ 434973.93, 227291.42509135324508 ], [ 434973.93, 227290.42509135324508 ], [ 434981.93, 227285.92509135324508 ], [ 434986.93, 227281.42509135324508 ], [ 434990.43, 227279.92509135324508 ], [ 434992.43, 227277.42509135324508 ], [ 434993.93, 227277.42509135324508 ], [ 434994.43, 227275.92509135324508 ], [ 434996.43, 227275.42509135324508 ], [ 434996.43, 227273.42509135324508 ], [ 434993.93, 227272.92509135324508 ], [ 434993.43, 227270.42509135324508 ], [ 434995.43, 227269.92509135324508 ], [ 434996.93, 227267.42509135324508 ], [ 434998.93, 227268.42509135324508 ], [ 434996.93, 227272.92509135324508 ], [ 434999.43, 227272.92509135324508 ], [ 434999.43, 227271.92509135324508 ], [ 435001.43, 227271.42509135324508 ], [ 435009.93, 227264.42509135324508 ], [ 435013.93, 227262.42509135324508 ], [ 435013.93, 227261.42509135324508 ], [ 435015.43, 227261.42509135324508 ], [ 435015.43, 227260.42509135324508 ], [ 435017.93, 227259.42509135324508 ], [ 435017.93, 227258.42509135324508 ], [ 435019.43, 227258.42509135324508 ], [ 435019.43, 227257.42509135324508 ], [ 435022.93, 227255.92509135324508 ], [ 435028.93, 227249.92509135324508 ], [ 435030.93, 227249.42509135324508 ], [ 435030.93, 227248.42509135324508 ], [ 435032.43, 227248.42509135324508 ], [ 435032.43, 227247.42509135324508 ], [ 435033.93, 227247.42509135324508 ], [ 435033.93, 227246.42509135324508 ], [ 435037.93, 227244.42509135324508 ], [ 435037.93, 227243.42509135324508 ], [ 435047.43, 227237.42509135324508 ], [ 435050.43, 227232.92509135324508 ], [ 435049.43, 227228.42509135324508 ], [ 435047.43, 227228.42509135324508 ], [ 435046.93, 227229.92509135324508 ], [ 435044.43, 227231.42509135324508 ], [ 435041.43, 227231.42509135324508 ], [ 435040.43, 227227.42509135324508 ], [ 435039.43, 227226.92509135324508 ], [ 435038.43, 227221.42509135324508 ], [ 435035.93, 227218.42509135324508 ], [ 435036.43, 227216.92509135324508 ], [ 435034.43, 227215.42509135324508 ], [ 435034.43, 227212.42509135324508 ], [ 435031.43, 227210.42509135324508 ], [ 435031.93, 227207.42509135324508 ], [ 435030.93, 227206.92509135324508 ], [ 435030.93, 227204.92509135324508 ], [ 435029.43, 227204.42509135324508 ], [ 435029.43, 227202.92509135324508 ], [ 435027.43, 227202.92509135324508 ], [ 435024.93, 227199.92509135324508 ], [ 435025.43, 227197.42509135324508 ], [ 435023.93, 227195.92509135324508 ], [ 435024.43, 227192.92509135324508 ], [ 435022.43, 227192.92509135324508 ], [ 435021.93, 227190.92509135324508 ], [ 435020.93, 227190.42509135324508 ], [ 435020.93, 227184.42509135324508 ], [ 435018.93, 227182.92509135324508 ], [ 435018.93, 227178.92509135324508 ], [ 435015.43, 227176.42509135324508 ], [ 435011.93, 227167.42509135324508 ], [ 435007.93, 227164.42509135324508 ], [ 435008.93, 227154.42509135324508 ], [ 435007.93, 227154.42509135324508 ], [ 435007.93, 227152.92509135324508 ], [ 435006.43, 227151.42509135324508 ], [ 435004.43, 227151.42509135324508 ], [ 435003.93, 227149.42509135324508 ], [ 435002.43, 227149.42509135324508 ], [ 435001.93, 227148.42509135324508 ], [ 435002.43, 227145.92509135324508 ], [ 435000.93, 227144.42509135324508 ], [ 435001.93, 227144.42509135324508 ], [ 435002.43, 227142.92509135324508 ], [ 435000.43, 227141.42509135324508 ], [ 434999.93, 227136.42509135324508 ], [ 434998.93, 227135.92509135324508 ], [ 434999.43, 227131.92509135324508 ], [ 434997.93, 227129.92509135324508 ], [ 434995.93, 227129.42509135324508 ], [ 434996.43, 227127.42509135324508 ], [ 434995.43, 227125.92509135324508 ], [ 434995.43, 227120.42509135324508 ], [ 434994.43, 227119.92509135324508 ], [ 434994.93, 227118.92509135324508 ], [ 434993.93, 227116.92509135324508 ], [ 434991.93, 227117.42509135324508 ], [ 434990.93, 227115.92509135324508 ], [ 434987.93, 227114.92509135324508 ], [ 434987.93, 227116.42509135324508 ], [ 434985.43, 227117.92509135324508 ], [ 434985.93, 227119.42509135324508 ], [ 434982.43, 227122.92509135324508 ], [ 434980.93, 227122.92509135324508 ], [ 434979.43, 227124.42509135324508 ], [ 434976.43, 227122.42509135324508 ], [ 434973.93, 227122.92509135324508 ], [ 434973.93, 227123.92509135324508 ], [ 434971.93, 227124.42509135324508 ], [ 434970.93, 227125.92509135324508 ], [ 434968.43, 227124.42509135324508 ], [ 434967.93, 227125.92509135324508 ], [ 434966.93, 227125.92509135324508 ], [ 434965.93, 227127.92509135324508 ], [ 434961.43, 227131.42509135324508 ], [ 434958.93, 227128.42509135324508 ], [ 434957.93, 227128.42509135324508 ], [ 434957.93, 227127.42509135324508 ], [ 434955.43, 227128.42509135324508 ], [ 434954.93, 227126.42509135324508 ], [ 434952.43, 227124.42509135324508 ], [ 434952.43, 227123.42509135324508 ], [ 434948.93, 227122.92509135324508 ], [ 434946.43, 227124.92509135324508 ], [ 434946.43, 227125.92509135324508 ], [ 434943.43, 227125.92509135324508 ], [ 434942.43, 227132.92509135324508 ], [ 434939.43, 227134.92509135324508 ], [ 434937.93, 227133.42509135324508 ], [ 434937.93, 227135.92509135324508 ], [ 434936.43, 227136.92509135324508 ], [ 434932.43, 227136.92509135324508 ], [ 434929.93, 227135.92509135324508 ], [ 434927.43, 227131.92509135324508 ], [ 434924.93, 227132.92509135324508 ], [ 434924.93, 227134.42509135324508 ], [ 434923.93, 227135.92509135324508 ], [ 434922.43, 227135.92509135324508 ], [ 434922.43, 227136.92509135324508 ], [ 434918.43, 227136.92509135324508 ], [ 434917.93, 227135.42509135324508 ], [ 434915.43, 227132.92509135324508 ], [ 434913.93, 227132.92509135324508 ], [ 434913.93, 227131.42509135324508 ], [ 434910.93, 227129.42509135324508 ], [ 434910.93, 227126.92509135324508 ], [ 434909.93, 227127.92509135324508 ], [ 434907.93, 227126.92509135324508 ], [ 434907.43, 227127.92509135324508 ], [ 434903.93, 227127.92509135324508 ], [ 434902.93, 227128.92509135324508 ], [ 434896.93, 227128.42509135324508 ], [ 434896.43, 227130.42509135324508 ], [ 434897.43, 227130.92509135324508 ], [ 434897.93, 227132.92509135324508 ], [ 434894.93, 227134.42509135324508 ], [ 434895.93, 227135.92509135324508 ], [ 434894.93, 227135.92509135324508 ], [ 434891.93, 227139.92509135324508 ], [ 434889.43, 227139.92509135324508 ], [ 434887.93, 227137.92509135324508 ], [ 434884.93, 227136.92509135324508 ], [ 434885.43, 227135.42509135324508 ], [ 434886.93, 227135.92509135324508 ], [ 434887.93, 227134.92509135324508 ], [ 434886.43, 227133.92509135324508 ], [ 434886.43, 227131.42509135324508 ], [ 434883.93, 227130.42509135324508 ], [ 434885.93, 227130.42509135324508 ], [ 434886.43, 227128.42509135324508 ], [ 434884.93, 227128.42509135324508 ], [ 434884.93, 227129.42509135324508 ], [ 434882.43, 227128.42509135324508 ], [ 434882.43, 227129.92509135324508 ], [ 434879.43, 227131.42509135324508 ], [ 434880.93, 227133.42509135324508 ], [ 434877.93, 227134.92509135324508 ], [ 434878.93, 227135.92509135324508 ], [ 434878.93, 227137.92509135324508 ], [ 434879.43, 227135.42509135324508 ], [ 434880.93, 227136.42509135324508 ], [ 434879.93, 227138.92509135324508 ], [ 434881.43, 227139.92509135324508 ] ], [ [ 434808.93, 227382.92509135324508 ], [ 434807.93, 227382.92509135324508 ], [ 434807.93, 227380.42509135324508 ], [ 434806.93, 227379.42509135324508 ], [ 434804.43, 227380.42509135324508 ], [ 434803.43, 227381.92509135324508 ], [ 434800.93, 227381.92509135324508 ], [ 434800.93, 227382.92509135324508 ], [ 434799.93, 227382.92509135324508 ], [ 434797.43, 227378.92509135324508 ], [ 434795.93, 227366.92509135324508 ], [ 434797.93, 227364.42509135324508 ], [ 434796.93, 227363.42509135324508 ], [ 434794.93, 227363.42509135324508 ], [ 434795.93, 227360.92509135324508 ], [ 434793.93, 227359.92509135324508 ], [ 434792.93, 227357.92509135324508 ], [ 434793.43, 227355.92509135324508 ], [ 434792.43, 227355.42509135324508 ], [ 434792.43, 227351.42509135324508 ], [ 434791.43, 227350.42509135324508 ], [ 434792.93, 227347.42509135324508 ], [ 434790.93, 227346.42509135324508 ], [ 434790.43, 227344.42509135324508 ], [ 434791.93, 227340.42509135324508 ], [ 434789.93, 227338.92509135324508 ], [ 434790.93, 227335.92509135324508 ], [ 434789.43, 227335.42509135324508 ], [ 434790.93, 227331.92509135324508 ], [ 434788.43, 227330.92509135324508 ], [ 434789.93, 227325.92509135324508 ], [ 434787.43, 227322.92509135324508 ], [ 434787.43, 227318.42509135324508 ], [ 434785.93, 227317.92509135324508 ], [ 434786.43, 227315.92509135324508 ], [ 434785.43, 227315.92509135324508 ], [ 434785.93, 227313.92509135324508 ], [ 434784.93, 227313.42509135324508 ], [ 434784.93, 227311.42509135324508 ], [ 434786.93, 227309.42509135324508 ], [ 434787.93, 227309.92509135324508 ], [ 434789.43, 227307.92509135324508 ], [ 434789.43, 227305.42509135324508 ], [ 434791.43, 227303.92509135324508 ], [ 434793.43, 227304.42509135324508 ], [ 434793.43, 227303.42509135324508 ], [ 434796.43, 227302.92509135324508 ], [ 434796.43, 227301.92509135324508 ], [ 434799.43, 227301.42509135324508 ], [ 434799.93, 227299.92509135324508 ], [ 434801.93, 227299.92509135324508 ], [ 434802.43, 227298.92509135324508 ], [ 434804.93, 227298.92509135324508 ], [ 434806.93, 227297.42509135324508 ], [ 434808.43, 227297.92509135324508 ], [ 434809.43, 227296.42509135324508 ], [ 434812.43, 227296.92509135324508 ], [ 434816.43, 227293.42509135324508 ], [ 434819.43, 227292.92509135324508 ], [ 434819.43, 227291.92509135324508 ], [ 434823.43, 227292.42509135324508 ], [ 434823.43, 227291.42509135324508 ], [ 434825.93, 227290.92509135324508 ], [ 434829.43, 227287.92509135324508 ], [ 434830.93, 227288.92509135324508 ], [ 434833.43, 227288.92509135324508 ], [ 434834.93, 227287.42509135324508 ], [ 434838.43, 227287.42509135324508 ], [ 434839.43, 227286.42509135324508 ], [ 434839.43, 227284.42509135324508 ], [ 434841.43, 227284.42509135324508 ], [ 434842.43, 227282.92509135324508 ], [ 434844.93, 227282.92509135324508 ], [ 434845.93, 227281.42509135324508 ], [ 434847.93, 227281.42509135324508 ], [ 434847.93, 227280.42509135324508 ], [ 434850.43, 227278.92509135324508 ], [ 434856.43, 227278.92509135324508 ], [ 434857.93, 227276.92509135324508 ], [ 434866.43, 227274.92509135324508 ], [ 434867.93, 227272.92509135324508 ], [ 434873.93, 227271.42509135324508 ], [ 434874.93, 227269.92509135324508 ], [ 434880.93, 227269.92509135324508 ], [ 434880.93, 227268.92509135324508 ], [ 434882.93, 227268.42509135324508 ], [ 434883.43, 227267.42509135324508 ], [ 434886.93, 227267.42509135324508 ], [ 434887.43, 227265.92509135324508 ], [ 434890.43, 227263.42509135324508 ], [ 434892.43, 227263.92509135324508 ], [ 434892.93, 227262.92509135324508 ], [ 434896.93, 227262.92509135324508 ], [ 434899.93, 227260.42509135324508 ], [ 434903.93, 227259.92509135324508 ], [ 434903.93, 227258.42509135324508 ], [ 434909.43, 227257.42509135324508 ], [ 434909.93, 227255.92509135324508 ], [ 434913.93, 227255.42509135324508 ], [ 434916.43, 227253.42509135324508 ], [ 434918.93, 227253.92509135324508 ], [ 434919.43, 227252.92509135324508 ], [ 434922.93, 227252.92509135324508 ], [ 434924.93, 227249.92509135324508 ], [ 434927.93, 227250.42509135324508 ], [ 434932.43, 227249.42509135324508 ], [ 434934.43, 227246.42509135324508 ], [ 434937.93, 227245.42509135324508 ], [ 434937.93, 227244.42509135324508 ], [ 434939.43, 227244.42509135324508 ], [ 434940.93, 227246.42509135324508 ], [ 434943.43, 227245.92509135324508 ], [ 434946.43, 227250.92509135324508 ], [ 434949.43, 227252.92509135324508 ], [ 434949.43, 227255.42509135324508 ], [ 434950.93, 227255.92509135324508 ], [ 434950.93, 227257.42509135324508 ], [ 434952.93, 227259.92509135324508 ], [ 434952.43, 227260.92509135324508 ], [ 434953.43, 227263.42509135324508 ], [ 434955.43, 227264.92509135324508 ], [ 434955.43, 227267.92509135324508 ], [ 434957.93, 227270.92509135324508 ], [ 434957.93, 227272.92509135324508 ], [ 434953.93, 227277.42509135324508 ], [ 434953.93, 227278.92509135324508 ], [ 434952.93, 227278.92509135324508 ], [ 434950.93, 227281.42509135324508 ], [ 434947.93, 227282.42509135324508 ], [ 434945.43, 227285.92509135324508 ], [ 434943.93, 227285.92509135324508 ], [ 434943.43, 227287.42509135324508 ], [ 434939.43, 227288.92509135324508 ], [ 434939.43, 227289.92509135324508 ], [ 434936.43, 227291.42509135324508 ], [ 434934.43, 227294.42509135324508 ], [ 434931.43, 227294.92509135324508 ], [ 434927.43, 227298.92509135324508 ], [ 434923.93, 227299.92509135324508 ], [ 434921.93, 227302.92509135324508 ], [ 434920.93, 227302.42509135324508 ], [ 434919.43, 227304.42509135324508 ], [ 434917.93, 227304.42509135324508 ], [ 434917.93, 227305.92509135324508 ], [ 434914.43, 227307.42509135324508 ], [ 434913.93, 227308.92509135324508 ], [ 434912.43, 227308.92509135324508 ], [ 434910.93, 227311.42509135324508 ], [ 434907.93, 227311.42509135324508 ], [ 434904.93, 227315.92509135324508 ], [ 434901.43, 227317.42509135324508 ], [ 434900.93, 227318.92509135324508 ], [ 434897.93, 227320.92509135324508 ], [ 434894.93, 227321.42509135324508 ], [ 434892.43, 227324.42509135324508 ], [ 434889.43, 227325.92509135324508 ], [ 434888.93, 227327.92509135324508 ], [ 434884.43, 227329.42509135324508 ], [ 434882.93, 227331.42509135324508 ], [ 434880.93, 227331.42509135324508 ], [ 434879.43, 227333.92509135324508 ], [ 434877.93, 227333.92509135324508 ], [ 434876.93, 227335.92509135324508 ], [ 434875.43, 227335.92509135324508 ], [ 434874.93, 227337.42509135324508 ], [ 434869.93, 227339.92509135324508 ], [ 434869.43, 227341.42509135324508 ], [ 434866.43, 227342.42509135324508 ], [ 434857.93, 227349.42509135324508 ], [ 434855.43, 227349.92509135324508 ], [ 434854.93, 227351.42509135324508 ], [ 434853.43, 227351.42509135324508 ], [ 434853.43, 227352.42509135324508 ], [ 434849.43, 227355.92509135324508 ], [ 434847.93, 227355.92509135324508 ], [ 434845.43, 227358.92509135324508 ], [ 434843.43, 227358.92509135324508 ], [ 434839.43, 227362.92509135324508 ], [ 434837.43, 227363.42509135324508 ], [ 434834.43, 227366.92509135324508 ], [ 434832.43, 227367.42509135324508 ], [ 434830.43, 227370.42509135324508 ], [ 434827.93, 227371.42509135324508 ], [ 434826.93, 227372.92509135324508 ], [ 434825.43, 227372.92509135324508 ], [ 434823.43, 227375.92509135324508 ], [ 434820.93, 227376.42509135324508 ], [ 434820.93, 227377.42509135324508 ], [ 434817.93, 227378.92509135324508 ], [ 434817.43, 227380.42509135324508 ], [ 434814.93, 227380.42509135324508 ], [ 434814.93, 227381.42509135324508 ], [ 434812.93, 227381.42509135324508 ], [ 434809.93, 227383.42509135324508 ], [ 434808.93, 227382.92509135324508 ] ], [ [ 434901.43, 227134.42509135324508 ], [ 434899.43, 227133.92509135324508 ], [ 434898.43, 227132.42509135324508 ], [ 434899.43, 227131.42509135324508 ], [ 434901.93, 227131.42509135324508 ], [ 434902.43, 227129.92509135324508 ], [ 434903.93, 227130.92509135324508 ], [ 434904.93, 227130.42509135324508 ], [ 434905.93, 227131.92509135324508 ], [ 434907.43, 227131.42509135324508 ], [ 434907.43, 227129.92509135324508 ], [ 434910.93, 227130.42509135324508 ], [ 434908.43, 227131.42509135324508 ], [ 434906.43, 227134.42509135324508 ], [ 434901.43, 227134.42509135324508 ] ], [ [ 434896.43, 227135.42509135324508 ], [ 434896.93, 227134.92509135324508 ], [ 434897.93, 227134.92509135324508 ], [ 434897.43, 227135.92509135324508 ], [ 434896.43, 227135.42509135324508 ] ], [ [ 434883.93, 227133.92509135324508 ], [ 434883.93, 227133.42509135324508 ], [ 434884.43, 227133.42509135324508 ], [ 434884.43, 227133.92509135324508 ], [ 434883.93, 227133.92509135324508 ] ], [ [ 434884.43, 227133.92509135324508 ], [ 434884.93, 227133.92509135324508 ], [ 434884.93, 227134.42509135324508 ], [ 434884.43, 227134.42509135324508 ], [ 434884.43, 227133.92509135324508 ] ], [ [ 434883.43, 227137.42509135324508 ], [ 434882.43, 227135.92509135324508 ], [ 434884.43, 227134.92509135324508 ], [ 434883.43, 227136.42509135324508 ], [ 434883.93, 227137.92509135324508 ], [ 434883.43, 227137.42509135324508 ] ], [ [ 434882.93, 227132.42509135324508 ], [ 434883.43, 227132.42509135324508 ], [ 434883.93, 227131.92509135324508 ], [ 434883.93, 227132.92509135324508 ], [ 434882.93, 227132.42509135324508 ] ], [ [ 434883.43, 227130.92509135324508 ], [ 434883.93, 227130.92509135324508 ], [ 434883.93, 227131.42509135324508 ], [ 434883.43, 227131.42509135324508 ], [ 434883.43, 227130.92509135324508 ] ], [ [ 434883.43, 227138.42509135324508 ], [ 434882.93, 227138.42509135324508 ], [ 434882.93, 227137.92509135324508 ], [ 434883.43, 227137.92509135324508 ], [ 434883.43, 227138.42509135324508 ] ], [ [ 434882.93, 227133.42509135324508 ], [ 434882.43, 227133.42509135324508 ], [ 434882.43, 227132.92509135324508 ], [ 434882.93, 227132.92509135324508 ], [ 434882.93, 227133.42509135324508 ] ], [ [ 434881.43, 227138.92509135324508 ], [ 434881.93, 227138.92509135324508 ], [ 434881.93, 227139.42509135324508 ], [ 434881.43, 227139.42509135324508 ], [ 434881.43, 227138.92509135324508 ] ] ], [ [ [ 434759.93, 227157.42509135324508 ], [ 434760.93, 227156.92509135324508 ], [ 434760.43, 227154.42509135324508 ], [ 434759.43, 227153.42509135324508 ], [ 434757.43, 227153.92509135324508 ], [ 434755.93, 227151.92509135324508 ], [ 434753.93, 227152.42509135324508 ], [ 434750.93, 227154.92509135324508 ], [ 434751.43, 227155.92509135324508 ], [ 434753.43, 227154.92509135324508 ], [ 434754.93, 227155.92509135324508 ], [ 434758.43, 227155.92509135324508 ], [ 434758.43, 227156.92509135324508 ], [ 434759.93, 227157.42509135324508 ] ] ] ] } },
{ "type": "Feature", "properties": { "mainhabs": "Deciduous woodland", "habcodes": "DWOOD", "featdesc": null, "featcodes": null, "otherclass": null, "addhabs": null, "primsource": "National Forest Inventory 2023 (DWOOD)", "areaha": "3.04", "version": "Sep_25", "uid": "PHID46138566_019003773", "shape_length": null, "shape_area": null, "site": "hrwallingford", "pid": 0, "method": "grabcut2" }, "geometry": { "type": "Polygon", "coordinates": [ [ [ 461396.589774993888568, 190255.514695178542752 ], [ 461428.089774993888568, 190255.514695178542752 ], [ 461428.089774993888568, 190248.514695178542752 ], [ 461432.089774993888568, 190245.514695178542752 ], [ 461433.089774993888568, 190243.014695178542752 ], [ 461434.089774993888568, 190243.014695178542752 ], [ 461436.089774993888568, 190239.014695178542752 ], [ 461438.089774993888568, 190237.514695178542752 ], [ 461438.089774993888568, 190235.014695178542752 ], [ 461440.089774993888568, 190233.514695178542752 ], [ 461438.589774993888568, 190231.014695178542752 ], [ 461439.089774993888568, 190229.014695178542752 ], [ 461438.089774993888568, 190229.014695178542752 ], [ 461438.089774993888568, 190226.514695178542752 ], [ 461436.089774993888568, 190225.014695178542752 ], [ 461436.089774993888568, 190221.514695178542752 ], [ 461434.089774993888568, 190220.014695178542752 ], [ 461434.089774993888568, 190213.014695178542752 ], [ 461432.089774993888568, 190211.014695178542752 ], [ 461433.089774993888568, 190208.014695178542752 ], [ 461436.089774993888568, 190205.514695178542752 ], [ 461436.089774993888568, 190195.014695178542752 ], [ 461435.089774993888568, 190194.514695178542752 ], [ 461435.089774993888568, 190193.014695178542752 ], [ 461436.089774993888568, 190193.014695178542752 ], [ 461436.089774993888568, 190190.514695178542752 ], [ 461434.089774993888568, 190189.514695178542752 ], [ 461433.089774993888568, 190187.514695178542752 ], [ 461433.089774993888568, 190184.014695178542752 ], [ 461435.089774993888568, 190183.514695178542752 ], [ 461435.089774993888568, 190180.514695178542752 ], [ 461434.089774993888568, 190180.014695178542752 ], [ 461434.089774993888568, 190175.514695178542752 ], [ 461433.089774993888568, 190174.014695178542752 ], [ 461432.589774993888568, 190169.514695178542752 ], [ 461431.089774993888568, 190168.514695178542752 ], [ 461432.089774993888568, 190167.514695178542752 ], [ 461432.089774993888568, 190164.014695178542752 ], [ 461428.589774993888568, 190163.514695178542752 ], [ 461427.589774993888568, 190164.514695178542752 ], [ 461424.589774993888568, 190161.514695178542752 ], [ 461424.589774993888568, 190158.514695178542752 ], [ 461428.089774993888568, 190155.514695178542752 ], [ 461440.089774993888568, 190157.014695178542752 ], [ 461442.089774993888568, 190154.014695178542752 ], [ 461448.589774993888568, 190153.014695178542752 ], [ 461449.089774993888568, 190152.014695178542752 ], [ 461452.589774993888568, 190151.014695178542752 ], [ 461452.589774993888568, 190150.014695178542752 ], [ 461471.089774993888568, 190150.014695178542752 ], [ 461471.589774993888568, 190149.014695178542752 ], [ 461473.589774993888568, 190149.514695178542752 ], [ 461476.089774993888568, 190148.014695178542752 ], [ 461476.089774993888568, 190146.014695178542752 ], [ 461477.589774993888568, 190145.014695178542752 ], [ 461477.089774993888568, 190143.014695178542752 ], [ 461476.089774993888568, 190142.514695178542752 ], [ 461475.089774993888568, 190139.014695178542752 ], [ 461473.089774993888568, 190137.014695178542752 ], [ 461473.089774993888568, 190135.514695178542752 ], [ 461471.089774993888568, 190133.514695178542752 ], [ 461470.589774993888568, 190131.514695178542752 ], [ 461473.589774993888568, 190127.514695178542752 ], [ 461475.089774993888568, 190127.514695178542752 ], [ 461479.089774993888568, 190123.514695178542752 ], [ 461479.089774993888568, 190122.514695178542752 ], [ 461482.089774993888568, 190121.514695178542752 ], [ 461483.089774993888568, 190118.014695178542752 ], [ 461485.089774993888568, 190118.014695178542752 ], [ 461486.589774993888568, 190116.514695178542752 ], [ 461485.089774993888568, 190112.014695178542752 ], [ 461481.589774993888568, 190111.514695178542752 ], [ 461482.089774993888568, 190110.514695178542752 ], [ 461483.089774993888568, 190111.014695178542752 ], [ 461483.089774993888568, 190110.014695178542752 ], [ 461484.089774993888568, 190110.014695178542752 ], [ 461484.089774993888568, 190108.014695178542752 ], [ 461482.089774993888568, 190107.014695178542752 ], [ 461480.589774993888568, 190102.514695178542752 ], [ 461481.089774993888568, 190100.014695178542752 ], [ 461482.089774993888568, 190100.014695178542752 ], [ 461481.089774993888568, 190098.514695178542752 ], [ 461481.089774993888568, 190095.514695178542752 ], [ 461483.089774993888568, 190093.014695178542752 ], [ 461483.089774993888568, 190091.514695178542752 ], [ 461484.089774993888568, 190091.514695178542752 ], [ 461483.589774993888568, 190089.514695178542752 ], [ 461484.589774993888568, 190089.014695178542752 ], [ 461484.589774993888568, 190070.514695178542752 ], [ 461480.089774993888568, 190063.514695178542752 ], [ 461479.589774993888568, 190060.014695178542752 ], [ 461470.089774993888568, 190050.514695178542752 ], [ 461466.589774993888568, 190049.514695178542752 ], [ 461465.589774993888568, 190046.014695178542752 ], [ 461462.589774993888568, 190043.514695178542752 ], [ 461462.589774993888568, 190040.014695178542752 ], [ 461460.589774993888568, 190038.514695178542752 ], [ 461461.589774993888568, 190035.014695178542752 ], [ 461460.589774993888568, 190033.014695178542752 ], [ 461459.089774993888568, 190032.514695178542752 ], [ 461457.589774993888568, 190034.014695178542752 ], [ 461456.589774993888568, 190032.014695178542752 ], [ 461454.089774993888568, 190031.514695178542752 ], [ 461452.589774993888568, 190030.014695178542752 ], [ 461451.589774993888568, 190026.014695178542752 ], [ 461452.589774993888568, 190022.014695178542752 ], [ 461451.589774993888568, 190021.014695178542752 ], [ 461451.589774993888568, 190017.014695178542752 ], [ 461445.089774993888568, 190010.514695178542752 ], [ 461444.589774993888568, 190008.514695178542752 ], [ 461445.089774993888568, 190004.014695178542752 ], [ 461446.089774993888568, 190003.014695178542752 ], [ 461448.589774993888568, 190003.014695178542752 ], [ 461448.589774993888568, 190001.014695178542752 ], [ 461450.589774993888568, 189999.514695178542752 ], [ 461451.089774993888568, 189997.014695178542752 ], [ 461451.089774993888568, 189995.514695178542752 ], [ 461449.589774993888568, 189994.514695178542752 ], [ 461450.089774993888568, 189990.014695178542752 ], [ 461449.089774993888568, 189985.014695178542752 ], [ 461447.589774993888568, 189983.514695178542752 ], [ 461447.589774993888568, 189978.514695178542752 ], [ 461441.089774993888568, 189972.014695178542752 ], [ 461441.089774993888568, 189970.014695178542752 ], [ 461439.089774993888568, 189967.514695178542752 ], [ 461439.089774993888568, 189962.514695178542752 ], [ 461432.589774993888568, 189954.514695178542752 ], [ 461430.089774993888568, 189953.514695178542752 ], [ 461427.089774993888568, 189951.014695178542752 ], [ 461427.089774993888568, 189950.014695178542752 ], [ 461423.089774993888568, 189947.514695178542752 ], [ 461415.589774993888568, 189946.014695178542752 ], [ 461414.589774993888568, 189944.514695178542752 ], [ 461411.089774993888568, 189944.514695178542752 ], [ 461407.589774993888568, 189941.514695178542752 ], [ 461404.089774993888568, 189941.514695178542752 ], [ 461400.589774993888568, 189937.514695178542752 ], [ 461391.089774993888568, 189937.014695178542752 ], [ 461387.089774993888568, 189935.014695178542752 ], [ 461384.589774993888568, 189935.014695178542752 ], [ 461384.089774993888568, 189934.014695178542752 ], [ 461379.589774993888568, 189934.014695178542752 ], [ 461377.089774993888568, 189932.014695178542752 ], [ 461375.589774993888568, 189932.014695178542752 ], [ 461373.589774993888568, 189928.014695178542752 ], [ 461372.089774993888568, 189928.014695178542752 ], [ 461369.589774993888568, 189924.514695178542752 ], [ 461368.589774993888568, 189924.514695178542752 ], [ 461368.589774993888568, 189923.514695178542752 ], [ 461365.589774993888568, 189922.514695178542752 ], [ 461365.589774993888568, 189921.514695178542752 ], [ 461363.089774993888568, 189920.514695178542752 ], [ 461362.089774993888568, 189918.514695178542752 ], [ 461360.589774993888568, 189918.514695178542752 ], [ 461358.089774993888568, 189915.514695178542752 ], [ 461347.089774993888568, 189916.014695178542752 ], [ 461343.089774993888568, 189915.514695178542752 ], [ 461342.589774993888568, 189914.514695178542752 ], [ 461337.589774993888568, 189914.514695178542752 ], [ 461337.089774993888568, 189915.514695178542752 ], [ 461331.589774993888568, 189915.514695178542752 ], [ 461331.589774993888568, 189914.514695178542752 ], [ 461329.589774993888568, 189914.514695178542752 ], [ 461329.589774993888568, 189913.514695178542752 ], [ 461326.589774993888568, 189913.514695178542752 ], [ 461326.589774993888568, 189912.514695178542752 ], [ 461315.089774993888568, 189912.514695178542752 ], [ 461313.089774993888568, 189911.014695178542752 ], [ 461309.089774993888568, 189910.514695178542752 ], [ 461309.089774993888568, 189909.514695178542752 ], [ 461307.089774993888568, 189909.514695178542752 ], [ 461306.589774993888568, 189908.514695178542752 ], [ 461306.089774993888568, 189909.514695178542752 ], [ 461304.089774993888568, 189909.014695178542752 ], [ 461301.089774993888568, 189911.514695178542752 ], [ 461301.089774993888568, 189913.514695178542752 ], [ 461297.589774993888568, 189916.014695178542752 ], [ 461297.589774993888568, 189918.014695178542752 ], [ 461295.589774993888568, 189920.514695178542752 ], [ 461296.589774993888568, 189922.014695178542752 ], [ 461296.589774993888568, 189924.514695178542752 ], [ 461297.589774993888568, 189924.514695178542752 ], [ 461298.089774993888568, 189926.014695178542752 ], [ 461297.589774993888568, 189930.514695178542752 ], [ 461299.089774993888568, 189931.514695178542752 ], [ 461299.589774993888568, 189936.014695178542752 ], [ 461300.589774993888568, 189936.014695178542752 ], [ 461300.589774993888568, 189940.014695178542752 ], [ 461302.089774993888568, 189942.014695178542752 ], [ 461303.089774993888568, 189942.014695178542752 ], [ 461303.089774993888568, 189947.014695178542752 ], [ 461307.089774993888568, 189951.014695178542752 ], [ 461305.589774993888568, 189956.014695178542752 ], [ 461308.089774993888568, 189968.014695178542752 ], [ 461310.089774993888568, 189970.014695178542752 ], [ 461310.089774993888568, 189972.014695178542752 ], [ 461311.089774993888568, 189972.014695178542752 ], [ 461312.089774993888568, 189975.514695178542752 ], [ 461315.089774993888568, 189979.514695178542752 ], [ 461315.089774993888568, 189982.014695178542752 ], [ 461316.089774993888568, 189982.014695178542752 ], [ 461315.589774993888568, 189991.014695178542752 ], [ 461317.089774993888568, 189994.514695178542752 ], [ 461318.089774993888568, 189994.514695178542752 ], [ 461319.089774993888568, 189996.514695178542752 ], [ 461319.089774993888568, 189999.514695178542752 ], [ 461320.089774993888568, 190000.014695178542752 ], [ 461320.089774993888568, 190002.514695178542752 ], [ 461321.089774993888568, 190003.014695178542752 ], [ 461321.089774993888568, 190007.514695178542752 ], [ 461322.589774993888568, 190010.514695178542752 ], [ 461323.589774993888568, 190010.514695178542752 ], [ 461323.589774993888568, 190014.014695178542752 ], [ 461324.589774993888568, 190016.014695178542752 ], [ 461325.089774993888568, 190021.514695178542752 ], [ 461323.089774993888568, 190023.514695178542752 ], [ 461323.089774993888568, 190026.014695178542752 ], [ 461326.589774993888568, 190029.514695178542752 ], [ 461326.589774993888568, 190031.014695178542752 ], [ 461327.589774993888568, 190031.014695178542752 ], [ 461327.589774993888568, 190035.514695178542752 ], [ 461330.589774993888568, 190038.014695178542752 ], [ 461330.589774993888568, 190042.014695178542752 ], [ 461331.589774993888568, 190042.514695178542752 ], [ 461331.589774993888568, 190044.014695178542752 ], [ 461330.089774993888568, 190045.514695178542752 ], [ 461331.089774993888568, 190052.014695178542752 ], [ 461334.589774993888568, 190055.014695178542752 ], [ 461334.589774993888568, 190056.014695178542752 ], [ 461335.589774993888568, 190056.014695178542752 ], [ 461336.589774993888568, 190060.014695178542752 ], [ 461336.589774993888568, 190072.014695178542752 ], [ 461337.589774993888568, 190074.014695178542752 ], [ 461339.589774993888568, 190075.014695178542752 ], [ 461339.089774993888568, 190076.014695178542752 ], [ 461340.589774993888568, 190077.514695178542752 ], [ 461340.589774993888568, 190079.014695178542752 ], [ 461342.589774993888568, 190079.514695178542752 ], [ 461346.089774993888568, 190083.014695178542752 ], [ 461347.089774993888568, 190085.514695178542752 ], [ 461348.089774993888568, 190085.514695178542752 ], [ 461350.089774993888568, 190088.514695178542752 ], [ 461350.089774993888568, 190091.014695178542752 ], [ 461352.089774993888568, 190093.014695178542752 ], [ 461352.089774993888568, 190097.514695178542752 ], [ 461354.089774993888568, 190100.514695178542752 ], [ 461354.089774993888568, 190103.514695178542752 ], [ 461355.589774993888568, 190105.014695178542752 ], [ 461355.589774993888568, 190110.014695178542752 ], [ 461358.089774993888568, 190112.014695178542752 ], [ 461358.089774993888568, 190113.514695178542752 ], [ 461361.089774993888568, 190116.514695178542752 ], [ 461361.089774993888568, 190119.514695178542752 ], [ 461362.089774993888568, 190119.514695178542752 ], [ 461361.089774993888568, 190121.014695178542752 ], [ 461362.089774993888568, 190125.014695178542752 ], [ 461361.089774993888568, 190127.014695178542752 ], [ 461363.589774993888568, 190129.014695178542752 ], [ 461363.089774993888568, 190131.514695178542752 ], [ 461366.589774993888568, 190135.514695178542752 ], [ 461366.589774993888568, 190138.514695178542752 ], [ 461370.589774993888568, 190142.014695178542752 ], [ 461369.589774993888568, 190145.514695178542752 ], [ 461370.589774993888568, 190146.514695178542752 ], [ 461368.589774993888568, 190148.514695178542752 ], [ 461369.589774993888568, 190150.014695178542752 ], [ 461369.589774993888568, 190153.014695178542752 ], [ 461367.589774993888568, 190155.014695178542752 ], [ 461368.589774993888568, 190155.014695178542752 ], [ 461368.589774993888568, 190159.014695178542752 ], [ 461369.589774993888568, 190160.014695178542752 ], [ 461369.089774993888568, 190163.514695178542752 ], [ 461371.589774993888568, 190166.014695178542752 ], [ 461370.589774993888568, 190168.014695178542752 ], [ 461371.589774993888568, 190168.514695178542752 ], [ 461372.589774993888568, 190173.514695178542752 ], [ 461371.589774993888568, 190175.514695178542752 ], [ 461371.589774993888568, 190179.014695178542752 ], [ 461372.589774993888568, 190179.514695178542752 ], [ 461373.089774993888568, 190181.514695178542752 ], [ 461374.089774993888568, 190181.514695178542752 ], [ 461381.589774993888568, 190188.514695178542752 ], [ 461383.089774993888568, 190194.014695178542752 ], [ 461386.089774993888568, 190198.014695178542752 ], [ 461387.089774993888568, 190214.514695178542752 ], [ 461389.089774993888568, 190217.014695178542752 ], [ 461389.089774993888568, 190219.514695178542752 ], [ 461391.089774993888568, 190220.514695178542752 ], [ 461393.089774993888568, 190223.514695178542752 ], [ 461393.089774993888568, 190226.014695178542752 ], [ 461394.089774993888568, 190227.014695178542752 ], [ 461394.089774993888568, 190229.514695178542752 ], [ 461392.089774993888568, 190230.514695178542752 ], [ 461392.089774993888568, 190234.514695178542752 ], [ 461394.089774993888568, 190237.014695178542752 ], [ 461395.089774993888568, 190242.514695178542752 ], [ 461396.089774993888568, 190243.014695178542752 ], [ 461396.089774993888568, 190248.014695178542752 ], [ 461395.089774993888568, 190249.014695178542752 ], [ 461396.589774993888568, 190255.514695178542752 ] ] ] } },
{ "type": "Feature", "properties": { "mainhabs": "Deciduous woodland", "habcodes": "DWOOD", "featdesc": null, "featcodes": null, "otherclass": null, "addhabs": null, "primsource": "National Forest Inventory 2023 (DWOOD)", "areaha": "0.58", "version": "Sep_25", "uid": "PHID46191002_019019464", "shape_length": null, "shape_area": null, "site": "hrwallingford", "pid": 1, "method": "grabcut2" }, "geometry": { "type": "Polygon", "coordinates": [ [ [ 461874.589774993888568, 190247.514695178542752 ], [ 461882.089774993888568, 190247.514695178542752 ], [ 461883.089774993888568, 190246.014695178542752 ], [ 461885.589774993888568, 190245.514695178542752 ], [ 461885.589774993888568, 190244.514695178542752 ], [ 461887.589774993888568, 190245.014695178542752 ], [ 461888.089774993888568, 190244.014695178542752 ], [ 461890.589774993888568, 190244.014695178542752 ], [ 461896.089774993888568, 190238.014695178542752 ], [ 461897.589774993888568, 190239.014695178542752 ], [ 461899.089774993888568, 190237.514695178542752 ], [ 461899.089774993888568, 190232.014695178542752 ], [ 461906.089774993888568, 190227.014695178542752 ], [ 461913.589774993888568, 190227.014695178542752 ], [ 461914.589774993888568, 190226.014695178542752 ], [ 461917.589774993888568, 190228.014695178542752 ], [ 461919.589774993888568, 190228.014695178542752 ], [ 461920.089774993888568, 190227.014695178542752 ], [ 461923.589774993888568, 190226.514695178542752 ], [ 461925.589774993888568, 190227.514695178542752 ], [ 461927.589774993888568, 190226.014695178542752 ], [ 461933.589774993888568, 190225.014695178542752 ], [ 461933.089774993888568, 190222.514695178542752 ], [ 461932.089774993888568, 190222.014695178542752 ], [ 461932.089774993888568, 190211.514695178542752 ], [ 461929.089774993888568, 190208.514695178542752 ], [ 461932.089774993888568, 190206.514695178542752 ], [ 461934.089774993888568, 190201.014695178542752 ], [ 461935.089774993888568, 190201.014695178542752 ], [ 461935.089774993888568, 190200.014695178542752 ], [ 461937.089774993888568, 190198.514695178542752 ], [ 461936.089774993888568, 190194.014695178542752 ], [ 461933.089774993888568, 190193.014695178542752 ], [ 461933.089774993888568, 190191.014695178542752 ], [ 461932.089774993888568, 190191.014695178542752 ], [ 461932.089774993888568, 190190.014695178542752 ], [ 461933.089774993888568, 190190.014695178542752 ], [ 461933.089774993888568, 190187.514695178542752 ], [ 461932.089774993888568, 190187.014695178542752 ], [ 461932.589774993888568, 190185.014695178542752 ], [ 461930.589774993888568, 190182.014695178542752 ], [ 461931.089774993888568, 190180.014695178542752 ], [ 461926.589774993888568, 190177.514695178542752 ], [ 461925.589774993888568, 190175.514695178542752 ], [ 461923.589774993888568, 190175.514695178542752 ], [ 461923.589774993888568, 190174.514695178542752 ], [ 461919.589774993888568, 190174.514695178542752 ], [ 461917.589774993888568, 190171.514695178542752 ], [ 461914.089774993888568, 190171.514695178542752 ], [ 461915.089774993888568, 190168.014695178542752 ], [ 461910.589774993888568, 190165.514695178542752 ], [ 461910.589774993888568, 190161.014695178542752 ], [ 461909.589774993888568, 190160.514695178542752 ], [ 461908.089774993888568, 190154.014695178542752 ], [ 461907.089774993888568, 190154.014695178542752 ], [ 461907.089774993888568, 190153.014695178542752 ], [ 461904.089774993888568, 190151.514695178542752 ], [ 461900.089774993888568, 190153.014695178542752 ], [ 461899.089774993888568, 190155.014695178542752 ], [ 461897.089774993888568, 190155.014695178542752 ], [ 461895.589774993888568, 190148.514695178542752 ], [ 461894.089774993888568, 190147.514695178542752 ], [ 461891.589774993888568, 190147.514695178542752 ], [ 461888.089774993888568, 190145.014695178542752 ], [ 461884.589774993888568, 190145.014695178542752 ], [ 461882.089774993888568, 190143.514695178542752 ], [ 461879.089774993888568, 190144.014695178542752 ], [ 461877.589774993888568, 190146.014695178542752 ], [ 461877.589774993888568, 190149.014695178542752 ], [ 461878.589774993888568, 190150.514695178542752 ], [ 461876.089774993888568, 190154.514695178542752 ], [ 461876.589774993888568, 190158.014695178542752 ], [ 461877.589774993888568, 190158.514695178542752 ], [ 461877.589774993888568, 190162.514695178542752 ], [ 461879.089774993888568, 190164.514695178542752 ], [ 461877.089774993888568, 190170.014695178542752 ], [ 461877.589774993888568, 190172.514695178542752 ], [ 461874.589774993888568, 190173.514695178542752 ], [ 461874.589774993888568, 190179.514695178542752 ], [ 461878.589774993888568, 190182.014695178542752 ], [ 461878.589774993888568, 190184.014695178542752 ], [ 461882.089774993888568, 190187.014695178542752 ], [ 461883.589774993888568, 190191.014695178542752 ], [ 461884.589774993888568, 190191.014695178542752 ], [ 461884.589774993888568, 190197.014695178542752 ], [ 461885.589774993888568, 190198.514695178542752 ], [ 461879.589774993888568, 190204.514695178542752 ], [ 461868.589774993888568, 190204.514695178542752 ], [ 461867.589774993888568, 190205.514695178542752 ], [ 461859.089774993888568, 190206.014695178542752 ], [ 461857.589774993888568, 190207.514695178542752 ], [ 461851.089774993888568, 190207.514695178542752 ], [ 461851.089774993888568, 190208.514695178542752 ], [ 461841.589774993888568, 190208.014695178542752 ], [ 461837.089774993888568, 190212.514695178542752 ], [ 461834.589774993888568, 190212.514695178542752 ], [ 461831.589774993888568, 190214.514695178542752 ], [ 461829.589774993888568, 190214.514695178542752 ], [ 461828.589774993888568, 190216.514695178542752 ], [ 461827.589774993888568, 190216.514695178542752 ], [ 461827.589774993888568, 190218.014695178542752 ], [ 461824.089774993888568, 190220.514695178542752 ], [ 461824.089774993888568, 190221.514695178542752 ], [ 461821.589774993888568, 190221.514695178542752 ], [ 461819.589774993888568, 190224.014695178542752 ], [ 461817.589774993888568, 190224.014695178542752 ], [ 461816.089774993888568, 190225.514695178542752 ], [ 461809.589774993888568, 190226.014695178542752 ], [ 461807.589774993888568, 190227.514695178542752 ], [ 461807.589774993888568, 190231.014695178542752 ], [ 461814.089774993888568, 190231.014695178542752 ], [ 461814.089774993888568, 190232.014695178542752 ], [ 461816.589774993888568, 190234.014695178542752 ], [ 461819.589774993888568, 190231.014695178542752 ], [ 461822.089774993888568, 190231.014695178542752 ], [ 461824.089774993888568, 190234.014695178542752 ], [ 461827.589774993888568, 190235.514695178542752 ], [ 461834.589774993888568, 190234.014695178542752 ], [ 461836.589774993888568, 190236.014695178542752 ], [ 461839.089774993888568, 190236.014695178542752 ], [ 461840.089774993888568, 190234.514695178542752 ], [ 461843.589774993888568, 190234.014695178542752 ], [ 461844.589774993888568, 190232.014695178542752 ], [ 461848.089774993888568, 190232.014695178542752 ], [ 461849.089774993888568, 190233.514695178542752 ], [ 461851.089774993888568, 190233.014695178542752 ], [ 461855.089774993888568, 190238.014695178542752 ], [ 461859.089774993888568, 190238.014695178542752 ], [ 461860.089774993888568, 190240.014695178542752 ], [ 461861.589774993888568, 190240.014695178542752 ], [ 461864.089774993888568, 190243.014695178542752 ], [ 461871.589774993888568, 190244.014695178542752 ], [ 461872.589774993888568, 190246.514695178542752 ], [ 461874.589774993888568, 190247.514695178542752 ] ] ] } },
{ "type": "Feature", "properties": { "mainhabs": "Good quality semi improved grassland", "habcodes": "GQSIG", "featdesc": null, "featcodes": null, "otherclass": null, "addhabs": null, "primsource": "Feedback from Natural England adviser or specialist 2023 (GQSIG)", "areaha": "0.63", "version": "Sep_25", "uid": "PHID46166897_019005795", "shape_length": null, "shape_area": null, "site": "hrwallingford", "pid": 2, "method": "grabcut2" }, "geometry": { "type": "Polygon", "coordinates": [ [ [ 461671.089774993888568, 190109.014695178542752 ], [ 461680.589774993888568, 190109.014695178542752 ], [ 461683.589774993888568, 190106.014695178542752 ], [ 461686.089774993888568, 190106.014695178542752 ], [ 461686.589774993888568, 190105.014695178542752 ], [ 461691.089774993888568, 190104.514695178542752 ], [ 461692.089774993888568, 190103.014695178542752 ], [ 461695.589774993888568, 190102.514695178542752 ], [ 461698.589774993888568, 190099.014695178542752 ], [ 461701.589774993888568, 190099.014695178542752 ], [ 461701.589774993888568, 190098.014695178542752 ], [ 461704.589774993888568, 190096.514695178542752 ], [ 461704.589774993888568, 190095.514695178542752 ], [ 461707.089774993888568, 190094.514695178542752 ], [ 461719.589774993888568, 190093.514695178542752 ], [ 461719.589774993888568, 190092.514695178542752 ], [ 461725.089774993888568, 190091.014695178542752 ], [ 461726.589774993888568, 190089.014695178542752 ], [ 461730.589774993888568, 190088.514695178542752 ], [ 461731.089774993888568, 190086.514695178542752 ], [ 461733.089774993888568, 190085.514695178542752 ], [ 461730.089774993888568, 190085.014695178542752 ], [ 461726.089774993888568, 190068.014695178542752 ], [ 461723.089774993888568, 190060.014695178542752 ], [ 461722.089774993888568, 190053.514695178542752 ], [ 461721.089774993888568, 190052.514695178542752 ], [ 461720.089774993888568, 190046.514695178542752 ], [ 461718.589774993888568, 190044.514695178542752 ], [ 461717.589774993888568, 190038.514695178542752 ], [ 461715.589774993888568, 190034.014695178542752 ], [ 461715.589774993888568, 190032.514695178542752 ], [ 461718.089774993888568, 190030.014695178542752 ], [ 461721.589774993888568, 190029.514695178542752 ], [ 461721.089774993888568, 190028.014695178542752 ], [ 461720.089774993888568, 190028.014695178542752 ], [ 461716.589774993888568, 190024.014695178542752 ], [ 461713.589774993888568, 190022.514695178542752 ], [ 461706.089774993888568, 190022.514695178542752 ], [ 461705.089774993888568, 190023.514695178542752 ], [ 461699.589774993888568, 190024.014695178542752 ], [ 461699.089774993888568, 190025.014695178542752 ], [ 461694.589774993888568, 190025.014695178542752 ], [ 461690.089774993888568, 190028.014695178542752 ], [ 461690.089774993888568, 190029.014695178542752 ], [ 461689.089774993888568, 190029.014695178542752 ], [ 461689.089774993888568, 190030.014695178542752 ], [ 461688.089774993888568, 190030.014695178542752 ], [ 461686.089774993888568, 190032.514695178542752 ], [ 461681.589774993888568, 190033.014695178542752 ], [ 461678.589774993888568, 190037.014695178542752 ], [ 461668.589774993888568, 190036.514695178542752 ], [ 461665.589774993888568, 190039.514695178542752 ], [ 461664.589774993888568, 190043.514695178542752 ], [ 461663.089774993888568, 190045.514695178542752 ], [ 461659.589774993888568, 190046.514695178542752 ], [ 461659.589774993888568, 190047.514695178542752 ], [ 461656.589774993888568, 190048.514695178542752 ], [ 461654.589774993888568, 190051.014695178542752 ], [ 461645.589774993888568, 190054.514695178542752 ], [ 461638.089774993888568, 190060.514695178542752 ], [ 461638.089774993888568, 190070.514695178542752 ], [ 461643.589774993888568, 190075.014695178542752 ], [ 461653.089774993888568, 190075.014695178542752 ], [ 461657.589774993888568, 190079.514695178542752 ], [ 461658.589774993888568, 190084.514695178542752 ], [ 461659.589774993888568, 190084.514695178542752 ], [ 461662.589774993888568, 190091.514695178542752 ], [ 461662.589774993888568, 190098.014695178542752 ], [ 461663.589774993888568, 190099.014695178542752 ], [ 461663.589774993888568, 190101.014695178542752 ], [ 461664.589774993888568, 190101.014695178542752 ], [ 461664.589774993888568, 190102.514695178542752 ], [ 461671.089774993888568, 190109.014695178542752 ] ] ] } },
{ "type": "Feature", "properties": { "mainhabs": "Good quality semi improved grassland", "habcodes": "GQSIG", "featdesc": null, "featcodes": null, "otherclass": null, "addhabs": null, "primsource": "Feedback from Natural England adviser or specialist 2023 (GQSIG)", "areaha": "0.52", "version": "Sep_25", "uid": "PHID46176536_019004125", "shape_length": null, "shape_area": null, "site": "hrwallingford", "pid": 3, "method": "grabcut2" }, "geometry": { "type": "Polygon", "coordinates": [ [ [ 461730.089774993888568, 190085.014695178542752 ], [ 461734.089774993888568, 190084.514695178542752 ], [ 461736.089774993888568, 190081.014695178542752 ], [ 461744.589774993888568, 190080.514695178542752 ], [ 461746.589774993888568, 190077.514695178542752 ], [ 461752.589774993888568, 190077.014695178542752 ], [ 461754.589774993888568, 190074.014695178542752 ], [ 461757.589774993888568, 190073.014695178542752 ], [ 461757.589774993888568, 190072.014695178542752 ], [ 461763.589774993888568, 190071.514695178542752 ], [ 461767.089774993888568, 190069.014695178542752 ], [ 461783.589774993888568, 190068.514695178542752 ], [ 461786.589774993888568, 190065.514695178542752 ], [ 461788.089774993888568, 190065.514695178542752 ], [ 461801.589774993888568, 190052.014695178542752 ], [ 461801.589774993888568, 190047.014695178542752 ], [ 461802.589774993888568, 190046.514695178542752 ], [ 461802.589774993888568, 190044.514695178542752 ], [ 461803.589774993888568, 190044.514695178542752 ], [ 461803.589774993888568, 190030.014695178542752 ], [ 461800.589774993888568, 190026.014695178542752 ], [ 461799.589774993888568, 190026.014695178542752 ], [ 461799.589774993888568, 190025.014695178542752 ], [ 461798.589774993888568, 190025.014695178542752 ], [ 461798.589774993888568, 190024.014695178542752 ], [ 461797.589774993888568, 190024.014695178542752 ], [ 461797.589774993888568, 190023.014695178542752 ], [ 461796.589774993888568, 190023.014695178542752 ], [ 461796.589774993888568, 190022.014695178542752 ], [ 461795.589774993888568, 190022.014695178542752 ], [ 461795.589774993888568, 190021.014695178542752 ], [ 461794.589774993888568, 190021.014695178542752 ], [ 461794.589774993888568, 190020.014695178542752 ], [ 461793.589774993888568, 190020.014695178542752 ], [ 461793.589774993888568, 190019.014695178542752 ], [ 461792.589774993888568, 190019.014695178542752 ], [ 461792.589774993888568, 190018.014695178542752 ], [ 461791.589774993888568, 190018.014695178542752 ], [ 461791.589774993888568, 190017.014695178542752 ], [ 461790.589774993888568, 190017.014695178542752 ], [ 461790.589774993888568, 190016.014695178542752 ], [ 461789.589774993888568, 190016.014695178542752 ], [ 461789.589774993888568, 190015.014695178542752 ], [ 461787.589774993888568, 190013.514695178542752 ], [ 461787.589774993888568, 190012.514695178542752 ], [ 461786.589774993888568, 190012.514695178542752 ], [ 461786.589774993888568, 190011.514695178542752 ], [ 461785.589774993888568, 190011.514695178542752 ], [ 461784.589774993888568, 190009.514695178542752 ], [ 461782.089774993888568, 190009.514695178542752 ], [ 461775.589774993888568, 190012.014695178542752 ], [ 461773.089774993888568, 190011.514695178542752 ], [ 461770.089774993888568, 190015.014695178542752 ], [ 461761.589774993888568, 190017.014695178542752 ], [ 461761.589774993888568, 190018.014695178542752 ], [ 461756.089774993888568, 190020.014695178542752 ], [ 461755.589774993888568, 190021.014695178542752 ], [ 461753.089774993888568, 190021.014695178542752 ], [ 461745.589774993888568, 190024.014695178542752 ], [ 461745.589774993888568, 190025.014695178542752 ], [ 461744.089774993888568, 190025.014695178542752 ], [ 461743.589774993888568, 190026.014695178542752 ], [ 461740.589774993888568, 190026.014695178542752 ], [ 461740.089774993888568, 190027.014695178542752 ], [ 461738.089774993888568, 190027.014695178542752 ], [ 461737.089774993888568, 190028.014695178542752 ], [ 461732.589774993888568, 190027.014695178542752 ], [ 461732.089774993888568, 190028.014695178542752 ], [ 461724.089774993888568, 190028.014695178542752 ], [ 461721.089774993888568, 190030.014695178542752 ], [ 461718.089774993888568, 190030.014695178542752 ], [ 461715.589774993888568, 190032.514695178542752 ], [ 461728.589774993888568, 190077.014695178542752 ], [ 461730.089774993888568, 190085.014695178542752 ] ] ] } },
{ "type": "Feature", "properties": { "mainhabs": "Coastal vegetated shingle", "habcodes": "CVSHI", "featdesc": null, "featcodes": null, "otherclass": null, "addhabs": null, "primsource": "exeGesIS and Pat Doody - 1990 Phase 2 Inventory (CVSHI)", "areaha": "10.22", "version": "Sep_25", "uid": "PHID59291584_018412604", "shape_length": null, "shape_area": null, "site": "essex", "pid": 0, "method": "grabcut2" }, "geometry": { "type": "Polygon", "coordinates": [ [ [ 592981.261382979224436, 184288.653181609057356 ], [ 592984.261382979224436, 184287.153181609057356 ], [ 592984.761382979224436, 184282.653181609057356 ], [ 592985.761382979224436, 184281.153181609057356 ], [ 592989.761382979224436, 184281.153181609057356 ], [ 592990.261382979224436, 184280.153181609057356 ], [ 592992.761382979224436, 184280.153181609057356 ], [ 592993.761382979224436, 184278.653181609057356 ], [ 592995.261382979224436, 184278.653181609057356 ], [ 592996.261382979224436, 184277.153181609057356 ], [ 593003.261382979224436, 184275.653181609057356 ], [ 593003.261382979224436, 184274.653181609057356 ], [ 593009.261382979224436, 184271.153181609057356 ], [ 593010.761382979224436, 184271.153181609057356 ], [ 593013.261382979224436, 184268.653181609057356 ], [ 593020.761382979224436, 184266.653181609057356 ], [ 593021.761382979224436, 184265.153181609057356 ], [ 593029.261382979224436, 184264.153181609057356 ], [ 593029.261382979224436, 184263.153181609057356 ], [ 593031.261382979224436, 184262.653181609057356 ], [ 593033.761382979224436, 184259.653181609057356 ], [ 593035.261382979224436, 184259.153181609057356 ], [ 593035.261382979224436, 184258.153181609057356 ], [ 593036.761382979224436, 184257.653181609057356 ], [ 593037.261382979224436, 184256.153181609057356 ], [ 593038.261382979224436, 184256.653181609057356 ], [ 593038.261382979224436, 184260.153181609057356 ], [ 593039.261382979224436, 184261.153181609057356 ], [ 593042.761382979224436, 184261.153181609057356 ], [ 593043.261382979224436, 184262.153181609057356 ], [ 593054.261382979224436, 184262.153181609057356 ], [ 593082.261382979224436, 184259.653181609057356 ], [ 593095.761382979224436, 184260.153181609057356 ], [ 593136.761382979224436, 184258.153181609057356 ], [ 593137.261382979224436, 184256.653181609057356 ], [ 593138.761382979224436, 184256.153181609057356 ], [ 593146.761382979224436, 184256.653181609057356 ], [ 593148.761382979224436, 184257.653181609057356 ], [ 593167.261382979224436, 184256.653181609057356 ], [ 593196.761382979224436, 184250.653181609057356 ], [ 593197.261382979224436, 184249.153181609057356 ], [ 593199.261382979224436, 184248.653181609057356 ], [ 593201.261382979224436, 184246.653181609057356 ], [ 593202.761382979224436, 184243.153181609057356 ], [ 593202.261382979224436, 184236.653181609057356 ], [ 593199.761382979224436, 184234.153181609057356 ], [ 593199.761382979224436, 184227.153181609057356 ], [ 593198.761382979224436, 184226.153181609057356 ], [ 593199.261382979224436, 184224.653181609057356 ], [ 593198.261382979224436, 184222.153181609057356 ], [ 593196.261382979224436, 184221.653181609057356 ], [ 593194.261382979224436, 184219.153181609057356 ], [ 593190.261382979224436, 184221.653181609057356 ], [ 593187.761382979224436, 184219.653181609057356 ], [ 593186.761382979224436, 184220.153181609057356 ], [ 593184.761382979224436, 184217.653181609057356 ], [ 593184.761382979224436, 184214.653181609057356 ], [ 593183.761382979224436, 184214.653181609057356 ], [ 593183.761382979224436, 184209.153181609057356 ], [ 593182.261382979224436, 184208.653181609057356 ], [ 593180.761382979224436, 184206.153181609057356 ], [ 593180.761382979224436, 184196.653181609057356 ], [ 593178.261382979224436, 184193.153181609057356 ], [ 593177.761382979224436, 184185.153181609057356 ], [ 593176.261382979224436, 184182.653181609057356 ], [ 593176.261382979224436, 184177.153181609057356 ], [ 593175.761382979224436, 184175.153181609057356 ], [ 593174.761382979224436, 184174.653181609057356 ], [ 593174.261382979224436, 184170.653181609057356 ], [ 593173.261382979224436, 184170.153181609057356 ], [ 593173.761382979224436, 184160.653181609057356 ], [ 593172.261382979224436, 184159.153181609057356 ], [ 593169.761382979224436, 184159.153181609057356 ], [ 593169.261382979224436, 184157.653181609057356 ], [ 593167.761382979224436, 184157.153181609057356 ], [ 593168.261382979224436, 184155.153181609057356 ], [ 593173.261382979224436, 184154.653181609057356 ], [ 593174.261382979224436, 184152.153181609057356 ], [ 593170.261382979224436, 184150.653181609057356 ], [ 593170.261382979224436, 184148.153181609057356 ], [ 593169.261382979224436, 184147.653181609057356 ], [ 593167.261382979224436, 184143.153181609057356 ], [ 593168.261382979224436, 184141.653181609057356 ], [ 593168.261382979224436, 184135.153181609057356 ], [ 593167.761382979224436, 184133.153181609057356 ], [ 593166.261382979224436, 184132.653181609057356 ], [ 593166.261382979224436, 184128.153181609057356 ], [ 593164.761382979224436, 184127.153181609057356 ], [ 593163.761382979224436, 184122.653181609057356 ], [ 593163.761382979224436, 184115.653181609057356 ], [ 593161.761382979224436, 184110.653181609057356 ], [ 593161.761382979224436, 184096.153181609057356 ], [ 593158.761382979224436, 184093.153181609057356 ], [ 593158.261382979224436, 184086.653181609057356 ], [ 593157.261382979224436, 184085.153181609057356 ], [ 593157.261382979224436, 184077.153181609057356 ], [ 593154.761382979224436, 184073.153181609057356 ], [ 593154.761382979224436, 184071.153181609057356 ], [ 593156.261382979224436, 184069.153181609057356 ], [ 593157.261382979224436, 184069.153181609057356 ], [ 593157.261382979224436, 184062.653181609057356 ], [ 593155.761382979224436, 184059.653181609057356 ], [ 593154.261382979224436, 184049.653181609057356 ], [ 593153.261382979224436, 184048.653181609057356 ], [ 593153.261382979224436, 184045.153181609057356 ], [ 593152.261382979224436, 184043.153181609057356 ], [ 593152.761382979224436, 184041.153181609057356 ], [ 593151.761382979224436, 184040.653181609057356 ], [ 593149.261382979224436, 184025.153181609057356 ], [ 593148.261382979224436, 184023.653181609057356 ], [ 593144.261382979224436, 184024.153181609057356 ], [ 593143.261382979224436, 184025.153181609057356 ], [ 593138.261382979224436, 184024.653181609057356 ], [ 593138.261382979224436, 184022.153181609057356 ], [ 593141.761382979224436, 184019.653181609057356 ], [ 593141.261382979224436, 184015.153181609057356 ], [ 593140.261382979224436, 184014.153181609057356 ], [ 593140.261382979224436, 184012.153181609057356 ], [ 593138.261382979224436, 184010.653181609057356 ], [ 593137.761382979224436, 184004.153181609057356 ], [ 593133.761382979224436, 184003.153181609057356 ], [ 593133.761382979224436, 183999.153181609057356 ], [ 593132.761382979224436, 183998.653181609057356 ], [ 593133.261382979224436, 183997.153181609057356 ], [ 593131.761382979224436, 183994.153181609057356 ], [ 593132.261382979224436, 183992.153181609057356 ], [ 593130.261382979224436, 183987.653181609057356 ], [ 593126.761382979224436, 183986.653181609057356 ], [ 593125.261382979224436, 183988.653181609057356 ], [ 593126.261382979224436, 183992.153181609057356 ], [ 593125.261382979224436, 183992.653181609057356 ], [ 593124.761382979224436, 183994.653181609057356 ], [ 593117.261382979224436, 183995.653181609057356 ], [ 593114.261382979224436, 183991.653181609057356 ], [ 593111.261382979224436, 183990.153181609057356 ], [ 593109.261382979224436, 183987.653181609057356 ], [ 593108.761382979224436, 183985.153181609057356 ], [ 593112.761382979224436, 183981.653181609057356 ], [ 593112.261382979224436, 183977.153181609057356 ], [ 593099.261382979224436, 183978.653181609057356 ], [ 593098.761382979224436, 183980.153181609057356 ], [ 593097.761382979224436, 183980.153181609057356 ], [ 593095.261382979224436, 183978.653181609057356 ], [ 593094.761382979224436, 183975.653181609057356 ], [ 593093.761382979224436, 183975.653181609057356 ], [ 593089.261382979224436, 183971.153181609057356 ], [ 593089.261382979224436, 183970.153181609057356 ], [ 593086.261382979224436, 183968.653181609057356 ], [ 593084.761382979224436, 183966.153181609057356 ], [ 593079.261382979224436, 183968.153181609057356 ], [ 593073.261382979224436, 183967.653181609057356 ], [ 593072.261382979224436, 183968.653181609057356 ], [ 593068.761382979224436, 183968.653181609057356 ], [ 593067.761382979224436, 183969.653181609057356 ], [ 593057.761382979224436, 183971.653181609057356 ], [ 593055.761382979224436, 183973.153181609057356 ], [ 593051.261382979224436, 183972.153181609057356 ], [ 593049.761382979224436, 183973.153181609057356 ], [ 593044.261382979224436, 183973.153181609057356 ], [ 593036.761382979224436, 183974.653181609057356 ], [ 593025.261382979224436, 183978.653181609057356 ], [ 593022.261382979224436, 183978.653181609057356 ], [ 593021.761382979224436, 183979.653181609057356 ], [ 593018.261382979224436, 183980.153181609057356 ], [ 593016.761382979224436, 183981.653181609057356 ], [ 593013.761382979224436, 183981.653181609057356 ], [ 593013.261382979224436, 183982.653181609057356 ], [ 593006.261382979224436, 183983.653181609057356 ], [ 593005.761382979224436, 183984.653181609057356 ], [ 593003.261382979224436, 183984.653181609057356 ], [ 593001.261382979224436, 183986.153181609057356 ], [ 592996.261382979224436, 183986.653181609057356 ], [ 592995.261382979224436, 183987.653181609057356 ], [ 592993.261382979224436, 183987.653181609057356 ], [ 592992.761382979224436, 183988.653181609057356 ], [ 592984.261382979224436, 183990.653181609057356 ], [ 592983.761382979224436, 183991.653181609057356 ], [ 592979.261382979224436, 183991.653181609057356 ], [ 592975.761382979224436, 183993.153181609057356 ], [ 592975.761382979224436, 183994.153181609057356 ], [ 592970.761382979224436, 183994.653181609057356 ], [ 592969.261382979224436, 183996.653181609057356 ], [ 592955.261382979224436, 183997.153181609057356 ], [ 592952.261382979224436, 183997.653181609057356 ], [ 592952.261382979224436, 183998.653181609057356 ], [ 592947.761382979224436, 183999.153181609057356 ], [ 592947.761382979224436, 184000.153181609057356 ], [ 592946.261382979224436, 184000.653181609057356 ], [ 592943.761382979224436, 184000.153181609057356 ], [ 592938.261382979224436, 184002.153181609057356 ], [ 592937.761382979224436, 184003.153181609057356 ], [ 592928.761382979224436, 184005.653181609057356 ], [ 592924.761382979224436, 184007.653181609057356 ], [ 592924.261382979224436, 184009.153181609057356 ], [ 592916.761382979224436, 184012.153181609057356 ], [ 592914.261382979224436, 184012.153181609057356 ], [ 592914.261382979224436, 184013.153181609057356 ], [ 592911.261382979224436, 184014.653181609057356 ], [ 592906.261382979224436, 184014.153181609057356 ], [ 592905.761382979224436, 184015.153181609057356 ], [ 592898.261382979224436, 184016.653181609057356 ], [ 592896.761382979224436, 184018.653181609057356 ], [ 592892.261382979224436, 184018.653181609057356 ], [ 592886.761382979224436, 184023.153181609057356 ], [ 592884.261382979224436, 184022.653181609057356 ], [ 592880.261382979224436, 184025.153181609057356 ], [ 592877.261382979224436, 184025.153181609057356 ], [ 592875.261382979224436, 184026.653181609057356 ], [ 592871.761382979224436, 184026.653181609057356 ], [ 592870.761382979224436, 184028.153181609057356 ], [ 592866.261382979224436, 184028.153181609057356 ], [ 592865.261382979224436, 184029.653181609057356 ], [ 592861.261382979224436, 184029.653181609057356 ], [ 592860.261382979224436, 184031.153181609057356 ], [ 592857.761382979224436, 184031.653181609057356 ], [ 592853.261382979224436, 184031.653181609057356 ], [ 592849.761382979224436, 184034.153181609057356 ], [ 592846.261382979224436, 184035.153181609057356 ], [ 592843.261382979224436, 184034.653181609057356 ], [ 592841.761382979224436, 184035.653181609057356 ], [ 592839.261382979224436, 184035.653181609057356 ], [ 592837.261382979224436, 184037.153181609057356 ], [ 592829.261382979224436, 184038.653181609057356 ], [ 592828.761382979224436, 184039.653181609057356 ], [ 592823.261382979224436, 184040.153181609057356 ], [ 592822.761382979224436, 184041.153181609057356 ], [ 592820.261382979224436, 184041.153181609057356 ], [ 592818.261382979224436, 184042.653181609057356 ], [ 592810.761382979224436, 184044.153181609057356 ], [ 592809.761382979224436, 184045.653181609057356 ], [ 592808.261382979224436, 184045.653181609057356 ], [ 592807.761382979224436, 184047.153181609057356 ], [ 592805.261382979224436, 184048.153181609057356 ], [ 592802.761382979224436, 184047.653181609057356 ], [ 592796.761382979224436, 184048.653181609057356 ], [ 592795.761382979224436, 184050.153181609057356 ], [ 592792.761382979224436, 184050.153181609057356 ], [ 592791.761382979224436, 184051.653181609057356 ], [ 592789.261382979224436, 184052.653181609057356 ], [ 592787.761382979224436, 184051.653181609057356 ], [ 592787.761382979224436, 184052.653181609057356 ], [ 592784.761382979224436, 184053.153181609057356 ], [ 592784.261382979224436, 184054.653181609057356 ], [ 592782.261382979224436, 184054.653181609057356 ], [ 592778.261382979224436, 184057.153181609057356 ], [ 592772.761382979224436, 184057.653181609057356 ], [ 592768.761382979224436, 184060.153181609057356 ], [ 592766.761382979224436, 184060.153181609057356 ], [ 592763.261382979224436, 184063.153181609057356 ], [ 592760.261382979224436, 184063.153181609057356 ], [ 592759.761382979224436, 184064.653181609057356 ], [ 592758.261382979224436, 184064.653181609057356 ], [ 592757.261382979224436, 184066.153181609057356 ], [ 592754.761382979224436, 184066.153181609057356 ], [ 592754.261382979224436, 184067.653181609057356 ], [ 592751.761382979224436, 184066.653181609057356 ], [ 592750.761382979224436, 184068.153181609057356 ], [ 592746.761382979224436, 184069.153181609057356 ], [ 592744.261382979224436, 184071.653181609057356 ], [ 592742.761382979224436, 184071.653181609057356 ], [ 592742.761382979224436, 184073.153181609057356 ], [ 592740.761382979224436, 184075.153181609057356 ], [ 592737.261382979224436, 184076.653181609057356 ], [ 592735.261382979224436, 184076.153181609057356 ], [ 592735.261382979224436, 184077.153181609057356 ], [ 592732.761382979224436, 184077.153181609057356 ], [ 592730.761382979224436, 184080.653181609057356 ], [ 592728.261382979224436, 184081.153181609057356 ], [ 592727.761382979224436, 184082.153181609057356 ], [ 592726.261382979224436, 184081.153181609057356 ], [ 592725.761382979224436, 184082.153181609057356 ], [ 592723.761382979224436, 184082.153181609057356 ], [ 592718.261382979224436, 184085.153181609057356 ], [ 592718.261382979224436, 184100.153181609057356 ], [ 592720.761382979224436, 184103.653181609057356 ], [ 592721.761382979224436, 184103.653181609057356 ], [ 592720.761382979224436, 184105.653181609057356 ], [ 592721.761382979224436, 184106.653181609057356 ], [ 592720.261382979224436, 184107.653181609057356 ], [ 592721.261382979224436, 184111.153181609057356 ], [ 592718.261382979224436, 184112.653181609057356 ], [ 592718.261382979224436, 184134.153181609057356 ], [ 592719.761382979224436, 184137.653181609057356 ], [ 592719.261382979224436, 184141.653181609057356 ], [ 592722.261382979224436, 184144.653181609057356 ], [ 592721.261382979224436, 184147.653181609057356 ], [ 592722.261382979224436, 184147.653181609057356 ], [ 592722.261382979224436, 184148.653181609057356 ], [ 592724.261382979224436, 184148.153181609057356 ], [ 592728.261382979224436, 184151.653181609057356 ], [ 592732.761382979224436, 184151.653181609057356 ], [ 592733.761382979224436, 184152.653181609057356 ], [ 592731.261382979224436, 184157.153181609057356 ], [ 592734.261382979224436, 184159.653181609057356 ], [ 592735.761382979224436, 184169.153181609057356 ], [ 592736.761382979224436, 184169.153181609057356 ], [ 592736.761382979224436, 184172.153181609057356 ], [ 592738.261382979224436, 184173.653181609057356 ], [ 592737.761382979224436, 184178.153181609057356 ], [ 592734.261382979224436, 184178.653181609057356 ], [ 592733.261382979224436, 184177.653181609057356 ], [ 592728.261382979224436, 184177.653181609057356 ], [ 592726.761382979224436, 184179.153181609057356 ], [ 592727.261382979224436, 184183.653181609057356 ], [ 592726.261382979224436, 184184.653181609057356 ], [ 592728.261382979224436, 184185.653181609057356 ], [ 592728.761382979224436, 184189.153181609057356 ], [ 592730.261382979224436, 184191.153181609057356 ], [ 592733.261382979224436, 184191.153181609057356 ], [ 592735.761382979224436, 184189.153181609057356 ], [ 592735.761382979224436, 184188.153181609057356 ], [ 592738.261382979224436, 184187.653181609057356 ], [ 592744.761382979224436, 184189.653181609057356 ], [ 592745.261382979224436, 184190.653181609057356 ], [ 592750.261382979224436, 184191.653181609057356 ], [ 592750.761382979224436, 184193.653181609057356 ], [ 592753.261382979224436, 184195.653181609057356 ], [ 592754.261382979224436, 184195.653181609057356 ], [ 592756.761382979224436, 184192.653181609057356 ], [ 592758.761382979224436, 184192.653181609057356 ], [ 592758.761382979224436, 184193.653181609057356 ], [ 592764.761382979224436, 184195.153181609057356 ], [ 592764.761382979224436, 184197.153181609057356 ], [ 592767.261382979224436, 184198.653181609057356 ], [ 592791.261382979224436, 184201.153181609057356 ], [ 592796.761382979224436, 184202.653181609057356 ], [ 592802.261382979224436, 184202.653181609057356 ], [ 592823.761382979224436, 184209.653181609057356 ], [ 592815.761382979224436, 184204.653181609057356 ], [ 592809.761382979224436, 184203.653181609057356 ], [ 592810.261382979224436, 184201.153181609057356 ], [ 592812.761382979224436, 184200.153181609057356 ], [ 592812.761382979224436, 184198.653181609057356 ], [ 592815.261382979224436, 184197.153181609057356 ], [ 592816.261382979224436, 184198.653181609057356 ], [ 592826.761382979224436, 184200.153181609057356 ], [ 592827.261382979224436, 184201.153181609057356 ], [ 592834.261382979224436, 184203.153181609057356 ], [ 592834.761382979224436, 184204.153181609057356 ], [ 592842.261382979224436, 184205.653181609057356 ], [ 592844.761382979224436, 184207.153181609057356 ], [ 592847.761382979224436, 184207.153181609057356 ], [ 592851.761382979224436, 184208.653181609057356 ], [ 592853.261382979224436, 184208.153181609057356 ], [ 592856.761382979224436, 184211.153181609057356 ], [ 592859.261382979224436, 184210.653181609057356 ], [ 592859.261382979224436, 184211.653181609057356 ], [ 592862.761382979224436, 184212.153181609057356 ], [ 592863.761382979224436, 184213.653181609057356 ], [ 592866.261382979224436, 184213.653181609057356 ], [ 592869.261382979224436, 184215.153181609057356 ], [ 592870.761382979224436, 184214.653181609057356 ], [ 592871.261382979224436, 184216.153181609057356 ], [ 592876.761382979224436, 184217.153181609057356 ], [ 592876.761382979224436, 184218.153181609057356 ], [ 592879.761382979224436, 184218.653181609057356 ], [ 592881.761382979224436, 184220.153181609057356 ], [ 592885.261382979224436, 184220.153181609057356 ], [ 592885.261382979224436, 184221.153181609057356 ], [ 592887.761382979224436, 184222.153181609057356 ], [ 592889.261382979224436, 184224.653181609057356 ], [ 592895.761382979224436, 184226.653181609057356 ], [ 592897.261382979224436, 184228.653181609057356 ], [ 592900.761382979224436, 184227.653181609057356 ], [ 592901.761382979224436, 184229.153181609057356 ], [ 592904.261382979224436, 184229.153181609057356 ], [ 592904.761382979224436, 184230.653181609057356 ], [ 592907.261382979224436, 184230.653181609057356 ], [ 592909.261382979224436, 184233.153181609057356 ], [ 592910.261382979224436, 184233.153181609057356 ], [ 592910.761382979224436, 184234.653181609057356 ], [ 592913.761382979224436, 184235.153181609057356 ], [ 592915.261382979224436, 184237.653181609057356 ], [ 592919.261382979224436, 184238.153181609057356 ], [ 592920.761382979224436, 184237.153181609057356 ], [ 592924.261382979224436, 184238.153181609057356 ], [ 592925.761382979224436, 184240.153181609057356 ], [ 592927.261382979224436, 184240.153181609057356 ], [ 592927.761382979224436, 184242.653181609057356 ], [ 592926.761382979224436, 184243.653181609057356 ], [ 592930.261382979224436, 184245.153181609057356 ], [ 592931.261382979224436, 184246.653181609057356 ], [ 592933.261382979224436, 184246.653181609057356 ], [ 592933.761382979224436, 184248.153181609057356 ], [ 592936.261382979224436, 184248.653181609057356 ], [ 592935.761382979224436, 184252.153181609057356 ], [ 592934.261382979224436, 184253.653181609057356 ], [ 592934.261382979224436, 184259.653181609057356 ], [ 592935.761382979224436, 184261.153181609057356 ], [ 592936.761382979224436, 184260.653181609057356 ], [ 592939.761382979224436, 184261.653181609057356 ], [ 592942.761382979224436, 184264.153181609057356 ], [ 592949.261382979224436, 184265.153181609057356 ], [ 592949.761382979224436, 184266.653181609057356 ], [ 592953.761382979224436, 184268.153181609057356 ], [ 592953.761382979224436, 184269.153181609057356 ], [ 592954.761382979224436, 184269.153181609057356 ], [ 592957.761382979224436, 184272.653181609057356 ], [ 592960.761382979224436, 184273.153181609057356 ], [ 592960.761382979224436, 184274.153181609057356 ], [ 592963.761382979224436, 184275.653181609057356 ], [ 592966.761382979224436, 184280.153181609057356 ], [ 592971.261382979224436, 184282.653181609057356 ], [ 592971.261382979224436, 184284.153181609057356 ], [ 592972.761382979224436, 184284.153181609057356 ], [ 592975.761382979224436, 184287.153181609057356 ], [ 592978.261382979224436, 184287.153181609057356 ], [ 592979.261382979224436, 184288.153181609057356 ], [ 592980.761382979224436, 184287.653181609057356 ], [ 592981.261382979224436, 184288.653181609057356 ] ], [ [ 593107.761382979224436, 184128.153181609057356 ], [ 593107.761382979224436, 184127.153181609057356 ], [ 593102.761382979224436, 184127.153181609057356 ], [ 593102.261382979224436, 184125.653181609057356 ], [ 593099.261382979224436, 184124.153181609057356 ], [ 593097.761382979224436, 184121.653181609057356 ], [ 593095.761382979224436, 184120.653181609057356 ], [ 593094.761382979224436, 184119.153181609057356 ], [ 593094.261382979224436, 184114.153181609057356 ], [ 593095.761382979224436, 184110.153181609057356 ], [ 593099.261382979224436, 184107.653181609057356 ], [ 593099.261382979224436, 184106.653181609057356 ], [ 593100.761382979224436, 184106.653181609057356 ], [ 593100.761382979224436, 184105.153181609057356 ], [ 593105.261382979224436, 184102.653181609057356 ], [ 593106.761382979224436, 184100.653181609057356 ], [ 593111.261382979224436, 184101.153181609057356 ], [ 593113.261382979224436, 184102.653181609057356 ], [ 593119.761382979224436, 184102.653181609057356 ], [ 593120.261382979224436, 184105.153181609057356 ], [ 593121.261382979224436, 184105.153181609057356 ], [ 593121.261382979224436, 184107.153181609057356 ], [ 593124.761382979224436, 184110.653181609057356 ], [ 593125.261382979224436, 184117.153181609057356 ], [ 593126.761382979224436, 184118.653181609057356 ], [ 593128.261382979224436, 184118.653181609057356 ], [ 593128.261382979224436, 184119.653181609057356 ], [ 593130.261382979224436, 184119.653181609057356 ], [ 593132.761382979224436, 184122.653181609057356 ], [ 593134.261382979224436, 184122.653181609057356 ], [ 593135.761382979224436, 184124.153181609057356 ], [ 593134.761382979224436, 184126.653181609057356 ], [ 593122.261382979224436, 184124.653181609057356 ], [ 593120.261382979224436, 184125.653181609057356 ], [ 593112.261382979224436, 184125.653181609057356 ], [ 593112.261382979224436, 184126.653181609057356 ], [ 593107.761382979224436, 184128.153181609057356 ] ] ] } },
{ "type": "Feature", "properties": { "mainhabs": "Deciduous woodland", "habcodes": "DWOOD", "featdesc": null, "featcodes": null, "otherclass": null, "addhabs": null, "primsource": "National Forest Inventory 2023 (DWOOD)", "areaha": "0.03", "version": "Sep_25", "uid": "PHID59332258_018446712", "shape_length": null, "shape_area": null, "site": "essex", "pid": 1, "method": "grabcut2" }, "geometry": { "type": "Polygon", "coordinates": [ [ [ 593322.761382979224436, 184480.153181609057356 ], [ 593326.261382979224436, 184479.653181609057356 ], [ 593328.761382979224436, 184476.153181609057356 ], [ 593327.761382979224436, 184474.653181609057356 ], [ 593327.761382979224436, 184467.153181609057356 ], [ 593323.761382979224436, 184463.653181609057356 ], [ 593322.761382979224436, 184460.653181609057356 ], [ 593318.261382979224436, 184460.153181609057356 ], [ 593318.261382979224436, 184458.153181609057356 ], [ 593313.261382979224436, 184459.653181609057356 ], [ 593312.261382979224436, 184461.153181609057356 ], [ 593318.261382979224436, 184470.153181609057356 ], [ 593318.261382979224436, 184478.153181609057356 ], [ 593322.761382979224436, 184479.153181609057356 ], [ 593322.761382979224436, 184480.153181609057356 ] ] ] } },
{ "type": "Feature", "properties": { "mainhabs": "Deciduous woodland", "habcodes": "DWOOD", "featdesc": null, "featcodes": null, "otherclass": null, "addhabs": null, "primsource": "National Forest Inventory 2023 (DWOOD)", "areaha": "0.46", "version": "Sep_25", "uid": "PHID59337958_018448393", "shape_length": null, "shape_area": null, "site": "essex", "pid": 2, "method": "grabcut2" }, "geometry": { "type": "Polygon", "coordinates": [ [ [ 593339.761382979224436, 184514.653181609057356 ], [ 593387.261382979224436, 184514.653181609057356 ], [ 593387.761382979224436, 184513.653181609057356 ], [ 593393.261382979224436, 184513.153181609057356 ], [ 593393.761382979224436, 184512.153181609057356 ], [ 593396.261382979224436, 184512.653181609057356 ], [ 593402.261382979224436, 184511.653181609057356 ], [ 593404.761382979224436, 184512.653181609057356 ], [ 593409.261382979224436, 184512.653181609057356 ], [ 593409.761382979224436, 184511.153181609057356 ], [ 593413.261382979224436, 184512.153181609057356 ], [ 593413.761382979224436, 184513.653181609057356 ], [ 593416.261382979224436, 184513.653181609057356 ], [ 593420.761382979224436, 184508.653181609057356 ], [ 593425.761382979224436, 184509.153181609057356 ], [ 593427.761382979224436, 184506.153181609057356 ], [ 593425.261382979224436, 184501.153181609057356 ], [ 593423.761382979224436, 184489.653181609057356 ], [ 593426.261382979224436, 184488.153181609057356 ], [ 593426.261382979224436, 184487.153181609057356 ], [ 593428.761382979224436, 184485.153181609057356 ], [ 593428.761382979224436, 184483.653181609057356 ], [ 593430.261382979224436, 184483.653181609057356 ], [ 593430.261382979224436, 184482.653181609057356 ], [ 593427.261382979224436, 184482.153181609057356 ], [ 593426.761382979224436, 184478.153181609057356 ], [ 593424.761382979224436, 184478.653181609057356 ], [ 593424.761382979224436, 184467.153181609057356 ], [ 593429.261382979224436, 184466.653181609057356 ], [ 593429.761382979224436, 184465.653181609057356 ], [ 593434.761382979224436, 184465.653181609057356 ], [ 593435.261382979224436, 184464.153181609057356 ], [ 593433.261382979224436, 184452.653181609057356 ], [ 593431.761382979224436, 184452.653181609057356 ], [ 593432.761382979224436, 184460.153181609057356 ], [ 593431.261382979224436, 184461.653181609057356 ], [ 593421.261382979224436, 184462.153181609057356 ], [ 593419.261382979224436, 184459.653181609057356 ], [ 593415.261382979224436, 184460.153181609057356 ], [ 593411.761382979224436, 184462.653181609057356 ], [ 593411.761382979224436, 184464.153181609057356 ], [ 593410.761382979224436, 184464.653181609057356 ], [ 593411.261382979224436, 184467.653181609057356 ], [ 593407.761382979224436, 184467.653181609057356 ], [ 593404.761382979224436, 184464.653181609057356 ], [ 593397.761382979224436, 184464.653181609057356 ], [ 593396.261382979224436, 184463.153181609057356 ], [ 593382.761382979224436, 184463.153181609057356 ], [ 593382.261382979224436, 184462.153181609057356 ], [ 593373.261382979224436, 184461.653181609057356 ], [ 593371.761382979224436, 184463.153181609057356 ], [ 593354.761382979224436, 184464.653181609057356 ], [ 593353.261382979224436, 184466.153181609057356 ], [ 593349.761382979224436, 184466.153181609057356 ], [ 593348.761382979224436, 184467.653181609057356 ], [ 593346.261382979224436, 184467.653181609057356 ], [ 593345.761382979224436, 184468.653181609057356 ], [ 593342.761382979224436, 184468.153181609057356 ], [ 593337.761382979224436, 184469.653181609057356 ], [ 593335.761382979224436, 184473.153181609057356 ], [ 593335.261382979224436, 184478.153181609057356 ], [ 593334.261382979224436, 184478.653181609057356 ], [ 593334.261382979224436, 184480.653181609057356 ], [ 593333.261382979224436, 184480.653181609057356 ], [ 593333.261382979224436, 184482.153181609057356 ], [ 593334.761382979224436, 184482.653181609057356 ], [ 593333.761382979224436, 184486.653181609057356 ], [ 593334.261382979224436, 184488.653181609057356 ], [ 593338.261382979224436, 184489.153181609057356 ], [ 593339.261382979224436, 184487.653181609057356 ], [ 593340.761382979224436, 184488.153181609057356 ], [ 593340.761382979224436, 184492.653181609057356 ], [ 593339.761382979224436, 184493.653181609057356 ], [ 593340.261382979224436, 184495.653181609057356 ], [ 593333.761382979224436, 184498.653181609057356 ], [ 593331.261382979224436, 184501.653181609057356 ], [ 593330.261382979224436, 184501.653181609057356 ], [ 593330.261382979224436, 184505.653181609057356 ], [ 593329.261382979224436, 184506.153181609057356 ], [ 593329.261382979224436, 184507.653181609057356 ], [ 593330.261382979224436, 184510.653181609057356 ], [ 593335.261382979224436, 184511.653181609057356 ], [ 593339.761382979224436, 184514.653181609057356 ] ] ] } },
{ "type": "Feature", "properties": { "mainhabs": "Coastal and floodplain grazing marsh", "habcodes": "CFPGM", "featdesc": null, "featcodes": null, "otherclass": null, "addhabs": null, "primsource": "Oxfordshire Expert Knowledge Capture 2009 (CFPGM)", "areaha": "10.14", "version": "Sep_25", "uid": "PHID44310824_021461038", "shape_length": null, "shape_area": null, "site": "blenheim", "pid": 0, "method": "grabcut2" }, "geometry": { "type": "MultiPolygon", "coordinates": [ [ [ [ 443023.599999999976717, 214556.53 ], [ 443023.599999999976717, 214558.03 ], [ 443022.599999999976717, 214558.03 ], [ 443021.099999999976717, 214560.53 ], [ 443023.599999999976717, 214561.53 ], [ 443024.099999999976717, 214564.53 ], [ 443022.599999999976717, 214565.53 ], [ 443022.599999999976717, 214567.53 ], [ 443022.099999999976717, 214569.03 ], [ 443021.099999999976717, 214569.03 ], [ 443020.599999999976717, 214571.53 ], [ 443018.099999999976717, 214573.03 ], [ 443017.099999999976717, 214578.03 ], [ 443016.099999999976717, 214578.03 ], [ 443015.599999999976717, 214580.03 ], [ 443013.099999999976717, 214581.53 ], [ 443013.099999999976717, 214586.03 ], [ 443012.599999999976717, 214587.53 ], [ 443011.599999999976717, 214587.53 ], [ 443012.599999999976717, 214589.03 ], [ 443011.599999999976717, 214589.03 ], [ 443009.599999999976717, 214595.53 ], [ 443008.599999999976717, 214595.53 ], [ 443008.599999999976717, 214597.03 ], [ 443009.599999999976717, 214597.03 ], [ 443009.599999999976717, 214599.53 ], [ 443008.599999999976717, 214599.53 ], [ 443008.099999999976717, 214604.03 ], [ 443007.099999999976717, 214604.03 ], [ 443006.599999999976717, 214607.53 ], [ 443005.599999999976717, 214607.53 ], [ 443005.599999999976717, 214610.03 ], [ 443005.099999999976717, 214611.53 ], [ 443004.099999999976717, 214611.53 ], [ 443003.599999999976717, 214615.03 ], [ 443000.599999999976717, 214617.03 ], [ 443000.599999999976717, 214620.03 ], [ 442999.099999999976717, 214621.03 ], [ 443000.099999999976717, 214624.53 ], [ 442999.099999999976717, 214624.53 ], [ 442998.599999999976717, 214627.53 ], [ 443001.099999999976717, 214630.53 ], [ 443002.599999999976717, 214631.03 ], [ 443002.099999999976717, 214632.53 ], [ 443003.599999999976717, 214633.53 ], [ 443003.599999999976717, 214638.53 ], [ 443001.099999999976717, 214640.03 ], [ 443000.099999999976717, 214642.53 ], [ 442997.099999999976717, 214643.03 ], [ 442997.099999999976717, 214644.03 ], [ 442995.599999999976717, 214644.53 ], [ 442995.599999999976717, 214646.03 ], [ 442994.599999999976717, 214646.03 ], [ 442994.599999999976717, 214647.03 ], [ 442992.599999999976717, 214648.03 ], [ 442992.599999999976717, 214649.53 ], [ 442990.099999999976717, 214651.03 ], [ 442989.599999999976717, 214653.53 ], [ 442988.599999999976717, 214653.53 ], [ 442988.099999999976717, 214657.03 ], [ 442987.099999999976717, 214657.03 ], [ 442986.599999999976717, 214664.03 ], [ 442984.099999999976717, 214665.03 ], [ 442983.099999999976717, 214666.53 ], [ 442983.599999999976717, 214672.03 ], [ 442981.599999999976717, 214673.53 ], [ 442981.599999999976717, 214676.53 ], [ 442983.599999999976717, 214678.03 ], [ 442984.099999999976717, 214684.53 ], [ 442982.099999999976717, 214686.53 ], [ 442979.099999999976717, 214686.53 ], [ 442979.099999999976717, 214687.53 ], [ 442977.599999999976717, 214688.03 ], [ 442977.599999999976717, 214689.03 ], [ 442976.099999999976717, 214689.03 ], [ 442975.599999999976717, 214690.53 ], [ 442974.099999999976717, 214689.53 ], [ 442974.099999999976717, 214690.53 ], [ 442971.599999999976717, 214692.03 ], [ 442973.099999999976717, 214694.03 ], [ 442973.099999999976717, 214698.53 ], [ 442971.599999999976717, 214699.03 ], [ 442971.599999999976717, 214700.53 ], [ 442972.599999999976717, 214700.53 ], [ 442972.599999999976717, 214703.03 ], [ 442974.099999999976717, 214703.53 ], [ 442974.599999999976717, 214706.03 ], [ 442973.099999999976717, 214706.53 ], [ 442971.099999999976717, 214709.53 ], [ 442970.099999999976717, 214709.53 ], [ 442970.099999999976717, 214712.03 ], [ 442971.099999999976717, 214712.03 ], [ 442971.599999999976717, 214715.03 ], [ 442970.099999999976717, 214715.53 ], [ 442970.099999999976717, 214717.03 ], [ 442968.599999999976717, 214717.53 ], [ 442968.099999999976717, 214720.03 ], [ 442966.599999999976717, 214720.53 ], [ 442967.099999999976717, 214725.03 ], [ 442965.099999999976717, 214726.53 ], [ 442965.099999999976717, 214727.53 ], [ 442966.599999999976717, 214728.03 ], [ 442964.599999999976717, 214731.03 ], [ 442965.099999999976717, 214734.03 ], [ 442963.599999999976717, 214734.53 ], [ 442963.599999999976717, 214735.53 ], [ 442962.099999999976717, 214736.03 ], [ 442961.599999999976717, 214738.53 ], [ 442960.099999999976717, 214739.03 ], [ 442960.099999999976717, 214740.53 ], [ 442961.599999999976717, 214742.03 ], [ 442960.599999999976717, 214742.03 ], [ 442960.599999999976717, 214745.03 ], [ 442959.099999999976717, 214746.03 ], [ 442959.099999999976717, 214749.03 ], [ 442956.099999999976717, 214751.03 ], [ 442957.099999999976717, 214751.53 ], [ 442956.099999999976717, 214753.03 ], [ 442958.599999999976717, 214754.53 ], [ 442959.099999999976717, 214757.03 ], [ 442958.599999999976717, 214760.03 ], [ 442957.599999999976717, 214760.03 ], [ 442957.599999999976717, 214761.53 ], [ 442956.099999999976717, 214762.03 ], [ 442955.599999999976717, 214763.53 ], [ 442956.099999999976717, 214766.03 ], [ 442957.099999999976717, 214766.03 ], [ 442957.099999999976717, 214771.53 ], [ 442956.099999999976717, 214771.53 ], [ 442955.599999999976717, 214774.53 ], [ 442953.599999999976717, 214773.03 ], [ 442955.099999999976717, 214771.53 ], [ 442954.599999999976717, 214770.03 ], [ 442956.099999999976717, 214771.03 ], [ 442956.599999999976717, 214769.53 ], [ 442956.099999999976717, 214768.53 ], [ 442954.599999999976717, 214768.53 ], [ 442955.099999999976717, 214767.03 ], [ 442953.099999999976717, 214762.03 ], [ 442951.099999999976717, 214763.53 ], [ 442950.099999999976717, 214762.53 ], [ 442949.099999999976717, 214763.03 ], [ 442948.599999999976717, 214762.03 ], [ 442947.099999999976717, 214763.53 ], [ 442945.099999999976717, 214763.03 ], [ 442945.099999999976717, 214764.53 ], [ 442943.099999999976717, 214765.03 ], [ 442943.099999999976717, 214768.53 ], [ 442945.099999999976717, 214770.03 ], [ 442945.099999999976717, 214771.03 ], [ 442942.599999999976717, 214771.53 ], [ 442942.099999999976717, 214772.53 ], [ 442940.099999999976717, 214772.03 ], [ 442938.599999999976717, 214774.53 ], [ 442939.599999999976717, 214777.03 ], [ 442937.599999999976717, 214777.53 ], [ 442935.599999999976717, 214780.53 ], [ 442932.599999999976717, 214780.03 ], [ 442932.099999999976717, 214781.53 ], [ 442931.099999999976717, 214781.53 ], [ 442931.099999999976717, 214783.03 ], [ 442932.099999999976717, 214783.03 ], [ 442932.599999999976717, 214785.03 ], [ 442935.599999999976717, 214787.03 ], [ 442936.099999999976717, 214791.03 ], [ 442941.599999999976717, 214791.03 ], [ 442943.599999999976717, 214794.03 ], [ 442946.099999999976717, 214794.03 ], [ 442946.099999999976717, 214793.03 ], [ 442947.599999999976717, 214793.03 ], [ 442950.099999999976717, 214797.03 ], [ 442953.099999999976717, 214797.53 ], [ 442953.099999999976717, 214798.53 ], [ 442955.599999999976717, 214798.53 ], [ 442955.599999999976717, 214797.53 ], [ 442958.599999999976717, 214797.03 ], [ 442959.099999999976717, 214795.53 ], [ 442961.599999999976717, 214795.53 ], [ 442963.099999999976717, 214796.03 ], [ 442963.599999999976717, 214797.53 ], [ 442965.099999999976717, 214797.53 ], [ 442965.099999999976717, 214798.53 ], [ 442968.599999999976717, 214799.03 ], [ 442970.099999999976717, 214801.53 ], [ 442972.599999999976717, 214800.53 ], [ 442973.099999999976717, 214802.03 ], [ 442975.599999999976717, 214802.03 ], [ 442976.099999999976717, 214803.53 ], [ 442978.599999999976717, 214804.03 ], [ 442979.099999999976717, 214805.53 ], [ 442984.099999999976717, 214805.53 ], [ 442985.599999999976717, 214808.03 ], [ 442988.599999999976717, 214808.53 ], [ 442988.599999999976717, 214809.53 ], [ 442990.099999999976717, 214810.03 ], [ 442989.599999999976717, 214812.53 ], [ 442991.099999999976717, 214813.03 ], [ 442993.099999999976717, 214816.03 ], [ 442995.599999999976717, 214816.03 ], [ 442997.599999999976717, 214819.03 ], [ 443000.599999999976717, 214818.53 ], [ 443002.099999999976717, 214820.53 ], [ 443002.599999999976717, 214819.53 ], [ 443004.099999999976717, 214819.53 ], [ 443005.599999999976717, 214822.03 ], [ 443009.599999999976717, 214822.53 ], [ 443009.599999999976717, 214823.53 ], [ 443011.099999999976717, 214824.03 ], [ 443011.599999999976717, 214826.53 ], [ 443012.599999999976717, 214826.53 ], [ 443013.099999999976717, 214828.03 ], [ 443015.599999999976717, 214828.53 ], [ 443015.599999999976717, 214829.53 ], [ 443018.099999999976717, 214829.53 ], [ 443018.099999999976717, 214828.53 ], [ 443020.599999999976717, 214829.53 ], [ 443021.099999999976717, 214828.03 ], [ 443025.099999999976717, 214828.53 ], [ 443025.099999999976717, 214829.53 ], [ 443028.599999999976717, 214829.53 ], [ 443029.599999999976717, 214830.03 ], [ 443030.099999999976717, 214832.53 ], [ 443031.099999999976717, 214832.53 ], [ 443031.099999999976717, 214834.03 ], [ 443032.599999999976717, 214834.53 ], [ 443034.599999999976717, 214837.53 ], [ 443042.099999999976717, 214838.03 ], [ 443045.099999999976717, 214837.03 ], [ 443045.099999999976717, 214836.03 ], [ 443046.599999999976717, 214836.03 ], [ 443046.599999999976717, 214837.03 ], [ 443049.599999999976717, 214838.03 ], [ 443049.599999999976717, 214839.03 ], [ 443050.099999999976717, 214838.03 ], [ 443051.599999999976717, 214838.03 ], [ 443051.599999999976717, 214839.03 ], [ 443052.599999999976717, 214839.03 ], [ 443053.099999999976717, 214840.53 ], [ 443054.599999999976717, 214840.53 ], [ 443055.099999999976717, 214842.03 ], [ 443060.599999999976717, 214842.03 ], [ 443060.599999999976717, 214841.03 ], [ 443062.099999999976717, 214840.53 ], [ 443062.599999999976717, 214838.03 ], [ 443063.599999999976717, 214838.03 ], [ 443064.099999999976717, 214835.53 ], [ 443065.599999999976717, 214834.53 ], [ 443065.599999999976717, 214833.03 ], [ 443067.099999999976717, 214832.53 ], [ 443067.099999999976717, 214830.03 ], [ 443068.099999999976717, 214830.03 ], [ 443068.599999999976717, 214827.03 ], [ 443069.599999999976717, 214827.03 ], [ 443070.599999999976717, 214823.53 ], [ 443071.599999999976717, 214823.53 ], [ 443072.099999999976717, 214821.03 ], [ 443073.099999999976717, 214821.03 ], [ 443073.599999999976717, 214818.53 ], [ 443074.599999999976717, 214818.53 ], [ 443075.099999999976717, 214811.53 ], [ 443076.099999999976717, 214811.53 ], [ 443076.599999999976717, 214806.53 ], [ 443077.599999999976717, 214806.53 ], [ 443078.099999999976717, 214805.03 ], [ 443078.099999999976717, 214797.53 ], [ 443079.099999999976717, 214797.53 ], [ 443079.599999999976717, 214788.53 ], [ 443080.599999999976717, 214788.53 ], [ 443081.099999999976717, 214781.53 ], [ 443082.099999999976717, 214781.53 ], [ 443082.599999999976717, 214773.03 ], [ 443083.599999999976717, 214773.03 ], [ 443084.099999999976717, 214768.53 ], [ 443085.099999999976717, 214768.53 ], [ 443085.599999999976717, 214764.53 ], [ 443086.599999999976717, 214764.53 ], [ 443087.599999999976717, 214759.03 ], [ 443088.599999999976717, 214759.03 ], [ 443089.099999999976717, 214756.03 ], [ 443090.099999999976717, 214756.03 ], [ 443090.099999999976717, 214753.03 ], [ 443091.599999999976717, 214752.53 ], [ 443092.099999999976717, 214750.53 ], [ 443092.099999999976717, 214746.03 ], [ 443090.099999999976717, 214743.53 ], [ 443090.099999999976717, 214738.53 ], [ 443091.599999999976717, 214737.03 ], [ 443095.099999999976717, 214737.53 ], [ 443096.599999999976717, 214735.53 ], [ 443097.599999999976717, 214735.53 ], [ 443098.099999999976717, 214732.53 ], [ 443099.099999999976717, 214732.53 ], [ 443099.099999999976717, 214729.53 ], [ 443100.599999999976717, 214729.03 ], [ 443102.599999999976717, 214719.03 ], [ 443103.599999999976717, 214719.03 ], [ 443104.599999999976717, 214713.53 ], [ 443105.599999999976717, 214713.53 ], [ 443106.099999999976717, 214709.03 ], [ 443107.099999999976717, 214709.03 ], [ 443107.599999999976717, 214706.03 ], [ 443108.599999999976717, 214706.03 ], [ 443109.099999999976717, 214701.53 ], [ 443110.099999999976717, 214701.53 ], [ 443110.099999999976717, 214699.03 ], [ 443111.599999999976717, 214698.03 ], [ 443111.599999999976717, 214693.53 ], [ 443113.099999999976717, 214692.53 ], [ 443113.099999999976717, 214691.03 ], [ 443114.599999999976717, 214690.53 ], [ 443115.099999999976717, 214688.03 ], [ 443116.099999999976717, 214688.03 ], [ 443116.599999999976717, 214686.53 ], [ 443118.099999999976717, 214686.03 ], [ 443118.099999999976717, 214684.53 ], [ 443119.099999999976717, 214684.53 ], [ 443119.099999999976717, 214683.53 ], [ 443117.599999999976717, 214683.03 ], [ 443117.599999999976717, 214681.03 ], [ 443119.599999999976717, 214678.03 ], [ 443117.599999999976717, 214676.53 ], [ 443118.099999999976717, 214675.03 ], [ 443117.599999999976717, 214672.53 ], [ 443116.599999999976717, 214672.53 ], [ 443116.599999999976717, 214669.53 ], [ 443117.599999999976717, 214669.53 ], [ 443118.099999999976717, 214668.03 ], [ 443119.099999999976717, 214668.03 ], [ 443119.099999999976717, 214669.03 ], [ 443122.599999999976717, 214669.03 ], [ 443125.599999999976717, 214665.03 ], [ 443127.099999999976717, 214666.03 ], [ 443127.599999999976717, 214664.53 ], [ 443131.599999999976717, 214664.53 ], [ 443132.099999999976717, 214666.03 ], [ 443149.599999999976717, 214666.03 ], [ 443147.599999999976717, 214664.03 ], [ 443147.599999999976717, 214661.03 ], [ 443150.099999999976717, 214659.03 ], [ 443150.099999999976717, 214658.03 ], [ 443154.599999999976717, 214658.03 ], [ 443155.599999999976717, 214657.03 ], [ 443157.099999999976717, 214657.03 ], [ 443157.599999999976717, 214658.03 ], [ 443157.599999999976717, 214661.03 ], [ 443156.599999999976717, 214662.53 ], [ 443159.599999999976717, 214663.03 ], [ 443161.599999999976717, 214663.03 ], [ 443162.599999999976717, 214661.53 ], [ 443166.099999999976717, 214661.53 ], [ 443168.599999999976717, 214659.53 ], [ 443175.599999999976717, 214659.53 ], [ 443175.599999999976717, 214658.53 ], [ 443176.599999999976717, 214658.53 ], [ 443176.599999999976717, 214659.53 ], [ 443178.599999999976717, 214659.53 ], [ 443178.599999999976717, 214658.53 ], [ 443179.599999999976717, 214658.53 ], [ 443180.099999999976717, 214657.03 ], [ 443184.099999999976717, 214654.03 ], [ 443184.099999999976717, 214650.53 ], [ 443185.099999999976717, 214649.53 ], [ 443186.599999999976717, 214650.03 ], [ 443192.099999999976717, 214645.53 ], [ 443194.599999999976717, 214645.53 ], [ 443195.599999999976717, 214643.03 ], [ 443198.099999999976717, 214642.03 ], [ 443199.099999999976717, 214640.53 ], [ 443203.099999999976717, 214641.03 ], [ 443203.099999999976717, 214638.53 ], [ 443204.099999999976717, 214638.53 ], [ 443204.599999999976717, 214637.03 ], [ 443208.599999999976717, 214636.53 ], [ 443210.099999999976717, 214634.53 ], [ 443210.099999999976717, 214632.53 ], [ 443213.599999999976717, 214632.53 ], [ 443214.099999999976717, 214631.03 ], [ 443215.599999999976717, 214630.53 ], [ 443217.099999999976717, 214626.03 ], [ 443218.599999999976717, 214625.03 ], [ 443218.099999999976717, 214623.03 ], [ 443217.099999999976717, 214623.03 ], [ 443218.599999999976717, 214621.03 ], [ 443219.599999999976717, 214621.03 ], [ 443218.599999999976717, 214619.53 ], [ 443219.599999999976717, 214619.53 ], [ 443219.599999999976717, 214618.53 ], [ 443221.099999999976717, 214618.03 ], [ 443223.099999999976717, 214615.03 ], [ 443226.099999999976717, 214615.03 ], [ 443226.099999999976717, 214614.03 ], [ 443227.599999999976717, 214613.53 ], [ 443227.599999999976717, 214612.03 ], [ 443229.099999999976717, 214611.53 ], [ 443231.099999999976717, 214606.03 ], [ 443230.599999999976717, 214603.53 ], [ 443233.099999999976717, 214601.03 ], [ 443233.099999999976717, 214598.03 ], [ 443236.599999999976717, 214596.53 ], [ 443237.099999999976717, 214594.03 ], [ 443241.099999999976717, 214591.53 ], [ 443241.099999999976717, 214587.03 ], [ 443242.099999999976717, 214587.03 ], [ 443243.599999999976717, 214584.53 ], [ 443245.099999999976717, 214584.53 ], [ 443249.599999999976717, 214580.03 ], [ 443253.599999999976717, 214574.03 ], [ 443258.599999999976717, 214569.03 ], [ 443259.599999999976717, 214569.03 ], [ 443261.099999999976717, 214566.53 ], [ 443263.099999999976717, 214565.03 ], [ 443266.099999999976717, 214564.53 ], [ 443266.599999999976717, 214563.03 ], [ 443269.099999999976717, 214563.03 ], [ 443271.599999999976717, 214559.53 ], [ 443273.099999999976717, 214560.03 ], [ 443274.599999999976717, 214559.03 ], [ 443278.599999999976717, 214554.53 ], [ 443281.099999999976717, 214555.03 ], [ 443282.599999999976717, 214553.03 ], [ 443286.599999999976717, 214552.03 ], [ 443291.099999999976717, 214552.53 ], [ 443293.099999999976717, 214552.03 ], [ 443293.599999999976717, 214551.03 ], [ 443295.099999999976717, 214553.03 ], [ 443297.099999999976717, 214553.03 ], [ 443297.099999999976717, 214552.03 ], [ 443298.599999999976717, 214552.03 ], [ 443299.099999999976717, 214550.53 ], [ 443303.099999999976717, 214550.03 ], [ 443304.599999999976717, 214547.53 ], [ 443311.599999999976717, 214547.53 ], [ 443311.599999999976717, 214546.53 ], [ 443312.599999999976717, 214546.53 ], [ 443315.099999999976717, 214543.53 ], [ 443320.099999999976717, 214542.53 ], [ 443321.599999999976717, 214543.03 ], [ 443323.099999999976717, 214541.03 ], [ 443325.099999999976717, 214541.03 ], [ 443325.099999999976717, 214542.03 ], [ 443326.599999999976717, 214542.53 ], [ 443329.599999999976717, 214539.03 ], [ 443331.099999999976717, 214539.53 ], [ 443331.099999999976717, 214540.53 ], [ 443332.599999999976717, 214540.53 ], [ 443332.599999999976717, 214539.53 ], [ 443337.599999999976717, 214539.53 ], [ 443338.599999999976717, 214537.53 ], [ 443341.099999999976717, 214539.03 ], [ 443341.099999999976717, 214541.03 ], [ 443344.599999999976717, 214541.03 ], [ 443346.099999999976717, 214540.53 ], [ 443346.099999999976717, 214539.53 ], [ 443348.599999999976717, 214539.03 ], [ 443348.599999999976717, 214538.03 ], [ 443352.599999999976717, 214537.53 ], [ 443353.599999999976717, 214540.03 ], [ 443355.599999999976717, 214539.53 ], [ 443358.599999999976717, 214542.03 ], [ 443361.599999999976717, 214541.03 ], [ 443362.099999999976717, 214542.53 ], [ 443365.599999999976717, 214543.53 ], [ 443366.099999999976717, 214544.53 ], [ 443368.599999999976717, 214544.53 ], [ 443369.099999999976717, 214545.53 ], [ 443372.599999999976717, 214546.03 ], [ 443373.599999999976717, 214547.03 ], [ 443380.099999999976717, 214547.53 ], [ 443380.099999999976717, 214548.53 ], [ 443383.599999999976717, 214548.53 ], [ 443384.099999999976717, 214550.03 ], [ 443390.099999999976717, 214552.03 ], [ 443394.099999999976717, 214551.53 ], [ 443394.099999999976717, 214550.53 ], [ 443395.599999999976717, 214550.53 ], [ 443401.099999999976717, 214544.03 ], [ 443404.099999999976717, 214543.53 ], [ 443404.099999999976717, 214542.03 ], [ 443407.099999999976717, 214540.03 ], [ 443403.599999999976717, 214538.53 ], [ 443405.599999999976717, 214537.03 ], [ 443408.599999999976717, 214537.03 ], [ 443410.599999999976717, 214535.03 ], [ 443430.099999999976717, 214535.03 ], [ 443432.099999999976717, 214536.53 ], [ 443432.099999999976717, 214537.53 ], [ 443433.599999999976717, 214537.53 ], [ 443434.099999999976717, 214536.03 ], [ 443435.599999999976717, 214537.03 ], [ 443438.099999999976717, 214536.53 ], [ 443440.099999999976717, 214539.53 ], [ 443449.099999999976717, 214542.53 ], [ 443450.099999999976717, 214544.53 ], [ 443454.599999999976717, 214548.03 ], [ 443455.599999999976717, 214550.53 ], [ 443460.099999999976717, 214552.53 ], [ 443462.099999999976717, 214556.03 ], [ 443463.599999999976717, 214556.03 ], [ 443466.099999999976717, 214559.03 ], [ 443467.599999999976717, 214559.53 ], [ 443467.599999999976717, 214560.53 ], [ 443469.599999999976717, 214560.53 ], [ 443473.099999999976717, 214564.53 ], [ 443477.599999999976717, 214566.03 ], [ 443478.599999999976717, 214567.53 ], [ 443480.599999999976717, 214567.53 ], [ 443481.099999999976717, 214569.03 ], [ 443483.599999999976717, 214569.03 ], [ 443486.599999999976717, 214573.03 ], [ 443490.599999999976717, 214574.03 ], [ 443493.599999999976717, 214577.53 ], [ 443500.099999999976717, 214581.03 ], [ 443501.099999999976717, 214582.53 ], [ 443500.599999999976717, 214584.03 ], [ 443502.099999999976717, 214586.03 ], [ 443503.099999999976717, 214586.03 ], [ 443503.099999999976717, 214587.03 ], [ 443508.599999999976717, 214587.03 ], [ 443513.599999999976717, 214590.03 ], [ 443517.099999999976717, 214594.03 ], [ 443520.599999999976717, 214596.03 ], [ 443521.099999999976717, 214597.53 ], [ 443522.599999999976717, 214597.53 ], [ 443523.099999999976717, 214599.03 ], [ 443524.099999999976717, 214599.03 ], [ 443526.599999999976717, 214602.03 ], [ 443529.599999999976717, 214603.53 ], [ 443531.099999999976717, 214606.03 ], [ 443534.599999999976717, 214608.03 ], [ 443534.599999999976717, 214609.03 ], [ 443536.599999999976717, 214610.53 ], [ 443537.099999999976717, 214613.03 ], [ 443538.599999999976717, 214614.03 ], [ 443538.599999999976717, 214615.53 ], [ 443540.099999999976717, 214616.53 ], [ 443540.099999999976717, 214618.03 ], [ 443541.599999999976717, 214618.53 ], [ 443542.099999999976717, 214622.03 ], [ 443548.099999999976717, 214627.53 ], [ 443549.099999999976717, 214630.53 ], [ 443553.099999999976717, 214635.03 ], [ 443554.099999999976717, 214638.53 ], [ 443556.099999999976717, 214641.03 ], [ 443557.099999999976717, 214641.03 ], [ 443557.599999999976717, 214643.53 ], [ 443560.099999999976717, 214646.03 ], [ 443560.099999999976717, 214648.53 ], [ 443561.599999999976717, 214649.53 ], [ 443563.099999999976717, 214654.03 ], [ 443564.099999999976717, 214654.03 ], [ 443564.099999999976717, 214655.53 ], [ 443568.099999999976717, 214658.03 ], [ 443568.599999999976717, 214659.53 ], [ 443569.599999999976717, 214659.53 ], [ 443570.099999999976717, 214661.03 ], [ 443574.099999999976717, 214664.03 ], [ 443574.599999999976717, 214669.03 ], [ 443570.099999999976717, 214673.53 ], [ 443570.099999999976717, 214674.53 ], [ 443568.599999999976717, 214675.03 ], [ 443570.099999999976717, 214684.53 ], [ 443571.099999999976717, 214686.03 ], [ 443573.599999999976717, 214686.03 ], [ 443574.099999999976717, 214687.53 ], [ 443578.099999999976717, 214686.03 ], [ 443578.099999999976717, 214685.03 ], [ 443582.599999999976717, 214684.53 ], [ 443582.599999999976717, 214683.53 ], [ 443584.099999999976717, 214683.53 ], [ 443584.599999999976717, 214682.03 ], [ 443585.599999999976717, 214682.03 ], [ 443584.099999999976717, 214680.03 ], [ 443584.599999999976717, 214677.03 ], [ 443585.599999999976717, 214677.03 ], [ 443586.099999999976717, 214675.53 ], [ 443587.099999999976717, 214675.53 ], [ 443587.599999999976717, 214674.03 ], [ 443589.099999999976717, 214673.53 ], [ 443589.099999999976717, 214672.53 ], [ 443590.599999999976717, 214672.03 ], [ 443590.599999999976717, 214671.03 ], [ 443592.099999999976717, 214670.53 ], [ 443592.099999999976717, 214669.53 ], [ 443593.599999999976717, 214669.03 ], [ 443593.599999999976717, 214668.03 ], [ 443595.099999999976717, 214667.53 ], [ 443595.099999999976717, 214666.53 ], [ 443596.599999999976717, 214666.03 ], [ 443596.599999999976717, 214665.03 ], [ 443598.099999999976717, 214664.53 ], [ 443598.599999999976717, 214663.03 ], [ 443599.599999999976717, 214663.03 ], [ 443605.099999999976717, 214656.53 ], [ 443606.599999999976717, 214656.53 ], [ 443606.599999999976717, 214655.53 ], [ 443607.599999999976717, 214655.53 ], [ 443608.099999999976717, 214654.03 ], [ 443609.099999999976717, 214654.03 ], [ 443609.599999999976717, 214652.53 ], [ 443610.599999999976717, 214652.53 ], [ 443611.099999999976717, 214651.03 ], [ 443614.099999999976717, 214649.03 ], [ 443614.099999999976717, 214648.03 ], [ 443616.599999999976717, 214647.03 ], [ 443616.599999999976717, 214646.03 ], [ 443618.099999999976717, 214645.53 ], [ 443620.099999999976717, 214642.53 ], [ 443621.099999999976717, 214642.53 ], [ 443622.099999999976717, 214640.03 ], [ 443623.099999999976717, 214640.03 ], [ 443625.099999999976717, 214637.03 ], [ 443627.599999999976717, 214636.53 ], [ 443627.599999999976717, 214635.53 ], [ 443629.099999999976717, 214635.03 ], [ 443631.099999999976717, 214632.03 ], [ 443632.599999999976717, 214632.03 ], [ 443632.599999999976717, 214631.03 ], [ 443635.099999999976717, 214630.03 ], [ 443635.099999999976717, 214629.03 ], [ 443638.099999999976717, 214627.03 ], [ 443639.099999999976717, 214624.53 ], [ 443640.099999999976717, 214624.53 ], [ 443640.599999999976717, 214623.03 ], [ 443641.599999999976717, 214623.03 ], [ 443642.099999999976717, 214621.53 ], [ 443645.099999999976717, 214619.53 ], [ 443645.099999999976717, 214618.53 ], [ 443647.599999999976717, 214618.03 ], [ 443647.599999999976717, 214617.03 ], [ 443649.099999999976717, 214616.53 ], [ 443652.099999999976717, 214612.53 ], [ 443653.599999999976717, 214612.53 ], [ 443655.599999999976717, 214610.03 ], [ 443656.599999999976717, 214610.03 ], [ 443655.099999999976717, 214606.03 ], [ 443652.099999999976717, 214605.53 ], [ 443651.599999999976717, 214604.03 ], [ 443649.099999999976717, 214605.03 ], [ 443649.099999999976717, 214604.03 ], [ 443646.599999999976717, 214603.03 ], [ 443646.599999999976717, 214602.03 ], [ 443645.099999999976717, 214601.53 ], [ 443645.099999999976717, 214600.53 ], [ 443643.599999999976717, 214600.03 ], [ 443641.599999999976717, 214597.03 ], [ 443638.599999999976717, 214596.53 ], [ 443637.099999999976717, 214595.03 ], [ 443637.099999999976717, 214593.53 ], [ 443635.099999999976717, 214593.03 ], [ 443631.599999999976717, 214589.53 ], [ 443631.599999999976717, 214588.53 ], [ 443628.099999999976717, 214586.03 ], [ 443628.099999999976717, 214584.53 ], [ 443627.099999999976717, 214584.53 ], [ 443627.599999999976717, 214583.03 ], [ 443626.099999999976717, 214582.03 ], [ 443626.099999999976717, 214580.03 ], [ 443625.099999999976717, 214580.03 ], [ 443625.099999999976717, 214581.53 ], [ 443623.599999999976717, 214583.03 ], [ 443616.599999999976717, 214582.53 ], [ 443616.599999999976717, 214581.53 ], [ 443615.099999999976717, 214581.03 ], [ 443615.099999999976717, 214578.03 ], [ 443614.099999999976717, 214578.03 ], [ 443609.099999999976717, 214572.03 ], [ 443609.099999999976717, 214569.03 ], [ 443608.099999999976717, 214569.03 ], [ 443608.099999999976717, 214566.03 ], [ 443609.099999999976717, 214566.03 ], [ 443609.099999999976717, 214564.53 ], [ 443608.099999999976717, 214564.53 ], [ 443607.599999999976717, 214563.03 ], [ 443606.099999999976717, 214563.03 ], [ 443604.599999999976717, 214565.53 ], [ 443602.599999999976717, 214565.53 ], [ 443602.599999999976717, 214564.53 ], [ 443601.599999999976717, 214564.53 ], [ 443601.099999999976717, 214563.03 ], [ 443598.099999999976717, 214561.03 ], [ 443598.099999999976717, 214556.53 ], [ 443597.099999999976717, 214556.53 ], [ 443596.599999999976717, 214555.03 ], [ 443594.099999999976717, 214554.53 ], [ 443592.099999999976717, 214551.53 ], [ 443587.599999999976717, 214552.03 ], [ 443587.099999999976717, 214550.53 ], [ 443586.099999999976717, 214550.53 ], [ 443586.099999999976717, 214549.03 ], [ 443587.099999999976717, 214549.03 ], [ 443585.599999999976717, 214547.03 ], [ 443586.099999999976717, 214544.03 ], [ 443584.599999999976717, 214543.53 ], [ 443584.599999999976717, 214542.53 ], [ 443583.099999999976717, 214542.53 ], [ 443582.599999999976717, 214541.03 ], [ 443578.599999999976717, 214540.53 ], [ 443578.599999999976717, 214539.53 ], [ 443577.099999999976717, 214539.03 ], [ 443576.599999999976717, 214536.03 ], [ 443575.599999999976717, 214536.03 ], [ 443575.099999999976717, 214530.03 ], [ 443574.099999999976717, 214530.03 ], [ 443573.599999999976717, 214528.53 ], [ 443571.099999999976717, 214528.53 ], [ 443570.099999999976717, 214530.03 ], [ 443567.099999999976717, 214530.03 ], [ 443565.599999999976717, 214527.53 ], [ 443557.099999999976717, 214527.53 ], [ 443555.599999999976717, 214526.53 ], [ 443555.099999999976717, 214517.53 ], [ 443555.599999999976717, 214516.03 ], [ 443556.599999999976717, 214516.03 ], [ 443556.599999999976717, 214513.53 ], [ 443558.099999999976717, 214513.03 ], [ 443561.099999999976717, 214509.03 ], [ 443562.599999999976717, 214509.03 ], [ 443563.099999999976717, 214510.03 ], [ 443563.099999999976717, 214509.03 ], [ 443565.599999999976717, 214508.53 ], [ 443566.099999999976717, 214506.53 ], [ 443564.099999999976717, 214505.03 ], [ 443564.099999999976717, 214503.53 ], [ 443562.599999999976717, 214503.03 ], [ 443559.099999999976717, 214497.53 ], [ 443557.099999999976717, 214498.03 ], [ 443557.099999999976717, 214502.03 ], [ 443555.599999999976717, 214502.53 ], [ 443555.099999999976717, 214504.03 ], [ 443553.599999999976717, 214503.53 ], [ 443553.099999999976717, 214502.03 ], [ 443554.099999999976717, 214499.53 ], [ 443555.099999999976717, 214499.53 ], [ 443555.599999999976717, 214496.53 ], [ 443554.099999999976717, 214496.03 ], [ 443553.599999999976717, 214494.53 ], [ 443552.099999999976717, 214494.53 ], [ 443552.099999999976717, 214493.53 ], [ 443550.599999999976717, 214493.53 ], [ 443550.599999999976717, 214494.53 ], [ 443547.099999999976717, 214494.53 ], [ 443547.099999999976717, 214493.53 ], [ 443545.599999999976717, 214493.03 ], [ 443545.599999999976717, 214488.53 ], [ 443541.599999999976717, 214485.53 ], [ 443541.599999999976717, 214474.53 ], [ 443540.099999999976717, 214474.03 ], [ 443539.599999999976717, 214472.53 ], [ 443532.099999999976717, 214473.03 ], [ 443531.599999999976717, 214471.53 ], [ 443530.099999999976717, 214471.03 ], [ 443530.599999999976717, 214462.03 ], [ 443528.599999999976717, 214460.53 ], [ 443528.599999999976717, 214459.53 ], [ 443525.599999999976717, 214459.53 ], [ 443524.599999999976717, 214458.03 ], [ 443523.099999999976717, 214458.03 ], [ 443523.099999999976717, 214459.03 ], [ 443520.099999999976717, 214458.03 ], [ 443517.599999999976717, 214462.03 ], [ 443516.599999999976717, 214462.03 ], [ 443516.099999999976717, 214463.53 ], [ 443514.599999999976717, 214463.53 ], [ 443514.599999999976717, 214462.53 ], [ 443512.099999999976717, 214461.03 ], [ 443512.099999999976717, 214459.03 ], [ 443514.599999999976717, 214457.53 ], [ 443513.099999999976717, 214456.03 ], [ 443513.099999999976717, 214454.03 ], [ 443514.599999999976717, 214454.03 ], [ 443515.099999999976717, 214453.03 ], [ 443512.099999999976717, 214453.03 ], [ 443511.599999999976717, 214451.53 ], [ 443509.099999999976717, 214451.03 ], [ 443508.599999999976717, 214449.53 ], [ 443504.599999999976717, 214448.03 ], [ 443504.599999999976717, 214447.03 ], [ 443501.599999999976717, 214448.03 ], [ 443501.599999999976717, 214447.03 ], [ 443499.599999999976717, 214446.53 ], [ 443499.599999999976717, 214445.53 ], [ 443494.599999999976717, 214445.03 ], [ 443490.099999999976717, 214439.03 ], [ 443488.599999999976717, 214439.53 ], [ 443489.099999999976717, 214441.03 ], [ 443487.599999999976717, 214441.03 ], [ 443487.599999999976717, 214442.03 ], [ 443484.099999999976717, 214442.03 ], [ 443484.099999999976717, 214441.03 ], [ 443482.599999999976717, 214441.03 ], [ 443481.099999999976717, 214439.03 ], [ 443476.599999999976717, 214439.03 ], [ 443475.099999999976717, 214438.53 ], [ 443475.099999999976717, 214437.53 ], [ 443467.599999999976717, 214437.03 ], [ 443467.099999999976717, 214435.53 ], [ 443465.599999999976717, 214435.53 ], [ 443465.599999999976717, 214434.53 ], [ 443464.099999999976717, 214434.03 ], [ 443465.099999999976717, 214432.53 ], [ 443464.099999999976717, 214432.53 ], [ 443463.599999999976717, 214431.03 ], [ 443462.599999999976717, 214431.03 ], [ 443459.599999999976717, 214434.53 ], [ 443456.599999999976717, 214434.03 ], [ 443455.099999999976717, 214431.53 ], [ 443453.599999999976717, 214433.03 ], [ 443450.099999999976717, 214432.53 ], [ 443450.099999999976717, 214431.53 ], [ 443448.599999999976717, 214431.03 ], [ 443448.099999999976717, 214425.03 ], [ 443447.099999999976717, 214425.03 ], [ 443447.099999999976717, 214422.03 ], [ 443448.099999999976717, 214422.03 ], [ 443448.099999999976717, 214420.53 ], [ 443445.099999999976717, 214418.53 ], [ 443445.099999999976717, 214417.03 ], [ 443439.599999999976717, 214417.03 ], [ 443437.099999999976717, 214413.53 ], [ 443433.099999999976717, 214414.53 ], [ 443432.099999999976717, 214412.53 ], [ 443434.599999999976717, 214413.03 ], [ 443435.599999999976717, 214412.03 ], [ 443434.099999999976717, 214409.03 ], [ 443433.599999999976717, 214410.03 ], [ 443432.099999999976717, 214410.03 ], [ 443431.599999999976717, 214411.03 ], [ 443430.099999999976717, 214410.53 ], [ 443429.599999999976717, 214411.53 ], [ 443426.599999999976717, 214411.53 ], [ 443426.599999999976717, 214410.03 ], [ 443424.099999999976717, 214410.03 ], [ 443422.599999999976717, 214407.53 ], [ 443424.099999999976717, 214407.03 ], [ 443424.099999999976717, 214405.03 ], [ 443426.599999999976717, 214403.03 ], [ 443426.599999999976717, 214401.53 ], [ 443413.599999999976717, 214397.53 ], [ 443411.099999999976717, 214398.03 ], [ 443410.599999999976717, 214397.03 ], [ 443408.099999999976717, 214398.53 ], [ 443408.599999999976717, 214400.53 ], [ 443406.099999999976717, 214400.03 ], [ 443405.599999999976717, 214401.53 ], [ 443402.599999999976717, 214401.53 ], [ 443402.099999999976717, 214400.03 ], [ 443400.099999999976717, 214399.53 ], [ 443400.599999999976717, 214398.03 ], [ 443399.599999999976717, 214397.03 ], [ 443397.099999999976717, 214397.03 ], [ 443398.599999999976717, 214396.53 ], [ 443398.599999999976717, 214395.53 ], [ 443397.099999999976717, 214396.03 ], [ 443395.099999999976717, 214395.03 ], [ 443386.599999999976717, 214394.53 ], [ 443385.599999999976717, 214396.53 ], [ 443388.099999999976717, 214396.53 ], [ 443388.599999999976717, 214398.53 ], [ 443386.599999999976717, 214397.53 ], [ 443384.599999999976717, 214398.53 ], [ 443384.099999999976717, 214397.03 ], [ 443382.599999999976717, 214397.03 ], [ 443383.599999999976717, 214394.03 ], [ 443362.599999999976717, 214392.53 ], [ 443360.599999999976717, 214394.03 ], [ 443361.099999999976717, 214395.53 ], [ 443360.099999999976717, 214395.53 ], [ 443357.099999999976717, 214391.53 ], [ 443354.599999999976717, 214391.03 ], [ 443354.599999999976717, 214390.03 ], [ 443352.099999999976717, 214390.53 ], [ 443351.599999999976717, 214389.53 ], [ 443350.099999999976717, 214389.53 ], [ 443350.099999999976717, 214388.53 ], [ 443347.099999999976717, 214386.53 ], [ 443345.599999999976717, 214383.03 ], [ 443342.599999999976717, 214383.53 ], [ 443343.099999999976717, 214385.03 ], [ 443341.599999999976717, 214386.53 ], [ 443341.599999999976717, 214390.03 ], [ 443340.599999999976717, 214390.03 ], [ 443340.599999999976717, 214392.53 ], [ 443339.099999999976717, 214393.03 ], [ 443338.599999999976717, 214394.53 ], [ 443336.599999999976717, 214394.53 ], [ 443337.599999999976717, 214393.03 ], [ 443336.099999999976717, 214392.53 ], [ 443335.599999999976717, 214395.53 ], [ 443334.099999999976717, 214395.53 ], [ 443333.099999999976717, 214394.03 ], [ 443331.599999999976717, 214394.03 ], [ 443330.099999999976717, 214396.03 ], [ 443328.599999999976717, 214396.03 ], [ 443328.099999999976717, 214394.53 ], [ 443324.599999999976717, 214394.53 ], [ 443323.099999999976717, 214397.03 ], [ 443320.599999999976717, 214397.03 ], [ 443320.099999999976717, 214398.53 ], [ 443317.099999999976717, 214400.53 ], [ 443317.099999999976717, 214402.03 ], [ 443316.099999999976717, 214402.03 ], [ 443315.599999999976717, 214407.03 ], [ 443313.099999999976717, 214408.53 ], [ 443313.099999999976717, 214411.53 ], [ 443314.599999999976717, 214412.53 ], [ 443314.099999999976717, 214414.53 ], [ 443315.599999999976717, 214415.53 ], [ 443315.599999999976717, 214419.03 ], [ 443316.099999999976717, 214420.53 ], [ 443317.099999999976717, 214420.53 ], [ 443317.099999999976717, 214423.03 ], [ 443318.599999999976717, 214423.53 ], [ 443318.599999999976717, 214425.03 ], [ 443320.099999999976717, 214425.53 ], [ 443322.099999999976717, 214428.53 ], [ 443323.099999999976717, 214428.53 ], [ 443323.599999999976717, 214431.03 ], [ 443324.599999999976717, 214431.03 ], [ 443325.099999999976717, 214432.53 ], [ 443327.599999999976717, 214433.03 ], [ 443328.599999999976717, 214431.53 ], [ 443328.599999999976717, 214432.53 ], [ 443331.099999999976717, 214434.03 ], [ 443328.099999999976717, 214437.03 ], [ 443328.099999999976717, 214440.53 ], [ 443329.599999999976717, 214441.03 ], [ 443329.599999999976717, 214442.03 ], [ 443331.099999999976717, 214442.03 ], [ 443331.599999999976717, 214443.53 ], [ 443335.599999999976717, 214444.03 ], [ 443335.599999999976717, 214445.03 ], [ 443336.099999999976717, 214444.03 ], [ 443338.599999999976717, 214443.53 ], [ 443339.099999999976717, 214445.03 ], [ 443340.599999999976717, 214445.53 ], [ 443340.099999999976717, 214447.03 ], [ 443339.099999999976717, 214446.03 ], [ 443338.099999999976717, 214447.03 ], [ 443334.099999999976717, 214445.53 ], [ 443330.599999999976717, 214445.53 ], [ 443330.099999999976717, 214447.03 ], [ 443332.599999999976717, 214447.03 ], [ 443333.099999999976717, 214448.53 ], [ 443337.099999999976717, 214447.03 ], [ 443338.099999999976717, 214447.53 ], [ 443339.099999999976717, 214450.53 ], [ 443340.599999999976717, 214449.53 ], [ 443342.099999999976717, 214450.03 ], [ 443341.599999999976717, 214452.53 ], [ 443346.599999999976717, 214456.03 ], [ 443346.099999999976717, 214459.53 ], [ 443345.099999999976717, 214459.53 ], [ 443344.599999999976717, 214461.03 ], [ 443344.599999999976717, 214464.03 ], [ 443346.099999999976717, 214465.03 ], [ 443347.099999999976717, 214468.03 ], [ 443349.599999999976717, 214468.53 ], [ 443350.099999999976717, 214470.03 ], [ 443348.599999999976717, 214471.03 ], [ 443348.599999999976717, 214473.03 ], [ 443347.099999999976717, 214474.03 ], [ 443346.599999999976717, 214476.03 ], [ 443342.099999999976717, 214479.03 ], [ 443343.099999999976717, 214479.53 ], [ 443343.099999999976717, 214482.03 ], [ 443344.599999999976717, 214482.53 ], [ 443344.599999999976717, 214483.53 ], [ 443343.599999999976717, 214483.53 ], [ 443341.599999999976717, 214486.53 ], [ 443337.599999999976717, 214486.53 ], [ 443337.099999999976717, 214488.03 ], [ 443334.599999999976717, 214488.03 ], [ 443334.099999999976717, 214489.53 ], [ 443330.099999999976717, 214490.03 ], [ 443329.599999999976717, 214491.53 ], [ 443326.599999999976717, 214492.03 ], [ 443325.099999999976717, 214494.53 ], [ 443324.599999999976717, 214493.53 ], [ 443323.599999999976717, 214493.53 ], [ 443323.099999999976717, 214495.03 ], [ 443318.599999999976717, 214494.53 ], [ 443317.099999999976717, 214496.53 ], [ 443316.099999999976717, 214496.53 ], [ 443316.099999999976717, 214499.03 ], [ 443318.599999999976717, 214499.53 ], [ 443318.599999999976717, 214500.53 ], [ 443320.099999999976717, 214501.03 ], [ 443321.599999999976717, 214501.03 ], [ 443323.099999999976717, 214499.03 ], [ 443326.099999999976717, 214499.53 ], [ 443326.099999999976717, 214500.53 ], [ 443327.599999999976717, 214501.03 ], [ 443327.599999999976717, 214505.03 ], [ 443326.599999999976717, 214505.03 ], [ 443326.099999999976717, 214506.53 ], [ 443320.599999999976717, 214508.53 ], [ 443320.099999999976717, 214510.03 ], [ 443317.599999999976717, 214510.03 ], [ 443317.099999999976717, 214511.53 ], [ 443313.099999999976717, 214512.03 ], [ 443311.599999999976717, 214514.53 ], [ 443308.099999999976717, 214515.03 ], [ 443307.599999999976717, 214519.03 ], [ 443306.599999999976717, 214519.03 ], [ 443306.099999999976717, 214520.53 ], [ 443303.099999999976717, 214522.53 ], [ 443303.099999999976717, 214523.53 ], [ 443302.099999999976717, 214523.53 ], [ 443302.099999999976717, 214522.53 ], [ 443300.599999999976717, 214522.53 ], [ 443300.599999999976717, 214523.53 ], [ 443300.099999999976717, 214522.53 ], [ 443298.599999999976717, 214522.53 ], [ 443298.599999999976717, 214523.53 ], [ 443296.099999999976717, 214522.53 ], [ 443293.599999999976717, 214526.53 ], [ 443292.099999999976717, 214526.53 ], [ 443292.099999999976717, 214525.53 ], [ 443289.599999999976717, 214525.53 ], [ 443289.099999999976717, 214524.03 ], [ 443286.599999999976717, 214523.53 ], [ 443286.099999999976717, 214522.03 ], [ 443283.599999999976717, 214522.03 ], [ 443283.099999999976717, 214519.53 ], [ 443284.599999999976717, 214519.03 ], [ 443286.599999999976717, 214516.03 ], [ 443292.599999999976717, 214516.03 ], [ 443294.599999999976717, 214513.03 ], [ 443300.599999999976717, 214513.03 ], [ 443303.099999999976717, 214515.03 ], [ 443304.599999999976717, 214514.53 ], [ 443304.599999999976717, 214513.53 ], [ 443306.099999999976717, 214514.53 ], [ 443306.099999999976717, 214513.53 ], [ 443307.599999999976717, 214513.03 ], [ 443307.599999999976717, 214512.03 ], [ 443306.099999999976717, 214511.53 ], [ 443306.599999999976717, 214509.03 ], [ 443305.099999999976717, 214508.53 ], [ 443304.599999999976717, 214507.03 ], [ 443301.599999999976717, 214506.53 ], [ 443301.599999999976717, 214505.53 ], [ 443297.599999999976717, 214505.03 ], [ 443297.599999999976717, 214504.03 ], [ 443295.599999999976717, 214502.53 ], [ 443295.599999999976717, 214503.53 ], [ 443294.099999999976717, 214503.53 ], [ 443293.599999999976717, 214505.03 ], [ 443290.599999999976717, 214505.53 ], [ 443290.599999999976717, 214506.53 ], [ 443288.099999999976717, 214506.53 ], [ 443287.599999999976717, 214508.03 ], [ 443286.099999999976717, 214509.03 ], [ 443283.599999999976717, 214509.03 ], [ 443281.599999999976717, 214512.03 ], [ 443278.599999999976717, 214513.03 ], [ 443278.599999999976717, 214512.03 ], [ 443275.599999999976717, 214510.03 ], [ 443275.099999999976717, 214505.53 ], [ 443274.099999999976717, 214505.53 ], [ 443273.599999999976717, 214504.03 ], [ 443272.599999999976717, 214504.03 ], [ 443272.099999999976717, 214502.53 ], [ 443269.099999999976717, 214500.53 ], [ 443269.099999999976717, 214499.53 ], [ 443263.599999999976717, 214497.53 ], [ 443263.599999999976717, 214496.53 ], [ 443262.099999999976717, 214496.03 ], [ 443262.099999999976717, 214495.03 ], [ 443260.599999999976717, 214495.03 ], [ 443258.099999999976717, 214491.53 ], [ 443255.599999999976717, 214491.03 ], [ 443255.599999999976717, 214490.03 ], [ 443254.099999999976717, 214489.53 ], [ 443253.599999999976717, 214486.53 ], [ 443252.599999999976717, 214486.53 ], [ 443252.599999999976717, 214485.53 ], [ 443251.099999999976717, 214485.03 ], [ 443251.099999999976717, 214484.03 ], [ 443249.599999999976717, 214483.53 ], [ 443247.599999999976717, 214480.53 ], [ 443246.599999999976717, 214480.53 ], [ 443246.099999999976717, 214476.03 ], [ 443243.599999999976717, 214474.53 ], [ 443243.599999999976717, 214468.03 ], [ 443242.599999999976717, 214465.53 ], [ 443241.599999999976717, 214465.53 ], [ 443241.099999999976717, 214464.03 ], [ 443240.099999999976717, 214464.03 ], [ 443240.099999999976717, 214462.53 ], [ 443237.099999999976717, 214460.53 ], [ 443236.599999999976717, 214457.53 ], [ 443235.099999999976717, 214457.03 ], [ 443233.599999999976717, 214453.03 ], [ 443232.599999999976717, 214453.03 ], [ 443232.099999999976717, 214451.53 ], [ 443231.099999999976717, 214451.53 ], [ 443231.099999999976717, 214450.03 ], [ 443229.599999999976717, 214449.53 ], [ 443229.099999999976717, 214447.03 ], [ 443228.099999999976717, 214447.03 ], [ 443227.599999999976717, 214445.53 ], [ 443226.599999999976717, 214445.53 ], [ 443226.099999999976717, 214444.03 ], [ 443225.099999999976717, 214444.03 ], [ 443224.599999999976717, 214442.53 ], [ 443221.599999999976717, 214440.53 ], [ 443221.599999999976717, 214439.03 ], [ 443220.099999999976717, 214438.53 ], [ 443220.099999999976717, 214437.53 ], [ 443218.599999999976717, 214437.03 ], [ 443218.599999999976717, 214436.03 ], [ 443217.099999999976717, 214435.53 ], [ 443217.099999999976717, 214434.53 ], [ 443215.599999999976717, 214434.03 ], [ 443215.599999999976717, 214433.03 ], [ 443214.099999999976717, 214432.53 ], [ 443214.099999999976717, 214431.53 ], [ 443212.599999999976717, 214431.03 ], [ 443212.599999999976717, 214430.03 ], [ 443211.099999999976717, 214429.53 ], [ 443209.099999999976717, 214426.53 ], [ 443208.099999999976717, 214426.53 ], [ 443207.099999999976717, 214423.53 ], [ 443204.599999999976717, 214422.03 ], [ 443204.599999999976717, 214423.03 ], [ 443203.099999999976717, 214423.53 ], [ 443201.099999999976717, 214426.53 ], [ 443192.099999999976717, 214426.53 ], [ 443191.099999999976717, 214428.03 ], [ 443185.599999999976717, 214428.03 ], [ 443184.599999999976717, 214429.53 ], [ 443181.599999999976717, 214430.03 ], [ 443181.599999999976717, 214431.03 ], [ 443180.099999999976717, 214431.53 ], [ 443178.099999999976717, 214434.53 ], [ 443176.599999999976717, 214434.53 ], [ 443176.599999999976717, 214435.53 ], [ 443175.599999999976717, 214435.53 ], [ 443175.099999999976717, 214437.03 ], [ 443173.599999999976717, 214437.03 ], [ 443173.099999999976717, 214438.53 ], [ 443167.599999999976717, 214441.03 ], [ 443167.599999999976717, 214442.03 ], [ 443166.099999999976717, 214442.53 ], [ 443164.099999999976717, 214445.53 ], [ 443162.599999999976717, 214445.53 ], [ 443162.599999999976717, 214446.53 ], [ 443158.599999999976717, 214447.03 ], [ 443156.599999999976717, 214450.03 ], [ 443155.099999999976717, 214450.03 ], [ 443154.599999999976717, 214451.53 ], [ 443152.099999999976717, 214451.53 ], [ 443152.099999999976717, 214452.53 ], [ 443147.599999999976717, 214452.53 ], [ 443145.599999999976717, 214453.03 ], [ 443145.599999999976717, 214454.03 ], [ 443141.599999999976717, 214454.03 ], [ 443139.599999999976717, 214457.03 ], [ 443136.599999999976717, 214457.53 ], [ 443134.599999999976717, 214460.53 ], [ 443133.099999999976717, 214460.53 ], [ 443131.599999999976717, 214462.53 ], [ 443130.099999999976717, 214462.53 ], [ 443130.099999999976717, 214463.53 ], [ 443127.599999999976717, 214464.03 ], [ 443126.099999999976717, 214466.53 ], [ 443117.599999999976717, 214467.03 ], [ 443117.599999999976717, 214468.03 ], [ 443115.099999999976717, 214468.53 ], [ 443113.599999999976717, 214471.03 ], [ 443108.599999999976717, 214471.53 ], [ 443104.099999999976717, 214478.03 ], [ 443102.599999999976717, 214478.03 ], [ 443101.099999999976717, 214480.53 ], [ 443099.599999999976717, 214480.53 ], [ 443099.099999999976717, 214482.03 ], [ 443098.099999999976717, 214482.03 ], [ 443097.599999999976717, 214483.53 ], [ 443094.599999999976717, 214485.53 ], [ 443094.599999999976717, 214486.53 ], [ 443092.099999999976717, 214487.03 ], [ 443091.599999999976717, 214488.53 ], [ 443093.099999999976717, 214489.53 ], [ 443093.099999999976717, 214491.53 ], [ 443092.099999999976717, 214491.53 ], [ 443091.599999999976717, 214493.03 ], [ 443091.599999999976717, 214496.53 ], [ 443090.599999999976717, 214496.53 ], [ 443090.599999999976717, 214497.53 ], [ 443088.599999999976717, 214499.03 ], [ 443088.599999999976717, 214500.53 ], [ 443090.099999999976717, 214501.03 ], [ 443088.599999999976717, 214503.53 ], [ 443085.099999999976717, 214504.03 ], [ 443085.099999999976717, 214505.03 ], [ 443082.599999999976717, 214504.03 ], [ 443082.099999999976717, 214505.53 ], [ 443079.099999999976717, 214505.03 ], [ 443076.099999999976717, 214508.53 ], [ 443073.599999999976717, 214508.53 ], [ 443073.099999999976717, 214510.03 ], [ 443072.099999999976717, 214510.03 ], [ 443073.099999999976717, 214510.53 ], [ 443073.099999999976717, 214512.03 ], [ 443070.599999999976717, 214513.53 ], [ 443070.599999999976717, 214516.03 ], [ 443069.599999999976717, 214517.53 ], [ 443066.599999999976717, 214518.03 ], [ 443066.599999999976717, 214519.03 ], [ 443064.099999999976717, 214518.03 ], [ 443062.599999999976717, 214520.53 ], [ 443059.099999999976717, 214521.03 ], [ 443059.099999999976717, 214522.03 ], [ 443057.599999999976717, 214522.53 ], [ 443053.599999999976717, 214522.03 ], [ 443053.599999999976717, 214521.03 ], [ 443051.599999999976717, 214520.53 ], [ 443051.099999999976717, 214519.03 ], [ 443047.099999999976717, 214519.53 ], [ 443045.099999999976717, 214522.53 ], [ 443043.599999999976717, 214522.03 ], [ 443042.099999999976717, 214524.03 ], [ 443041.099999999976717, 214524.03 ], [ 443040.599999999976717, 214526.53 ], [ 443038.099999999976717, 214527.53 ], [ 443038.099999999976717, 214528.53 ], [ 443036.599999999976717, 214528.53 ], [ 443036.099999999976717, 214530.03 ], [ 443034.599999999976717, 214530.03 ], [ 443034.099999999976717, 214531.53 ], [ 443032.599999999976717, 214532.03 ], [ 443032.599999999976717, 214538.03 ], [ 443034.099999999976717, 214539.03 ], [ 443034.099999999976717, 214542.53 ], [ 443033.099999999976717, 214542.53 ], [ 443032.599999999976717, 214546.03 ], [ 443031.599999999976717, 214546.03 ], [ 443031.099999999976717, 214547.53 ], [ 443029.599999999976717, 214547.53 ], [ 443028.599999999976717, 214549.03 ], [ 443027.099999999976717, 214547.53 ], [ 443026.599999999976717, 214553.03 ], [ 443024.099999999976717, 214552.03 ], [ 443024.099999999976717, 214554.53 ], [ 443025.099999999976717, 214556.03 ], [ 443023.599999999976717, 214556.53 ] ], [ [ 443432.099999999976717, 214412.53 ], [ 443431.599999999976717, 214412.53 ], [ 443431.599999999976717, 214412.03 ], [ 443432.099999999976717, 214412.03 ], [ 443432.099999999976717, 214412.53 ] ], [ [ 443397.099999999976717, 214397.03 ], [ 443397.099999999976717, 214397.53 ], [ 443396.599999999976717, 214397.53 ], [ 443396.599999999976717, 214397.03 ], [ 443397.099999999976717, 214397.03 ] ], [ [ 443396.599999999976717, 214397.53 ], [ 443396.599999999976717, 214398.03 ], [ 443396.099999999976717, 214398.03 ], [ 443396.099999999976717, 214397.53 ], [ 443396.599999999976717, 214397.53 ] ], [ [ 443559.599999999976717, 214499.03 ], [ 443559.099999999976717, 214499.03 ], [ 443559.099999999976717, 214498.53 ], [ 443559.599999999976717, 214498.53 ], [ 443559.599999999976717, 214499.03 ] ], [ [ 443490.599999999976717, 214441.03 ], [ 443490.099999999976717, 214441.03 ], [ 443490.099999999976717, 214440.53 ], [ 443490.599999999976717, 214440.53 ], [ 443490.599999999976717, 214441.03 ] ], [ [ 443434.599999999976717, 214425.03 ], [ 443433.599999999976717, 214426.53 ], [ 443430.099999999976717, 214426.53 ], [ 443430.099999999976717, 214425.53 ], [ 443428.599999999976717, 214425.03 ], [ 443428.099999999976717, 214423.03 ], [ 443426.599999999976717, 214422.03 ], [ 443427.099999999976717, 214419.03 ], [ 443423.599999999976717, 214416.03 ], [ 443424.099999999976717, 214414.53 ], [ 443425.599999999976717, 214414.53 ], [ 443425.099999999976717, 214413.03 ], [ 443428.599999999976717, 214415.03 ], [ 443427.099999999976717, 214415.53 ], [ 443427.599999999976717, 214416.53 ], [ 443429.599999999976717, 214415.53 ], [ 443429.099999999976717, 214417.03 ], [ 443430.099999999976717, 214418.53 ], [ 443432.099999999976717, 214417.53 ], [ 443432.099999999976717, 214418.53 ], [ 443434.599999999976717, 214418.53 ], [ 443437.099999999976717, 214421.03 ], [ 443438.099999999976717, 214420.53 ], [ 443438.599999999976717, 214418.03 ], [ 443440.599999999976717, 214420.53 ], [ 443442.599999999976717, 214418.53 ], [ 443444.099999999976717, 214418.53 ], [ 443445.099999999976717, 214420.03 ], [ 443442.099999999976717, 214423.53 ], [ 443440.599999999976717, 214424.03 ], [ 443440.599999999976717, 214425.03 ], [ 443439.599999999976717, 214425.03 ], [ 443439.599999999976717, 214424.03 ], [ 443435.599999999976717, 214421.03 ], [ 443435.099999999976717, 214422.53 ], [ 443436.099999999976717, 214423.53 ], [ 443435.099999999976717, 214423.53 ], [ 443434.599999999976717, 214425.03 ] ], [ [ 443440.099999999976717, 214418.53 ], [ 443440.599999999976717, 214418.53 ], [ 443440.599999999976717, 214419.03 ], [ 443440.099999999976717, 214419.03 ], [ 443440.099999999976717, 214418.53 ] ], [ [ 443436.099999999976717, 214422.53 ], [ 443436.599999999976717, 214422.53 ], [ 443436.599999999976717, 214423.03 ], [ 443436.099999999976717, 214423.03 ], [ 443436.099999999976717, 214422.53 ] ], [ [ 443424.599999999976717, 214412.53 ], [ 443424.099999999976717, 214414.03 ], [ 443422.599999999976717, 214413.03 ], [ 443422.599999999976717, 214412.53 ], [ 443424.599999999976717, 214412.53 ] ], [ [ 443421.599999999976717, 214404.53 ], [ 443422.599999999976717, 214403.53 ], [ 443423.599999999976717, 214405.03 ], [ 443420.099999999976717, 214406.03 ], [ 443420.099999999976717, 214405.03 ], [ 443421.599999999976717, 214404.53 ] ], [ [ 443421.599999999976717, 214412.53 ], [ 443421.599999999976717, 214412.03 ], [ 443422.099999999976717, 214412.03 ], [ 443422.099999999976717, 214412.53 ], [ 443421.599999999976717, 214412.53 ] ], [ [ 443420.099999999976717, 214412.53 ], [ 443420.099999999976717, 214412.03 ], [ 443420.599999999976717, 214412.03 ], [ 443420.599999999976717, 214412.53 ], [ 443420.099999999976717, 214412.53 ] ], [ [ 443419.099999999976717, 214404.53 ], [ 443419.099999999976717, 214404.03 ], [ 443419.599999999976717, 214404.03 ], [ 443419.599999999976717, 214404.53 ], [ 443419.099999999976717, 214404.53 ] ], [ [ 443413.599999999976717, 214412.03 ], [ 443412.599999999976717, 214410.53 ], [ 443414.599999999976717, 214410.03 ], [ 443415.099999999976717, 214408.53 ], [ 443416.599999999976717, 214408.53 ], [ 443416.599999999976717, 214410.03 ], [ 443415.099999999976717, 214411.03 ], [ 443416.099999999976717, 214412.03 ], [ 443417.099999999976717, 214412.03 ], [ 443418.099999999976717, 214410.03 ], [ 443419.599999999976717, 214410.53 ], [ 443419.599999999976717, 214412.53 ], [ 443412.599999999976717, 214413.03 ], [ 443413.599999999976717, 214412.03 ] ], [ [ 443416.599999999976717, 214406.53 ], [ 443417.099999999976717, 214405.53 ], [ 443418.599999999976717, 214408.03 ], [ 443417.599999999976717, 214408.03 ], [ 443416.599999999976717, 214406.53 ] ], [ [ 443413.099999999976717, 214401.53 ], [ 443413.099999999976717, 214401.03 ], [ 443413.599999999976717, 214401.03 ], [ 443413.599999999976717, 214401.53 ], [ 443413.099999999976717, 214401.53 ] ], [ [ 443412.599999999976717, 214414.03 ], [ 443412.599999999976717, 214413.53 ], [ 443413.099999999976717, 214413.53 ], [ 443413.099999999976717, 214414.03 ], [ 443412.599999999976717, 214414.03 ] ], [ [ 443412.099999999976717, 214398.03 ], [ 443412.099999999976717, 214398.53 ], [ 443411.599999999976717, 214398.53 ], [ 443411.599999999976717, 214398.03 ], [ 443412.099999999976717, 214398.03 ] ], [ [ 443405.599999999976717, 214409.53 ], [ 443405.599999999976717, 214409.03 ], [ 443406.099999999976717, 214409.03 ], [ 443406.099999999976717, 214409.53 ], [ 443405.599999999976717, 214409.53 ] ], [ [ 443406.099999999976717, 214409.53 ], [ 443406.599999999976717, 214409.53 ], [ 443406.599999999976717, 214410.03 ], [ 443406.099999999976717, 214410.03 ], [ 443406.099999999976717, 214409.53 ] ], [ [ 443406.599999999976717, 214410.03 ], [ 443408.099999999976717, 214410.03 ], [ 443409.599999999976717, 214411.53 ], [ 443412.099999999976717, 214412.03 ], [ 443412.099999999976717, 214413.03 ], [ 443411.099999999976717, 214413.03 ], [ 443411.099999999976717, 214415.53 ], [ 443408.099999999976717, 214416.03 ], [ 443408.099999999976717, 214417.03 ], [ 443405.599999999976717, 214417.53 ], [ 443405.099999999976717, 214419.03 ], [ 443399.599999999976717, 214419.03 ], [ 443399.099999999976717, 214417.53 ], [ 443397.099999999976717, 214417.53 ], [ 443393.099999999976717, 214414.53 ], [ 443392.599999999976717, 214411.53 ], [ 443388.599999999976717, 214411.53 ], [ 443388.099999999976717, 214410.03 ], [ 443386.599999999976717, 214410.03 ], [ 443385.099999999976717, 214408.03 ], [ 443384.099999999976717, 214408.03 ], [ 443383.599999999976717, 214405.53 ], [ 443381.099999999976717, 214404.53 ], [ 443381.099999999976717, 214403.53 ], [ 443378.099999999976717, 214403.53 ], [ 443378.599999999976717, 214402.53 ], [ 443377.599999999976717, 214401.53 ], [ 443378.599999999976717, 214401.03 ], [ 443380.099999999976717, 214403.03 ], [ 443381.599999999976717, 214403.53 ], [ 443382.599999999976717, 214403.03 ], [ 443382.599999999976717, 214401.53 ], [ 443383.599999999976717, 214401.53 ], [ 443384.099999999976717, 214404.53 ], [ 443387.099999999976717, 214402.53 ], [ 443386.099999999976717, 214405.03 ], [ 443386.599999999976717, 214407.03 ], [ 443388.599999999976717, 214406.03 ], [ 443388.599999999976717, 214407.03 ], [ 443391.099999999976717, 214407.03 ], [ 443391.599999999976717, 214408.03 ], [ 443393.099999999976717, 214406.53 ], [ 443393.599999999976717, 214408.03 ], [ 443395.099999999976717, 214407.53 ], [ 443395.099999999976717, 214409.03 ], [ 443398.599999999976717, 214409.03 ], [ 443401.099999999976717, 214407.03 ], [ 443401.099999999976717, 214411.03 ], [ 443402.599999999976717, 214410.03 ], [ 443403.099999999976717, 214411.03 ], [ 443404.599999999976717, 214410.53 ], [ 443406.099999999976717, 214411.53 ], [ 443406.599999999976717, 214410.03 ] ], [ [ 443410.099999999976717, 214401.53 ], [ 443410.099999999976717, 214401.03 ], [ 443410.599999999976717, 214401.03 ], [ 443410.599999999976717, 214401.53 ], [ 443410.099999999976717, 214401.53 ] ], [ [ 443406.599999999976717, 214407.53 ], [ 443406.599999999976717, 214407.03 ], [ 443407.099999999976717, 214407.03 ], [ 443407.099999999976717, 214407.53 ], [ 443406.599999999976717, 214407.53 ] ], [ [ 443405.599999999976717, 214403.53 ], [ 443405.599999999976717, 214403.03 ], [ 443406.099999999976717, 214403.03 ], [ 443406.099999999976717, 214403.53 ], [ 443405.599999999976717, 214403.53 ] ], [ [ 443404.099999999976717, 214407.53 ], [ 443404.599999999976717, 214407.03 ], [ 443405.599999999976717, 214407.03 ], [ 443404.599999999976717, 214408.53 ], [ 443404.099999999976717, 214407.53 ] ], [ [ 443403.099999999976717, 214409.03 ], [ 443402.599999999976717, 214409.53 ], [ 443402.599999999976717, 214408.53 ], [ 443404.099999999976717, 214408.53 ], [ 443404.099999999976717, 214409.53 ], [ 443403.099999999976717, 214409.03 ] ], [ [ 443399.099999999976717, 214404.53 ], [ 443399.099999999976717, 214404.03 ], [ 443399.599999999976717, 214404.03 ], [ 443399.599999999976717, 214404.53 ], [ 443399.099999999976717, 214404.53 ] ], [ [ 443399.599999999976717, 214404.53 ], [ 443401.099999999976717, 214404.53 ], [ 443401.599999999976717, 214405.53 ], [ 443399.599999999976717, 214405.53 ], [ 443399.599999999976717, 214404.53 ] ], [ [ 443399.099999999976717, 214408.03 ], [ 443399.099999999976717, 214407.53 ], [ 443399.599999999976717, 214407.53 ], [ 443399.599999999976717, 214408.03 ], [ 443399.099999999976717, 214408.03 ] ], [ [ 443393.599999999976717, 214399.03 ], [ 443393.599999999976717, 214398.53 ], [ 443394.099999999976717, 214398.53 ], [ 443394.099999999976717, 214399.03 ], [ 443393.599999999976717, 214399.03 ] ], [ [ 443392.099999999976717, 214396.03 ], [ 443392.099999999976717, 214395.53 ], [ 443392.599999999976717, 214395.53 ], [ 443392.599999999976717, 214396.03 ], [ 443392.099999999976717, 214396.03 ] ], [ [ 443391.599999999976717, 214398.03 ], [ 443391.599999999976717, 214398.53 ], [ 443390.599999999976717, 214398.53 ], [ 443390.599999999976717, 214397.53 ], [ 443391.599999999976717, 214398.03 ] ], [ [ 443387.599999999976717, 214406.03 ], [ 443387.599999999976717, 214405.53 ], [ 443388.099999999976717, 214405.53 ], [ 443388.099999999976717, 214406.03 ], [ 443387.599999999976717, 214406.03 ] ], [ [ 443382.599999999976717, 214400.53 ], [ 443382.599999999976717, 214400.03 ], [ 443383.099999999976717, 214400.03 ], [ 443383.099999999976717, 214400.53 ], [ 443382.599999999976717, 214400.53 ] ], [ [ 443381.099999999976717, 214402.03 ], [ 443381.099999999976717, 214401.53 ], [ 443381.599999999976717, 214401.53 ], [ 443381.599999999976717, 214402.03 ], [ 443381.099999999976717, 214402.03 ] ], [ [ 443380.099999999976717, 214401.53 ], [ 443380.599999999976717, 214401.53 ], [ 443380.599999999976717, 214402.53 ], [ 443380.099999999976717, 214402.53 ], [ 443380.099999999976717, 214401.53 ] ], [ [ 443377.099999999976717, 214401.53 ], [ 443377.099999999976717, 214404.53 ], [ 443376.099999999976717, 214405.03 ], [ 443374.599999999976717, 214403.03 ], [ 443373.099999999976717, 214404.03 ], [ 443373.099999999976717, 214405.53 ], [ 443368.599999999976717, 214405.53 ], [ 443366.599999999976717, 214403.03 ], [ 443365.599999999976717, 214403.03 ], [ 443365.099999999976717, 214401.53 ], [ 443364.099999999976717, 214401.53 ], [ 443364.099999999976717, 214400.03 ], [ 443365.099999999976717, 214400.03 ], [ 443365.099999999976717, 214399.03 ], [ 443367.099999999976717, 214397.53 ], [ 443367.599999999976717, 214399.03 ], [ 443371.099999999976717, 214401.03 ], [ 443371.099999999976717, 214403.03 ], [ 443373.099999999976717, 214403.03 ], [ 443374.099999999976717, 214402.03 ], [ 443373.099999999976717, 214401.53 ], [ 443373.599999999976717, 214400.53 ], [ 443374.599999999976717, 214400.53 ], [ 443375.099999999976717, 214402.53 ], [ 443375.599999999976717, 214400.53 ], [ 443376.599999999976717, 214400.03 ], [ 443377.599999999976717, 214401.03 ], [ 443377.099999999976717, 214401.53 ] ], [ [ 443372.599999999976717, 214397.03 ], [ 443372.599999999976717, 214398.53 ], [ 443371.599999999976717, 214398.53 ], [ 443371.099999999976717, 214397.03 ], [ 443372.599999999976717, 214397.03 ] ], [ [ 443367.099999999976717, 214397.03 ], [ 443366.599999999976717, 214395.53 ], [ 443365.599999999976717, 214395.53 ], [ 443365.099999999976717, 214393.53 ], [ 443367.099999999976717, 214394.53 ], [ 443369.099999999976717, 214394.03 ], [ 443370.099999999976717, 214395.03 ], [ 443370.099999999976717, 214396.03 ], [ 443368.099999999976717, 214396.03 ], [ 443367.599999999976717, 214397.53 ], [ 443367.099999999976717, 214397.03 ] ], [ [ 443363.099999999976717, 214395.53 ], [ 443363.099999999976717, 214394.53 ], [ 443363.599999999976717, 214394.53 ], [ 443363.599999999976717, 214395.53 ], [ 443363.099999999976717, 214395.53 ] ], [ [ 443343.099999999976717, 214387.03 ], [ 443343.599999999976717, 214387.03 ], [ 443343.599999999976717, 214387.53 ], [ 443343.099999999976717, 214387.53 ], [ 443343.099999999976717, 214387.03 ] ], [ [ 443343.099999999976717, 214387.53 ], [ 443343.099999999976717, 214388.03 ], [ 443342.599999999976717, 214388.03 ], [ 443342.599999999976717, 214387.53 ], [ 443343.099999999976717, 214387.53 ] ], [ [ 443197.099999999976717, 214592.03 ], [ 443197.099999999976717, 214590.53 ], [ 443195.099999999976717, 214589.03 ], [ 443195.099999999976717, 214590.03 ], [ 443192.599999999976717, 214590.53 ], [ 443191.099999999976717, 214593.03 ], [ 443188.599999999976717, 214593.03 ], [ 443185.599999999976717, 214589.03 ], [ 443186.099999999976717, 214584.53 ], [ 443188.599999999976717, 214584.03 ], [ 443189.099999999976717, 214582.53 ], [ 443201.599999999976717, 214584.53 ], [ 443204.099999999976717, 214582.53 ], [ 443206.099999999976717, 214582.53 ], [ 443208.099999999976717, 214579.53 ], [ 443216.599999999976717, 214580.03 ], [ 443217.099999999976717, 214583.03 ], [ 443213.599999999976717, 214586.03 ], [ 443213.599999999976717, 214587.03 ], [ 443208.099999999976717, 214587.53 ], [ 443205.599999999976717, 214591.53 ], [ 443202.599999999976717, 214591.53 ], [ 443200.099999999976717, 214593.53 ], [ 443198.599999999976717, 214593.53 ], [ 443198.099999999976717, 214592.03 ], [ 443197.099999999976717, 214592.03 ] ], [ [ 443152.099999999976717, 214578.53 ], [ 443150.099999999976717, 214576.03 ], [ 443149.099999999976717, 214576.03 ], [ 443148.599999999976717, 214572.03 ], [ 443147.599999999976717, 214571.53 ], [ 443148.599999999976717, 214571.53 ], [ 443148.599999999976717, 214570.53 ], [ 443150.099999999976717, 214570.03 ], [ 443150.599999999976717, 214567.53 ], [ 443153.099999999976717, 214567.03 ], [ 443153.099999999976717, 214566.03 ], [ 443154.599999999976717, 214566.03 ], [ 443156.599999999976717, 214569.03 ], [ 443158.599999999976717, 214568.53 ], [ 443161.099999999976717, 214570.53 ], [ 443162.599999999976717, 214570.03 ], [ 443162.599999999976717, 214569.03 ], [ 443164.099999999976717, 214569.03 ], [ 443164.099999999976717, 214570.03 ], [ 443168.599999999976717, 214573.53 ], [ 443171.599999999976717, 214571.53 ], [ 443174.099999999976717, 214574.53 ], [ 443177.099999999976717, 214570.53 ], [ 443182.599999999976717, 214570.53 ], [ 443182.599999999976717, 214571.53 ], [ 443184.599999999976717, 214573.03 ], [ 443184.099999999976717, 214578.03 ], [ 443183.099999999976717, 214578.03 ], [ 443181.599999999976717, 214580.03 ], [ 443178.599999999976717, 214579.53 ], [ 443178.599999999976717, 214578.53 ], [ 443177.099999999976717, 214578.03 ], [ 443175.099999999976717, 214575.03 ], [ 443173.599999999976717, 214575.03 ], [ 443173.599999999976717, 214576.03 ], [ 443168.599999999976717, 214580.03 ], [ 443162.599999999976717, 214580.03 ], [ 443160.099999999976717, 214579.53 ], [ 443160.099999999976717, 214578.53 ], [ 443155.099999999976717, 214580.03 ], [ 443152.099999999976717, 214578.53 ] ], [ [ 443120.599999999976717, 214609.03 ], [ 443121.599999999976717, 214607.53 ], [ 443122.599999999976717, 214607.53 ], [ 443122.599999999976717, 214608.53 ], [ 443126.099999999976717, 214607.53 ], [ 443127.599999999976717, 214610.03 ], [ 443130.099999999976717, 214610.03 ], [ 443130.599999999976717, 214608.53 ], [ 443132.099999999976717, 214608.53 ], [ 443132.099999999976717, 214607.53 ], [ 443133.599999999976717, 214607.03 ], [ 443133.599999999976717, 214604.03 ], [ 443134.599999999976717, 214604.03 ], [ 443136.599999999976717, 214601.03 ], [ 443138.099999999976717, 214601.03 ], [ 443139.599999999976717, 214602.53 ], [ 443139.099999999976717, 214605.53 ], [ 443138.099999999976717, 214605.53 ], [ 443137.599999999976717, 214607.03 ], [ 443133.599999999976717, 214610.03 ], [ 443133.599999999976717, 214613.53 ], [ 443131.599999999976717, 214616.53 ], [ 443130.099999999976717, 214616.53 ], [ 443130.099999999976717, 214615.53 ], [ 443124.099999999976717, 214615.53 ], [ 443127.099999999976717, 214613.03 ], [ 443127.099999999976717, 214612.03 ], [ 443128.099999999976717, 214614.03 ], [ 443130.599999999976717, 214614.03 ], [ 443130.599999999976717, 214611.53 ], [ 443129.599999999976717, 214610.53 ], [ 443129.099999999976717, 214611.53 ], [ 443126.099999999976717, 214611.53 ], [ 443125.099999999976717, 214610.03 ], [ 443123.099999999976717, 214610.03 ], [ 443122.599999999976717, 214612.53 ], [ 443121.099999999976717, 214614.03 ], [ 443120.599999999976717, 214609.03 ] ], [ [ 443122.099999999976717, 214614.03 ], [ 443122.099999999976717, 214614.53 ], [ 443122.599999999976717, 214615.03 ], [ 443121.599999999976717, 214615.03 ], [ 443122.099999999976717, 214614.03 ] ], [ [ 443027.599999999976717, 214550.53 ], [ 443027.599999999976717, 214550.03 ], [ 443028.099999999976717, 214550.03 ], [ 443028.099999999976717, 214550.53 ], [ 443027.599999999976717, 214550.53 ] ], [ [ 443025.599999999976717, 214554.03 ], [ 443026.099999999976717, 214554.03 ], [ 443026.599999999976717, 214553.53 ], [ 443026.599999999976717, 214554.53 ], [ 443025.599999999976717, 214554.03 ] ], [ [ 443025.099999999976717, 214554.53 ], [ 443025.599999999976717, 214554.53 ], [ 443025.599999999976717, 214555.03 ], [ 443025.099999999976717, 214555.03 ], [ 443025.099999999976717, 214554.53 ] ], [ [ 442946.599999999976717, 214778.53 ], [ 442946.099999999976717, 214777.03 ], [ 442943.599999999976717, 214777.53 ], [ 442943.599999999976717, 214776.53 ], [ 442946.599999999976717, 214774.03 ], [ 442948.599999999976717, 214774.53 ], [ 442949.599999999976717, 214776.53 ], [ 442951.599999999976717, 214776.03 ], [ 442951.099999999976717, 214777.53 ], [ 442952.599999999976717, 214777.53 ], [ 442954.599999999976717, 214775.03 ], [ 442954.599999999976717, 214777.03 ], [ 442953.099999999976717, 214777.53 ], [ 442953.099999999976717, 214778.53 ], [ 442950.099999999976717, 214779.03 ], [ 442950.099999999976717, 214780.03 ], [ 442949.599999999976717, 214779.03 ], [ 442946.599999999976717, 214778.53 ] ], [ [ 442952.099999999976717, 214774.03 ], [ 442951.599999999976717, 214774.03 ], [ 442951.599999999976717, 214773.03 ], [ 442953.099999999976717, 214774.53 ], [ 442952.099999999976717, 214774.03 ] ], [ [ 442952.099999999976717, 214772.03 ], [ 442951.599999999976717, 214771.03 ], [ 442952.599999999976717, 214771.03 ], [ 442953.099999999976717, 214773.03 ], [ 442952.099999999976717, 214773.03 ], [ 442952.099999999976717, 214772.03 ] ], [ [ 442952.099999999976717, 214774.53 ], [ 442952.099999999976717, 214775.03 ], [ 442951.599999999976717, 214775.03 ], [ 442951.599999999976717, 214774.53 ], [ 442952.099999999976717, 214774.53 ] ], [ [ 442951.099999999976717, 214768.53 ], [ 442951.099999999976717, 214768.03 ], [ 442951.599999999976717, 214768.03 ], [ 442951.599999999976717, 214768.53 ], [ 442951.099999999976717, 214768.53 ] ], [ [ 442948.599999999976717, 214767.53 ], [ 442948.099999999976717, 214769.03 ], [ 442946.599999999976717, 214768.53 ], [ 442946.599999999976717, 214767.53 ], [ 442948.599999999976717, 214767.53 ] ], [ [ 442941.599999999976717, 214774.53 ], [ 442943.099999999976717, 214774.03 ], [ 442942.599999999976717, 214775.53 ], [ 442941.099999999976717, 214775.53 ], [ 442941.599999999976717, 214777.03 ], [ 442940.099999999976717, 214777.03 ], [ 442940.599999999976717, 214774.53 ], [ 442941.599999999976717, 214774.53 ] ] ], [ [ [ 443600.599999999976717, 214551.53 ], [ 443599.599999999976717, 214550.03 ], [ 443598.599999999976717, 214551.53 ], [ 443598.099999999976717, 214550.53 ], [ 443596.599999999976717, 214550.53 ], [ 443597.599999999976717, 214549.03 ], [ 443596.099999999976717, 214548.53 ], [ 443594.599999999976717, 214544.03 ], [ 443592.599999999976717, 214542.53 ], [ 443592.099999999976717, 214543.53 ], [ 443594.099999999976717, 214544.53 ], [ 443593.599999999976717, 214548.03 ], [ 443594.099999999976717, 214549.03 ], [ 443595.599999999976717, 214549.03 ], [ 443595.099999999976717, 214551.03 ], [ 443598.099999999976717, 214553.03 ], [ 443601.099999999976717, 214553.03 ], [ 443600.599999999976717, 214551.53 ] ] ], [ [ [ 443588.599999999976717, 214540.53 ], [ 443589.599999999976717, 214540.53 ], [ 443590.099999999976717, 214539.03 ], [ 443588.099999999976717, 214537.53 ], [ 443588.099999999976717, 214536.53 ], [ 443585.599999999976717, 214536.53 ], [ 443583.099999999976717, 214530.03 ], [ 443580.599999999976717, 214528.53 ], [ 443577.099999999976717, 214529.03 ], [ 443579.099999999976717, 214532.03 ], [ 443580.599999999976717, 214531.53 ], [ 443579.599999999976717, 214533.53 ], [ 443581.599999999976717, 214535.53 ], [ 443582.599999999976717, 214535.03 ], [ 443583.099999999976717, 214537.53 ], [ 443586.599999999976717, 214539.03 ], [ 443586.099999999976717, 214540.03 ], [ 443587.599999999976717, 214542.03 ], [ 443588.599999999976717, 214540.53 ] ] ], [ [ [ 443567.099999999976717, 214518.53 ], [ 443566.599999999976717, 214519.03 ], [ 443564.099999999976717, 214516.53 ], [ 443562.599999999976717, 214516.53 ], [ 443562.599999999976717, 214515.03 ], [ 443560.599999999976717, 214515.53 ], [ 443561.599999999976717, 214520.03 ], [ 443562.599999999976717, 214520.53 ], [ 443562.599999999976717, 214519.53 ], [ 443564.099999999976717, 214519.53 ], [ 443564.099999999976717, 214520.53 ], [ 443566.099999999976717, 214522.03 ], [ 443568.599999999976717, 214522.03 ], [ 443568.599999999976717, 214524.03 ], [ 443569.599999999976717, 214525.03 ], [ 443573.599999999976717, 214524.53 ], [ 443574.599999999976717, 214526.53 ], [ 443577.099999999976717, 214526.53 ], [ 443577.099999999976717, 214525.53 ], [ 443578.599999999976717, 214525.03 ], [ 443571.599999999976717, 214514.53 ], [ 443570.599999999976717, 214518.03 ], [ 443569.099999999976717, 214518.03 ], [ 443568.599999999976717, 214519.03 ], [ 443567.099999999976717, 214518.53 ] ], [ [ 443568.599999999976717, 214519.03 ], [ 443569.099999999976717, 214519.03 ], [ 443569.099999999976717, 214519.53 ], [ 443568.599999999976717, 214519.53 ], [ 443568.599999999976717, 214519.03 ] ], [ [ 443574.599999999976717, 214524.53 ], [ 443574.099999999976717, 214524.53 ], [ 443574.099999999976717, 214524.03 ], [ 443574.599999999976717, 214524.03 ], [ 443574.599999999976717, 214524.53 ] ], [ [ 443573.099999999976717, 214518.03 ], [ 443572.599999999976717, 214518.03 ], [ 443572.599999999976717, 214517.53 ], [ 443573.099999999976717, 214517.53 ], [ 443573.099999999976717, 214518.03 ] ], [ [ 443572.599999999976717, 214518.53 ], [ 443572.099999999976717, 214519.03 ], [ 443571.099999999976717, 214519.03 ], [ 443571.599999999976717, 214518.03 ], [ 443572.599999999976717, 214518.53 ] ] ], [ [ [ 443522.099999999976717, 214453.53 ], [ 443511.099999999976717, 214444.53 ], [ 443510.599999999976717, 214445.53 ], [ 443509.099999999976717, 214445.53 ], [ 443509.599999999976717, 214446.53 ], [ 443511.099999999976717, 214446.03 ], [ 443512.099999999976717, 214447.53 ], [ 443514.599999999976717, 214448.03 ], [ 443512.599999999976717, 214450.53 ], [ 443514.599999999976717, 214451.03 ], [ 443515.599999999976717, 214452.53 ], [ 443517.599999999976717, 214451.03 ], [ 443517.599999999976717, 214454.03 ], [ 443519.599999999976717, 214453.53 ], [ 443520.099999999976717, 214455.53 ], [ 443521.599999999976717, 214455.53 ], [ 443522.099999999976717, 214453.53 ] ], [ [ 443518.599999999976717, 214453.03 ], [ 443518.599999999976717, 214452.53 ], [ 443519.599999999976717, 214452.53 ], [ 443519.599999999976717, 214453.03 ], [ 443518.599999999976717, 214453.03 ] ] ], [ [ [ 443477.099999999976717, 214435.03 ], [ 443478.099999999976717, 214436.03 ], [ 443479.099999999976717, 214435.53 ], [ 443479.099999999976717, 214434.03 ], [ 443480.599999999976717, 214434.03 ], [ 443481.099999999976717, 214435.53 ], [ 443484.099999999976717, 214435.03 ], [ 443484.599999999976717, 214436.53 ], [ 443486.099999999976717, 214437.53 ], [ 443487.599999999976717, 214437.03 ], [ 443488.099999999976717, 214438.03 ], [ 443489.599999999976717, 214438.03 ], [ 443490.099999999976717, 214436.53 ], [ 443491.599999999976717, 214436.53 ], [ 443492.099999999976717, 214435.53 ], [ 443494.099999999976717, 214435.53 ], [ 443494.099999999976717, 214437.03 ], [ 443493.099999999976717, 214437.53 ], [ 443493.599999999976717, 214438.53 ], [ 443492.099999999976717, 214439.03 ], [ 443494.599999999976717, 214439.03 ], [ 443495.099999999976717, 214441.03 ], [ 443498.099999999976717, 214440.03 ], [ 443499.099999999976717, 214440.53 ], [ 443497.599999999976717, 214441.53 ], [ 443498.099999999976717, 214442.53 ], [ 443500.599999999976717, 214442.53 ], [ 443500.599999999976717, 214443.53 ], [ 443501.599999999976717, 214443.03 ], [ 443503.099999999976717, 214444.53 ], [ 443506.599999999976717, 214443.53 ], [ 443508.099999999976717, 214444.53 ], [ 443510.099999999976717, 214444.03 ], [ 443504.599999999976717, 214439.53 ], [ 443498.099999999976717, 214436.03 ], [ 443497.599999999976717, 214435.03 ], [ 443479.599999999976717, 214425.53 ], [ 443476.099999999976717, 214425.53 ], [ 443476.099999999976717, 214427.03 ], [ 443477.099999999976717, 214427.53 ], [ 443472.599999999976717, 214431.53 ], [ 443469.099999999976717, 214431.53 ], [ 443469.099999999976717, 214430.53 ], [ 443466.599999999976717, 214430.03 ], [ 443466.099999999976717, 214428.53 ], [ 443464.599999999976717, 214429.53 ], [ 443466.099999999976717, 214432.03 ], [ 443470.099999999976717, 214432.03 ], [ 443470.099999999976717, 214435.03 ], [ 443472.099999999976717, 214434.03 ], [ 443473.099999999976717, 214435.53 ], [ 443473.599999999976717, 214431.53 ], [ 443476.099999999976717, 214430.03 ], [ 443476.099999999976717, 214435.53 ], [ 443477.099999999976717, 214435.03 ] ], [ [ 443477.099999999976717, 214434.53 ], [ 443477.599999999976717, 214434.53 ], [ 443477.599999999976717, 214435.03 ], [ 443477.099999999976717, 214435.03 ], [ 443477.099999999976717, 214434.53 ] ], [ [ 443498.099999999976717, 214436.03 ], [ 443498.099999999976717, 214437.03 ], [ 443496.599999999976717, 214437.03 ], [ 443496.599999999976717, 214436.53 ], [ 443498.099999999976717, 214436.03 ] ], [ [ 443496.599999999976717, 214436.53 ], [ 443496.099999999976717, 214436.53 ], [ 443496.099999999976717, 214436.03 ], [ 443496.599999999976717, 214436.03 ], [ 443496.599999999976717, 214436.53 ] ], [ [ 443504.599999999976717, 214441.53 ], [ 443503.099999999976717, 214441.03 ], [ 443503.099999999976717, 214440.03 ], [ 443504.599999999976717, 214440.03 ], [ 443504.599999999976717, 214441.53 ] ], [ [ 443496.099999999976717, 214440.03 ], [ 443496.099999999976717, 214439.03 ], [ 443496.599999999976717, 214439.03 ], [ 443496.599999999976717, 214440.03 ], [ 443496.099999999976717, 214440.03 ] ], [ [ 443496.099999999976717, 214437.03 ], [ 443495.599999999976717, 214438.03 ], [ 443494.599999999976717, 214437.53 ], [ 443495.099999999976717, 214436.53 ], [ 443496.099999999976717, 214437.03 ] ], [ [ 443491.599999999976717, 214435.03 ], [ 443491.599999999976717, 214434.53 ], [ 443492.099999999976717, 214434.53 ], [ 443492.099999999976717, 214435.03 ], [ 443491.599999999976717, 214435.03 ] ], [ [ 443487.599999999976717, 214432.53 ], [ 443487.599999999976717, 214432.03 ], [ 443489.099999999976717, 214432.03 ], [ 443489.099999999976717, 214432.53 ], [ 443487.599999999976717, 214432.53 ] ], [ [ 443477.099999999976717, 214432.53 ], [ 443477.099999999976717, 214432.03 ], [ 443477.599999999976717, 214432.03 ], [ 443477.599999999976717, 214432.53 ], [ 443477.099999999976717, 214432.53 ] ] ], [ [ [ 443461.599999999976717, 214423.03 ], [ 443459.099999999976717, 214423.53 ], [ 443458.099999999976717, 214422.03 ], [ 443455.599999999976717, 214423.53 ], [ 443455.099999999976717, 214422.03 ], [ 443454.099999999976717, 214423.03 ], [ 443452.099999999976717, 214422.03 ], [ 443450.599999999976717, 214423.03 ], [ 443450.599999999976717, 214426.53 ], [ 443451.599999999976717, 214427.03 ], [ 443452.099999999976717, 214426.03 ], [ 443453.099999999976717, 214426.53 ], [ 443453.599999999976717, 214425.53 ], [ 443455.599999999976717, 214425.53 ], [ 443457.099999999976717, 214427.03 ], [ 443459.099999999976717, 214426.03 ], [ 443459.099999999976717, 214427.03 ], [ 443461.599999999976717, 214427.03 ], [ 443462.599999999976717, 214428.53 ], [ 443463.599999999976717, 214426.53 ], [ 443462.099999999976717, 214426.03 ], [ 443461.599999999976717, 214423.03 ] ], [ [ 443462.099999999976717, 214426.03 ], [ 443462.099999999976717, 214426.53 ], [ 443461.599999999976717, 214426.53 ], [ 443461.599999999976717, 214426.03 ], [ 443462.099999999976717, 214426.03 ] ], [ [ 443452.099999999976717, 214425.53 ], [ 443451.599999999976717, 214425.53 ], [ 443451.599999999976717, 214424.53 ], [ 443452.099999999976717, 214424.53 ], [ 443452.099999999976717, 214425.53 ] ] ], [ [ [ 443347.099999999976717, 214382.53 ], [ 443349.599999999976717, 214384.03 ], [ 443350.099999999976717, 214386.03 ], [ 443351.599999999976717, 214386.03 ], [ 443351.599999999976717, 214380.03 ], [ 443345.099999999976717, 214380.03 ], [ 443347.099999999976717, 214381.53 ], [ 443347.099999999976717, 214382.53 ] ], [ [ 443349.599999999976717, 214383.03 ], [ 443349.099999999976717, 214383.03 ], [ 443349.099999999976717, 214382.53 ], [ 443349.599999999976717, 214382.53 ], [ 443349.599999999976717, 214383.03 ] ], [ [ 443346.599999999976717, 214380.53 ], [ 443347.099999999976717, 214380.53 ], [ 443347.099999999976717, 214381.03 ], [ 443346.599999999976717, 214381.03 ], [ 443346.599999999976717, 214380.53 ] ] ], [ [ [ 443163.099999999976717, 214578.03 ], [ 443165.599999999976717, 214577.53 ], [ 443167.599999999976717, 214578.53 ], [ 443168.099999999976717, 214577.03 ], [ 443167.099999999976717, 214576.03 ], [ 443165.599999999976717, 214576.03 ], [ 443165.099999999976717, 214577.03 ], [ 443164.099999999976717, 214574.53 ], [ 443160.099999999976717, 214574.53 ], [ 443160.099999999976717, 214577.03 ], [ 443162.099999999976717, 214578.53 ], [ 443163.099999999976717, 214578.03 ] ] ], [ [ [ 442979.599999999976717, 214685.03 ], [ 442980.599999999976717, 214683.53 ], [ 442978.599999999976717, 214683.53 ], [ 442980.099999999976717, 214682.03 ], [ 442978.599999999976717, 214681.03 ], [ 442979.099999999976717, 214678.53 ], [ 442977.599999999976717, 214676.53 ], [ 442976.599999999976717, 214676.53 ], [ 442975.099999999976717, 214681.03 ], [ 442977.099999999976717, 214682.03 ], [ 442977.599999999976717, 214685.03 ], [ 442979.599999999976717, 214685.03 ] ] ], [ [ [ 442962.599999999976717, 214729.03 ], [ 442964.599999999976717, 214727.53 ], [ 442964.599999999976717, 214725.53 ], [ 442959.599999999976717, 214725.03 ], [ 442960.099999999976717, 214730.03 ], [ 442963.099999999976717, 214730.53 ], [ 442962.599999999976717, 214729.03 ] ], [ [ 442961.099999999976717, 214727.53 ], [ 442960.599999999976717, 214727.53 ], [ 442960.599999999976717, 214727.03 ], [ 442961.099999999976717, 214727.03 ], [ 442961.099999999976717, 214727.53 ] ] ] ] } },
{ "type": "Feature", "properties": { "mainhabs": "Coastal and floodplain grazing marsh", "habcodes": "CFPGM", "featdesc": null, "featcodes": null, "otherclass": null, "addhabs": null, "primsource": "Oxfordshire Expert Knowledge Capture 2009 (CFPGM)", "areaha": "0.64", "version": "Sep_25", "uid": "PHID44352147_021460851", "shape_length": null, "shape_area": null, "site": "blenheim", "pid": 1, "method": "grabcut2" }, "geometry": { "type": "MultiPolygon", "coordinates": [ [ [ [ 443567.599999999976717, 214687.53 ], [ 443569.599999999976717, 214688.03 ], [ 443570.599999999976717, 214686.53 ], [ 443568.599999999976717, 214675.03 ], [ 443569.599999999976717, 214675.03 ], [ 443574.599999999976717, 214669.03 ], [ 443574.099999999976717, 214664.03 ], [ 443573.099999999976717, 214664.03 ], [ 443568.099999999976717, 214658.03 ], [ 443564.099999999976717, 214655.53 ], [ 443564.099999999976717, 214654.03 ], [ 443563.099999999976717, 214654.03 ], [ 443561.599999999976717, 214649.53 ], [ 443560.099999999976717, 214648.53 ], [ 443560.099999999976717, 214646.03 ], [ 443557.599999999976717, 214643.53 ], [ 443557.099999999976717, 214641.03 ], [ 443556.099999999976717, 214641.03 ], [ 443554.099999999976717, 214638.53 ], [ 443553.099999999976717, 214635.03 ], [ 443549.099999999976717, 214630.53 ], [ 443548.099999999976717, 214627.53 ], [ 443542.099999999976717, 214622.03 ], [ 443541.599999999976717, 214618.53 ], [ 443540.099999999976717, 214618.03 ], [ 443540.099999999976717, 214616.53 ], [ 443537.099999999976717, 214613.03 ], [ 443536.599999999976717, 214610.53 ], [ 443533.599999999976717, 214607.03 ], [ 443531.099999999976717, 214606.03 ], [ 443529.599999999976717, 214603.53 ], [ 443526.599999999976717, 214602.03 ], [ 443524.099999999976717, 214599.03 ], [ 443523.099999999976717, 214599.03 ], [ 443522.599999999976717, 214597.53 ], [ 443521.099999999976717, 214597.53 ], [ 443520.599999999976717, 214596.03 ], [ 443517.099999999976717, 214594.03 ], [ 443512.099999999976717, 214589.03 ], [ 443508.599999999976717, 214587.03 ], [ 443503.099999999976717, 214587.03 ], [ 443503.099999999976717, 214586.03 ], [ 443502.099999999976717, 214586.03 ], [ 443500.599999999976717, 214584.03 ], [ 443501.099999999976717, 214582.53 ], [ 443500.099999999976717, 214581.03 ], [ 443493.599999999976717, 214577.53 ], [ 443490.599999999976717, 214574.03 ], [ 443486.599999999976717, 214573.03 ], [ 443483.599999999976717, 214569.03 ], [ 443481.099999999976717, 214569.03 ], [ 443480.599999999976717, 214567.53 ], [ 443478.599999999976717, 214567.53 ], [ 443477.599999999976717, 214566.03 ], [ 443473.099999999976717, 214564.53 ], [ 443469.599999999976717, 214560.53 ], [ 443467.599999999976717, 214560.53 ], [ 443467.599999999976717, 214559.53 ], [ 443466.099999999976717, 214559.03 ], [ 443463.599999999976717, 214556.03 ], [ 443462.099999999976717, 214556.03 ], [ 443460.099999999976717, 214552.53 ], [ 443455.599999999976717, 214550.53 ], [ 443454.599999999976717, 214548.03 ], [ 443451.599999999976717, 214546.03 ], [ 443449.099999999976717, 214542.53 ], [ 443440.099999999976717, 214539.53 ], [ 443438.099999999976717, 214536.53 ], [ 443435.599999999976717, 214537.03 ], [ 443434.099999999976717, 214536.03 ], [ 443433.599999999976717, 214537.53 ], [ 443432.099999999976717, 214537.53 ], [ 443432.099999999976717, 214536.53 ], [ 443430.099999999976717, 214535.03 ], [ 443410.599999999976717, 214535.03 ], [ 443408.599999999976717, 214537.03 ], [ 443405.599999999976717, 214537.03 ], [ 443403.599999999976717, 214538.53 ], [ 443405.599999999976717, 214540.03 ], [ 443409.099999999976717, 214540.53 ], [ 443409.599999999976717, 214542.03 ], [ 443412.599999999976717, 214543.03 ], [ 443419.599999999976717, 214543.03 ], [ 443424.599999999976717, 214545.53 ], [ 443430.099999999976717, 214546.03 ], [ 443430.599999999976717, 214547.03 ], [ 443432.599999999976717, 214546.53 ], [ 443433.599999999976717, 214548.03 ], [ 443437.599999999976717, 214549.03 ], [ 443441.599999999976717, 214552.03 ], [ 443446.099999999976717, 214553.03 ], [ 443446.599999999976717, 214554.53 ], [ 443448.099999999976717, 214554.53 ], [ 443450.599999999976717, 214556.53 ], [ 443450.599999999976717, 214557.53 ], [ 443453.599999999976717, 214557.53 ], [ 443455.099999999976717, 214556.53 ], [ 443455.099999999976717, 214557.53 ], [ 443459.099999999976717, 214560.03 ], [ 443459.099999999976717, 214561.53 ], [ 443463.099999999976717, 214563.53 ], [ 443463.599999999976717, 214565.03 ], [ 443468.599999999976717, 214569.03 ], [ 443470.099999999976717, 214569.03 ], [ 443471.099999999976717, 214570.53 ], [ 443473.599999999976717, 214571.53 ], [ 443473.599999999976717, 214572.53 ], [ 443476.099999999976717, 214573.53 ], [ 443476.099999999976717, 214574.53 ], [ 443480.599999999976717, 214576.03 ], [ 443480.599999999976717, 214577.03 ], [ 443482.599999999976717, 214578.53 ], [ 443485.599999999976717, 214578.53 ], [ 443486.099999999976717, 214580.03 ], [ 443490.099999999976717, 214583.03 ], [ 443490.099999999976717, 214584.53 ], [ 443493.099999999976717, 214586.03 ], [ 443493.099999999976717, 214587.03 ], [ 443497.099999999976717, 214590.03 ], [ 443498.599999999976717, 214593.03 ], [ 443502.599999999976717, 214595.53 ], [ 443503.099999999976717, 214597.03 ], [ 443504.599999999976717, 214597.03 ], [ 443504.599999999976717, 214598.03 ], [ 443507.599999999976717, 214600.03 ], [ 443507.599999999976717, 214601.53 ], [ 443511.599999999976717, 214604.03 ], [ 443513.099999999976717, 214607.03 ], [ 443514.099999999976717, 214607.03 ], [ 443514.599999999976717, 214608.53 ], [ 443515.599999999976717, 214608.53 ], [ 443515.599999999976717, 214609.53 ], [ 443519.599999999976717, 214612.53 ], [ 443520.099999999976717, 214614.03 ], [ 443523.099999999976717, 214616.03 ], [ 443523.099999999976717, 214617.03 ], [ 443524.599999999976717, 214617.53 ], [ 443524.599999999976717, 214618.53 ], [ 443526.099999999976717, 214618.53 ], [ 443526.099999999976717, 214619.53 ], [ 443530.099999999976717, 214624.03 ], [ 443531.599999999976717, 214624.53 ], [ 443535.599999999976717, 214630.03 ], [ 443537.099999999976717, 214630.03 ], [ 443537.099999999976717, 214631.03 ], [ 443540.099999999976717, 214632.53 ], [ 443540.099999999976717, 214633.53 ], [ 443541.599999999976717, 214634.03 ], [ 443541.599999999976717, 214635.03 ], [ 443543.099999999976717, 214635.53 ], [ 443543.099999999976717, 214636.53 ], [ 443544.599999999976717, 214637.03 ], [ 443544.599999999976717, 214638.03 ], [ 443547.099999999976717, 214639.53 ], [ 443547.099999999976717, 214640.53 ], [ 443548.599999999976717, 214641.03 ], [ 443551.599999999976717, 214645.03 ], [ 443553.099999999976717, 214645.03 ], [ 443553.599999999976717, 214644.03 ], [ 443555.599999999976717, 214645.53 ], [ 443555.099999999976717, 214647.53 ], [ 443560.099999999976717, 214653.03 ], [ 443560.599999999976717, 214655.53 ], [ 443561.599999999976717, 214655.53 ], [ 443561.599999999976717, 214658.03 ], [ 443562.599999999976717, 214658.53 ], [ 443562.599999999976717, 214665.03 ], [ 443561.599999999976717, 214665.53 ], [ 443561.599999999976717, 214668.03 ], [ 443562.599999999976717, 214668.53 ], [ 443563.099999999976717, 214679.53 ], [ 443562.099999999976717, 214681.53 ], [ 443564.099999999976717, 214682.53 ], [ 443564.099999999976717, 214687.03 ], [ 443565.599999999976717, 214688.03 ], [ 443567.599999999976717, 214687.53 ] ] ], [ [ [ 443370.099999999976717, 214547.53 ], [ 443371.599999999976717, 214547.53 ], [ 443372.099999999976717, 214546.53 ], [ 443368.099999999976717, 214544.53 ], [ 443366.099999999976717, 214544.53 ], [ 443365.599999999976717, 214543.53 ], [ 443363.099999999976717, 214543.53 ], [ 443362.599999999976717, 214544.53 ], [ 443363.099999999976717, 214546.03 ], [ 443370.099999999976717, 214547.53 ] ] ], [ [ [ 443308.099999999976717, 214554.03 ], [ 443311.599999999976717, 214553.03 ], [ 443311.599999999976717, 214552.03 ], [ 443313.099999999976717, 214551.53 ], [ 443314.599999999976717, 214552.03 ], [ 443314.599999999976717, 214553.03 ], [ 443316.099999999976717, 214553.03 ], [ 443317.599999999976717, 214550.53 ], [ 443319.099999999976717, 214550.53 ], [ 443320.599999999976717, 214549.03 ], [ 443323.099999999976717, 214549.03 ], [ 443323.099999999976717, 214544.53 ], [ 443321.099999999976717, 214542.53 ], [ 443315.099999999976717, 214543.53 ], [ 443312.599999999976717, 214546.53 ], [ 443311.599999999976717, 214546.53 ], [ 443311.599999999976717, 214547.53 ], [ 443306.599999999976717, 214547.53 ], [ 443306.099999999976717, 214549.03 ], [ 443304.599999999976717, 214549.03 ], [ 443304.599999999976717, 214550.03 ], [ 443303.599999999976717, 214549.53 ], [ 443301.099999999976717, 214550.53 ], [ 443301.099999999976717, 214551.53 ], [ 443303.099999999976717, 214552.53 ], [ 443304.599999999976717, 214552.03 ], [ 443306.099999999976717, 214554.53 ], [ 443308.099999999976717, 214554.03 ] ] ], [ [ [ 443232.599999999976717, 214612.03 ], [ 443244.099999999976717, 214605.53 ], [ 443245.099999999976717, 214603.03 ], [ 443246.099999999976717, 214603.03 ], [ 443246.599999999976717, 214601.03 ], [ 443249.599999999976717, 214598.03 ], [ 443251.099999999976717, 214594.53 ], [ 443252.099999999976717, 214594.53 ], [ 443252.099999999976717, 214593.03 ], [ 443255.099999999976717, 214590.03 ], [ 443255.099999999976717, 214588.53 ], [ 443256.099999999976717, 214588.53 ], [ 443257.099999999976717, 214586.03 ], [ 443258.099999999976717, 214586.03 ], [ 443258.099999999976717, 214584.53 ], [ 443259.099999999976717, 214584.53 ], [ 443260.599999999976717, 214581.53 ], [ 443261.599999999976717, 214581.53 ], [ 443263.599999999976717, 214578.53 ], [ 443264.599999999976717, 214578.53 ], [ 443269.599999999976717, 214573.03 ], [ 443270.599999999976717, 214573.03 ], [ 443270.599999999976717, 214572.03 ], [ 443282.599999999976717, 214564.53 ], [ 443284.599999999976717, 214564.53 ], [ 443286.099999999976717, 214563.03 ], [ 443288.099999999976717, 214563.03 ], [ 443290.099999999976717, 214561.53 ], [ 443297.599999999976717, 214559.03 ], [ 443297.599999999976717, 214557.53 ], [ 443296.599999999976717, 214557.53 ], [ 443296.099999999976717, 214556.03 ], [ 443294.599999999976717, 214556.03 ], [ 443294.599999999976717, 214554.53 ], [ 443296.099999999976717, 214553.03 ], [ 443295.099999999976717, 214553.03 ], [ 443293.599999999976717, 214551.03 ], [ 443293.099999999976717, 214552.03 ], [ 443291.099999999976717, 214552.53 ], [ 443286.599999999976717, 214552.03 ], [ 443282.599999999976717, 214553.03 ], [ 443281.099999999976717, 214555.03 ], [ 443278.599999999976717, 214554.53 ], [ 443274.599999999976717, 214559.03 ], [ 443273.099999999976717, 214560.03 ], [ 443271.599999999976717, 214559.53 ], [ 443269.099999999976717, 214563.03 ], [ 443267.099999999976717, 214563.03 ], [ 443266.099999999976717, 214564.53 ], [ 443263.099999999976717, 214565.03 ], [ 443261.099999999976717, 214566.53 ], [ 443259.599999999976717, 214569.03 ], [ 443258.599999999976717, 214569.03 ], [ 443253.599999999976717, 214574.03 ], [ 443249.599999999976717, 214580.03 ], [ 443245.099999999976717, 214584.53 ], [ 443243.599999999976717, 214584.53 ], [ 443242.099999999976717, 214587.03 ], [ 443241.099999999976717, 214587.03 ], [ 443241.099999999976717, 214591.53 ], [ 443237.099999999976717, 214594.03 ], [ 443236.099999999976717, 214597.03 ], [ 443234.099999999976717, 214597.03 ], [ 443233.099999999976717, 214598.03 ], [ 443233.099999999976717, 214601.03 ], [ 443230.599999999976717, 214603.53 ], [ 443231.099999999976717, 214607.03 ], [ 443230.099999999976717, 214607.03 ], [ 443229.599999999976717, 214608.53 ], [ 443230.099999999976717, 214611.03 ], [ 443232.099999999976717, 214612.53 ], [ 443232.599999999976717, 214612.03 ] ] ], [ [ [ 443152.599999999976717, 214665.53 ], [ 443155.599999999976717, 214664.03 ], [ 443157.099999999976717, 214662.03 ], [ 443157.099999999976717, 214657.03 ], [ 443154.599999999976717, 214658.03 ], [ 443150.099999999976717, 214658.03 ], [ 443150.099999999976717, 214659.03 ], [ 443147.599999999976717, 214661.03 ], [ 443147.599999999976717, 214664.03 ], [ 443149.599999999976717, 214666.03 ], [ 443152.599999999976717, 214665.53 ] ] ] ] } },
{ "type": "Feature", "properties": { "mainhabs": "Coastal and floodplain grazing marsh", "habcodes": "CFPGM", "featdesc": null, "featcodes": null, "otherclass": null, "addhabs": null, "primsource": "Oxfordshire Expert Knowledge Capture 2009 (CFPGM)", "areaha": "14.32", "version": "Sep_25", "uid": "PHID44385101_021479840", "shape_length": null, "shape_area": null, "site": "blenheim", "pid": 2, "method": "grabcut2" }, "geometry": { "type": "MultiPolygon", "coordinates": [ [ [ [ 443773.099999999976717, 214710.53 ], [ 443772.599999999976717, 214711.53 ], [ 443774.599999999976717, 214713.03 ], [ 443779.599999999976717, 214711.53 ], [ 443779.599999999976717, 214713.53 ], [ 443781.099999999976717, 214713.53 ], [ 443782.099999999976717, 214716.03 ], [ 443785.599999999976717, 214715.03 ], [ 443785.599999999976717, 214712.53 ], [ 443788.099999999976717, 214712.03 ], [ 443789.599999999976717, 214714.03 ], [ 443784.099999999976717, 214717.53 ], [ 443781.099999999976717, 214716.53 ], [ 443781.099999999976717, 214717.53 ], [ 443777.099999999976717, 214719.03 ], [ 443776.599999999976717, 214720.53 ], [ 443774.599999999976717, 214720.03 ], [ 443774.099999999976717, 214721.03 ], [ 443773.099999999976717, 214721.03 ], [ 443769.599999999976717, 214717.53 ], [ 443769.599999999976717, 214716.03 ], [ 443767.599999999976717, 214716.03 ], [ 443766.599999999976717, 214717.53 ], [ 443762.099999999976717, 214717.53 ], [ 443759.099999999976717, 214714.53 ], [ 443757.099999999976717, 214715.03 ], [ 443757.099999999976717, 214716.03 ], [ 443753.099999999976717, 214716.03 ], [ 443752.599999999976717, 214713.53 ], [ 443751.599999999976717, 214713.53 ], [ 443751.599999999976717, 214712.03 ], [ 443750.099999999976717, 214711.03 ], [ 443751.599999999976717, 214710.53 ], [ 443751.599999999976717, 214708.53 ], [ 443752.599999999976717, 214707.53 ], [ 443753.599999999976717, 214708.53 ], [ 443755.599999999976717, 214707.53 ], [ 443757.099999999976717, 214705.53 ], [ 443756.599999999976717, 214704.03 ], [ 443752.599999999976717, 214701.03 ], [ 443750.599999999976717, 214702.53 ], [ 443749.599999999976717, 214704.53 ], [ 443750.599999999976717, 214706.03 ], [ 443749.599999999976717, 214707.03 ], [ 443748.099999999976717, 214707.03 ], [ 443746.599999999976717, 214705.53 ], [ 443748.599999999976717, 214700.53 ], [ 443749.599999999976717, 214699.53 ], [ 443750.099999999976717, 214700.53 ], [ 443751.599999999976717, 214700.53 ], [ 443752.599999999976717, 214697.53 ], [ 443750.099999999976717, 214696.53 ], [ 443750.099999999976717, 214695.53 ], [ 443747.599999999976717, 214693.53 ], [ 443746.099999999976717, 214693.53 ], [ 443744.099999999976717, 214696.53 ], [ 443742.599999999976717, 214696.53 ], [ 443741.099999999976717, 214698.03 ], [ 443737.099999999976717, 214696.53 ], [ 443736.599999999976717, 214693.53 ], [ 443738.099999999976717, 214690.53 ], [ 443737.099999999976717, 214685.03 ], [ 443735.599999999976717, 214685.03 ], [ 443735.599999999976717, 214684.03 ], [ 443729.099999999976717, 214679.53 ], [ 443728.599999999976717, 214678.03 ], [ 443727.099999999976717, 214678.03 ], [ 443727.099999999976717, 214677.03 ], [ 443724.599999999976717, 214676.03 ], [ 443724.599999999976717, 214675.03 ], [ 443721.599999999976717, 214673.53 ], [ 443721.599999999976717, 214672.53 ], [ 443720.099999999976717, 214672.53 ], [ 443720.099999999976717, 214671.53 ], [ 443718.599999999976717, 214671.03 ], [ 443718.599999999976717, 214670.03 ], [ 443716.099999999976717, 214668.03 ], [ 443713.099999999976717, 214668.53 ], [ 443712.099999999976717, 214667.53 ], [ 443713.099999999976717, 214665.03 ], [ 443711.599999999976717, 214665.03 ], [ 443711.599999999976717, 214664.03 ], [ 443708.599999999976717, 214662.53 ], [ 443705.599999999976717, 214658.53 ], [ 443703.099999999976717, 214659.03 ], [ 443700.599999999976717, 214658.03 ], [ 443699.099999999976717, 214659.03 ], [ 443699.099999999976717, 214658.03 ], [ 443697.599999999976717, 214658.03 ], [ 443696.099999999976717, 214656.53 ], [ 443696.099999999976717, 214652.03 ], [ 443694.599999999976717, 214651.03 ], [ 443695.099999999976717, 214648.03 ], [ 443691.599999999976717, 214645.53 ], [ 443690.599999999976717, 214643.03 ], [ 443689.099999999976717, 214642.53 ], [ 443689.099999999976717, 214641.53 ], [ 443687.599999999976717, 214641.03 ], [ 443684.599999999976717, 214637.03 ], [ 443682.599999999976717, 214637.53 ], [ 443680.599999999976717, 214634.53 ], [ 443679.099999999976717, 214634.03 ], [ 443678.599999999976717, 214632.03 ], [ 443675.599999999976717, 214631.53 ], [ 443674.599999999976717, 214630.03 ], [ 443673.099999999976717, 214630.03 ], [ 443672.599999999976717, 214631.03 ], [ 443670.099999999976717, 214631.03 ], [ 443669.099999999976717, 214630.03 ], [ 443669.099999999976717, 214627.03 ], [ 443666.099999999976717, 214624.53 ], [ 443666.099999999976717, 214622.53 ], [ 443667.099999999976717, 214622.53 ], [ 443667.599999999976717, 214620.53 ], [ 443659.099999999976717, 214611.03 ], [ 443657.099999999976717, 214612.53 ], [ 443652.599999999976717, 214612.53 ], [ 443650.599999999976717, 214615.53 ], [ 443649.099999999976717, 214615.53 ], [ 443649.099999999976717, 214616.53 ], [ 443646.099999999976717, 214618.53 ], [ 443640.099999999976717, 214625.53 ], [ 443639.099999999976717, 214625.53 ], [ 443636.599999999976717, 214628.53 ], [ 443635.099999999976717, 214629.03 ], [ 443635.099999999976717, 214630.03 ], [ 443631.099999999976717, 214632.53 ], [ 443629.599999999976717, 214635.03 ], [ 443626.099999999976717, 214637.03 ], [ 443621.099999999976717, 214643.03 ], [ 443620.099999999976717, 214643.03 ], [ 443609.599999999976717, 214654.03 ], [ 443608.099999999976717, 214654.53 ], [ 443608.099999999976717, 214655.53 ], [ 443605.099999999976717, 214657.03 ], [ 443605.099999999976717, 214658.03 ], [ 443604.099999999976717, 214658.03 ], [ 443604.099999999976717, 214659.03 ], [ 443602.599999999976717, 214659.53 ], [ 443602.599999999976717, 214660.53 ], [ 443601.099999999976717, 214661.03 ], [ 443601.099999999976717, 214662.03 ], [ 443599.599999999976717, 214662.53 ], [ 443596.599999999976717, 214666.53 ], [ 443595.599999999976717, 214666.53 ], [ 443591.599999999976717, 214670.53 ], [ 443592.599999999976717, 214672.03 ], [ 443588.599999999976717, 214675.03 ], [ 443587.099999999976717, 214681.53 ], [ 443585.599999999976717, 214683.03 ], [ 443585.599999999976717, 214685.03 ], [ 443584.099999999976717, 214686.03 ], [ 443584.099999999976717, 214688.03 ], [ 443581.099999999976717, 214693.03 ], [ 443573.099999999976717, 214692.03 ], [ 443577.099999999976717, 214693.03 ], [ 443578.099999999976717, 214717.03 ], [ 443578.599999999976717, 214718.03 ], [ 443581.099999999976717, 214717.53 ], [ 443582.099999999976717, 214718.53 ], [ 443581.099999999976717, 214720.53 ], [ 443578.599999999976717, 214720.53 ], [ 443578.599999999976717, 214735.53 ], [ 443579.599999999976717, 214746.03 ], [ 443582.599999999976717, 214756.03 ], [ 443584.099999999976717, 214757.53 ], [ 443588.099999999976717, 214767.53 ], [ 443591.099999999976717, 214771.53 ], [ 443592.099999999976717, 214771.53 ], [ 443594.099999999976717, 214775.03 ], [ 443598.099999999976717, 214778.53 ], [ 443597.599999999976717, 214779.53 ], [ 443601.099999999976717, 214781.53 ], [ 443606.599999999976717, 214789.53 ], [ 443608.099999999976717, 214790.03 ], [ 443608.099999999976717, 214791.53 ], [ 443609.099999999976717, 214791.53 ], [ 443611.099999999976717, 214795.03 ], [ 443612.599999999976717, 214795.53 ], [ 443612.599999999976717, 214797.03 ], [ 443613.599999999976717, 214797.03 ], [ 443615.099999999976717, 214800.03 ], [ 443616.099999999976717, 214800.03 ], [ 443618.099999999976717, 214803.53 ], [ 443619.599999999976717, 214804.03 ], [ 443619.599999999976717, 214805.53 ], [ 443621.099999999976717, 214806.03 ], [ 443622.099999999976717, 214808.53 ], [ 443625.099999999976717, 214811.03 ], [ 443625.599999999976717, 214812.53 ], [ 443626.599999999976717, 214812.53 ], [ 443627.099999999976717, 214814.03 ], [ 443628.099999999976717, 214814.03 ], [ 443628.599999999976717, 214815.53 ], [ 443629.599999999976717, 214815.53 ], [ 443630.599999999976717, 214817.53 ], [ 443631.599999999976717, 214817.53 ], [ 443639.099999999976717, 214824.53 ], [ 443641.599999999976717, 214825.53 ], [ 443642.099999999976717, 214827.03 ], [ 443643.599999999976717, 214827.03 ], [ 443643.599999999976717, 214828.03 ], [ 443649.099999999976717, 214831.03 ], [ 443649.099999999976717, 214832.03 ], [ 443653.099999999976717, 214834.03 ], [ 443654.099999999976717, 214835.53 ], [ 443659.599999999976717, 214838.03 ], [ 443660.599999999976717, 214839.53 ], [ 443662.099999999976717, 214839.53 ], [ 443667.599999999976717, 214843.53 ], [ 443674.599999999976717, 214846.53 ], [ 443674.599999999976717, 214847.53 ], [ 443677.099999999976717, 214848.03 ], [ 443681.599999999976717, 214851.03 ], [ 443684.099999999976717, 214851.53 ], [ 443684.599999999976717, 214852.53 ], [ 443686.599999999976717, 214852.53 ], [ 443688.099999999976717, 214854.03 ], [ 443693.099999999976717, 214855.53 ], [ 443693.599999999976717, 214856.53 ], [ 443699.099999999976717, 214858.03 ], [ 443700.099999999976717, 214859.53 ], [ 443722.599999999976717, 214868.03 ], [ 443724.599999999976717, 214868.03 ], [ 443726.599999999976717, 214869.53 ], [ 443728.599999999976717, 214869.53 ], [ 443734.099999999976717, 214872.03 ], [ 443736.599999999976717, 214872.03 ], [ 443738.599999999976717, 214873.53 ], [ 443741.099999999976717, 214873.53 ], [ 443743.099999999976717, 214875.03 ], [ 443760.099999999976717, 214878.03 ], [ 443764.599999999976717, 214878.03 ], [ 443769.099999999976717, 214879.53 ], [ 443774.099999999976717, 214879.53 ], [ 443776.099999999976717, 214880.53 ], [ 443786.099999999976717, 214880.53 ], [ 443795.599999999976717, 214882.03 ], [ 443808.599999999976717, 214882.53 ], [ 443829.599999999976717, 214881.53 ], [ 443839.099999999976717, 214880.53 ], [ 443841.099999999976717, 214879.53 ], [ 443850.599999999976717, 214880.03 ], [ 443852.099999999976717, 214879.53 ], [ 443852.099999999976717, 214878.03 ], [ 443864.099999999976717, 214876.53 ], [ 443868.599999999976717, 214875.03 ], [ 443873.099999999976717, 214875.03 ], [ 443883.599999999976717, 214872.03 ], [ 443887.599999999976717, 214872.03 ], [ 443895.099999999976717, 214870.03 ], [ 443897.099999999976717, 214871.53 ], [ 443900.099999999976717, 214871.03 ], [ 443900.099999999976717, 214870.03 ], [ 443902.599999999976717, 214869.03 ], [ 443907.099999999976717, 214869.03 ], [ 443908.099999999976717, 214867.53 ], [ 443914.599999999976717, 214866.53 ], [ 443917.599999999976717, 214865.03 ], [ 443921.099999999976717, 214865.03 ], [ 443927.099999999976717, 214863.03 ], [ 443930.099999999976717, 214863.53 ], [ 443930.099999999976717, 214862.53 ], [ 443933.099999999976717, 214862.53 ], [ 443934.099999999976717, 214861.53 ], [ 443938.599999999976717, 214861.03 ], [ 443941.599999999976717, 214859.53 ], [ 443951.099999999976717, 214858.03 ], [ 443960.099999999976717, 214855.03 ], [ 443968.599999999976717, 214854.03 ], [ 443979.599999999976717, 214848.03 ], [ 443981.099999999976717, 214848.03 ], [ 443982.599999999976717, 214846.53 ], [ 443984.099999999976717, 214846.53 ], [ 443987.099999999976717, 214844.03 ], [ 443989.599999999976717, 214843.53 ], [ 443989.599999999976717, 214842.53 ], [ 443991.099999999976717, 214842.53 ], [ 443993.099999999976717, 214840.53 ], [ 443995.599999999976717, 214841.03 ], [ 443995.599999999976717, 214839.03 ], [ 443996.599999999976717, 214838.03 ], [ 443999.599999999976717, 214837.03 ], [ 443999.599999999976717, 214836.03 ], [ 444001.599999999976717, 214834.53 ], [ 444003.099999999976717, 214834.53 ], [ 444005.599999999976717, 214832.53 ], [ 444008.599999999976717, 214832.53 ], [ 444013.599999999976717, 214828.53 ], [ 444015.099999999976717, 214828.53 ], [ 444015.599999999976717, 214827.03 ], [ 444018.099999999976717, 214826.53 ], [ 444018.099999999976717, 214825.53 ], [ 444020.599999999976717, 214824.03 ], [ 444021.599999999976717, 214821.03 ], [ 444027.599999999976717, 214817.53 ], [ 444023.599999999976717, 214817.03 ], [ 444023.599999999976717, 214818.03 ], [ 444021.099999999976717, 214819.53 ], [ 444020.099999999976717, 214816.53 ], [ 444018.099999999976717, 214817.53 ], [ 444016.099999999976717, 214816.53 ], [ 444016.599999999976717, 214814.03 ], [ 444015.599999999976717, 214813.03 ], [ 444013.599999999976717, 214812.03 ], [ 444011.599999999976717, 214812.53 ], [ 444008.599999999976717, 214809.03 ], [ 444009.599999999976717, 214807.53 ], [ 444009.599999999976717, 214805.03 ], [ 444008.099999999976717, 214804.03 ], [ 444008.099999999976717, 214801.53 ], [ 444007.099999999976717, 214801.53 ], [ 444008.099999999976717, 214799.53 ], [ 444010.099999999976717, 214799.03 ], [ 444013.599999999976717, 214802.03 ], [ 444013.599999999976717, 214803.53 ], [ 444011.599999999976717, 214804.53 ], [ 444012.099999999976717, 214805.53 ], [ 444013.599999999976717, 214805.53 ], [ 444013.599999999976717, 214806.53 ], [ 444016.599999999976717, 214805.53 ], [ 444017.099999999976717, 214807.03 ], [ 444018.099999999976717, 214806.53 ], [ 444020.599999999976717, 214808.53 ], [ 444024.099999999976717, 214807.53 ], [ 444025.599999999976717, 214810.03 ], [ 444028.599999999976717, 214807.03 ], [ 444032.599999999976717, 214807.03 ], [ 444032.099999999976717, 214814.03 ], [ 444033.599999999976717, 214814.03 ], [ 444036.099999999976717, 214811.53 ], [ 444040.099999999976717, 214810.03 ], [ 444044.099999999976717, 214806.53 ], [ 444051.599999999976717, 214806.53 ], [ 444063.599999999976717, 214797.53 ], [ 444079.599999999976717, 214782.03 ], [ 444079.599999999976717, 214781.03 ], [ 444083.599999999976717, 214777.53 ], [ 444083.599999999976717, 214776.53 ], [ 444086.599999999976717, 214774.03 ], [ 444086.599999999976717, 214773.03 ], [ 444107.599999999976717, 214748.53 ], [ 444113.599999999976717, 214739.03 ], [ 444115.099999999976717, 214738.03 ], [ 444115.099999999976717, 214736.53 ], [ 444109.599999999976717, 214731.03 ], [ 444110.599999999976717, 214728.53 ], [ 444108.599999999976717, 214727.53 ], [ 444108.599999999976717, 214726.03 ], [ 444110.099999999976717, 214724.53 ], [ 444110.099999999976717, 214719.53 ], [ 444111.099999999976717, 214719.03 ], [ 444111.599999999976717, 214712.53 ], [ 444113.099999999976717, 214710.53 ], [ 444116.599999999976717, 214700.53 ], [ 444118.599999999976717, 214700.03 ], [ 444119.099999999976717, 214698.03 ], [ 444121.599999999976717, 214695.03 ], [ 444122.599999999976717, 214690.53 ], [ 444124.099999999976717, 214689.03 ], [ 444124.099999999976717, 214686.53 ], [ 444125.099999999976717, 214686.53 ], [ 444125.599999999976717, 214683.53 ], [ 444127.599999999976717, 214680.53 ], [ 444128.599999999976717, 214676.53 ], [ 444129.599999999976717, 214676.03 ], [ 444129.599999999976717, 214672.53 ], [ 444131.099999999976717, 214671.03 ], [ 444131.099999999976717, 214665.03 ], [ 444132.599999999976717, 214664.03 ], [ 444132.099999999976717, 214661.03 ], [ 444133.099999999976717, 214650.53 ], [ 444130.099999999976717, 214642.53 ], [ 444129.099999999976717, 214642.53 ], [ 444126.599999999976717, 214638.53 ], [ 444122.599999999976717, 214635.53 ], [ 444122.599999999976717, 214634.03 ], [ 444121.599999999976717, 214634.03 ], [ 444121.599999999976717, 214633.03 ], [ 444120.099999999976717, 214632.53 ], [ 444120.099999999976717, 214631.53 ], [ 444118.599999999976717, 214631.03 ], [ 444118.599999999976717, 214630.03 ], [ 444117.599999999976717, 214630.03 ], [ 444117.099999999976717, 214628.53 ], [ 444114.099999999976717, 214626.53 ], [ 444114.099999999976717, 214625.53 ], [ 444113.099999999976717, 214625.53 ], [ 444113.099999999976717, 214624.03 ], [ 444111.599999999976717, 214623.53 ], [ 444110.099999999976717, 214620.03 ], [ 444108.599999999976717, 214620.03 ], [ 444107.099999999976717, 214618.53 ], [ 444105.599999999976717, 214616.53 ], [ 444105.599999999976717, 214613.03 ], [ 444102.599999999976717, 214609.53 ], [ 444101.599999999976717, 214609.53 ], [ 444100.599999999976717, 214607.03 ], [ 444097.599999999976717, 214605.53 ], [ 444097.099999999976717, 214604.03 ], [ 444094.599999999976717, 214603.03 ], [ 444094.099999999976717, 214601.53 ], [ 444090.599999999976717, 214600.03 ], [ 444087.599999999976717, 214597.03 ], [ 444086.099999999976717, 214597.03 ], [ 444085.099999999976717, 214595.53 ], [ 444081.599999999976717, 214594.03 ], [ 444082.099999999976717, 214591.53 ], [ 444080.099999999976717, 214589.03 ], [ 444080.099999999976717, 214586.53 ], [ 444079.099999999976717, 214586.03 ], [ 444077.599999999976717, 214581.53 ], [ 444076.099999999976717, 214581.03 ], [ 444076.099999999976717, 214578.53 ], [ 444074.599999999976717, 214577.03 ], [ 444074.599999999976717, 214571.53 ], [ 444073.099999999976717, 214571.03 ], [ 444073.599999999976717, 214567.53 ], [ 444074.599999999976717, 214566.03 ], [ 444076.099999999976717, 214566.03 ], [ 444074.599999999976717, 214563.03 ], [ 444076.099999999976717, 214561.53 ], [ 444076.099999999976717, 214559.53 ], [ 444077.599999999976717, 214558.03 ], [ 444079.099999999976717, 214553.03 ], [ 444080.099999999976717, 214553.03 ], [ 444083.099999999976717, 214548.03 ], [ 444084.599999999976717, 214547.53 ], [ 444084.599999999976717, 214546.03 ], [ 444086.599999999976717, 214544.53 ], [ 444085.599999999976717, 214542.53 ], [ 444087.599999999976717, 214537.03 ], [ 444087.599999999976717, 214536.03 ], [ 444086.599999999976717, 214536.03 ], [ 444087.099999999976717, 214533.53 ], [ 444089.099999999976717, 214532.03 ], [ 444090.099999999976717, 214525.03 ], [ 444094.599999999976717, 214515.53 ], [ 444097.099999999976717, 214506.03 ], [ 444100.099999999976717, 214504.03 ], [ 444101.599999999976717, 214500.03 ], [ 444101.099999999976717, 214492.03 ], [ 444101.599999999976717, 214489.53 ], [ 444103.099999999976717, 214489.53 ], [ 444104.599999999976717, 214487.53 ], [ 444105.599999999976717, 214472.03 ], [ 444107.099999999976717, 214468.03 ], [ 444107.099999999976717, 214463.03 ], [ 444108.099999999976717, 214461.53 ], [ 444108.099999999976717, 214446.53 ], [ 444107.099999999976717, 214446.03 ], [ 444107.099999999976717, 214437.53 ], [ 444106.599999999976717, 214433.53 ], [ 444105.599999999976717, 214432.53 ], [ 444105.599999999976717, 214418.53 ], [ 444104.599999999976717, 214415.53 ], [ 444103.599999999976717, 214415.53 ], [ 444104.099999999976717, 214413.03 ], [ 444103.099999999976717, 214412.53 ], [ 444104.099999999976717, 214409.03 ], [ 444102.099999999976717, 214406.03 ], [ 444101.599999999976717, 214401.03 ], [ 444100.099999999976717, 214396.03 ], [ 444099.099999999976717, 214396.03 ], [ 444098.599999999976717, 214394.53 ], [ 444098.599999999976717, 214391.53 ], [ 444097.099999999976717, 214389.03 ], [ 444096.099999999976717, 214384.03 ], [ 444093.599999999976717, 214380.03 ], [ 444093.099999999976717, 214375.03 ], [ 444091.099999999976717, 214372.53 ], [ 444088.599999999976717, 214371.53 ], [ 444087.599999999976717, 214369.03 ], [ 444086.599999999976717, 214369.03 ], [ 444086.099999999976717, 214367.53 ], [ 444083.099999999976717, 214365.03 ], [ 444083.099999999976717, 214363.03 ], [ 444081.599999999976717, 214362.53 ], [ 444080.099999999976717, 214359.03 ], [ 444079.099999999976717, 214359.03 ], [ 444079.099999999976717, 214358.03 ], [ 444077.599999999976717, 214357.53 ], [ 444072.099999999976717, 214351.03 ], [ 444074.599999999976717, 214346.53 ], [ 444072.099999999976717, 214346.03 ], [ 444071.599999999976717, 214345.03 ], [ 444074.099999999976717, 214343.53 ], [ 444074.099999999976717, 214342.53 ], [ 444073.099999999976717, 214342.03 ], [ 444072.599999999976717, 214339.53 ], [ 444070.599999999976717, 214338.03 ], [ 444069.099999999976717, 214328.53 ], [ 444067.099999999976717, 214326.03 ], [ 444066.099999999976717, 214326.03 ], [ 444066.099999999976717, 214325.03 ], [ 444063.599999999976717, 214325.03 ], [ 444057.599999999976717, 214322.03 ], [ 444055.099999999976717, 214322.03 ], [ 444053.099999999976717, 214320.53 ], [ 444045.099999999976717, 214319.03 ], [ 444044.099999999976717, 214318.03 ], [ 444036.599999999976717, 214318.03 ], [ 444039.099999999976717, 214321.03 ], [ 444041.599999999976717, 214321.53 ], [ 444041.599999999976717, 214324.53 ], [ 444040.599999999976717, 214324.53 ], [ 444040.599999999976717, 214323.53 ], [ 444039.599999999976717, 214324.53 ], [ 444037.099999999976717, 214324.53 ], [ 444038.099999999976717, 214326.53 ], [ 444039.099999999976717, 214326.53 ], [ 444039.099999999976717, 214325.53 ], [ 444041.099999999976717, 214325.53 ], [ 444041.599999999976717, 214326.53 ], [ 444045.599999999976717, 214326.53 ], [ 444046.599999999976717, 214324.53 ], [ 444047.599999999976717, 214324.53 ], [ 444047.599999999976717, 214326.53 ], [ 444051.099999999976717, 214327.03 ], [ 444052.099999999976717, 214326.53 ], [ 444051.599999999976717, 214325.53 ], [ 444054.599999999976717, 214324.53 ], [ 444054.599999999976717, 214326.53 ], [ 444055.599999999976717, 214327.53 ], [ 444056.599999999976717, 214326.03 ], [ 444060.599999999976717, 214326.53 ], [ 444059.599999999976717, 214327.53 ], [ 444060.099999999976717, 214329.53 ], [ 444057.599999999976717, 214330.03 ], [ 444052.599999999976717, 214328.03 ], [ 444051.099999999976717, 214328.03 ], [ 444050.099999999976717, 214329.53 ], [ 444047.599999999976717, 214328.03 ], [ 444033.599999999976717, 214328.03 ], [ 444033.099999999976717, 214327.03 ], [ 444030.599999999976717, 214327.03 ], [ 444029.099999999976717, 214326.03 ], [ 444023.599999999976717, 214326.53 ], [ 444023.099999999976717, 214325.03 ], [ 444017.599999999976717, 214325.03 ], [ 444016.099999999976717, 214323.53 ], [ 444010.599999999976717, 214323.53 ], [ 444008.099999999976717, 214324.03 ], [ 444008.099999999976717, 214325.03 ], [ 444005.099999999976717, 214325.03 ], [ 444003.599999999976717, 214323.03 ], [ 444002.099999999976717, 214324.03 ], [ 443995.099999999976717, 214323.03 ], [ 443992.599999999976717, 214323.53 ], [ 443992.599999999976717, 214324.53 ], [ 443990.599999999976717, 214324.03 ], [ 443990.099999999976717, 214325.03 ], [ 443989.099999999976717, 214324.03 ], [ 443986.599999999976717, 214324.53 ], [ 443986.099999999976717, 214323.53 ], [ 443983.599999999976717, 214323.03 ], [ 443979.599999999976717, 214323.53 ], [ 443979.599999999976717, 214324.53 ], [ 443973.099999999976717, 214324.03 ], [ 443972.099999999976717, 214325.03 ], [ 443971.099999999976717, 214324.03 ], [ 443971.099999999976717, 214325.03 ], [ 443969.099999999976717, 214326.03 ], [ 443965.599999999976717, 214325.03 ], [ 443961.099999999976717, 214325.53 ], [ 443960.599999999976717, 214326.53 ], [ 443955.599999999976717, 214326.53 ], [ 443955.099999999976717, 214328.03 ], [ 443952.599999999976717, 214328.03 ], [ 443951.099999999976717, 214330.03 ], [ 443948.099999999976717, 214329.03 ], [ 443947.599999999976717, 214328.03 ], [ 443941.099999999976717, 214328.03 ], [ 443940.599999999976717, 214329.03 ], [ 443938.599999999976717, 214329.03 ], [ 443938.099999999976717, 214330.53 ], [ 443936.599999999976717, 214330.53 ], [ 443935.599999999976717, 214332.53 ], [ 443930.099999999976717, 214331.03 ], [ 443927.099999999976717, 214332.03 ], [ 443926.599999999976717, 214333.53 ], [ 443924.099999999976717, 214332.53 ], [ 443918.599999999976717, 214334.03 ], [ 443918.599999999976717, 214335.03 ], [ 443914.599999999976717, 214334.03 ], [ 443914.599999999976717, 214335.03 ], [ 443911.599999999976717, 214336.53 ], [ 443911.599999999976717, 214337.53 ], [ 443904.599999999976717, 214337.53 ], [ 443903.599999999976717, 214338.53 ], [ 443902.599999999976717, 214338.03 ], [ 443901.599999999976717, 214339.53 ], [ 443895.599999999976717, 214340.53 ], [ 443894.599999999976717, 214342.03 ], [ 443891.599999999976717, 214342.03 ], [ 443891.099999999976717, 214343.53 ], [ 443886.099999999976717, 214344.03 ], [ 443883.599999999976717, 214346.03 ], [ 443879.599999999976717, 214345.53 ], [ 443872.599999999976717, 214351.53 ], [ 443872.099999999976717, 214350.53 ], [ 443868.599999999976717, 214350.53 ], [ 443867.599999999976717, 214352.03 ], [ 443863.599999999976717, 214352.53 ], [ 443863.599999999976717, 214353.53 ], [ 443861.099999999976717, 214353.53 ], [ 443860.599999999976717, 214354.53 ], [ 443858.099999999976717, 214353.53 ], [ 443856.099999999976717, 214356.03 ], [ 443852.099999999976717, 214356.53 ], [ 443852.099999999976717, 214357.53 ], [ 443850.099999999976717, 214357.53 ], [ 443849.099999999976717, 214359.03 ], [ 443845.099999999976717, 214359.03 ], [ 443845.099999999976717, 214360.03 ], [ 443843.599999999976717, 214359.53 ], [ 443843.099999999976717, 214360.53 ], [ 443840.599999999976717, 214360.53 ], [ 443840.599999999976717, 214362.03 ], [ 443836.599999999976717, 214365.03 ], [ 443836.099999999976717, 214369.03 ], [ 443838.099999999976717, 214372.03 ], [ 443841.599999999976717, 214373.03 ], [ 443842.099999999976717, 214374.53 ], [ 443847.099999999976717, 214377.53 ], [ 443847.599999999976717, 214379.03 ], [ 443850.599999999976717, 214380.03 ], [ 443852.099999999976717, 214382.53 ], [ 443856.099999999976717, 214384.53 ], [ 443857.599999999976717, 214387.03 ], [ 443860.099999999976717, 214387.53 ], [ 443866.099999999976717, 214393.53 ], [ 443869.099999999976717, 214394.53 ], [ 443869.099999999976717, 214395.53 ], [ 443870.599999999976717, 214396.03 ], [ 443873.599999999976717, 214400.03 ], [ 443874.599999999976717, 214400.03 ], [ 443882.599999999976717, 214408.53 ], [ 443884.099999999976717, 214408.53 ], [ 443884.599999999976717, 214410.03 ], [ 443887.599999999976717, 214412.03 ], [ 443888.099999999976717, 214414.53 ], [ 443889.099999999976717, 214414.53 ], [ 443890.099999999976717, 214417.03 ], [ 443897.599999999976717, 214420.03 ], [ 443897.599999999976717, 214425.53 ], [ 443898.599999999976717, 214426.03 ], [ 443899.099999999976717, 214428.03 ], [ 443901.599999999976717, 214428.03 ], [ 443903.599999999976717, 214431.53 ], [ 443904.599999999976717, 214431.53 ], [ 443904.599999999976717, 214435.53 ], [ 443906.099999999976717, 214436.53 ], [ 443906.099999999976717, 214440.03 ], [ 443908.099999999976717, 214440.53 ], [ 443910.099999999976717, 214442.53 ], [ 443912.099999999976717, 214442.53 ], [ 443912.099999999976717, 214445.03 ], [ 443915.599999999976717, 214448.53 ], [ 443915.599999999976717, 214451.53 ], [ 443917.099999999976717, 214452.53 ], [ 443917.099999999976717, 214457.53 ], [ 443918.599999999976717, 214458.03 ], [ 443918.599999999976717, 214459.03 ], [ 443921.099999999976717, 214459.53 ], [ 443921.599999999976717, 214461.03 ], [ 443925.099999999976717, 214463.53 ], [ 443925.599999999976717, 214465.53 ], [ 443927.099999999976717, 214466.03 ], [ 443928.599999999976717, 214469.53 ], [ 443930.099999999976717, 214469.53 ], [ 443932.599999999976717, 214473.53 ], [ 443938.599999999976717, 214478.03 ], [ 443937.099999999976717, 214481.53 ], [ 443941.099999999976717, 214486.03 ], [ 443941.099999999976717, 214489.03 ], [ 443943.099999999976717, 214492.03 ], [ 443944.099999999976717, 214492.03 ], [ 443945.599999999976717, 214497.53 ], [ 443947.099999999976717, 214498.03 ], [ 443947.099999999976717, 214499.53 ], [ 443950.099999999976717, 214501.03 ], [ 443949.099999999976717, 214502.53 ], [ 443949.599999999976717, 214503.53 ], [ 443951.099999999976717, 214503.53 ], [ 443951.099999999976717, 214505.53 ], [ 443952.599999999976717, 214507.53 ], [ 443955.599999999976717, 214508.03 ], [ 443955.599999999976717, 214509.03 ], [ 443957.599999999976717, 214509.53 ], [ 443957.099999999976717, 214512.53 ], [ 443955.599999999976717, 214513.53 ], [ 443955.599999999976717, 214516.53 ], [ 443957.099999999976717, 214517.53 ], [ 443957.099999999976717, 214519.03 ], [ 443959.599999999976717, 214519.03 ], [ 443959.599999999976717, 214520.03 ], [ 443964.099999999976717, 214522.03 ], [ 443964.099999999976717, 214523.03 ], [ 443962.599999999976717, 214523.53 ], [ 443962.599999999976717, 214526.53 ], [ 443964.099999999976717, 214527.53 ], [ 443964.599999999976717, 214530.03 ], [ 443964.099999999976717, 214533.53 ], [ 443967.099999999976717, 214535.53 ], [ 443971.099999999976717, 214535.03 ], [ 443971.099999999976717, 214537.03 ], [ 443969.599999999976717, 214539.03 ], [ 443974.599999999976717, 214542.03 ], [ 443973.599999999976717, 214543.53 ], [ 443974.099999999976717, 214546.53 ], [ 443975.599999999976717, 214547.53 ], [ 443975.599999999976717, 214549.03 ], [ 443976.599999999976717, 214549.03 ], [ 443976.599999999976717, 214552.03 ], [ 443975.599999999976717, 214552.03 ], [ 443974.599999999976717, 214556.53 ], [ 443976.599999999976717, 214558.03 ], [ 443976.599999999976717, 214559.03 ], [ 443979.599999999976717, 214559.03 ], [ 443981.099999999976717, 214557.53 ], [ 443983.099999999976717, 214559.03 ], [ 443981.599999999976717, 214561.53 ], [ 443978.099999999976717, 214562.03 ], [ 443978.099999999976717, 214566.03 ], [ 443976.599999999976717, 214567.03 ], [ 443976.599999999976717, 214570.03 ], [ 443977.099999999976717, 214572.53 ], [ 443978.099999999976717, 214573.03 ], [ 443978.099999999976717, 214576.53 ], [ 443979.599999999976717, 214577.53 ], [ 443981.099999999976717, 214581.53 ], [ 443983.599999999976717, 214584.53 ], [ 443983.599999999976717, 214591.53 ], [ 443985.599999999976717, 214593.53 ], [ 443985.099999999976717, 214597.03 ], [ 443987.099999999976717, 214599.03 ], [ 443986.599999999976717, 214602.03 ], [ 443985.099999999976717, 214603.03 ], [ 443986.099999999976717, 214606.03 ], [ 443984.599999999976717, 214607.03 ], [ 443983.599999999976717, 214610.03 ], [ 443983.599999999976717, 214611.53 ], [ 443985.099999999976717, 214612.03 ], [ 443985.599999999976717, 214613.53 ], [ 443982.599999999976717, 214616.53 ], [ 443979.599999999976717, 214617.03 ], [ 443979.099999999976717, 214618.53 ], [ 443979.099999999976717, 214621.53 ], [ 443979.599999999976717, 214622.53 ], [ 443981.099999999976717, 214622.53 ], [ 443982.099999999976717, 214628.53 ], [ 443978.099999999976717, 214631.03 ], [ 443979.599999999976717, 214633.53 ], [ 443979.599999999976717, 214639.03 ], [ 443978.099999999976717, 214639.53 ], [ 443977.099999999976717, 214644.03 ], [ 443975.599999999976717, 214645.53 ], [ 443975.599999999976717, 214651.03 ], [ 443974.099999999976717, 214652.53 ], [ 443974.099999999976717, 214655.03 ], [ 443971.099999999976717, 214657.53 ], [ 443971.599999999976717, 214659.53 ], [ 443969.599999999976717, 214661.03 ], [ 443969.599999999976717, 214663.03 ], [ 443968.099999999976717, 214664.03 ], [ 443967.099999999976717, 214666.53 ], [ 443965.599999999976717, 214666.53 ], [ 443964.599999999976717, 214669.03 ], [ 443962.599999999976717, 214670.53 ], [ 443962.599999999976717, 214672.03 ], [ 443961.099999999976717, 214672.53 ], [ 443961.099999999976717, 214674.03 ], [ 443958.599999999976717, 214675.03 ], [ 443958.599999999976717, 214676.03 ], [ 443955.099999999976717, 214678.53 ], [ 443955.099999999976717, 214680.53 ], [ 443952.599999999976717, 214684.03 ], [ 443950.599999999976717, 214684.03 ], [ 443949.599999999976717, 214685.03 ], [ 443946.099999999976717, 214679.53 ], [ 443945.099999999976717, 214681.03 ], [ 443940.099999999976717, 214683.53 ], [ 443940.099999999976717, 214684.53 ], [ 443937.099999999976717, 214685.53 ], [ 443937.099999999976717, 214686.53 ], [ 443931.599999999976717, 214688.03 ], [ 443928.099999999976717, 214690.53 ], [ 443922.099999999976717, 214692.03 ], [ 443920.599999999976717, 214693.53 ], [ 443915.599999999976717, 214694.03 ], [ 443915.599999999976717, 214695.03 ], [ 443913.599999999976717, 214695.03 ], [ 443913.099999999976717, 214696.03 ], [ 443910.599999999976717, 214696.03 ], [ 443907.099999999976717, 214697.03 ], [ 443906.599999999976717, 214698.03 ], [ 443903.099999999976717, 214698.03 ], [ 443902.599999999976717, 214699.03 ], [ 443899.599999999976717, 214699.03 ], [ 443896.099999999976717, 214700.53 ], [ 443887.599999999976717, 214700.53 ], [ 443886.599999999976717, 214702.03 ], [ 443871.599999999976717, 214702.03 ], [ 443870.599999999976717, 214701.03 ], [ 443863.099999999976717, 214699.53 ], [ 443861.599999999976717, 214700.53 ], [ 443862.599999999976717, 214702.53 ], [ 443860.599999999976717, 214706.53 ], [ 443858.099999999976717, 214706.53 ], [ 443857.599999999976717, 214707.53 ], [ 443855.099999999976717, 214708.03 ], [ 443853.599999999976717, 214707.03 ], [ 443853.099999999976717, 214698.53 ], [ 443850.599999999976717, 214695.03 ], [ 443846.099999999976717, 214694.03 ], [ 443846.099999999976717, 214696.03 ], [ 443844.099999999976717, 214697.53 ], [ 443837.599999999976717, 214697.53 ], [ 443836.599999999976717, 214699.03 ], [ 443833.099999999976717, 214699.53 ], [ 443831.099999999976717, 214703.03 ], [ 443826.599999999976717, 214702.03 ], [ 443826.099999999976717, 214700.53 ], [ 443823.599999999976717, 214700.53 ], [ 443822.599999999976717, 214702.03 ], [ 443821.099999999976717, 214701.03 ], [ 443820.599999999976717, 214702.03 ], [ 443816.099999999976717, 214702.03 ], [ 443813.599999999976717, 214700.03 ], [ 443813.599999999976717, 214696.53 ], [ 443812.599999999976717, 214696.53 ], [ 443813.599999999976717, 214693.53 ], [ 443812.599999999976717, 214693.03 ], [ 443812.099999999976717, 214694.53 ], [ 443811.099999999976717, 214694.03 ], [ 443811.099999999976717, 214696.03 ], [ 443812.099999999976717, 214696.53 ], [ 443810.099999999976717, 214696.53 ], [ 443810.099999999976717, 214695.03 ], [ 443806.599999999976717, 214693.53 ], [ 443806.599999999976717, 214692.03 ], [ 443805.099999999976717, 214692.03 ], [ 443805.099999999976717, 214691.03 ], [ 443806.599999999976717, 214690.53 ], [ 443806.099999999976717, 214689.53 ], [ 443807.599999999976717, 214688.53 ], [ 443807.599999999976717, 214689.03 ], [ 443809.599999999976717, 214690.53 ], [ 443811.099999999976717, 214689.53 ], [ 443811.599999999976717, 214691.03 ], [ 443814.099999999976717, 214690.53 ], [ 443815.099999999976717, 214692.03 ], [ 443816.099999999976717, 214691.03 ], [ 443816.599999999976717, 214692.03 ], [ 443819.099999999976717, 214692.03 ], [ 443819.599999999976717, 214689.53 ], [ 443818.099999999976717, 214689.53 ], [ 443818.099999999976717, 214688.53 ], [ 443816.099999999976717, 214688.53 ], [ 443815.099999999976717, 214689.53 ], [ 443812.099999999976717, 214685.53 ], [ 443810.599999999976717, 214686.53 ], [ 443804.599999999976717, 214686.53 ], [ 443803.599999999976717, 214684.03 ], [ 443802.099999999976717, 214685.03 ], [ 443801.599999999976717, 214684.03 ], [ 443796.099999999976717, 214682.03 ], [ 443796.599999999976717, 214681.03 ], [ 443795.099999999976717, 214681.03 ], [ 443793.599999999976717, 214683.03 ], [ 443792.599999999976717, 214683.03 ], [ 443793.099999999976717, 214684.53 ], [ 443794.099999999976717, 214684.03 ], [ 443797.099999999976717, 214685.53 ], [ 443799.099999999976717, 214685.03 ], [ 443800.599999999976717, 214686.53 ], [ 443802.599999999976717, 214686.03 ], [ 443803.599999999976717, 214689.03 ], [ 443805.099999999976717, 214689.53 ], [ 443803.599999999976717, 214690.53 ], [ 443803.599999999976717, 214694.03 ], [ 443802.099999999976717, 214695.53 ], [ 443799.599999999976717, 214695.03 ], [ 443797.099999999976717, 214692.03 ], [ 443797.099999999976717, 214690.53 ], [ 443795.599999999976717, 214689.53 ], [ 443795.599999999976717, 214688.03 ], [ 443794.099999999976717, 214687.03 ], [ 443794.099999999976717, 214685.53 ], [ 443791.599999999976717, 214684.53 ], [ 443789.599999999976717, 214681.03 ], [ 443787.599999999976717, 214680.53 ], [ 443782.599999999976717, 214686.53 ], [ 443782.599999999976717, 214688.03 ], [ 443785.099999999976717, 214688.03 ], [ 443785.599999999976717, 214689.53 ], [ 443788.099999999976717, 214687.53 ], [ 443788.599999999976717, 214689.03 ], [ 443787.599999999976717, 214690.03 ], [ 443789.099999999976717, 214690.53 ], [ 443790.099999999976717, 214689.53 ], [ 443788.099999999976717, 214694.53 ], [ 443787.099999999976717, 214694.53 ], [ 443786.599999999976717, 214696.53 ], [ 443785.099999999976717, 214697.53 ], [ 443785.099999999976717, 214701.53 ], [ 443782.599999999976717, 214702.03 ], [ 443782.599999999976717, 214703.03 ], [ 443780.599999999976717, 214704.03 ], [ 443779.099999999976717, 214702.03 ], [ 443778.099999999976717, 214702.03 ], [ 443778.099999999976717, 214700.53 ], [ 443775.599999999976717, 214700.53 ], [ 443775.599999999976717, 214701.53 ], [ 443773.599999999976717, 214701.03 ], [ 443772.599999999976717, 214703.53 ], [ 443770.599999999976717, 214703.53 ], [ 443768.599999999976717, 214705.03 ], [ 443768.599999999976717, 214708.53 ], [ 443774.099999999976717, 214709.03 ], [ 443773.099999999976717, 214710.53 ] ], [ [ 444044.099999999976717, 214806.53 ], [ 444043.599999999976717, 214806.53 ], [ 444043.599999999976717, 214806.03 ], [ 444044.099999999976717, 214806.03 ], [ 444044.099999999976717, 214806.53 ] ], [ [ 444046.599999999976717, 214324.53 ], [ 444046.099999999976717, 214324.53 ], [ 444046.099999999976717, 214324.03 ], [ 444046.599999999976717, 214324.03 ], [ 444046.599999999976717, 214324.53 ] ], [ [ 443812.099999999976717, 214694.53 ], [ 443812.599999999976717, 214694.53 ], [ 443812.599999999976717, 214695.03 ], [ 443812.099999999976717, 214695.03 ], [ 443812.099999999976717, 214694.53 ] ], [ [ 444061.099999999976717, 214327.53 ], [ 444062.099999999976717, 214328.03 ], [ 444061.599999999976717, 214329.03 ], [ 444060.599999999976717, 214329.03 ], [ 444061.099999999976717, 214327.53 ] ], [ [ 444050.099999999976717, 214324.53 ], [ 444050.099999999976717, 214325.03 ], [ 444049.599999999976717, 214325.03 ], [ 444049.599999999976717, 214324.53 ], [ 444050.099999999976717, 214324.53 ] ], [ [ 444006.099999999976717, 214518.03 ], [ 444006.599999999976717, 214516.03 ], [ 444005.099999999976717, 214515.03 ], [ 444003.599999999976717, 214510.53 ], [ 444002.099999999976717, 214510.53 ], [ 444001.099999999976717, 214508.53 ], [ 443997.599999999976717, 214506.53 ], [ 443996.599999999976717, 214500.03 ], [ 443995.099999999976717, 214499.03 ], [ 443995.099999999976717, 214497.03 ], [ 443993.599999999976717, 214496.53 ], [ 443992.599999999976717, 214493.53 ], [ 443990.599999999976717, 214491.03 ], [ 443989.599999999976717, 214491.03 ], [ 443989.599999999976717, 214489.03 ], [ 443986.599999999976717, 214486.53 ], [ 443986.099999999976717, 214485.03 ], [ 443985.099999999976717, 214485.03 ], [ 443985.099999999976717, 214483.53 ], [ 443983.599999999976717, 214482.03 ], [ 443983.599999999976717, 214478.03 ], [ 443982.599999999976717, 214478.03 ], [ 443980.599999999976717, 214474.03 ], [ 443979.599999999976717, 214474.03 ], [ 443979.599999999976717, 214472.53 ], [ 443978.099999999976717, 214472.03 ], [ 443978.099999999976717, 214470.03 ], [ 443977.099999999976717, 214469.53 ], [ 443977.599999999976717, 214467.53 ], [ 443981.599999999976717, 214468.03 ], [ 443982.599999999976717, 214469.03 ], [ 443982.599999999976717, 214471.53 ], [ 443984.099999999976717, 214472.53 ], [ 443984.099999999976717, 214475.03 ], [ 443985.599999999976717, 214476.53 ], [ 443987.599999999976717, 214476.53 ], [ 443988.599999999976717, 214480.03 ], [ 443993.599999999976717, 214484.53 ], [ 443993.099999999976717, 214487.53 ], [ 443993.599999999976717, 214489.53 ], [ 443995.599999999976717, 214491.53 ], [ 443995.099999999976717, 214493.53 ], [ 443996.099999999976717, 214493.53 ], [ 443996.599999999976717, 214495.03 ], [ 443999.599999999976717, 214497.03 ], [ 444000.099999999976717, 214499.53 ], [ 444002.099999999976717, 214501.03 ], [ 444002.599999999976717, 214503.03 ], [ 444006.599999999976717, 214506.03 ], [ 444006.599999999976717, 214511.03 ], [ 444010.099999999976717, 214513.53 ], [ 444010.599999999976717, 214516.53 ], [ 444009.599999999976717, 214519.03 ], [ 444006.599999999976717, 214519.03 ], [ 444006.099999999976717, 214518.03 ] ], [ [ 443975.099999999976717, 214773.53 ], [ 443975.599999999976717, 214772.53 ], [ 443974.099999999976717, 214771.53 ], [ 443974.099999999976717, 214774.03 ], [ 443973.099999999976717, 214774.03 ], [ 443972.099999999976717, 214771.53 ], [ 443969.599999999976717, 214771.03 ], [ 443969.599999999976717, 214768.53 ], [ 443968.599999999976717, 214767.53 ], [ 443965.599999999976717, 214768.03 ], [ 443962.599999999976717, 214764.53 ], [ 443964.099999999976717, 214761.53 ], [ 443965.599999999976717, 214761.53 ], [ 443967.099999999976717, 214759.03 ], [ 443969.099999999976717, 214758.53 ], [ 443970.599999999976717, 214761.03 ], [ 443971.099999999976717, 214760.03 ], [ 443972.599999999976717, 214760.03 ], [ 443973.099999999976717, 214761.53 ], [ 443974.599999999976717, 214762.53 ], [ 443976.099999999976717, 214761.53 ], [ 443976.599999999976717, 214763.03 ], [ 443981.099999999976717, 214761.53 ], [ 443981.099999999976717, 214764.53 ], [ 443982.599999999976717, 214764.53 ], [ 443983.099999999976717, 214766.53 ], [ 443985.099999999976717, 214767.53 ], [ 443984.599999999976717, 214770.53 ], [ 443981.599999999976717, 214770.53 ], [ 443980.099999999976717, 214773.03 ], [ 443978.099999999976717, 214773.03 ], [ 443977.099999999976717, 214774.53 ], [ 443975.599999999976717, 214774.53 ], [ 443975.099999999976717, 214773.53 ] ], [ [ 443924.599999999976717, 214796.53 ], [ 443924.099999999976717, 214795.53 ], [ 443925.099999999976717, 214794.03 ], [ 443922.099999999976717, 214794.03 ], [ 443921.099999999976717, 214795.53 ], [ 443919.099999999976717, 214795.53 ], [ 443918.099999999976717, 214793.03 ], [ 443917.099999999976717, 214793.03 ], [ 443917.099999999976717, 214794.03 ], [ 443915.099999999976717, 214794.03 ], [ 443914.099999999976717, 214793.03 ], [ 443915.099999999976717, 214790.53 ], [ 443913.599999999976717, 214788.53 ], [ 443911.599999999976717, 214788.53 ], [ 443911.099999999976717, 214790.03 ], [ 443909.099999999976717, 214790.03 ], [ 443908.599999999976717, 214788.53 ], [ 443906.099999999976717, 214787.53 ], [ 443906.099999999976717, 214786.53 ], [ 443907.599999999976717, 214785.53 ], [ 443910.099999999976717, 214788.53 ], [ 443913.099999999976717, 214787.03 ], [ 443912.599999999976717, 214785.03 ], [ 443914.099999999976717, 214783.03 ], [ 443915.099999999976717, 214784.53 ], [ 443916.599999999976717, 214783.03 ], [ 443920.099999999976717, 214784.53 ], [ 443920.599999999976717, 214787.53 ], [ 443922.099999999976717, 214786.53 ], [ 443927.099999999976717, 214786.53 ], [ 443928.599999999976717, 214785.53 ], [ 443928.599999999976717, 214783.03 ], [ 443927.099999999976717, 214782.03 ], [ 443927.599999999976717, 214780.03 ], [ 443929.099999999976717, 214781.53 ], [ 443929.599999999976717, 214780.53 ], [ 443931.599999999976717, 214780.03 ], [ 443931.599999999976717, 214778.53 ], [ 443935.099999999976717, 214778.53 ], [ 443935.599999999976717, 214777.03 ], [ 443938.599999999976717, 214776.53 ], [ 443940.099999999976717, 214777.03 ], [ 443940.099999999976717, 214778.03 ], [ 443938.599999999976717, 214778.53 ], [ 443939.599999999976717, 214781.03 ], [ 443941.099999999976717, 214781.03 ], [ 443941.099999999976717, 214780.03 ], [ 443944.099999999976717, 214778.03 ], [ 443945.099999999976717, 214779.03 ], [ 443944.099999999976717, 214780.03 ], [ 443945.099999999976717, 214781.53 ], [ 443946.599999999976717, 214781.53 ], [ 443948.599999999976717, 214778.53 ], [ 443951.099999999976717, 214780.53 ], [ 443952.599999999976717, 214779.03 ], [ 443952.599999999976717, 214777.03 ], [ 443954.099999999976717, 214777.03 ], [ 443955.599999999976717, 214775.03 ], [ 443957.099999999976717, 214775.03 ], [ 443957.599999999976717, 214776.03 ], [ 443960.099999999976717, 214776.03 ], [ 443961.599999999976717, 214775.03 ], [ 443962.599999999976717, 214777.03 ], [ 443967.099999999976717, 214778.03 ], [ 443967.099999999976717, 214780.53 ], [ 443966.099999999976717, 214781.03 ], [ 443967.099999999976717, 214783.03 ], [ 443964.599999999976717, 214783.53 ], [ 443962.599999999976717, 214781.53 ], [ 443962.099999999976717, 214784.03 ], [ 443959.599999999976717, 214787.03 ], [ 443958.099999999976717, 214788.03 ], [ 443955.599999999976717, 214787.53 ], [ 443955.599999999976717, 214788.53 ], [ 443954.599999999976717, 214788.53 ], [ 443953.099999999976717, 214790.53 ], [ 443946.099999999976717, 214790.03 ], [ 443945.099999999976717, 214787.53 ], [ 443943.099999999976717, 214787.53 ], [ 443941.599999999976717, 214789.53 ], [ 443940.099999999976717, 214788.03 ], [ 443938.099999999976717, 214788.03 ], [ 443936.099999999976717, 214788.53 ], [ 443935.599999999976717, 214790.03 ], [ 443932.599999999976717, 214790.03 ], [ 443931.599999999976717, 214792.03 ], [ 443928.599999999976717, 214794.03 ], [ 443927.099999999976717, 214794.03 ], [ 443925.599999999976717, 214797.03 ], [ 443924.599999999976717, 214796.53 ] ], [ [ 443901.599999999976717, 214780.03 ], [ 443897.099999999976717, 214780.03 ], [ 443893.599999999976717, 214778.53 ], [ 443891.599999999976717, 214775.03 ], [ 443890.099999999976717, 214774.53 ], [ 443889.599999999976717, 214772.53 ], [ 443885.099999999976717, 214773.03 ], [ 443884.099999999976717, 214771.53 ], [ 443883.599999999976717, 214772.53 ], [ 443880.599999999976717, 214773.53 ], [ 443876.599999999976717, 214773.53 ], [ 443874.099999999976717, 214771.53 ], [ 443870.099999999976717, 214771.03 ], [ 443869.099999999976717, 214770.03 ], [ 443865.099999999976717, 214770.03 ], [ 443863.599999999976717, 214767.53 ], [ 443859.599999999976717, 214767.03 ], [ 443858.599999999976717, 214765.03 ], [ 443856.099999999976717, 214764.03 ], [ 443855.099999999976717, 214762.53 ], [ 443852.099999999976717, 214763.53 ], [ 443847.599999999976717, 214763.03 ], [ 443847.599999999976717, 214762.03 ], [ 443845.099999999976717, 214760.53 ], [ 443845.099999999976717, 214758.03 ], [ 443846.099999999976717, 214757.53 ], [ 443846.099999999976717, 214756.03 ], [ 443848.599999999976717, 214756.03 ], [ 443852.099999999976717, 214754.03 ], [ 443852.599999999976717, 214755.03 ], [ 443854.099999999976717, 214754.53 ], [ 443855.099999999976717, 214756.03 ], [ 443857.599999999976717, 214756.03 ], [ 443859.099999999976717, 214757.53 ], [ 443860.599999999976717, 214757.53 ], [ 443859.599999999976717, 214758.53 ], [ 443860.099999999976717, 214760.03 ], [ 443864.099999999976717, 214759.03 ], [ 443865.099999999976717, 214760.53 ], [ 443866.099999999976717, 214760.03 ], [ 443867.099999999976717, 214761.53 ], [ 443869.099999999976717, 214761.53 ], [ 443870.099999999976717, 214763.03 ], [ 443871.599999999976717, 214763.03 ], [ 443871.099999999976717, 214764.03 ], [ 443873.099999999976717, 214764.03 ], [ 443874.599999999976717, 214766.03 ], [ 443877.099999999976717, 214766.53 ], [ 443877.599999999976717, 214765.03 ], [ 443878.599999999976717, 214765.03 ], [ 443879.099999999976717, 214766.03 ], [ 443881.599999999976717, 214766.03 ], [ 443882.599999999976717, 214767.53 ], [ 443886.599999999976717, 214768.03 ], [ 443887.599999999976717, 214770.03 ], [ 443889.099999999976717, 214768.53 ], [ 443895.599999999976717, 214770.03 ], [ 443900.099999999976717, 214774.53 ], [ 443902.099999999976717, 214774.53 ], [ 443902.099999999976717, 214776.53 ], [ 443904.099999999976717, 214777.03 ], [ 443904.599999999976717, 214775.53 ], [ 443906.099999999976717, 214775.53 ], [ 443907.099999999976717, 214777.03 ], [ 443908.599999999976717, 214777.03 ], [ 443908.599999999976717, 214776.03 ], [ 443913.599999999976717, 214776.03 ], [ 443914.099999999976717, 214775.03 ], [ 443915.599999999976717, 214775.53 ], [ 443913.099999999976717, 214779.03 ], [ 443910.099999999976717, 214780.03 ], [ 443909.599999999976717, 214781.03 ], [ 443903.099999999976717, 214781.03 ], [ 443903.099999999976717, 214780.03 ], [ 443901.599999999976717, 214780.03 ] ], [ [ 443808.099999999976717, 214688.53 ], [ 443808.599999999976717, 214688.53 ], [ 443808.599999999976717, 214689.03 ], [ 443808.099999999976717, 214689.03 ], [ 443808.099999999976717, 214688.53 ] ], [ [ 443804.599999999976717, 214692.03 ], [ 443804.599999999976717, 214692.53 ], [ 443804.099999999976717, 214692.53 ], [ 443804.099999999976717, 214692.03 ], [ 443804.599999999976717, 214692.03 ] ], [ [ 443780.099999999976717, 214710.03 ], [ 443780.099999999976717, 214709.53 ], [ 443780.599999999976717, 214709.53 ], [ 443780.599999999976717, 214710.03 ], [ 443780.099999999976717, 214710.03 ] ], [ [ 443780.599999999976717, 214710.03 ], [ 443781.099999999976717, 214710.03 ], [ 443781.099999999976717, 214710.53 ], [ 443780.599999999976717, 214710.53 ], [ 443780.599999999976717, 214710.03 ] ], [ [ 443775.599999999976717, 214710.53 ], [ 443776.099999999976717, 214709.03 ], [ 443778.599999999976717, 214710.03 ], [ 443777.099999999976717, 214710.53 ], [ 443777.099999999976717, 214711.53 ], [ 443775.599999999976717, 214710.53 ] ], [ [ 443774.599999999976717, 214710.03 ], [ 443774.599999999976717, 214710.53 ], [ 443774.099999999976717, 214710.53 ], [ 443774.099999999976717, 214710.03 ], [ 443774.599999999976717, 214710.03 ] ] ], [ [ [ 444017.599999999976717, 214322.53 ], [ 444022.599999999976717, 214322.53 ], [ 444022.599999999976717, 214321.53 ], [ 444021.099999999976717, 214321.53 ], [ 444020.599999999976717, 214320.53 ], [ 444018.599999999976717, 214320.53 ], [ 444017.599999999976717, 214321.53 ], [ 444015.099999999976717, 214319.53 ], [ 444013.599999999976717, 214321.03 ], [ 444007.599999999976717, 214320.03 ], [ 444004.599999999976717, 214320.53 ], [ 444003.599999999976717, 214319.53 ], [ 444002.099999999976717, 214320.03 ], [ 444003.099999999976717, 214322.03 ], [ 444005.599999999976717, 214322.53 ], [ 444013.099999999976717, 214322.53 ], [ 444013.599999999976717, 214321.53 ], [ 444017.099999999976717, 214323.03 ], [ 444017.599999999976717, 214322.53 ] ] ], [ [ [ 443977.599999999976717, 214323.03 ], [ 443978.599999999976717, 214322.03 ], [ 443982.599999999976717, 214322.03 ], [ 443983.099999999976717, 214321.03 ], [ 443985.599999999976717, 214321.03 ], [ 443986.099999999976717, 214322.03 ], [ 443992.099999999976717, 214322.03 ], [ 443992.599999999976717, 214321.03 ], [ 443995.099999999976717, 214322.03 ], [ 443995.099999999976717, 214321.03 ], [ 443996.099999999976717, 214321.03 ], [ 443997.599999999976717, 214322.03 ], [ 444000.099999999976717, 214321.03 ], [ 444000.099999999976717, 214320.03 ], [ 443996.599999999976717, 214319.53 ], [ 443995.099999999976717, 214320.53 ], [ 443995.099999999976717, 214319.53 ], [ 443993.599999999976717, 214319.53 ], [ 443993.599999999976717, 214320.53 ], [ 443985.099999999976717, 214320.53 ], [ 443984.599999999976717, 214319.53 ], [ 443984.099999999976717, 214320.53 ], [ 443977.599999999976717, 214320.53 ], [ 443976.599999999976717, 214321.03 ], [ 443976.599999999976717, 214323.03 ], [ 443977.599999999976717, 214323.03 ] ] ] ] } },
{ "type": "Feature", "properties": { "mainhabs": "Coastal and floodplain grazing marsh", "habcodes": "CFPGM", "featdesc": null, "featcodes": null, "otherclass": null, "addhabs": null, "primsource": "Oxfordshire Expert Knowledge Capture 2009 (CFPGM)", "areaha": "0.06", "version": "Sep_25", "uid": "PHID44399375_021449368", "shape_length": null, "shape_area": null, "site": "blenheim", "pid": 3, "method": "grabcut2" }, "geometry": { "type": "Polygon", "coordinates": [ [ [ 444006.599999999976717, 214519.03 ], [ 444009.599999999976717, 214519.03 ], [ 444010.599999999976717, 214515.53 ], [ 444010.099999999976717, 214513.53 ], [ 444006.599999999976717, 214511.03 ], [ 444006.599999999976717, 214506.03 ], [ 444002.599999999976717, 214503.03 ], [ 444002.099999999976717, 214501.03 ], [ 444000.099999999976717, 214499.53 ], [ 443999.599999999976717, 214497.03 ], [ 443996.599999999976717, 214495.03 ], [ 443996.099999999976717, 214493.53 ], [ 443995.099999999976717, 214493.53 ], [ 443995.599999999976717, 214491.53 ], [ 443993.599999999976717, 214489.53 ], [ 443993.099999999976717, 214487.53 ], [ 443993.599999999976717, 214484.53 ], [ 443988.599999999976717, 214480.03 ], [ 443987.599999999976717, 214476.53 ], [ 443985.599999999976717, 214476.53 ], [ 443984.099999999976717, 214475.03 ], [ 443984.099999999976717, 214472.53 ], [ 443982.599999999976717, 214471.53 ], [ 443982.599999999976717, 214469.03 ], [ 443981.599999999976717, 214468.03 ], [ 443977.599999999976717, 214467.53 ], [ 443977.099999999976717, 214469.53 ], [ 443978.099999999976717, 214470.03 ], [ 443978.099999999976717, 214472.03 ], [ 443979.599999999976717, 214472.53 ], [ 443979.599999999976717, 214474.03 ], [ 443980.599999999976717, 214474.03 ], [ 443982.599999999976717, 214478.03 ], [ 443983.599999999976717, 214478.03 ], [ 443983.599999999976717, 214482.03 ], [ 443985.099999999976717, 214483.53 ], [ 443985.099999999976717, 214485.03 ], [ 443986.099999999976717, 214485.03 ], [ 443986.599999999976717, 214486.53 ], [ 443989.599999999976717, 214489.03 ], [ 443989.599999999976717, 214491.03 ], [ 443990.599999999976717, 214491.03 ], [ 443992.599999999976717, 214493.53 ], [ 443993.599999999976717, 214496.53 ], [ 443995.099999999976717, 214497.03 ], [ 443995.099999999976717, 214499.03 ], [ 443996.599999999976717, 214500.03 ], [ 443997.599999999976717, 214506.53 ], [ 444001.099999999976717, 214508.53 ], [ 444002.099999999976717, 214510.53 ], [ 444003.599999999976717, 214510.53 ], [ 444005.099999999976717, 214515.03 ], [ 444006.599999999976717, 214516.03 ], [ 444006.599999999976717, 214519.03 ] ] ] } },
{ "type": "Feature", "properties": { "mainhabs": "Deciduous woodland", "habcodes": "DWOOD", "featdesc": null, "featcodes": null, "otherclass": null, "addhabs": null, "primsource": "National Forest Inventory 2023 (DWOOD)", "areaha": "40.37", "version": "Sep_25", "uid": "PHID44316158_021498962", "shape_length": null, "shape_area": null, "site": "blenheim", "pid": 4, "method": "grabcut2" }, "geometry": { "type": "Polygon", "coordinates": [ [ [ 442683.099999999976717, 215791.03 ], [ 442687.599999999976717, 215790.53 ], [ 442697.599999999976717, 215785.53 ], [ 442719.599999999976717, 215764.03 ], [ 442722.599999999976717, 215762.53 ], [ 442730.099999999976717, 215756.03 ], [ 442739.099999999976717, 215751.03 ], [ 442758.599999999976717, 215746.03 ], [ 442778.099999999976717, 215742.53 ], [ 442798.599999999976717, 215742.53 ], [ 442822.599999999976717, 215740.03 ], [ 442830.599999999976717, 215738.53 ], [ 442853.099999999976717, 215731.53 ], [ 442889.599999999976717, 215715.03 ], [ 442894.599999999976717, 215713.53 ], [ 442947.099999999976717, 215687.03 ], [ 442963.599999999976717, 215677.03 ], [ 442982.099999999976717, 215663.03 ], [ 442984.599999999976717, 215662.03 ], [ 442990.099999999976717, 215656.53 ], [ 442993.099999999976717, 215650.53 ], [ 442994.599999999976717, 215643.53 ], [ 442995.099999999976717, 215629.03 ], [ 442994.099999999976717, 215617.03 ], [ 442984.099999999976717, 215618.03 ], [ 442984.599999999976717, 215624.03 ], [ 442983.599999999976717, 215630.03 ], [ 442981.099999999976717, 215634.03 ], [ 442977.099999999976717, 215634.53 ], [ 442971.099999999976717, 215630.53 ], [ 442959.599999999976717, 215612.53 ], [ 442942.599999999976717, 215597.53 ], [ 442940.099999999976717, 215592.03 ], [ 442940.099999999976717, 215589.03 ], [ 442942.099999999976717, 215583.53 ], [ 442946.099999999976717, 215579.53 ], [ 442960.599999999976717, 215574.53 ], [ 442976.099999999976717, 215572.53 ], [ 442976.099999999976717, 215570.03 ], [ 442969.099999999976717, 215571.53 ], [ 442960.099999999976717, 215572.03 ], [ 442949.599999999976717, 215575.53 ], [ 442943.099999999976717, 215579.03 ], [ 442941.099999999976717, 215578.03 ], [ 442937.599999999976717, 215578.03 ], [ 442930.599999999976717, 215580.03 ], [ 442925.599999999976717, 215555.53 ], [ 442905.599999999976717, 215558.53 ], [ 442930.099999999976717, 215489.53 ], [ 442948.599999999976717, 215489.03 ], [ 442981.599999999976717, 215490.03 ], [ 442982.099999999976717, 215447.53 ], [ 442987.099999999976717, 215443.03 ], [ 442990.599999999976717, 215435.53 ], [ 442993.099999999976717, 215432.53 ], [ 442996.099999999976717, 215431.03 ], [ 443003.599999999976717, 215430.53 ], [ 443006.099999999976717, 215427.53 ], [ 443008.599999999976717, 215426.53 ], [ 443011.599999999976717, 215427.03 ], [ 443015.599999999976717, 215430.03 ], [ 443015.599999999976717, 215431.03 ], [ 443021.599999999976717, 215433.53 ], [ 443024.099999999976717, 215433.53 ], [ 443028.099999999976717, 215436.03 ], [ 443032.599999999976717, 215441.53 ], [ 443034.599999999976717, 215447.03 ], [ 443035.599999999976717, 215447.03 ], [ 443051.099999999976717, 215431.53 ], [ 443051.099999999976717, 215430.53 ], [ 443065.599999999976717, 215415.03 ], [ 443083.599999999976717, 215391.03 ], [ 443088.599999999976717, 215380.03 ], [ 443091.099999999976717, 215362.53 ], [ 443095.099999999976717, 215350.53 ], [ 443099.599999999976717, 215343.03 ], [ 443105.599999999976717, 215337.53 ], [ 443118.099999999976717, 215329.03 ], [ 443156.099999999976717, 215316.53 ], [ 443170.099999999976717, 215302.53 ], [ 443171.099999999976717, 215302.53 ], [ 443183.599999999976717, 215291.03 ], [ 443195.599999999976717, 215288.03 ], [ 443207.599999999976717, 215282.53 ], [ 443217.599999999976717, 215271.53 ], [ 443221.099999999976717, 215269.53 ], [ 443222.599999999976717, 215267.53 ], [ 443229.599999999976717, 215262.53 ], [ 443238.599999999976717, 215258.53 ], [ 443241.099999999976717, 215256.03 ], [ 443244.099999999976717, 215249.53 ], [ 443249.099999999976717, 215244.53 ], [ 443259.099999999976717, 215238.03 ], [ 443263.099999999976717, 215236.53 ], [ 443290.099999999976717, 215218.03 ], [ 443293.599999999976717, 215216.53 ], [ 443333.599999999976717, 215186.53 ], [ 443364.099999999976717, 215161.53 ], [ 443365.099999999976717, 215161.53 ], [ 443355.599999999976717, 215161.03 ], [ 443352.099999999976717, 215159.03 ], [ 443333.099999999976717, 215154.53 ], [ 443333.099999999976717, 215153.03 ], [ 443338.099999999976717, 215146.53 ], [ 443346.599999999976717, 215147.03 ], [ 443357.099999999976717, 215150.53 ], [ 443367.599999999976717, 215152.03 ], [ 443370.599999999976717, 215149.53 ], [ 443369.099999999976717, 215141.53 ], [ 443368.099999999976717, 215140.53 ], [ 443351.099999999976717, 215132.03 ], [ 443326.099999999976717, 215130.53 ], [ 443320.599999999976717, 215130.53 ], [ 443319.099999999976717, 215131.53 ], [ 443317.099999999976717, 215133.53 ], [ 443314.599999999976717, 215140.03 ], [ 443317.099999999976717, 215146.03 ], [ 443324.099999999976717, 215155.03 ], [ 443323.599999999976717, 215158.53 ], [ 443321.599999999976717, 215159.53 ], [ 443287.599999999976717, 215160.03 ], [ 443275.099999999976717, 215159.03 ], [ 443268.099999999976717, 215156.53 ], [ 443268.599999999976717, 215151.03 ], [ 443269.599999999976717, 215150.53 ], [ 443271.599999999976717, 215145.53 ], [ 443273.599999999976717, 215144.53 ], [ 443280.599999999976717, 215137.03 ], [ 443300.099999999976717, 215136.53 ], [ 443306.599999999976717, 215131.53 ], [ 443316.599999999976717, 215128.03 ], [ 443316.099999999976717, 215124.03 ], [ 443299.099999999976717, 215118.03 ], [ 443297.599999999976717, 215116.03 ], [ 443296.599999999976717, 215116.03 ], [ 443294.099999999976717, 215113.03 ], [ 443293.099999999976717, 215113.03 ], [ 443282.599999999976717, 215104.03 ], [ 443280.599999999976717, 215100.53 ], [ 443281.099999999976717, 215099.03 ], [ 443283.099999999976717, 215099.03 ], [ 443293.099999999976717, 215104.03 ], [ 443315.599999999976717, 215110.03 ], [ 443322.599999999976717, 215114.53 ], [ 443327.599999999976717, 215116.53 ], [ 443328.099999999976717, 215117.53 ], [ 443340.599999999976717, 215122.53 ], [ 443356.099999999976717, 215126.53 ], [ 443361.599999999976717, 215130.53 ], [ 443372.599999999976717, 215133.53 ], [ 443375.099999999976717, 215136.03 ], [ 443375.599999999976717, 215138.03 ], [ 443375.599999999976717, 215153.03 ], [ 443376.599999999976717, 215153.03 ], [ 443456.599999999976717, 215094.03 ], [ 443460.599999999976717, 215098.03 ], [ 443460.599999999976717, 215099.03 ], [ 443461.599999999976717, 215099.03 ], [ 443464.599999999976717, 215095.53 ], [ 443469.099999999976717, 215092.53 ], [ 443476.099999999976717, 215085.53 ], [ 443480.599999999976717, 215082.53 ], [ 443487.599999999976717, 215075.53 ], [ 443492.099999999976717, 215072.53 ], [ 443499.099999999976717, 215065.53 ], [ 443503.599999999976717, 215062.53 ], [ 443510.599999999976717, 215055.53 ], [ 443515.099999999976717, 215052.53 ], [ 443537.099999999976717, 215032.53 ], [ 443538.099999999976717, 215032.53 ], [ 443549.099999999976717, 215022.03 ], [ 443553.599999999976717, 215019.03 ], [ 443568.099999999976717, 215005.53 ], [ 443569.099999999976717, 215005.53 ], [ 443572.099999999976717, 215002.03 ], [ 443573.099999999976717, 215002.03 ], [ 443574.599999999976717, 214999.53 ], [ 443599.099999999976717, 214975.53 ], [ 443605.599999999976717, 214971.03 ], [ 443627.099999999976717, 214952.53 ], [ 443628.099999999976717, 214952.53 ], [ 443638.599999999976717, 214943.03 ], [ 443653.599999999976717, 214935.03 ], [ 443680.599999999976717, 214907.53 ], [ 443680.599999999976717, 214906.53 ], [ 443675.599999999976717, 214905.03 ], [ 443648.599999999976717, 214892.03 ], [ 443648.099999999976717, 214891.03 ], [ 443642.099999999976717, 214888.53 ], [ 443641.599999999976717, 214887.53 ], [ 443635.599999999976717, 214885.03 ], [ 443629.599999999976717, 214881.03 ], [ 443623.599999999976717, 214878.53 ], [ 443617.599999999976717, 214874.53 ], [ 443611.599999999976717, 214872.03 ], [ 443605.599999999976717, 214868.03 ], [ 443598.599999999976717, 214865.03 ], [ 443598.099999999976717, 214864.03 ], [ 443552.599999999976717, 214840.03 ], [ 443508.599999999976717, 214824.53 ], [ 443493.099999999976717, 214817.03 ], [ 443481.099999999976717, 214809.03 ], [ 443471.099999999976717, 214799.53 ], [ 443469.599999999976717, 214799.03 ], [ 443469.599999999976717, 214798.03 ], [ 443459.099999999976717, 214787.03 ], [ 443439.599999999976717, 214756.53 ], [ 443414.099999999976717, 214710.03 ], [ 443406.599999999976717, 214700.03 ], [ 443397.099999999976717, 214690.53 ], [ 443393.599999999976717, 214688.53 ], [ 443396.599999999976717, 214684.03 ], [ 443410.099999999976717, 214674.03 ], [ 443424.599999999976717, 214661.53 ], [ 443425.599999999976717, 214661.53 ], [ 443427.599999999976717, 214659.03 ], [ 443428.599999999976717, 214659.03 ], [ 443437.599999999976717, 214648.53 ], [ 443491.599999999976717, 214683.53 ], [ 443504.599999999976717, 214662.03 ], [ 443510.099999999976717, 214666.03 ], [ 443512.099999999976717, 214668.03 ], [ 443511.599999999976717, 214670.03 ], [ 443492.099999999976717, 214700.03 ], [ 443492.099999999976717, 214701.03 ], [ 443494.599999999976717, 214702.03 ], [ 443510.099999999976717, 214705.03 ], [ 443520.599999999976717, 214705.03 ], [ 443527.099999999976717, 214704.03 ], [ 443533.099999999976717, 214702.03 ], [ 443558.599999999976717, 214688.53 ], [ 443560.099999999976717, 214688.53 ], [ 443561.099999999976717, 214687.03 ], [ 443563.099999999976717, 214688.03 ], [ 443564.099999999976717, 214687.53 ], [ 443564.099999999976717, 214682.53 ], [ 443561.599999999976717, 214681.03 ], [ 443563.099999999976717, 214679.53 ], [ 443562.599999999976717, 214668.53 ], [ 443561.599999999976717, 214668.03 ], [ 443561.599999999976717, 214665.53 ], [ 443562.599999999976717, 214665.03 ], [ 443562.599999999976717, 214658.53 ], [ 443561.599999999976717, 214658.03 ], [ 443561.599999999976717, 214655.53 ], [ 443559.599999999976717, 214654.03 ], [ 443559.599999999976717, 214652.53 ], [ 443556.599999999976717, 214650.53 ], [ 443556.599999999976717, 214649.03 ], [ 443553.599999999976717, 214647.03 ], [ 443553.099999999976717, 214645.53 ], [ 443551.599999999976717, 214645.53 ], [ 443548.599999999976717, 214641.53 ], [ 443547.099999999976717, 214641.03 ], [ 443547.099999999976717, 214640.03 ], [ 443545.599999999976717, 214639.53 ], [ 443544.599999999976717, 214637.03 ], [ 443543.599999999976717, 214637.03 ], [ 443541.599999999976717, 214634.03 ], [ 443540.099999999976717, 214633.53 ], [ 443540.099999999976717, 214632.53 ], [ 443537.099999999976717, 214631.03 ], [ 443537.099999999976717, 214630.03 ], [ 443535.599999999976717, 214630.03 ], [ 443531.599999999976717, 214624.53 ], [ 443530.099999999976717, 214624.03 ], [ 443526.099999999976717, 214619.53 ], [ 443526.099999999976717, 214618.53 ], [ 443524.599999999976717, 214618.53 ], [ 443522.599999999976717, 214615.53 ], [ 443521.099999999976717, 214615.03 ], [ 443521.099999999976717, 214614.03 ], [ 443519.599999999976717, 214613.53 ], [ 443519.599999999976717, 214612.53 ], [ 443518.599999999976717, 214612.53 ], [ 443514.599999999976717, 214608.53 ], [ 443514.599999999976717, 214607.53 ], [ 443513.099999999976717, 214607.03 ], [ 443513.099999999976717, 214606.03 ], [ 443511.599999999976717, 214605.53 ], [ 443511.599999999976717, 214604.53 ], [ 443510.099999999976717, 214604.03 ], [ 443510.099999999976717, 214603.03 ], [ 443508.599999999976717, 214602.53 ], [ 443508.599999999976717, 214601.53 ], [ 443507.599999999976717, 214601.53 ], [ 443507.599999999976717, 214600.03 ], [ 443504.599999999976717, 214598.03 ], [ 443504.599999999976717, 214597.03 ], [ 443501.599999999976717, 214596.53 ], [ 443501.599999999976717, 214595.53 ], [ 443498.099999999976717, 214593.03 ], [ 443497.599999999976717, 214591.53 ], [ 443496.599999999976717, 214591.53 ], [ 443496.099999999976717, 214590.03 ], [ 443495.099999999976717, 214590.03 ], [ 443494.599999999976717, 214588.53 ], [ 443493.599999999976717, 214588.53 ], [ 443493.099999999976717, 214587.03 ], [ 443492.099999999976717, 214587.03 ], [ 443491.599999999976717, 214585.53 ], [ 443490.599999999976717, 214585.53 ], [ 443490.099999999976717, 214584.03 ], [ 443489.099999999976717, 214584.03 ], [ 443488.599999999976717, 214581.53 ], [ 443485.599999999976717, 214579.53 ], [ 443485.599999999976717, 214578.53 ], [ 443481.099999999976717, 214578.03 ], [ 443480.599999999976717, 214576.53 ], [ 443476.599999999976717, 214575.03 ], [ 443476.099999999976717, 214573.53 ], [ 443473.599999999976717, 214573.03 ], [ 443472.099999999976717, 214570.53 ], [ 443470.099999999976717, 214570.03 ], [ 443470.099999999976717, 214569.03 ], [ 443467.099999999976717, 214568.53 ], [ 443466.599999999976717, 214567.03 ], [ 443463.599999999976717, 214565.03 ], [ 443463.599999999976717, 214564.03 ], [ 443459.099999999976717, 214561.53 ], [ 443456.099999999976717, 214557.53 ], [ 443455.099999999976717, 214557.53 ], [ 443455.099999999976717, 214556.53 ], [ 443453.099999999976717, 214558.03 ], [ 443450.099999999976717, 214557.53 ], [ 443448.099999999976717, 214554.53 ], [ 443446.599999999976717, 214554.53 ], [ 443445.099999999976717, 214552.53 ], [ 443441.599999999976717, 214552.03 ], [ 443437.599999999976717, 214549.03 ], [ 443433.599999999976717, 214548.03 ], [ 443432.599999999976717, 214546.53 ], [ 443430.599999999976717, 214547.03 ], [ 443430.099999999976717, 214546.03 ], [ 443424.599999999976717, 214545.53 ], [ 443419.099999999976717, 214543.03 ], [ 443408.099999999976717, 214542.03 ], [ 443405.599999999976717, 214545.53 ], [ 443400.599999999976717, 214544.53 ], [ 443400.599999999976717, 214545.53 ], [ 443399.599999999976717, 214545.53 ], [ 443399.599999999976717, 214549.53 ], [ 443397.099999999976717, 214551.03 ], [ 443397.099999999976717, 214552.03 ], [ 443393.599999999976717, 214552.03 ], [ 443392.099999999976717, 214553.03 ], [ 443391.599999999976717, 214552.03 ], [ 443387.599999999976717, 214552.03 ], [ 443386.599999999976717, 214550.53 ], [ 443384.599999999976717, 214550.53 ], [ 443384.099999999976717, 214549.53 ], [ 443381.099999999976717, 214549.03 ], [ 443379.099999999976717, 214547.53 ], [ 443375.599999999976717, 214548.53 ], [ 443375.599999999976717, 214547.53 ], [ 443372.599999999976717, 214547.03 ], [ 443370.099999999976717, 214548.03 ], [ 443367.099999999976717, 214547.53 ], [ 443365.099999999976717, 214546.03 ], [ 443363.099999999976717, 214546.03 ], [ 443363.099999999976717, 214542.53 ], [ 443360.599999999976717, 214542.53 ], [ 443361.099999999976717, 214543.53 ], [ 443359.099999999976717, 214543.53 ], [ 443359.599999999976717, 214542.53 ], [ 443358.599999999976717, 214542.03 ], [ 443354.099999999976717, 214542.53 ], [ 443351.599999999976717, 214540.53 ], [ 443344.599999999976717, 214540.53 ], [ 443344.099999999976717, 214541.53 ], [ 443343.099999999976717, 214540.53 ], [ 443342.099999999976717, 214542.03 ], [ 443340.599999999976717, 214541.03 ], [ 443339.099999999976717, 214542.03 ], [ 443337.599999999976717, 214539.53 ], [ 443331.599999999976717, 214540.53 ], [ 443331.599999999976717, 214544.53 ], [ 443328.099999999976717, 214546.03 ], [ 443328.099999999976717, 214544.53 ], [ 443324.099999999976717, 214543.53 ], [ 443323.099999999976717, 214544.53 ], [ 443323.599999999976717, 214548.53 ], [ 443317.599999999976717, 214550.53 ], [ 443316.099999999976717, 214553.03 ], [ 443314.599999999976717, 214553.03 ], [ 443314.599999999976717, 214552.03 ], [ 443313.099999999976717, 214551.53 ], [ 443311.599999999976717, 214552.03 ], [ 443311.599999999976717, 214553.03 ], [ 443308.599999999976717, 214553.53 ], [ 443308.099999999976717, 214554.53 ], [ 443306.099999999976717, 214554.53 ], [ 443304.599999999976717, 214552.03 ], [ 443303.599999999976717, 214552.03 ], [ 443303.099999999976717, 214554.53 ], [ 443298.099999999976717, 214554.53 ], [ 443297.599999999976717, 214556.03 ], [ 443296.099999999976717, 214556.03 ], [ 443296.599999999976717, 214557.53 ], [ 443297.599999999976717, 214557.53 ], [ 443297.599999999976717, 214559.03 ], [ 443290.099999999976717, 214561.53 ], [ 443288.099999999976717, 214563.03 ], [ 443286.099999999976717, 214563.03 ], [ 443284.599999999976717, 214564.53 ], [ 443282.599999999976717, 214564.53 ], [ 443270.599999999976717, 214572.03 ], [ 443270.599999999976717, 214573.03 ], [ 443269.599999999976717, 214573.03 ], [ 443264.599999999976717, 214578.53 ], [ 443263.599999999976717, 214578.53 ], [ 443261.599999999976717, 214581.53 ], [ 443260.599999999976717, 214581.53 ], [ 443259.099999999976717, 214584.53 ], [ 443258.099999999976717, 214584.53 ], [ 443258.099999999976717, 214586.03 ], [ 443257.099999999976717, 214586.03 ], [ 443256.099999999976717, 214588.53 ], [ 443255.099999999976717, 214588.53 ], [ 443255.099999999976717, 214590.03 ], [ 443252.099999999976717, 214593.03 ], [ 443252.099999999976717, 214594.53 ], [ 443251.099999999976717, 214594.53 ], [ 443249.599999999976717, 214598.03 ], [ 443246.599999999976717, 214601.03 ], [ 443246.099999999976717, 214603.03 ], [ 443245.099999999976717, 214603.03 ], [ 443244.099999999976717, 214605.53 ], [ 443242.599999999976717, 214606.03 ], [ 443242.599999999976717, 214607.03 ], [ 443238.099999999976717, 214608.53 ], [ 443238.099999999976717, 214609.53 ], [ 443232.599999999976717, 214612.53 ], [ 443230.599999999976717, 214611.03 ], [ 443228.599999999976717, 214611.53 ], [ 443227.599999999976717, 214612.53 ], [ 443228.099999999976717, 214613.53 ], [ 443226.599999999976717, 214614.03 ], [ 443226.099999999976717, 214615.53 ], [ 443223.599999999976717, 214615.53 ], [ 443222.599999999976717, 214616.53 ], [ 443222.599999999976717, 214620.03 ], [ 443219.599999999976717, 214620.53 ], [ 443219.599999999976717, 214624.03 ], [ 443217.599999999976717, 214627.03 ], [ 443216.599999999976717, 214627.03 ], [ 443215.599999999976717, 214631.03 ], [ 443213.599999999976717, 214632.03 ], [ 443213.599999999976717, 214634.03 ], [ 443211.099999999976717, 214635.53 ], [ 443211.099999999976717, 214636.53 ], [ 443205.599999999976717, 214637.03 ], [ 443205.099999999976717, 214638.53 ], [ 443203.099999999976717, 214639.03 ], [ 443203.599999999976717, 214640.53 ], [ 443201.599999999976717, 214641.53 ], [ 443201.599999999976717, 214642.53 ], [ 443197.099999999976717, 214642.53 ], [ 443195.599999999976717, 214644.53 ], [ 443196.599999999976717, 214644.53 ], [ 443197.099999999976717, 214646.03 ], [ 443195.099999999976717, 214648.03 ], [ 443184.599999999976717, 214650.53 ], [ 443184.099999999976717, 214654.03 ], [ 443185.599999999976717, 214655.03 ], [ 443182.599999999976717, 214657.03 ], [ 443182.599999999976717, 214658.03 ], [ 443180.099999999976717, 214658.03 ], [ 443176.099999999976717, 214661.03 ], [ 443175.599999999976717, 214660.03 ], [ 443172.599999999976717, 214659.53 ], [ 443171.599999999976717, 214661.03 ], [ 443172.599999999976717, 214662.53 ], [ 443171.599999999976717, 214662.53 ], [ 443169.599999999976717, 214665.03 ], [ 443166.099999999976717, 214666.03 ], [ 443164.599999999976717, 214669.03 ], [ 443156.099999999976717, 214672.53 ], [ 443155.099999999976717, 214674.03 ], [ 443141.599999999976717, 214697.53 ], [ 443138.599999999976717, 214701.03 ], [ 443103.099999999976717, 214771.03 ], [ 443099.099999999976717, 214781.03 ], [ 443092.099999999976717, 214806.53 ], [ 443090.099999999976717, 214818.53 ], [ 443071.599999999976717, 214882.03 ], [ 443067.099999999976717, 214901.03 ], [ 443064.099999999976717, 214919.53 ], [ 443058.099999999976717, 214934.03 ], [ 443054.099999999976717, 214947.53 ], [ 443052.099999999976717, 214960.03 ], [ 443051.099999999976717, 214976.53 ], [ 443029.099999999976717, 215008.03 ], [ 443025.599999999976717, 215009.53 ], [ 443026.599999999976717, 215012.03 ], [ 443023.599999999976717, 215014.53 ], [ 443024.099999999976717, 215016.03 ], [ 443021.099999999976717, 215018.53 ], [ 443021.099999999976717, 215019.53 ], [ 443017.099999999976717, 215019.53 ], [ 443017.099999999976717, 215020.53 ], [ 443011.099999999976717, 215025.53 ], [ 443010.599999999976717, 215027.03 ], [ 443009.599999999976717, 215027.03 ], [ 443010.599999999976717, 215028.53 ], [ 443008.599999999976717, 215030.03 ], [ 443008.599999999976717, 215031.03 ], [ 443005.599999999976717, 215031.03 ], [ 443005.099999999976717, 215032.53 ], [ 443004.099999999976717, 215032.53 ], [ 443004.099999999976717, 215035.53 ], [ 442999.099999999976717, 215035.53 ], [ 442997.599999999976717, 215036.53 ], [ 442998.099999999976717, 215038.03 ], [ 442997.099999999976717, 215038.03 ], [ 442997.099999999976717, 215039.03 ], [ 442994.099999999976717, 215038.53 ], [ 442990.099999999976717, 215041.53 ], [ 442989.599999999976717, 215044.53 ], [ 442991.099999999976717, 215046.03 ], [ 442990.099999999976717, 215047.03 ], [ 442987.099999999976717, 215049.03 ], [ 442980.099999999976717, 215049.53 ], [ 442978.599999999976717, 215053.03 ], [ 442975.599999999976717, 215054.03 ], [ 442973.099999999976717, 215058.03 ], [ 442970.099999999976717, 215058.03 ], [ 442969.599999999976717, 215059.53 ], [ 442963.099999999976717, 215064.03 ], [ 442963.099999999976717, 215065.03 ], [ 442961.599999999976717, 215065.03 ], [ 442960.099999999976717, 215068.03 ], [ 442957.599999999976717, 215068.53 ], [ 442956.099999999976717, 215072.53 ], [ 442956.099999999976717, 215075.53 ], [ 442954.099999999976717, 215078.03 ], [ 442953.099999999976717, 215078.03 ], [ 442953.099999999976717, 215079.03 ], [ 442948.099999999976717, 215080.53 ], [ 442946.599999999976717, 215083.03 ], [ 442943.099999999976717, 215082.53 ], [ 442940.599999999976717, 215084.03 ], [ 442940.599999999976717, 215089.03 ], [ 442939.099999999976717, 215090.03 ], [ 442937.099999999976717, 215094.03 ], [ 442936.099999999976717, 215093.53 ], [ 442936.099999999976717, 215094.53 ], [ 442933.099999999976717, 215096.53 ], [ 442929.099999999976717, 215096.03 ], [ 442927.599999999976717, 215097.03 ], [ 442927.599999999976717, 215099.03 ], [ 442925.099999999976717, 215101.53 ], [ 442924.099999999976717, 215101.53 ], [ 442915.099999999976717, 215110.03 ], [ 442914.099999999976717, 215110.03 ], [ 442911.599999999976717, 215113.03 ], [ 442910.599999999976717, 215113.03 ], [ 442894.099999999976717, 215129.03 ], [ 442888.599999999976717, 215133.03 ], [ 442884.099999999976717, 215138.03 ], [ 442883.099999999976717, 215138.03 ], [ 442860.599999999976717, 215161.03 ], [ 442860.599999999976717, 215162.03 ], [ 442856.099999999976717, 215166.03 ], [ 442856.099999999976717, 215167.03 ], [ 442851.599999999976717, 215171.03 ], [ 442851.599999999976717, 215172.03 ], [ 442837.599999999976717, 215187.03 ], [ 442837.599999999976717, 215188.03 ], [ 442834.099999999976717, 215191.03 ], [ 442834.099999999976717, 215192.03 ], [ 442830.599999999976717, 215195.53 ], [ 442823.099999999976717, 215210.53 ], [ 442814.099999999976717, 215237.53 ], [ 442813.099999999976717, 215247.03 ], [ 442813.599999999976717, 215256.03 ], [ 442817.099999999976717, 215267.03 ], [ 442820.099999999976717, 215282.03 ], [ 442826.599999999976717, 215299.03 ], [ 442835.099999999976717, 215316.03 ], [ 442837.099999999976717, 215324.03 ], [ 442837.099999999976717, 215335.53 ], [ 442838.599999999976717, 215342.03 ], [ 442840.099999999976717, 215345.03 ], [ 442848.099999999976717, 215344.53 ], [ 442849.599999999976717, 215346.03 ], [ 442849.099999999976717, 215356.53 ], [ 442848.099999999976717, 215362.53 ], [ 442845.599999999976717, 215368.03 ], [ 442845.599999999976717, 215374.03 ], [ 442843.099999999976717, 215387.53 ], [ 442833.099999999976717, 215408.53 ], [ 442828.599999999976717, 215422.03 ], [ 442824.099999999976717, 215445.53 ], [ 442822.099999999976717, 215450.03 ], [ 442816.099999999976717, 215457.03 ], [ 442814.599999999976717, 215461.03 ], [ 442808.599999999976717, 215457.53 ], [ 442822.599999999976717, 215477.53 ], [ 442827.099999999976717, 215487.53 ], [ 442829.599999999976717, 215491.03 ], [ 442830.599999999976717, 215494.53 ], [ 442830.599999999976717, 215501.53 ], [ 442829.599999999976717, 215506.53 ], [ 442824.599999999976717, 215520.03 ], [ 442815.599999999976717, 215552.03 ], [ 442809.599999999976717, 215566.53 ], [ 442787.099999999976717, 215609.53 ], [ 442775.599999999976717, 215627.53 ], [ 442768.599999999976717, 215641.03 ], [ 442764.599999999976717, 215645.53 ], [ 442763.599999999976717, 215648.03 ], [ 442759.099999999976717, 215652.53 ], [ 442747.599999999976717, 215668.03 ], [ 442732.599999999976717, 215683.53 ], [ 442731.599999999976717, 215683.53 ], [ 442729.099999999976717, 215686.53 ], [ 442721.599999999976717, 215691.53 ], [ 442715.599999999976717, 215697.03 ], [ 442714.599999999976717, 215697.03 ], [ 442705.599999999976717, 215705.03 ], [ 442702.599999999976717, 215706.53 ], [ 442696.099999999976717, 215712.53 ], [ 442693.099999999976717, 215714.03 ], [ 442674.099999999976717, 215730.53 ], [ 442646.599999999976717, 215751.03 ], [ 442642.599999999976717, 215755.03 ], [ 442647.599999999976717, 215759.03 ], [ 442647.599999999976717, 215760.03 ], [ 442644.599999999976717, 215762.53 ], [ 442645.099999999976717, 215764.03 ], [ 442668.599999999976717, 215780.03 ], [ 442669.599999999976717, 215781.53 ], [ 442673.599999999976717, 215783.53 ], [ 442683.099999999976717, 215791.03 ] ], [ [ 443513.099999999976717, 214926.03 ], [ 443434.099999999976717, 214892.03 ], [ 443473.599999999976717, 214813.53 ], [ 443552.599999999976717, 214848.03 ], [ 443552.599999999976717, 214849.53 ], [ 443514.599999999976717, 214925.53 ], [ 443513.099999999976717, 214926.03 ] ], [ [ 443524.099999999976717, 214678.53 ], [ 443520.599999999976717, 214677.03 ], [ 443514.599999999976717, 214672.53 ], [ 443513.099999999976717, 214666.53 ], [ 443517.599999999976717, 214660.53 ], [ 443523.099999999976717, 214656.53 ], [ 443529.599999999976717, 214655.53 ], [ 443535.099999999976717, 214658.53 ], [ 443538.099999999976717, 214662.53 ], [ 443538.599999999976717, 214675.03 ], [ 443537.099999999976717, 214677.03 ], [ 443533.599999999976717, 214678.53 ], [ 443524.099999999976717, 214678.53 ] ], [ [ 443298.099999999976717, 214557.53 ], [ 443298.099999999976717, 214555.53 ], [ 443299.599999999976717, 214556.03 ], [ 443300.599999999976717, 214555.03 ], [ 443302.099999999976717, 214556.03 ], [ 443301.099999999976717, 214557.53 ], [ 443298.099999999976717, 214557.53 ] ], [ [ 443200.099999999976717, 215153.53 ], [ 443195.099999999976717, 215146.53 ], [ 443202.599999999976717, 215136.53 ], [ 443221.099999999976717, 215129.03 ], [ 443232.099999999976717, 215120.53 ], [ 443234.599999999976717, 215119.53 ], [ 443244.099999999976717, 215109.53 ], [ 443244.099999999976717, 215103.53 ], [ 443240.099999999976717, 215099.03 ], [ 443240.099999999976717, 215097.53 ], [ 443243.599999999976717, 215093.03 ], [ 443245.099999999976717, 215088.53 ], [ 443247.099999999976717, 215087.53 ], [ 443251.599999999976717, 215087.53 ], [ 443255.599999999976717, 215089.03 ], [ 443256.099999999976717, 215092.53 ], [ 443251.599999999976717, 215096.53 ], [ 443250.599999999976717, 215103.53 ], [ 443258.099999999976717, 215111.03 ], [ 443261.599999999976717, 215119.03 ], [ 443242.599999999976717, 215129.03 ], [ 443233.599999999976717, 215139.03 ], [ 443227.599999999976717, 215138.53 ], [ 443212.099999999976717, 215148.03 ], [ 443201.599999999976717, 215153.53 ], [ 443200.099999999976717, 215153.53 ] ], [ [ 443198.099999999976717, 214646.03 ], [ 443198.099999999976717, 214645.53 ], [ 443198.599999999976717, 214645.53 ], [ 443198.599999999976717, 214646.03 ], [ 443198.099999999976717, 214646.03 ] ], [ [ 442953.099999999976717, 215360.03 ], [ 442948.099999999976717, 215347.53 ], [ 442957.099999999976717, 215344.53 ], [ 442961.099999999976717, 215355.03 ], [ 442958.599999999976717, 215358.53 ], [ 442953.099999999976717, 215360.03 ] ], [ [ 442911.099999999976717, 215698.03 ], [ 442908.099999999976717, 215693.53 ], [ 442907.099999999976717, 215689.53 ], [ 442907.099999999976717, 215683.53 ], [ 442908.599999999976717, 215681.53 ], [ 442910.599999999976717, 215681.53 ], [ 442912.599999999976717, 215683.03 ], [ 442916.599999999976717, 215690.53 ], [ 442915.599999999976717, 215696.03 ], [ 442912.599999999976717, 215698.03 ], [ 442911.099999999976717, 215698.03 ] ] ] } },
{ "type": "Feature", "properties": { "mainhabs": "Deciduous woodland", "habcodes": "DWOOD", "featdesc": null, "featcodes": null, "otherclass": null, "addhabs": "CFPGM", "primsource": "National Forest Inventory 2023 (DWOOD)", "areaha": "2.07", "version": "Sep_25", "uid": "PHID44351137_021440669", "shape_length": null, "shape_area": null, "site": "blenheim", "pid": 5, "method": "grabcut2" }, "geometry": { "type": "Polygon", "coordinates": [ [ [ 443396.599999999976717, 214394.53 ], [ 443399.599999999976717, 214394.03 ], [ 443401.099999999976717, 214396.03 ], [ 443403.099999999976717, 214396.53 ], [ 443405.599999999976717, 214396.03 ], [ 443405.599999999976717, 214395.03 ], [ 443406.599999999976717, 214396.03 ], [ 443409.599999999976717, 214395.53 ], [ 443411.099999999976717, 214394.53 ], [ 443411.099999999976717, 214393.03 ], [ 443414.099999999976717, 214392.53 ], [ 443413.599999999976717, 214394.03 ], [ 443411.099999999976717, 214395.03 ], [ 443411.099999999976717, 214397.53 ], [ 443413.599999999976717, 214397.53 ], [ 443427.099999999976717, 214401.53 ], [ 443428.599999999976717, 214405.53 ], [ 443433.599999999976717, 214405.03 ], [ 443439.599999999976717, 214411.53 ], [ 443442.599999999976717, 214411.53 ], [ 443443.599999999976717, 214413.03 ], [ 443446.099999999976717, 214413.03 ], [ 443447.599999999976717, 214415.03 ], [ 443449.599999999976717, 214415.03 ], [ 443451.099999999976717, 214412.53 ], [ 443453.599999999976717, 214413.03 ], [ 443454.099999999976717, 214414.53 ], [ 443457.099999999976717, 214414.03 ], [ 443458.099999999976717, 214414.53 ], [ 443458.599999999976717, 214416.53 ], [ 443460.599999999976717, 214417.03 ], [ 443460.599999999976717, 214418.53 ], [ 443462.099999999976717, 214419.03 ], [ 443462.099999999976717, 214421.53 ], [ 443463.599999999976717, 214421.53 ], [ 443465.599999999976717, 214423.53 ], [ 443472.099999999976717, 214424.03 ], [ 443472.099999999976717, 214423.03 ], [ 443473.099999999976717, 214423.03 ], [ 443475.599999999976717, 214424.53 ], [ 443477.599999999976717, 214424.53 ], [ 443477.599999999976717, 214425.53 ], [ 443479.099999999976717, 214425.53 ], [ 443479.599999999976717, 214424.03 ], [ 443482.099999999976717, 214424.03 ], [ 443482.099999999976717, 214425.03 ], [ 443479.599999999976717, 214426.03 ], [ 443484.599999999976717, 214428.53 ], [ 443487.099999999976717, 214428.03 ], [ 443487.599999999976717, 214429.03 ], [ 443486.599999999976717, 214429.53 ], [ 443491.099999999976717, 214431.03 ], [ 443493.099999999976717, 214433.03 ], [ 443504.599999999976717, 214439.53 ], [ 443515.599999999976717, 214448.53 ], [ 443517.099999999976717, 214448.53 ], [ 443517.099999999976717, 214449.53 ], [ 443521.599999999976717, 214453.53 ], [ 443523.099999999976717, 214452.53 ], [ 443525.099999999976717, 214457.03 ], [ 443526.099999999976717, 214457.03 ], [ 443525.099999999976717, 214459.03 ], [ 443527.099999999976717, 214459.53 ], [ 443528.599999999976717, 214458.53 ], [ 443529.099999999976717, 214460.53 ], [ 443531.599999999976717, 214462.53 ], [ 443530.599999999976717, 214466.53 ], [ 443532.099999999976717, 214466.53 ], [ 443532.599999999976717, 214467.53 ], [ 443530.599999999976717, 214467.53 ], [ 443530.599999999976717, 214468.53 ], [ 443533.099999999976717, 214469.53 ], [ 443533.099999999976717, 214467.53 ], [ 443534.099999999976717, 214466.53 ], [ 443534.599999999976717, 214468.03 ], [ 443536.099999999976717, 214468.53 ], [ 443535.599999999976717, 214470.03 ], [ 443534.599999999976717, 214470.03 ], [ 443534.599999999976717, 214472.53 ], [ 443539.599999999976717, 214472.53 ], [ 443540.099999999976717, 214474.03 ], [ 443542.599999999976717, 214475.03 ], [ 443541.599999999976717, 214476.53 ], [ 443541.599999999976717, 214482.03 ], [ 443547.099999999976717, 214485.53 ], [ 443546.599999999976717, 214486.53 ], [ 443549.099999999976717, 214488.03 ], [ 443550.099999999976717, 214491.03 ], [ 443551.599999999976717, 214491.03 ], [ 443551.599999999976717, 214493.53 ], [ 443554.099999999976717, 214494.03 ], [ 443554.099999999976717, 214495.03 ], [ 443555.599999999976717, 214495.53 ], [ 443555.599999999976717, 214499.53 ], [ 443556.599999999976717, 214500.03 ], [ 443557.099999999976717, 214498.03 ], [ 443559.099999999976717, 214497.53 ], [ 443562.599999999976717, 214503.03 ], [ 443564.099999999976717, 214503.53 ], [ 443564.099999999976717, 214505.03 ], [ 443566.099999999976717, 214506.53 ], [ 443566.099999999976717, 214508.03 ], [ 443567.099999999976717, 214508.03 ], [ 443567.599999999976717, 214506.53 ], [ 443570.599999999976717, 214506.03 ], [ 443572.599999999976717, 214508.03 ], [ 443572.599999999976717, 214509.03 ], [ 443571.099999999976717, 214509.03 ], [ 443569.599999999976717, 214507.03 ], [ 443567.599999999976717, 214509.53 ], [ 443570.599999999976717, 214512.53 ], [ 443572.099999999976717, 214516.03 ], [ 443573.099999999976717, 214516.03 ], [ 443573.099999999976717, 214517.53 ], [ 443574.099999999976717, 214517.53 ], [ 443576.599999999976717, 214522.53 ], [ 443578.599999999976717, 214522.53 ], [ 443578.099999999976717, 214524.53 ], [ 443581.599999999976717, 214528.53 ], [ 443583.099999999976717, 214529.03 ], [ 443582.599999999976717, 214530.03 ], [ 443584.099999999976717, 214531.53 ], [ 443585.599999999976717, 214536.53 ], [ 443588.599999999976717, 214537.03 ], [ 443589.599999999976717, 214536.03 ], [ 443590.099999999976717, 214539.53 ], [ 443592.599999999976717, 214537.53 ], [ 443593.099999999976717, 214539.03 ], [ 443594.599999999976717, 214539.03 ], [ 443596.099999999976717, 214540.53 ], [ 443595.099999999976717, 214541.03 ], [ 443593.099999999976717, 214540.53 ], [ 443593.599999999976717, 214542.03 ], [ 443592.599999999976717, 214542.53 ], [ 443594.599999999976717, 214544.03 ], [ 443594.599999999976717, 214545.03 ], [ 443595.599999999976717, 214545.03 ], [ 443595.599999999976717, 214547.53 ], [ 443596.599999999976717, 214549.03 ], [ 443598.099999999976717, 214548.53 ], [ 443601.099999999976717, 214552.03 ], [ 443601.099999999976717, 214553.03 ], [ 443597.599999999976717, 214553.03 ], [ 443597.599999999976717, 214554.53 ], [ 443599.599999999976717, 214554.53 ], [ 443599.599999999976717, 214556.53 ], [ 443604.599999999976717, 214562.03 ], [ 443607.099999999976717, 214561.03 ], [ 443607.099999999976717, 214558.03 ], [ 443610.599999999976717, 214559.53 ], [ 443608.599999999976717, 214564.03 ], [ 443611.099999999976717, 214564.03 ], [ 443611.099999999976717, 214565.53 ], [ 443609.099999999976717, 214567.53 ], [ 443610.099999999976717, 214569.03 ], [ 443611.099999999976717, 214567.53 ], [ 443612.599999999976717, 214568.03 ], [ 443611.599999999976717, 214571.53 ], [ 443613.599999999976717, 214573.03 ], [ 443617.099999999976717, 214574.03 ], [ 443618.599999999976717, 214573.03 ], [ 443618.599999999976717, 214574.03 ], [ 443620.599999999976717, 214575.53 ], [ 443621.099999999976717, 214578.53 ], [ 443619.099999999976717, 214576.03 ], [ 443618.099999999976717, 214577.03 ], [ 443618.099999999976717, 214579.53 ], [ 443621.099999999976717, 214581.03 ], [ 443623.099999999976717, 214578.53 ], [ 443625.099999999976717, 214579.03 ], [ 443626.599999999976717, 214580.53 ], [ 443626.099999999976717, 214582.03 ], [ 443627.599999999976717, 214583.03 ], [ 443627.099999999976717, 214584.53 ], [ 443628.099999999976717, 214584.53 ], [ 443628.099999999976717, 214586.03 ], [ 443631.599999999976717, 214588.53 ], [ 443631.599999999976717, 214589.53 ], [ 443635.099999999976717, 214593.03 ], [ 443637.099999999976717, 214593.53 ], [ 443637.099999999976717, 214595.03 ], [ 443638.599999999976717, 214596.53 ], [ 443641.599999999976717, 214597.03 ], [ 443643.599999999976717, 214600.03 ], [ 443645.099999999976717, 214600.53 ], [ 443645.099999999976717, 214601.53 ], [ 443646.599999999976717, 214602.03 ], [ 443646.599999999976717, 214603.03 ], [ 443649.099999999976717, 214604.03 ], [ 443649.099999999976717, 214605.03 ], [ 443651.599999999976717, 214604.03 ], [ 443652.099999999976717, 214605.53 ], [ 443653.599999999976717, 214605.53 ], [ 443653.099999999976717, 214603.03 ], [ 443658.099999999976717, 214598.53 ], [ 443658.099999999976717, 214597.53 ], [ 443654.599999999976717, 214594.53 ], [ 443654.599999999976717, 214593.53 ], [ 443651.099999999976717, 214590.53 ], [ 443651.099999999976717, 214589.53 ], [ 443647.599999999976717, 214586.53 ], [ 443647.599999999976717, 214585.53 ], [ 443644.099999999976717, 214582.53 ], [ 443644.099999999976717, 214581.53 ], [ 443640.099999999976717, 214578.03 ], [ 443640.099999999976717, 214577.03 ], [ 443635.099999999976717, 214571.53 ], [ 443642.599999999976717, 214563.53 ], [ 443658.099999999976717, 214569.03 ], [ 443668.599999999976717, 214570.03 ], [ 443669.099999999976717, 214575.53 ], [ 443666.599999999976717, 214580.03 ], [ 443666.599999999976717, 214582.03 ], [ 443668.099999999976717, 214582.53 ], [ 443669.599999999976717, 214581.53 ], [ 443671.099999999976717, 214574.53 ], [ 443670.099999999976717, 214560.53 ], [ 443666.099999999976717, 214547.53 ], [ 443660.099999999976717, 214535.53 ], [ 443655.099999999976717, 214527.53 ], [ 443648.099999999976717, 214519.53 ], [ 443639.099999999976717, 214506.53 ], [ 443629.099999999976717, 214495.53 ], [ 443629.099999999976717, 214494.53 ], [ 443624.599999999976717, 214490.53 ], [ 443624.599999999976717, 214489.53 ], [ 443613.599999999976717, 214479.03 ], [ 443613.599999999976717, 214478.03 ], [ 443606.599999999976717, 214471.53 ], [ 443606.599999999976717, 214470.53 ], [ 443599.599999999976717, 214464.03 ], [ 443599.599999999976717, 214463.03 ], [ 443584.599999999976717, 214448.03 ], [ 443584.599999999976717, 214447.03 ], [ 443537.099999999976717, 214401.03 ], [ 443528.599999999976717, 214388.53 ], [ 443520.099999999976717, 214370.03 ], [ 443479.599999999976717, 214363.03 ], [ 443365.099999999976717, 214340.53 ], [ 443364.099999999976717, 214340.03 ], [ 443364.099999999976717, 214337.53 ], [ 443362.099999999976717, 214336.03 ], [ 443357.099999999976717, 214336.03 ], [ 443355.599999999976717, 214337.53 ], [ 443356.099999999976717, 214341.03 ], [ 443353.099999999976717, 214345.03 ], [ 443353.599999999976717, 214347.03 ], [ 443352.599999999976717, 214347.53 ], [ 443352.099999999976717, 214350.53 ], [ 443353.099999999976717, 214351.53 ], [ 443351.599999999976717, 214352.53 ], [ 443354.099999999976717, 214355.03 ], [ 443350.599999999976717, 214359.53 ], [ 443352.099999999976717, 214363.53 ], [ 443350.599999999976717, 214365.03 ], [ 443351.099999999976717, 214367.03 ], [ 443350.099999999976717, 214367.53 ], [ 443350.099999999976717, 214370.03 ], [ 443353.099999999976717, 214370.03 ], [ 443353.099999999976717, 214371.53 ], [ 443352.599999999976717, 214374.03 ], [ 443351.099999999976717, 214375.53 ], [ 443349.099999999976717, 214375.53 ], [ 443350.099999999976717, 214377.53 ], [ 443348.599999999976717, 214378.03 ], [ 443349.099999999976717, 214380.03 ], [ 443351.599999999976717, 214380.03 ], [ 443351.599999999976717, 214386.03 ], [ 443350.099999999976717, 214386.03 ], [ 443349.099999999976717, 214383.53 ], [ 443348.099999999976717, 214385.03 ], [ 443348.099999999976717, 214387.53 ], [ 443350.099999999976717, 214388.53 ], [ 443350.099999999976717, 214389.53 ], [ 443351.599999999976717, 214389.53 ], [ 443352.099999999976717, 214390.53 ], [ 443356.599999999976717, 214390.03 ], [ 443357.099999999976717, 214392.53 ], [ 443360.099999999976717, 214394.53 ], [ 443360.099999999976717, 214395.53 ], [ 443361.099999999976717, 214395.53 ], [ 443360.599999999976717, 214394.03 ], [ 443362.599999999976717, 214392.53 ], [ 443383.599999999976717, 214394.03 ], [ 443383.599999999976717, 214392.53 ], [ 443385.599999999976717, 214393.53 ], [ 443385.599999999976717, 214392.03 ], [ 443387.099999999976717, 214391.53 ], [ 443387.099999999976717, 214394.53 ], [ 443397.099999999976717, 214395.53 ], [ 443396.599999999976717, 214394.53 ] ], [ [ 443395.599999999976717, 214394.03 ], [ 443395.599999999976717, 214393.53 ], [ 443396.099999999976717, 214393.53 ], [ 443396.099999999976717, 214394.03 ], [ 443395.599999999976717, 214394.03 ] ], [ [ 443396.099999999976717, 214394.03 ], [ 443396.599999999976717, 214394.03 ], [ 443396.599999999976717, 214394.53 ], [ 443396.099999999976717, 214394.53 ], [ 443396.099999999976717, 214394.03 ] ], [ [ 443482.099999999976717, 214425.03 ], [ 443482.599999999976717, 214425.03 ], [ 443482.599999999976717, 214425.53 ], [ 443482.099999999976717, 214425.53 ], [ 443482.099999999976717, 214425.03 ] ], [ [ 443572.599999999976717, 214509.03 ], [ 443573.099999999976717, 214509.03 ], [ 443573.099999999976717, 214510.03 ], [ 443572.599999999976717, 214510.03 ], [ 443572.599999999976717, 214509.03 ] ], [ [ 443573.099999999976717, 214510.03 ], [ 443574.599999999976717, 214511.03 ], [ 443574.099999999976717, 214512.03 ], [ 443573.099999999976717, 214511.03 ], [ 443573.099999999976717, 214510.03 ] ], [ [ 443595.599999999976717, 214545.03 ], [ 443595.599999999976717, 214544.53 ], [ 443596.099999999976717, 214544.53 ], [ 443596.099999999976717, 214545.03 ], [ 443595.599999999976717, 214545.03 ] ], [ [ 443611.099999999976717, 214565.53 ], [ 443612.099999999976717, 214565.53 ], [ 443612.599999999976717, 214566.53 ], [ 443611.599999999976717, 214567.03 ], [ 443611.099999999976717, 214565.53 ] ], [ [ 443612.599999999976717, 214566.53 ], [ 443613.099999999976717, 214566.53 ], [ 443613.099999999976717, 214567.03 ], [ 443612.599999999976717, 214567.03 ], [ 443612.599999999976717, 214566.53 ] ], [ [ 443613.099999999976717, 214567.03 ], [ 443613.599999999976717, 214567.03 ], [ 443613.599999999976717, 214567.53 ], [ 443613.099999999976717, 214567.53 ], [ 443613.099999999976717, 214567.03 ] ], [ [ 443650.599999999976717, 214602.53 ], [ 443650.599999999976717, 214602.03 ], [ 443651.099999999976717, 214602.03 ], [ 443651.099999999976717, 214602.53 ], [ 443650.599999999976717, 214602.53 ] ], [ [ 443651.099999999976717, 214602.53 ], [ 443651.599999999976717, 214602.53 ], [ 443651.599999999976717, 214603.03 ], [ 443651.099999999976717, 214603.03 ], [ 443651.099999999976717, 214602.53 ] ], [ [ 443649.599999999976717, 214601.53 ], [ 443649.599999999976717, 214600.53 ], [ 443650.599999999976717, 214601.03 ], [ 443650.599999999976717, 214601.53 ], [ 443649.599999999976717, 214601.53 ] ], [ [ 443603.599999999976717, 214559.03 ], [ 443603.599999999976717, 214557.53 ], [ 443605.099999999976717, 214558.03 ], [ 443604.599999999976717, 214559.03 ], [ 443603.599999999976717, 214559.03 ] ], [ [ 443602.099999999976717, 214555.53 ], [ 443601.599999999976717, 214554.03 ], [ 443602.599999999976717, 214553.53 ], [ 443602.599999999976717, 214555.53 ], [ 443602.099999999976717, 214555.53 ] ], [ [ 443595.599999999976717, 214543.03 ], [ 443595.599999999976717, 214542.03 ], [ 443596.099999999976717, 214542.03 ], [ 443596.099999999976717, 214543.03 ], [ 443595.599999999976717, 214543.03 ] ], [ [ 443594.099999999976717, 214543.03 ], [ 443594.099999999976717, 214542.53 ], [ 443594.599999999976717, 214542.53 ], [ 443594.599999999976717, 214543.03 ], [ 443594.099999999976717, 214543.03 ] ], [ [ 443584.599999999976717, 214531.03 ], [ 443585.599999999976717, 214529.53 ], [ 443586.099999999976717, 214529.53 ], [ 443585.599999999976717, 214531.03 ], [ 443584.599999999976717, 214531.03 ] ], [ [ 443585.599999999976717, 214529.53 ], [ 443585.099999999976717, 214529.53 ], [ 443585.099999999976717, 214529.03 ], [ 443585.599999999976717, 214529.03 ], [ 443585.599999999976717, 214529.53 ] ], [ [ 443582.599999999976717, 214527.03 ], [ 443582.599999999976717, 214526.53 ], [ 443583.099999999976717, 214526.53 ], [ 443583.099999999976717, 214527.03 ], [ 443582.599999999976717, 214527.03 ] ], [ [ 443582.599999999976717, 214522.03 ], [ 443582.099999999976717, 214521.03 ], [ 443583.099999999976717, 214521.03 ], [ 443583.099999999976717, 214522.03 ], [ 443582.599999999976717, 214522.03 ] ], [ [ 443577.099999999976717, 214514.53 ], [ 443576.599999999976717, 214513.53 ], [ 443578.099999999976717, 214513.53 ], [ 443578.099999999976717, 214514.53 ], [ 443577.099999999976717, 214514.53 ] ], [ [ 443578.099999999976717, 214514.53 ], [ 443578.599999999976717, 214514.53 ], [ 443578.599999999976717, 214515.03 ], [ 443578.099999999976717, 214515.03 ], [ 443578.099999999976717, 214514.53 ] ], [ [ 443571.599999999976717, 214513.03 ], [ 443571.099999999976717, 214512.03 ], [ 443572.099999999976717, 214512.03 ], [ 443572.099999999976717, 214513.03 ], [ 443571.599999999976717, 214513.03 ] ], [ [ 443556.099999999976717, 214494.53 ], [ 443556.099999999976717, 214494.03 ], [ 443556.599999999976717, 214494.03 ], [ 443556.599999999976717, 214494.53 ], [ 443556.099999999976717, 214494.53 ] ], [ [ 443556.599999999976717, 214494.53 ], [ 443557.099999999976717, 214494.53 ], [ 443557.099999999976717, 214495.03 ], [ 443556.599999999976717, 214495.03 ], [ 443556.599999999976717, 214494.53 ] ], [ [ 443555.099999999976717, 214494.03 ], [ 443554.099999999976717, 214493.53 ], [ 443554.599999999976717, 214492.53 ], [ 443556.099999999976717, 214493.53 ], [ 443555.099999999976717, 214494.03 ] ], [ [ 443551.599999999976717, 214489.53 ], [ 443551.599999999976717, 214488.03 ], [ 443552.099999999976717, 214488.03 ], [ 443552.599999999976717, 214489.53 ], [ 443551.599999999976717, 214489.53 ] ], [ [ 443552.599999999976717, 214489.53 ], [ 443553.099999999976717, 214489.53 ], [ 443553.099999999976717, 214490.03 ], [ 443552.599999999976717, 214490.03 ], [ 443552.599999999976717, 214489.53 ] ], [ [ 443553.099999999976717, 214490.03 ], [ 443553.599999999976717, 214490.03 ], [ 443553.599999999976717, 214490.53 ], [ 443553.099999999976717, 214490.53 ], [ 443553.099999999976717, 214490.03 ] ], [ [ 443550.099999999976717, 214486.53 ], [ 443550.099999999976717, 214486.03 ], [ 443550.599999999976717, 214486.03 ], [ 443550.599999999976717, 214486.53 ], [ 443550.099999999976717, 214486.53 ] ], [ [ 443547.099999999976717, 214483.03 ], [ 443547.099999999976717, 214482.53 ], [ 443547.599999999976717, 214482.53 ], [ 443547.599999999976717, 214483.03 ], [ 443547.099999999976717, 214483.03 ] ], [ [ 443547.599999999976717, 214483.03 ], [ 443548.099999999976717, 214483.03 ], [ 443548.099999999976717, 214483.53 ], [ 443547.599999999976717, 214483.53 ], [ 443547.599999999976717, 214483.03 ] ], [ [ 443542.599999999976717, 214478.53 ], [ 443542.599999999976717, 214477.53 ], [ 443543.599999999976717, 214477.53 ], [ 443543.599999999976717, 214478.53 ], [ 443542.599999999976717, 214478.53 ] ], [ [ 443536.099999999976717, 214470.03 ], [ 443536.099999999976717, 214469.53 ], [ 443536.599999999976717, 214469.53 ], [ 443536.599999999976717, 214470.03 ], [ 443536.099999999976717, 214470.03 ] ], [ [ 443536.599999999976717, 214470.03 ], [ 443537.099999999976717, 214470.03 ], [ 443537.099999999976717, 214470.53 ], [ 443536.599999999976717, 214470.53 ], [ 443536.599999999976717, 214470.03 ] ], [ [ 443524.599999999976717, 214452.03 ], [ 443524.599999999976717, 214451.53 ], [ 443525.099999999976717, 214451.53 ], [ 443525.099999999976717, 214452.03 ], [ 443524.599999999976717, 214452.03 ] ], [ [ 443525.099999999976717, 214452.03 ], [ 443526.099999999976717, 214452.03 ], [ 443526.099999999976717, 214452.53 ], [ 443525.099999999976717, 214452.53 ], [ 443525.099999999976717, 214452.03 ] ], [ [ 443523.599999999976717, 214451.53 ], [ 443523.099999999976717, 214449.53 ], [ 443524.599999999976717, 214449.53 ], [ 443524.599999999976717, 214451.03 ], [ 443523.599999999976717, 214451.53 ] ], [ [ 443518.599999999976717, 214450.03 ], [ 443518.599999999976717, 214449.53 ], [ 443519.099999999976717, 214449.53 ], [ 443519.099999999976717, 214450.03 ], [ 443518.599999999976717, 214450.03 ] ], [ [ 443518.099999999976717, 214444.53 ], [ 443518.099999999976717, 214444.03 ], [ 443518.599999999976717, 214444.03 ], [ 443518.599999999976717, 214444.53 ], [ 443518.099999999976717, 214444.53 ] ], [ [ 443513.099999999976717, 214445.53 ], [ 443513.099999999976717, 214445.03 ], [ 443513.599999999976717, 214445.03 ], [ 443513.599999999976717, 214445.53 ], [ 443513.099999999976717, 214445.53 ] ], [ [ 443512.599999999976717, 214444.53 ], [ 443512.599999999976717, 214444.03 ], [ 443513.099999999976717, 214444.03 ], [ 443513.099999999976717, 214444.53 ], [ 443512.599999999976717, 214444.53 ] ], [ [ 443512.599999999976717, 214440.03 ], [ 443512.599999999976717, 214439.53 ], [ 443513.099999999976717, 214439.53 ], [ 443513.099999999976717, 214440.03 ], [ 443512.599999999976717, 214440.03 ] ], [ [ 443511.599999999976717, 214444.03 ], [ 443511.599999999976717, 214443.53 ], [ 443512.099999999976717, 214443.53 ], [ 443512.099999999976717, 214444.03 ], [ 443511.599999999976717, 214444.03 ] ], [ [ 443510.099999999976717, 214437.53 ], [ 443510.099999999976717, 214437.03 ], [ 443510.599999999976717, 214437.03 ], [ 443510.599999999976717, 214437.53 ], [ 443510.099999999976717, 214437.53 ] ], [ [ 443510.599999999976717, 214437.53 ], [ 443511.099999999976717, 214437.53 ], [ 443511.099999999976717, 214438.03 ], [ 443510.599999999976717, 214438.03 ], [ 443510.599999999976717, 214437.53 ] ], [ [ 443511.099999999976717, 214438.03 ], [ 443511.599999999976717, 214438.03 ], [ 443511.599999999976717, 214438.53 ], [ 443511.099999999976717, 214438.53 ], [ 443511.099999999976717, 214438.03 ] ], [ [ 443508.599999999976717, 214440.53 ], [ 443508.599999999976717, 214440.03 ], [ 443509.099999999976717, 214440.03 ], [ 443509.099999999976717, 214440.53 ], [ 443508.599999999976717, 214440.53 ] ], [ [ 443507.599999999976717, 214436.03 ], [ 443507.599999999976717, 214435.53 ], [ 443508.599999999976717, 214435.53 ], [ 443508.599999999976717, 214436.03 ], [ 443507.599999999976717, 214436.03 ] ], [ [ 443506.599999999976717, 214439.03 ], [ 443506.599999999976717, 214438.53 ], [ 443507.599999999976717, 214438.53 ], [ 443507.599999999976717, 214439.03 ], [ 443506.599999999976717, 214439.03 ] ], [ [ 443500.099999999976717, 214433.53 ], [ 443498.599999999976717, 214432.53 ], [ 443498.599999999976717, 214430.53 ], [ 443500.599999999976717, 214433.03 ], [ 443501.599999999976717, 214433.03 ], [ 443500.099999999976717, 214433.53 ] ], [ [ 443490.599999999976717, 214427.53 ], [ 443489.099999999976717, 214426.53 ], [ 443489.099999999976717, 214424.03 ], [ 443492.099999999976717, 214425.53 ], [ 443491.599999999976717, 214426.53 ], [ 443492.599999999976717, 214427.53 ], [ 443490.599999999976717, 214427.53 ] ], [ [ 443438.099999999976717, 214408.53 ], [ 443436.599999999976717, 214407.03 ], [ 443436.599999999976717, 214406.53 ], [ 443440.099999999976717, 214407.53 ], [ 443438.099999999976717, 214408.53 ] ], [ [ 443426.099999999976717, 214399.53 ], [ 443424.599999999976717, 214396.03 ], [ 443427.099999999976717, 214397.03 ], [ 443428.099999999976717, 214396.53 ], [ 443427.599999999976717, 214398.53 ], [ 443426.099999999976717, 214399.53 ] ], [ [ 443423.599999999976717, 214396.03 ], [ 443423.599999999976717, 214395.53 ], [ 443424.099999999976717, 214395.53 ], [ 443424.099999999976717, 214396.03 ], [ 443423.599999999976717, 214396.03 ] ], [ [ 443414.599999999976717, 214396.53 ], [ 443414.599999999976717, 214396.03 ], [ 443415.099999999976717, 214396.03 ], [ 443415.099999999976717, 214396.53 ], [ 443414.599999999976717, 214396.53 ] ], [ [ 443413.599999999976717, 214396.53 ], [ 443413.599999999976717, 214396.03 ], [ 443414.099999999976717, 214396.03 ], [ 443414.099999999976717, 214396.53 ], [ 443413.599999999976717, 214396.53 ] ], [ [ 443394.099999999976717, 214393.53 ], [ 443394.099999999976717, 214391.53 ], [ 443394.599999999976717, 214391.53 ], [ 443395.599999999976717, 214393.03 ], [ 443394.099999999976717, 214393.53 ] ], [ [ 443392.099999999976717, 214390.03 ], [ 443392.099999999976717, 214389.53 ], [ 443392.599999999976717, 214389.53 ], [ 443392.599999999976717, 214390.03 ], [ 443392.099999999976717, 214390.03 ] ], [ [ 443392.599999999976717, 214390.03 ], [ 443393.599999999976717, 214390.03 ], [ 443393.599999999976717, 214391.53 ], [ 443392.599999999976717, 214391.53 ], [ 443392.599999999976717, 214390.03 ] ], [ [ 443387.599999999976717, 214394.03 ], [ 443388.099999999976717, 214393.03 ], [ 443388.599999999976717, 214393.03 ], [ 443388.599999999976717, 214394.03 ], [ 443387.599999999976717, 214394.03 ] ], [ [ 443376.599999999976717, 214388.53 ], [ 443376.599999999976717, 214388.03 ], [ 443377.099999999976717, 214388.03 ], [ 443377.099999999976717, 214388.53 ], [ 443376.599999999976717, 214388.53 ] ], [ [ 443374.099999999976717, 214392.53 ], [ 443374.099999999976717, 214391.53 ], [ 443371.099999999976717, 214391.53 ], [ 443372.099999999976717, 214390.53 ], [ 443373.099999999976717, 214391.03 ], [ 443373.599999999976717, 214390.03 ], [ 443374.599999999976717, 214391.03 ], [ 443375.599999999976717, 214390.53 ], [ 443375.599999999976717, 214391.53 ], [ 443374.599999999976717, 214391.53 ], [ 443375.099999999976717, 214392.53 ], [ 443374.099999999976717, 214392.53 ] ], [ [ 443375.599999999976717, 214390.53 ], [ 443375.599999999976717, 214390.03 ], [ 443376.099999999976717, 214390.03 ], [ 443376.099999999976717, 214390.53 ], [ 443375.599999999976717, 214390.53 ] ], [ [ 443376.099999999976717, 214390.03 ], [ 443376.599999999976717, 214389.03 ], [ 443377.099999999976717, 214389.03 ], [ 443377.099999999976717, 214390.03 ], [ 443376.099999999976717, 214390.03 ] ], [ [ 443370.599999999976717, 214392.53 ], [ 443370.599999999976717, 214392.03 ], [ 443371.099999999976717, 214392.03 ], [ 443371.099999999976717, 214392.53 ], [ 443370.599999999976717, 214392.53 ] ], [ [ 443351.599999999976717, 214377.53 ], [ 443351.599999999976717, 214376.53 ], [ 443352.099999999976717, 214376.53 ], [ 443352.099999999976717, 214377.53 ], [ 443351.599999999976717, 214377.53 ] ] ] } },
{ "type": "Feature", "properties": { "mainhabs": "Deciduous woodland", "habcodes": "DWOOD", "featdesc": null, "featcodes": null, "otherclass": null, "addhabs": "CFPGM", "primsource": "National Forest Inventory 2023 (DWOOD)", "areaha": "1.25", "version": "Sep_25", "uid": "PHID44369755_021455379", "shape_length": null, "shape_area": null, "site": "blenheim", "pid": 6, "method": "grabcut2" }, "geometry": { "type": "MultiPolygon", "coordinates": [ [ [ [ 443767.099999999976717, 214704.03 ], [ 443769.599999999976717, 214700.53 ], [ 443770.599999999976717, 214700.53 ], [ 443771.099999999976717, 214699.03 ], [ 443772.099999999976717, 214699.03 ], [ 443778.099999999976717, 214693.03 ], [ 443778.099999999976717, 214692.03 ], [ 443779.599999999976717, 214691.53 ], [ 443779.599999999976717, 214690.03 ], [ 443781.099999999976717, 214689.53 ], [ 443786.599999999976717, 214681.03 ], [ 443792.099999999976717, 214678.03 ], [ 443783.599999999976717, 214674.53 ], [ 443755.599999999976717, 214655.53 ], [ 443742.599999999976717, 214644.53 ], [ 443741.599999999976717, 214644.53 ], [ 443739.599999999976717, 214642.03 ], [ 443738.599999999976717, 214642.03 ], [ 443736.599999999976717, 214639.53 ], [ 443735.599999999976717, 214639.53 ], [ 443729.599999999976717, 214633.53 ], [ 443728.599999999976717, 214633.53 ], [ 443718.599999999976717, 214623.03 ], [ 443719.099999999976717, 214609.53 ], [ 443727.099999999976717, 214573.03 ], [ 443725.599999999976717, 214571.53 ], [ 443725.599999999976717, 214570.03 ], [ 443724.599999999976717, 214570.03 ], [ 443724.099999999976717, 214567.53 ], [ 443723.099999999976717, 214567.53 ], [ 443723.099999999976717, 214566.03 ], [ 443719.099999999976717, 214560.03 ], [ 443718.599999999976717, 214557.53 ], [ 443716.599999999976717, 214556.03 ], [ 443716.099999999976717, 214553.53 ], [ 443714.599999999976717, 214552.53 ], [ 443714.599999999976717, 214551.03 ], [ 443711.599999999976717, 214547.03 ], [ 443711.599999999976717, 214545.53 ], [ 443710.099999999976717, 214544.53 ], [ 443707.599999999976717, 214538.53 ], [ 443703.099999999976717, 214536.03 ], [ 443697.099999999976717, 214535.03 ], [ 443689.099999999976717, 214532.03 ], [ 443686.099999999976717, 214529.03 ], [ 443684.599999999976717, 214529.03 ], [ 443684.599999999976717, 214528.03 ], [ 443682.599999999976717, 214526.53 ], [ 443665.599999999976717, 214526.53 ], [ 443662.099999999976717, 214522.53 ], [ 443661.599999999976717, 214520.53 ], [ 443660.599999999976717, 214520.53 ], [ 443660.599999999976717, 214519.03 ], [ 443659.599999999976717, 214519.03 ], [ 443658.599999999976717, 214516.53 ], [ 443657.599999999976717, 214516.53 ], [ 443657.599999999976717, 214515.03 ], [ 443656.599999999976717, 214515.03 ], [ 443656.599999999976717, 214513.53 ], [ 443655.599999999976717, 214513.53 ], [ 443653.599999999976717, 214509.53 ], [ 443651.599999999976717, 214508.03 ], [ 443650.099999999976717, 214505.03 ], [ 443649.099999999976717, 214505.03 ], [ 443649.099999999976717, 214503.53 ], [ 443648.099999999976717, 214503.53 ], [ 443648.099999999976717, 214502.53 ], [ 443647.099999999976717, 214502.53 ], [ 443646.599999999976717, 214501.03 ], [ 443640.599999999976717, 214495.53 ], [ 443637.599999999976717, 214491.03 ], [ 443636.599999999976717, 214491.03 ], [ 443636.599999999976717, 214490.03 ], [ 443635.099999999976717, 214489.53 ], [ 443635.099999999976717, 214488.53 ], [ 443633.599999999976717, 214488.03 ], [ 443631.599999999976717, 214485.03 ], [ 443630.599999999976717, 214485.03 ], [ 443629.599999999976717, 214482.53 ], [ 443628.599999999976717, 214482.53 ], [ 443628.099999999976717, 214481.03 ], [ 443627.099999999976717, 214481.03 ], [ 443626.599999999976717, 214479.53 ], [ 443625.599999999976717, 214479.53 ], [ 443625.099999999976717, 214478.03 ], [ 443624.099999999976717, 214478.03 ], [ 443623.599999999976717, 214476.53 ], [ 443622.599999999976717, 214476.53 ], [ 443621.099999999976717, 214474.03 ], [ 443618.099999999976717, 214472.03 ], [ 443618.099999999976717, 214471.03 ], [ 443613.599999999976717, 214468.03 ], [ 443613.599999999976717, 214466.53 ], [ 443612.599999999976717, 214466.53 ], [ 443612.599999999976717, 214465.53 ], [ 443611.599999999976717, 214465.53 ], [ 443611.099999999976717, 214464.03 ], [ 443610.099999999976717, 214464.03 ], [ 443609.599999999976717, 214462.53 ], [ 443608.599999999976717, 214462.53 ], [ 443608.099999999976717, 214461.03 ], [ 443605.099999999976717, 214459.03 ], [ 443605.099999999976717, 214458.03 ], [ 443596.599999999976717, 214449.03 ], [ 443595.599999999976717, 214449.03 ], [ 443592.599999999976717, 214444.53 ], [ 443591.099999999976717, 214444.03 ], [ 443588.099999999976717, 214440.03 ], [ 443587.099999999976717, 214440.03 ], [ 443585.599999999976717, 214437.03 ], [ 443584.599999999976717, 214437.03 ], [ 443579.599999999976717, 214431.03 ], [ 443578.599999999976717, 214426.53 ], [ 443577.099999999976717, 214423.03 ], [ 443575.599999999976717, 214422.03 ], [ 443575.599999999976717, 214420.03 ], [ 443574.099999999976717, 214418.53 ], [ 443573.099999999976717, 214415.03 ], [ 443577.099999999976717, 214397.03 ], [ 443577.099999999976717, 214392.03 ], [ 443549.099999999976717, 214392.03 ], [ 443556.599999999976717, 214396.03 ], [ 443559.599999999976717, 214401.03 ], [ 443559.099999999976717, 214406.03 ], [ 443556.099999999976717, 214412.53 ], [ 443555.099999999976717, 214413.03 ], [ 443555.099999999976717, 214414.53 ], [ 443596.099999999976717, 214455.03 ], [ 443596.099999999976717, 214456.03 ], [ 443612.099999999976717, 214471.53 ], [ 443612.099999999976717, 214472.53 ], [ 443630.599999999976717, 214492.03 ], [ 443636.099999999976717, 214500.03 ], [ 443655.099999999976717, 214523.03 ], [ 443669.099999999976717, 214547.03 ], [ 443673.599999999976717, 214560.53 ], [ 443674.599999999976717, 214567.03 ], [ 443674.599999999976717, 214577.53 ], [ 443677.099999999976717, 214579.03 ], [ 443685.099999999976717, 214580.03 ], [ 443685.099999999976717, 214581.03 ], [ 443683.599999999976717, 214583.53 ], [ 443679.599999999976717, 214585.03 ], [ 443675.599999999976717, 214588.03 ], [ 443677.599999999976717, 214591.03 ], [ 443677.099999999976717, 214592.03 ], [ 443675.099999999976717, 214593.03 ], [ 443672.599999999976717, 214590.03 ], [ 443655.099999999976717, 214607.53 ], [ 443667.599999999976717, 214619.53 ], [ 443667.599999999976717, 214620.53 ], [ 443669.599999999976717, 214622.03 ], [ 443668.099999999976717, 214623.03 ], [ 443670.099999999976717, 214625.53 ], [ 443672.099999999976717, 214624.03 ], [ 443676.599999999976717, 214629.03 ], [ 443676.599999999976717, 214630.53 ], [ 443679.099999999976717, 214631.03 ], [ 443680.599999999976717, 214634.03 ], [ 443681.599999999976717, 214634.03 ], [ 443682.099999999976717, 214635.53 ], [ 443683.099999999976717, 214635.53 ], [ 443683.099999999976717, 214636.53 ], [ 443684.599999999976717, 214637.03 ], [ 443684.599999999976717, 214638.03 ], [ 443690.599999999976717, 214643.03 ], [ 443691.599999999976717, 214645.53 ], [ 443692.599999999976717, 214645.53 ], [ 443693.099999999976717, 214647.03 ], [ 443694.099999999976717, 214647.03 ], [ 443695.099999999976717, 214649.03 ], [ 443708.599999999976717, 214661.53 ], [ 443708.599999999976717, 214662.53 ], [ 443711.599999999976717, 214664.03 ], [ 443711.599999999976717, 214665.03 ], [ 443713.099999999976717, 214665.03 ], [ 443713.099999999976717, 214666.03 ], [ 443718.099999999976717, 214669.53 ], [ 443720.099999999976717, 214672.53 ], [ 443721.599999999976717, 214672.53 ], [ 443721.599999999976717, 214673.53 ], [ 443724.599999999976717, 214675.03 ], [ 443724.599999999976717, 214676.03 ], [ 443726.599999999976717, 214676.53 ], [ 443727.099999999976717, 214678.03 ], [ 443728.599999999976717, 214678.03 ], [ 443729.099999999976717, 214679.53 ], [ 443730.099999999976717, 214679.53 ], [ 443731.599999999976717, 214681.53 ], [ 443735.099999999976717, 214683.53 ], [ 443735.599999999976717, 214685.03 ], [ 443737.099999999976717, 214685.03 ], [ 443737.599999999976717, 214686.53 ], [ 443741.599999999976717, 214689.03 ], [ 443741.599999999976717, 214692.03 ], [ 443745.599999999976717, 214692.03 ], [ 443749.599999999976717, 214695.03 ], [ 443750.099999999976717, 214696.53 ], [ 443751.599999999976717, 214696.53 ], [ 443751.599999999976717, 214697.53 ], [ 443753.599999999976717, 214698.03 ], [ 443756.099999999976717, 214700.53 ], [ 443767.099999999976717, 214704.03 ] ] ], [ [ [ 443767.099999999976717, 214714.03 ], [ 443767.099999999976717, 214712.03 ], [ 443765.599999999976717, 214711.53 ], [ 443765.099999999976717, 214709.53 ], [ 443767.099999999976717, 214709.03 ], [ 443767.099999999976717, 214710.03 ], [ 443770.099999999976717, 214711.03 ], [ 443770.599999999976717, 214710.03 ], [ 443768.599999999976717, 214708.53 ], [ 443768.599999999976717, 214706.53 ], [ 443765.599999999976717, 214705.53 ], [ 443765.599999999976717, 214706.53 ], [ 443762.599999999976717, 214706.53 ], [ 443761.599999999976717, 214709.03 ], [ 443760.099999999976717, 214708.03 ], [ 443759.099999999976717, 214708.53 ], [ 443759.099999999976717, 214709.53 ], [ 443767.099999999976717, 214714.03 ] ] ] ] } },
{ "type": "Feature", "properties": { "mainhabs": "Deciduous woodland", "habcodes": "DWOOD", "featdesc": null, "featcodes": null, "otherclass": null, "addhabs": null, "primsource": "National Forest Inventory 2023 (DWOOD)", "areaha": "18.03", "version": "Sep_25", "uid": "PHID44423251_021467933", "shape_length": null, "shape_area": null, "site": "blenheim", "pid": 7, "method": "grabcut2" }, "geometry": { "type": "Polygon", "coordinates": [ [ [ 444715.099999999976717, 215019.53 ], [ 444718.599999999976717, 215019.53 ], [ 444731.099999999976717, 215013.03 ], [ 444721.599999999976717, 214997.53 ], [ 444720.099999999976717, 214993.53 ], [ 444725.099999999976717, 214993.03 ], [ 444744.099999999976717, 214979.53 ], [ 444751.099999999976717, 214973.03 ], [ 444752.099999999976717, 214973.03 ], [ 444756.599999999976717, 214968.03 ], [ 444757.599999999976717, 214968.03 ], [ 444773.599999999976717, 214952.53 ], [ 444772.099999999976717, 214950.53 ], [ 444772.099999999976717, 214947.03 ], [ 444773.099999999976717, 214944.53 ], [ 444774.599999999976717, 214925.03 ], [ 444776.099999999976717, 214877.03 ], [ 444792.599999999976717, 214852.53 ], [ 444802.099999999976717, 214835.53 ], [ 444803.599999999976717, 214829.53 ], [ 444804.599999999976717, 214828.53 ], [ 444805.099999999976717, 214820.53 ], [ 444814.599999999976717, 214781.53 ], [ 444814.599999999976717, 214778.53 ], [ 444813.099999999976717, 214775.03 ], [ 444828.599999999976717, 214775.53 ], [ 444827.599999999976717, 214772.03 ], [ 444808.099999999976717, 214773.03 ], [ 444804.599999999976717, 214772.53 ], [ 444797.599999999976717, 214769.53 ], [ 444794.099999999976717, 214765.53 ], [ 444790.099999999976717, 214756.53 ], [ 444792.099999999976717, 214751.53 ], [ 444795.599999999976717, 214749.53 ], [ 444797.099999999976717, 214749.53 ], [ 444799.599999999976717, 214755.03 ], [ 444800.599999999976717, 214755.53 ], [ 444801.099999999976717, 214757.03 ], [ 444800.099999999976717, 214757.03 ], [ 444800.099999999976717, 214758.53 ], [ 444801.099999999976717, 214759.03 ], [ 444805.099999999976717, 214767.03 ], [ 444809.599999999976717, 214769.53 ], [ 444810.599999999976717, 214769.53 ], [ 444810.599999999976717, 214768.53 ], [ 444799.099999999976717, 214752.03 ], [ 444797.599999999976717, 214748.03 ], [ 444786.599999999976717, 214735.53 ], [ 444785.599999999976717, 214733.03 ], [ 444762.099999999976717, 214723.53 ], [ 444762.099999999976717, 214722.03 ], [ 444753.099999999976717, 214704.03 ], [ 444751.599999999976717, 214695.03 ], [ 444750.099999999976717, 214681.03 ], [ 444762.099999999976717, 214674.03 ], [ 444760.099999999976717, 214670.53 ], [ 444755.099999999976717, 214666.03 ], [ 444755.099999999976717, 214665.03 ], [ 444740.599999999976717, 214650.03 ], [ 444739.599999999976717, 214650.03 ], [ 444729.099999999976717, 214639.53 ], [ 444728.099999999976717, 214639.53 ], [ 444723.599999999976717, 214634.53 ], [ 444722.599999999976717, 214634.53 ], [ 444704.099999999976717, 214617.53 ], [ 444689.599999999976717, 214607.03 ], [ 444671.099999999976717, 214591.53 ], [ 444666.599999999976717, 214594.53 ], [ 444663.599999999976717, 214588.53 ], [ 444658.099999999976717, 214582.53 ], [ 444657.099999999976717, 214582.53 ], [ 444632.099999999976717, 214562.03 ], [ 444597.599999999976717, 214541.03 ], [ 444544.099999999976717, 214514.03 ], [ 444519.599999999976717, 214504.03 ], [ 444505.099999999976717, 214499.53 ], [ 444482.099999999976717, 214495.03 ], [ 444445.099999999976717, 214490.53 ], [ 444441.599999999976717, 214483.53 ], [ 444378.099999999976717, 214477.03 ], [ 444342.599999999976717, 214471.03 ], [ 444306.599999999976717, 214460.53 ], [ 444285.599999999976717, 214451.53 ], [ 444275.599999999976717, 214446.03 ], [ 444274.099999999976717, 214446.03 ], [ 444271.099999999976717, 214449.53 ], [ 444288.099999999976717, 214458.53 ], [ 444307.099999999976717, 214466.53 ], [ 444335.599999999976717, 214475.53 ], [ 444365.599999999976717, 214481.03 ], [ 444366.099999999976717, 214483.03 ], [ 444361.599999999976717, 214493.03 ], [ 444356.099999999976717, 214498.53 ], [ 444356.099999999976717, 214499.53 ], [ 444355.099999999976717, 214499.53 ], [ 444351.599999999976717, 214503.03 ], [ 444342.099999999976717, 214508.03 ], [ 444341.599999999976717, 214509.03 ], [ 444339.099999999976717, 214509.53 ], [ 444337.099999999976717, 214506.03 ], [ 444327.099999999976717, 214501.03 ], [ 444319.599999999976717, 214501.03 ], [ 444312.599999999976717, 214502.53 ], [ 444300.099999999976717, 214502.53 ], [ 444283.099999999976717, 214498.53 ], [ 444242.099999999976717, 214481.53 ], [ 444209.599999999976717, 214464.53 ], [ 444200.099999999976717, 214456.03 ], [ 444184.099999999976717, 214449.03 ], [ 444157.099999999976717, 214428.53 ], [ 444138.599999999976717, 214416.53 ], [ 444135.599999999976717, 214413.53 ], [ 444121.099999999976717, 214403.53 ], [ 444116.599999999976717, 214398.53 ], [ 444114.599999999976717, 214394.53 ], [ 444112.099999999976717, 214385.53 ], [ 444106.599999999976717, 214372.53 ], [ 444104.099999999976717, 214370.03 ], [ 444096.599999999976717, 214358.03 ], [ 444086.099999999976717, 214348.03 ], [ 444082.099999999976717, 214339.03 ], [ 444076.099999999976717, 214346.53 ], [ 444073.599999999976717, 214347.53 ], [ 444072.099999999976717, 214351.03 ], [ 444077.599999999976717, 214357.53 ], [ 444079.099999999976717, 214358.03 ], [ 444079.099999999976717, 214359.03 ], [ 444080.099999999976717, 214359.03 ], [ 444081.599999999976717, 214362.53 ], [ 444083.099999999976717, 214363.03 ], [ 444083.099999999976717, 214365.03 ], [ 444086.099999999976717, 214367.53 ], [ 444086.599999999976717, 214369.03 ], [ 444087.599999999976717, 214369.03 ], [ 444088.599999999976717, 214371.53 ], [ 444091.099999999976717, 214372.53 ], [ 444093.099999999976717, 214375.03 ], [ 444093.599999999976717, 214380.03 ], [ 444096.099999999976717, 214384.03 ], [ 444097.099999999976717, 214389.03 ], [ 444098.599999999976717, 214391.53 ], [ 444099.099999999976717, 214396.03 ], [ 444100.099999999976717, 214396.03 ], [ 444102.099999999976717, 214406.03 ], [ 444104.099999999976717, 214409.03 ], [ 444103.099999999976717, 214410.53 ], [ 444103.099999999976717, 214412.53 ], [ 444104.099999999976717, 214413.03 ], [ 444103.599999999976717, 214415.53 ], [ 444104.599999999976717, 214415.53 ], [ 444105.599999999976717, 214418.53 ], [ 444105.099999999976717, 214425.53 ], [ 444105.599999999976717, 214432.53 ], [ 444106.599999999976717, 214433.53 ], [ 444107.099999999976717, 214437.53 ], [ 444107.099999999976717, 214446.03 ], [ 444108.099999999976717, 214446.53 ], [ 444108.099999999976717, 214461.53 ], [ 444107.099999999976717, 214463.03 ], [ 444107.099999999976717, 214468.03 ], [ 444105.599999999976717, 214472.03 ], [ 444104.599999999976717, 214487.53 ], [ 444103.099999999976717, 214489.53 ], [ 444101.599999999976717, 214489.53 ], [ 444101.099999999976717, 214492.03 ], [ 444101.599999999976717, 214500.03 ], [ 444100.099999999976717, 214504.03 ], [ 444097.099999999976717, 214506.03 ], [ 444094.599999999976717, 214515.53 ], [ 444090.099999999976717, 214525.03 ], [ 444089.099999999976717, 214532.03 ], [ 444087.099999999976717, 214533.53 ], [ 444086.599999999976717, 214536.03 ], [ 444087.599999999976717, 214536.03 ], [ 444087.599999999976717, 214537.03 ], [ 444085.599999999976717, 214542.53 ], [ 444086.599999999976717, 214544.53 ], [ 444084.599999999976717, 214546.03 ], [ 444084.599999999976717, 214547.53 ], [ 444083.099999999976717, 214548.03 ], [ 444080.099999999976717, 214553.03 ], [ 444079.099999999976717, 214553.03 ], [ 444077.599999999976717, 214558.03 ], [ 444076.099999999976717, 214559.53 ], [ 444076.099999999976717, 214561.53 ], [ 444074.599999999976717, 214563.03 ], [ 444076.099999999976717, 214566.03 ], [ 444074.599999999976717, 214566.03 ], [ 444073.599999999976717, 214567.53 ], [ 444073.099999999976717, 214571.03 ], [ 444074.599999999976717, 214571.53 ], [ 444074.599999999976717, 214577.03 ], [ 444076.099999999976717, 214578.53 ], [ 444076.099999999976717, 214581.03 ], [ 444077.599999999976717, 214581.53 ], [ 444079.099999999976717, 214586.03 ], [ 444080.099999999976717, 214586.53 ], [ 444080.099999999976717, 214589.03 ], [ 444082.099999999976717, 214591.53 ], [ 444081.599999999976717, 214594.03 ], [ 444085.099999999976717, 214595.53 ], [ 444086.099999999976717, 214597.03 ], [ 444087.599999999976717, 214597.03 ], [ 444090.599999999976717, 214600.03 ], [ 444094.099999999976717, 214601.53 ], [ 444094.599999999976717, 214603.03 ], [ 444097.099999999976717, 214604.03 ], [ 444097.599999999976717, 214605.53 ], [ 444100.599999999976717, 214607.03 ], [ 444101.599999999976717, 214609.53 ], [ 444102.599999999976717, 214609.53 ], [ 444105.599999999976717, 214613.03 ], [ 444105.599999999976717, 214616.53 ], [ 444107.099999999976717, 214618.53 ], [ 444108.599999999976717, 214620.03 ], [ 444110.099999999976717, 214620.03 ], [ 444111.599999999976717, 214623.53 ], [ 444113.099999999976717, 214624.03 ], [ 444113.099999999976717, 214625.53 ], [ 444114.099999999976717, 214625.53 ], [ 444114.099999999976717, 214626.53 ], [ 444117.099999999976717, 214628.53 ], [ 444117.599999999976717, 214630.03 ], [ 444118.599999999976717, 214630.03 ], [ 444118.599999999976717, 214631.03 ], [ 444120.099999999976717, 214631.53 ], [ 444120.099999999976717, 214632.53 ], [ 444121.599999999976717, 214633.03 ], [ 444121.599999999976717, 214634.03 ], [ 444122.599999999976717, 214634.03 ], [ 444122.599999999976717, 214635.53 ], [ 444126.599999999976717, 214638.53 ], [ 444129.099999999976717, 214642.53 ], [ 444130.099999999976717, 214642.53 ], [ 444133.099999999976717, 214650.53 ], [ 444132.099999999976717, 214661.03 ], [ 444132.599999999976717, 214664.03 ], [ 444131.099999999976717, 214665.03 ], [ 444131.099999999976717, 214671.03 ], [ 444129.599999999976717, 214672.53 ], [ 444129.599999999976717, 214676.03 ], [ 444128.599999999976717, 214676.53 ], [ 444127.599999999976717, 214680.53 ], [ 444125.599999999976717, 214683.53 ], [ 444125.099999999976717, 214686.53 ], [ 444124.099999999976717, 214686.53 ], [ 444124.099999999976717, 214689.03 ], [ 444122.599999999976717, 214690.53 ], [ 444121.599999999976717, 214695.03 ], [ 444119.099999999976717, 214698.03 ], [ 444118.599999999976717, 214700.03 ], [ 444116.599999999976717, 214700.53 ], [ 444113.099999999976717, 214710.53 ], [ 444111.599999999976717, 214712.53 ], [ 444111.099999999976717, 214719.03 ], [ 444110.099999999976717, 214719.53 ], [ 444110.099999999976717, 214724.53 ], [ 444108.599999999976717, 214726.03 ], [ 444108.599999999976717, 214727.53 ], [ 444110.599999999976717, 214728.53 ], [ 444109.599999999976717, 214731.03 ], [ 444115.099999999976717, 214736.53 ], [ 444115.099999999976717, 214738.03 ], [ 444113.599999999976717, 214739.03 ], [ 444105.599999999976717, 214751.03 ], [ 444100.599999999976717, 214756.03 ], [ 444094.099999999976717, 214765.03 ], [ 444083.599999999976717, 214776.53 ], [ 444083.599999999976717, 214777.53 ], [ 444079.599999999976717, 214781.03 ], [ 444079.599999999976717, 214782.03 ], [ 444058.599999999976717, 214801.53 ], [ 444050.599999999976717, 214807.03 ], [ 444044.099999999976717, 214806.53 ], [ 444040.099999999976717, 214810.03 ], [ 444036.099999999976717, 214811.53 ], [ 444033.599999999976717, 214814.03 ], [ 444032.099999999976717, 214814.03 ], [ 444032.099999999976717, 214815.03 ], [ 444030.099999999976717, 214815.03 ], [ 444030.099999999976717, 214816.03 ], [ 444028.599999999976717, 214815.53 ], [ 444029.099999999976717, 214817.03 ], [ 444026.099999999976717, 214816.53 ], [ 444027.599999999976717, 214817.53 ], [ 444021.599999999976717, 214821.03 ], [ 444020.599999999976717, 214824.03 ], [ 444018.099999999976717, 214825.53 ], [ 444018.099999999976717, 214826.53 ], [ 444015.599999999976717, 214827.03 ], [ 444015.099999999976717, 214828.53 ], [ 444013.599999999976717, 214828.53 ], [ 444008.599999999976717, 214832.53 ], [ 444005.599999999976717, 214832.53 ], [ 444003.099999999976717, 214834.53 ], [ 444001.599999999976717, 214834.53 ], [ 443999.599999999976717, 214836.03 ], [ 443999.599999999976717, 214837.03 ], [ 443998.099999999976717, 214837.03 ], [ 443995.599999999976717, 214839.03 ], [ 443995.599999999976717, 214841.03 ], [ 443993.099999999976717, 214840.53 ], [ 443991.099999999976717, 214842.53 ], [ 443989.599999999976717, 214842.53 ], [ 443989.599999999976717, 214843.53 ], [ 443987.099999999976717, 214844.03 ], [ 443984.099999999976717, 214846.53 ], [ 443982.599999999976717, 214846.53 ], [ 443981.099999999976717, 214848.03 ], [ 443979.599999999976717, 214848.03 ], [ 443968.599999999976717, 214854.03 ], [ 443960.099999999976717, 214855.03 ], [ 443951.099999999976717, 214858.03 ], [ 443941.599999999976717, 214859.53 ], [ 443938.599999999976717, 214861.03 ], [ 443934.099999999976717, 214861.53 ], [ 443933.099999999976717, 214862.53 ], [ 443930.099999999976717, 214862.53 ], [ 443930.099999999976717, 214863.53 ], [ 443927.099999999976717, 214863.03 ], [ 443921.099999999976717, 214865.03 ], [ 443917.599999999976717, 214865.03 ], [ 443914.599999999976717, 214866.53 ], [ 443908.099999999976717, 214867.53 ], [ 443907.099999999976717, 214869.03 ], [ 443902.599999999976717, 214869.03 ], [ 443900.099999999976717, 214870.03 ], [ 443900.099999999976717, 214871.03 ], [ 443897.099999999976717, 214871.53 ], [ 443895.099999999976717, 214870.03 ], [ 443887.599999999976717, 214872.03 ], [ 443883.599999999976717, 214872.03 ], [ 443873.099999999976717, 214875.03 ], [ 443868.599999999976717, 214875.03 ], [ 443864.099999999976717, 214876.53 ], [ 443852.099999999976717, 214878.03 ], [ 443852.099999999976717, 214879.53 ], [ 443850.599999999976717, 214880.03 ], [ 443841.099999999976717, 214879.53 ], [ 443839.099999999976717, 214880.53 ], [ 443823.599999999976717, 214882.03 ], [ 443795.599999999976717, 214882.03 ], [ 443786.099999999976717, 214880.53 ], [ 443776.099999999976717, 214880.53 ], [ 443774.099999999976717, 214879.53 ], [ 443769.099999999976717, 214879.53 ], [ 443764.599999999976717, 214878.03 ], [ 443760.099999999976717, 214878.03 ], [ 443743.099999999976717, 214875.03 ], [ 443741.099999999976717, 214873.53 ], [ 443738.599999999976717, 214873.53 ], [ 443736.599999999976717, 214872.03 ], [ 443734.099999999976717, 214872.03 ], [ 443716.099999999976717, 214865.03 ], [ 443714.099999999976717, 214865.03 ], [ 443712.099999999976717, 214863.53 ], [ 443707.099999999976717, 214862.53 ], [ 443703.099999999976717, 214860.03 ], [ 443700.099999999976717, 214859.53 ], [ 443699.099999999976717, 214858.03 ], [ 443693.599999999976717, 214856.53 ], [ 443693.099999999976717, 214855.53 ], [ 443688.099999999976717, 214854.03 ], [ 443686.599999999976717, 214852.53 ], [ 443684.599999999976717, 214852.53 ], [ 443684.099999999976717, 214851.53 ], [ 443681.599999999976717, 214851.03 ], [ 443677.099999999976717, 214848.03 ], [ 443674.599999999976717, 214847.53 ], [ 443674.599999999976717, 214846.53 ], [ 443667.599999999976717, 214843.53 ], [ 443662.099999999976717, 214839.53 ], [ 443660.599999999976717, 214839.53 ], [ 443659.599999999976717, 214838.03 ], [ 443654.099999999976717, 214835.53 ], [ 443653.099999999976717, 214834.03 ], [ 443649.099999999976717, 214832.03 ], [ 443649.099999999976717, 214831.03 ], [ 443643.599999999976717, 214828.03 ], [ 443643.599999999976717, 214827.03 ], [ 443642.099999999976717, 214827.03 ], [ 443641.599999999976717, 214825.53 ], [ 443639.099999999976717, 214824.53 ], [ 443631.599999999976717, 214817.53 ], [ 443630.599999999976717, 214817.53 ], [ 443629.599999999976717, 214815.53 ], [ 443628.599999999976717, 214815.53 ], [ 443628.099999999976717, 214814.03 ], [ 443627.099999999976717, 214814.03 ], [ 443626.599999999976717, 214812.53 ], [ 443625.599999999976717, 214812.53 ], [ 443625.099999999976717, 214811.03 ], [ 443622.099999999976717, 214808.53 ], [ 443621.099999999976717, 214806.03 ], [ 443619.599999999976717, 214805.53 ], [ 443619.599999999976717, 214804.03 ], [ 443618.099999999976717, 214803.53 ], [ 443616.099999999976717, 214800.03 ], [ 443615.099999999976717, 214800.03 ], [ 443613.599999999976717, 214797.03 ], [ 443612.599999999976717, 214797.03 ], [ 443612.599999999976717, 214795.53 ], [ 443611.099999999976717, 214795.03 ], [ 443609.099999999976717, 214791.53 ], [ 443608.099999999976717, 214791.53 ], [ 443608.099999999976717, 214790.03 ], [ 443606.599999999976717, 214789.53 ], [ 443601.099999999976717, 214781.53 ], [ 443597.599999999976717, 214779.53 ], [ 443598.099999999976717, 214778.53 ], [ 443594.099999999976717, 214775.03 ], [ 443592.099999999976717, 214771.53 ], [ 443591.099999999976717, 214771.53 ], [ 443588.099999999976717, 214767.53 ], [ 443584.099999999976717, 214757.53 ], [ 443582.599999999976717, 214756.03 ], [ 443579.599999999976717, 214746.03 ], [ 443578.599999999976717, 214735.53 ], [ 443578.599999999976717, 214720.53 ], [ 443581.099999999976717, 214720.53 ], [ 443582.099999999976717, 214718.53 ], [ 443581.099999999976717, 214717.53 ], [ 443578.599999999976717, 214718.03 ], [ 443578.099999999976717, 214717.03 ], [ 443577.099999999976717, 214693.03 ], [ 443573.099999999976717, 214692.53 ], [ 443575.099999999976717, 214691.53 ], [ 443573.099999999976717, 214690.53 ], [ 443572.099999999976717, 214690.53 ], [ 443572.599999999976717, 214692.03 ], [ 443567.099999999976717, 214692.03 ], [ 443568.599999999976717, 214694.03 ], [ 443567.599999999976717, 214696.03 ], [ 443565.599999999976717, 214694.53 ], [ 443565.599999999976717, 214693.53 ], [ 443564.599999999976717, 214693.53 ], [ 443535.099999999976717, 214724.03 ], [ 443535.099999999976717, 214725.53 ], [ 443537.599999999976717, 214726.03 ], [ 443544.099999999976717, 214725.53 ], [ 443548.599999999976717, 214723.03 ], [ 443550.599999999976717, 214719.53 ], [ 443556.599999999976717, 214714.03 ], [ 443564.599999999976717, 214713.03 ], [ 443567.599999999976717, 214734.03 ], [ 443563.599999999976717, 214742.03 ], [ 443556.099999999976717, 214751.03 ], [ 443517.099999999976717, 214774.53 ], [ 443518.599999999976717, 214781.53 ], [ 443526.599999999976717, 214798.53 ], [ 443535.599999999976717, 214812.03 ], [ 443537.099999999976717, 214813.03 ], [ 443543.099999999976717, 214823.03 ], [ 443544.599999999976717, 214824.03 ], [ 443549.599999999976717, 214832.53 ], [ 443552.599999999976717, 214835.03 ], [ 443581.099999999976717, 214850.53 ], [ 443585.099999999976717, 214853.53 ], [ 443622.099999999976717, 214873.03 ], [ 443622.599999999976717, 214874.03 ], [ 443627.599999999976717, 214876.03 ], [ 443628.099999999976717, 214877.03 ], [ 443656.099999999976717, 214891.03 ], [ 443656.599999999976717, 214892.03 ], [ 443680.599999999976717, 214903.53 ], [ 443682.099999999976717, 214903.53 ], [ 443698.599999999976717, 214912.03 ], [ 443699.099999999976717, 214913.03 ], [ 443701.599999999976717, 214913.53 ], [ 443735.599999999976717, 214930.53 ], [ 443749.599999999976717, 214940.53 ], [ 443753.099999999976717, 214944.53 ], [ 443754.099999999976717, 214944.53 ], [ 443767.599999999976717, 214958.03 ], [ 443771.099999999976717, 214963.03 ], [ 443782.099999999976717, 214974.53 ], [ 443782.099999999976717, 214975.53 ], [ 443789.599999999976717, 214983.03 ], [ 443792.599999999976717, 214984.53 ], [ 443808.599999999976717, 214983.53 ], [ 443808.099999999976717, 214942.03 ], [ 443823.099999999976717, 214941.53 ], [ 443873.099999999976717, 214958.03 ], [ 443886.099999999976717, 214964.53 ], [ 443904.099999999976717, 214946.53 ], [ 443911.099999999976717, 214941.53 ], [ 443922.599999999976717, 214935.53 ], [ 443950.099999999976717, 214925.03 ], [ 443997.099999999976717, 214910.03 ], [ 444015.099999999976717, 214901.03 ], [ 444023.099999999976717, 214895.03 ], [ 444026.599999999976717, 214891.03 ], [ 444027.599999999976717, 214891.03 ], [ 444030.099999999976717, 214888.03 ], [ 444031.099999999976717, 214888.03 ], [ 444048.099999999976717, 214873.03 ], [ 444051.599999999976717, 214874.03 ], [ 444051.599999999976717, 214875.03 ], [ 444034.099999999976717, 214890.03 ], [ 444033.099999999976717, 214890.03 ], [ 444024.599999999976717, 214898.53 ], [ 444039.599999999976717, 214896.03 ], [ 444076.599999999976717, 214896.53 ], [ 444083.099999999976717, 214894.53 ], [ 444093.599999999976717, 214887.03 ], [ 444095.599999999976717, 214886.53 ], [ 444103.099999999976717, 214880.03 ], [ 444104.099999999976717, 214880.03 ], [ 444111.599999999976717, 214872.53 ], [ 444137.099999999976717, 214836.53 ], [ 444148.599999999976717, 214826.03 ], [ 444149.599999999976717, 214826.03 ], [ 444169.099999999976717, 214807.03 ], [ 444175.099999999976717, 214798.03 ], [ 444193.599999999976717, 214760.53 ], [ 444204.099999999976717, 214744.53 ], [ 444216.099999999976717, 214730.03 ], [ 444222.099999999976717, 214726.53 ], [ 444242.099999999976717, 214719.53 ], [ 444256.099999999976717, 214715.53 ], [ 444277.599999999976717, 214711.53 ], [ 444292.599999999976717, 214711.03 ], [ 444307.099999999976717, 214713.03 ], [ 444317.599999999976717, 214715.53 ], [ 444325.099999999976717, 214715.53 ], [ 444328.099999999976717, 214714.03 ], [ 444336.099999999976717, 214705.53 ], [ 444337.099999999976717, 214705.53 ], [ 444341.599999999976717, 214699.53 ], [ 444343.099999999976717, 214689.53 ], [ 444339.099999999976717, 214678.03 ], [ 444336.599999999976717, 214674.03 ], [ 444325.099999999976717, 214663.53 ], [ 444310.599999999976717, 214653.53 ], [ 444301.099999999976717, 214645.53 ], [ 444287.599999999976717, 214637.03 ], [ 444264.599999999976717, 214627.03 ], [ 444251.599999999976717, 214623.53 ], [ 444244.099999999976717, 214619.53 ], [ 444240.099999999976717, 214619.03 ], [ 444236.599999999976717, 214616.53 ], [ 444234.599999999976717, 214617.03 ], [ 444221.599999999976717, 214629.53 ], [ 444216.099999999976717, 214633.53 ], [ 444184.099999999976717, 214664.53 ], [ 444161.099999999976717, 214670.03 ], [ 444161.099999999976717, 214667.53 ], [ 444163.099999999976717, 214665.03 ], [ 444163.099999999976717, 214659.53 ], [ 444162.099999999976717, 214657.53 ], [ 444167.599999999976717, 214648.53 ], [ 444170.099999999976717, 214647.53 ], [ 444172.599999999976717, 214644.53 ], [ 444176.599999999976717, 214643.53 ], [ 444188.599999999976717, 214631.03 ], [ 444188.599999999976717, 214630.03 ], [ 444191.099999999976717, 214628.03 ], [ 444191.099999999976717, 214627.03 ], [ 444193.599999999976717, 214625.03 ], [ 444198.099999999976717, 214618.53 ], [ 444211.599999999976717, 214603.03 ], [ 444211.599999999976717, 214602.03 ], [ 444208.599999999976717, 214600.53 ], [ 444213.099999999976717, 214596.53 ], [ 444215.099999999976717, 214597.53 ], [ 444229.599999999976717, 214589.53 ], [ 444235.599999999976717, 214587.53 ], [ 444254.099999999976717, 214583.03 ], [ 444269.599999999976717, 214581.03 ], [ 444336.099999999976717, 214582.53 ], [ 444368.599999999976717, 214586.53 ], [ 444371.099999999976717, 214605.03 ], [ 444395.099999999976717, 214600.03 ], [ 444459.599999999976717, 214635.03 ], [ 444488.099999999976717, 214642.03 ], [ 444551.099999999976717, 214645.53 ], [ 444565.599999999976717, 214659.53 ], [ 444579.099999999976717, 214668.03 ], [ 444602.099999999976717, 214679.53 ], [ 444608.599999999976717, 214680.03 ], [ 444613.099999999976717, 214682.03 ], [ 444622.599999999976717, 214690.03 ], [ 444624.599999999976717, 214690.03 ], [ 444629.099999999976717, 214694.03 ], [ 444635.099999999976717, 214693.03 ], [ 444639.099999999976717, 214698.03 ], [ 444646.099999999976717, 214710.03 ], [ 444656.599999999976717, 214714.53 ], [ 444661.099999999976717, 214724.03 ], [ 444674.599999999976717, 214725.03 ], [ 444677.599999999976717, 214726.03 ], [ 444691.099999999976717, 214755.03 ], [ 444700.599999999976717, 214769.03 ], [ 444705.599999999976717, 214793.03 ], [ 444713.599999999976717, 214814.03 ], [ 444715.599999999976717, 214836.03 ], [ 444716.099999999976717, 214874.53 ], [ 444714.599999999976717, 214886.53 ], [ 444709.099999999976717, 214901.53 ], [ 444703.599999999976717, 214913.03 ], [ 444687.599999999976717, 214954.03 ], [ 444665.599999999976717, 215000.03 ], [ 444688.099999999976717, 215011.03 ], [ 444694.099999999976717, 215008.03 ], [ 444701.599999999976717, 215008.03 ], [ 444706.599999999976717, 215013.03 ], [ 444707.599999999976717, 215018.53 ], [ 444715.099999999976717, 215019.53 ] ], [ [ 444247.099999999976717, 214573.03 ], [ 444246.099999999976717, 214560.03 ], [ 444244.099999999976717, 214551.53 ], [ 444244.599999999976717, 214548.53 ], [ 444254.099999999976717, 214546.53 ], [ 444269.599999999976717, 214546.03 ], [ 444294.599999999976717, 214546.03 ], [ 444302.599999999976717, 214547.03 ], [ 444309.599999999976717, 214545.03 ], [ 444314.599999999976717, 214571.53 ], [ 444247.099999999976717, 214573.03 ] ], [ [ 444183.599999999976717, 214504.53 ], [ 444174.099999999976717, 214503.53 ], [ 444163.599999999976717, 214500.53 ], [ 444158.599999999976717, 214498.03 ], [ 444148.099999999976717, 214489.53 ], [ 444148.099999999976717, 214486.53 ], [ 444149.099999999976717, 214485.53 ], [ 444160.099999999976717, 214479.53 ], [ 444168.599999999976717, 214471.53 ], [ 444173.599999999976717, 214462.53 ], [ 444173.599999999976717, 214459.53 ], [ 444184.599999999976717, 214465.03 ], [ 444183.599999999976717, 214466.03 ], [ 444180.099999999976717, 214482.53 ], [ 444175.099999999976717, 214493.03 ], [ 444175.099999999976717, 214497.53 ], [ 444176.099999999976717, 214498.03 ], [ 444181.099999999976717, 214499.03 ], [ 444184.099999999976717, 214498.53 ], [ 444188.099999999976717, 214490.03 ], [ 444189.099999999976717, 214485.03 ], [ 444188.599999999976717, 214467.03 ], [ 444197.099999999976717, 214467.53 ], [ 444196.599999999976717, 214475.53 ], [ 444197.599999999976717, 214490.53 ], [ 444196.599999999976717, 214495.03 ], [ 444194.599999999976717, 214499.03 ], [ 444190.599999999976717, 214503.53 ], [ 444188.099999999976717, 214504.53 ], [ 444183.599999999976717, 214504.53 ] ] ] } },
{ "type": "Feature", "properties": { "mainhabs": "Deciduous woodland", "habcodes": "DWOOD", "featdesc": null, "featcodes": null, "otherclass": null, "addhabs": null, "primsource": "National Forest Inventory 2023 (DWOOD)", "areaha": "0.14", "version": "Sep_25", "uid": "PHID44308895_021477570", "shape_length": null, "shape_area": null, "site": "blenheim", "pid": 8, "method": "grabcut2" }, "geometry": { "type": "Polygon", "coordinates": [ [ [ 443052.599999999976717, 214871.53 ], [ 443053.599999999976717, 214871.53 ], [ 443059.099999999976717, 214863.03 ], [ 443065.099999999976717, 214856.03 ], [ 443066.099999999976717, 214853.53 ], [ 443067.599999999976717, 214852.53 ], [ 443073.099999999976717, 214842.53 ], [ 443077.599999999976717, 214831.53 ], [ 443090.099999999976717, 214778.03 ], [ 443111.599999999976717, 214734.53 ], [ 443114.599999999976717, 214723.53 ], [ 443115.599999999976717, 214714.53 ], [ 443116.599999999976717, 214713.03 ], [ 443117.099999999976717, 214704.53 ], [ 443122.599999999976717, 214694.03 ], [ 443126.599999999976717, 214682.03 ], [ 443129.099999999976717, 214681.03 ], [ 443130.599999999976717, 214675.03 ], [ 443128.099999999976717, 214673.03 ], [ 443130.599999999976717, 214671.53 ], [ 443131.099999999976717, 214669.03 ], [ 443126.099999999976717, 214670.03 ], [ 443124.599999999976717, 214669.03 ], [ 443123.599999999976717, 214670.03 ], [ 443123.099999999976717, 214673.53 ], [ 443124.599999999976717, 214673.53 ], [ 443126.099999999976717, 214675.53 ], [ 443124.099999999976717, 214677.53 ], [ 443123.099999999976717, 214677.03 ], [ 443123.099999999976717, 214679.03 ], [ 443119.599999999976717, 214678.53 ], [ 443117.599999999976717, 214681.03 ], [ 443117.599999999976717, 214683.03 ], [ 443119.599999999976717, 214684.53 ], [ 443115.099999999976717, 214698.53 ], [ 443114.099999999976717, 214699.53 ], [ 443096.599999999976717, 214750.03 ], [ 443094.599999999976717, 214753.03 ], [ 443093.099999999976717, 214759.03 ], [ 443085.599999999976717, 214773.53 ], [ 443082.599999999976717, 214788.03 ], [ 443081.599999999976717, 214799.53 ], [ 443077.099999999976717, 214817.53 ], [ 443072.599999999976717, 214827.53 ], [ 443071.599999999976717, 214828.03 ], [ 443069.599999999976717, 214833.03 ], [ 443061.099999999976717, 214846.03 ], [ 443060.599999999976717, 214848.03 ], [ 443049.599999999976717, 214864.53 ], [ 443046.599999999976717, 214867.53 ], [ 443046.599999999976717, 214868.53 ], [ 443052.599999999976717, 214871.53 ] ], [ [ 443126.599999999976717, 214674.03 ], [ 443126.099999999976717, 214673.53 ], [ 443126.099999999976717, 214672.53 ], [ 443127.599999999976717, 214673.53 ], [ 443126.599999999976717, 214674.03 ] ] ] } },
{ "type": "Feature", "properties": { "mainhabs": "Deciduous woodland", "habcodes": "DWOOD", "featdesc": null, "featcodes": null, "otherclass": null, "addhabs": null, "primsource": "National Forest Inventory 2023 (DWOOD)", "areaha": "2.08", "version": "Sep_25", "uid": "PHID44215165_021514045", "shape_length": null, "shape_area": null, "site": "blenheim", "pid": 10, "method": "grabcut2" }, "geometry": { "type": "Polygon", "coordinates": [ [ [ 442112.099999999976717, 215281.53 ], [ 442128.099999999976717, 215265.03 ], [ 442130.099999999976717, 215265.03 ], [ 442131.099999999976717, 215266.03 ], [ 442134.599999999976717, 215265.53 ], [ 442146.099999999976717, 215251.03 ], [ 442160.099999999976717, 215214.53 ], [ 442175.099999999976717, 215187.03 ], [ 442199.599999999976717, 215125.53 ], [ 442222.599999999976717, 215075.03 ], [ 442222.599999999976717, 215073.53 ], [ 442322.599999999976717, 215045.03 ], [ 442366.599999999976717, 215031.53 ], [ 442372.099999999976717, 215031.03 ], [ 442373.099999999976717, 215029.53 ], [ 442369.599999999976717, 215026.53 ], [ 442365.599999999976717, 215026.53 ], [ 442363.099999999976717, 215027.53 ], [ 442362.099999999976717, 215025.53 ], [ 442360.599999999976717, 215025.53 ], [ 442360.099999999976717, 215026.53 ], [ 442356.599999999976717, 215023.03 ], [ 442353.099999999976717, 215022.03 ], [ 442351.099999999976717, 215019.53 ], [ 442341.099999999976717, 215019.03 ], [ 442340.599999999976717, 215018.03 ], [ 442338.599999999976717, 215018.03 ], [ 442337.099999999976717, 215015.53 ], [ 442330.599999999976717, 215014.53 ], [ 442328.599999999976717, 215012.53 ], [ 442323.099999999976717, 215012.53 ], [ 442316.099999999976717, 215009.53 ], [ 442314.599999999976717, 215009.53 ], [ 442313.599999999976717, 215011.03 ], [ 442312.099999999976717, 215009.53 ], [ 442309.599999999976717, 215010.53 ], [ 442308.099999999976717, 215007.53 ], [ 442306.099999999976717, 215006.03 ], [ 442301.099999999976717, 215006.03 ], [ 442301.099999999976717, 215007.03 ], [ 442299.599999999976717, 215007.03 ], [ 442298.599999999976717, 215005.53 ], [ 442297.599999999976717, 215007.03 ], [ 442296.599999999976717, 215006.03 ], [ 442295.099999999976717, 215006.53 ], [ 442291.599999999976717, 215003.53 ], [ 442292.599999999976717, 215002.03 ], [ 442291.599999999976717, 215001.03 ], [ 442289.599999999976717, 215001.03 ], [ 442288.599999999976717, 215000.03 ], [ 442275.599999999976717, 214998.53 ], [ 442272.099999999976717, 215001.03 ], [ 442265.599999999976717, 214999.53 ], [ 442262.599999999976717, 215002.03 ], [ 442260.599999999976717, 215002.03 ], [ 442260.099999999976717, 215001.03 ], [ 442254.099999999976717, 215001.03 ], [ 442254.099999999976717, 214999.03 ], [ 442251.099999999976717, 214998.03 ], [ 442250.099999999976717, 214995.53 ], [ 442245.599999999976717, 214996.03 ], [ 442235.599999999976717, 214994.53 ], [ 442225.599999999976717, 214995.53 ], [ 442221.599999999976717, 214995.03 ], [ 442213.099999999976717, 214996.53 ], [ 442210.599999999976717, 214999.53 ], [ 442206.099999999976717, 214998.53 ], [ 442205.599999999976717, 215000.03 ], [ 442203.599999999976717, 215000.03 ], [ 442203.099999999976717, 214998.53 ], [ 442201.099999999976717, 214998.03 ], [ 442197.599999999976717, 215001.03 ], [ 442193.099999999976717, 215001.03 ], [ 442192.599999999976717, 215002.03 ], [ 442189.099999999976717, 215001.53 ], [ 442186.099999999976717, 215003.03 ], [ 442181.099999999976717, 215003.03 ], [ 442179.099999999976717, 215004.53 ], [ 442177.099999999976717, 215004.53 ], [ 442174.599999999976717, 215007.53 ], [ 442172.099999999976717, 215007.53 ], [ 442170.099999999976717, 215011.03 ], [ 442164.099999999976717, 215011.03 ], [ 442162.099999999976717, 215012.53 ], [ 442162.099999999976717, 215015.53 ], [ 442164.599999999976717, 215018.53 ], [ 442164.599999999976717, 215020.03 ], [ 442195.599999999976717, 215051.53 ], [ 442187.599999999976717, 215058.03 ], [ 442183.599999999976717, 215064.53 ], [ 442173.099999999976717, 215074.53 ], [ 442173.099999999976717, 215075.53 ], [ 442166.099999999976717, 215082.03 ], [ 442165.599999999976717, 215083.53 ], [ 442164.599999999976717, 215083.53 ], [ 442162.099999999976717, 215086.53 ], [ 442161.099999999976717, 215086.53 ], [ 442159.099999999976717, 215089.03 ], [ 442158.099999999976717, 215089.03 ], [ 442156.099999999976717, 215091.53 ], [ 442155.099999999976717, 215091.53 ], [ 442153.099999999976717, 215094.03 ], [ 442152.099999999976717, 215094.03 ], [ 442150.099999999976717, 215096.53 ], [ 442149.099999999976717, 215096.53 ], [ 442135.599999999976717, 215108.03 ], [ 442130.599999999976717, 215115.53 ], [ 442124.099999999976717, 215121.53 ], [ 442121.599999999976717, 215126.03 ], [ 442113.099999999976717, 215135.03 ], [ 442107.599999999976717, 215143.53 ], [ 442085.099999999976717, 215167.53 ], [ 442080.599999999976717, 215175.03 ], [ 442080.099999999976717, 215182.03 ], [ 442084.599999999976717, 215189.03 ], [ 442100.599999999976717, 215191.53 ], [ 442104.099999999976717, 215193.03 ], [ 442116.099999999976717, 215200.53 ], [ 442119.099999999976717, 215203.53 ], [ 442121.599999999976717, 215204.53 ], [ 442122.599999999976717, 215206.03 ], [ 442125.099999999976717, 215207.03 ], [ 442130.099999999976717, 215211.53 ], [ 442132.599999999976717, 215212.53 ], [ 442143.099999999976717, 215220.53 ], [ 442143.099999999976717, 215222.03 ], [ 442134.599999999976717, 215238.53 ], [ 442126.599999999976717, 215251.53 ], [ 442123.099999999976717, 215259.53 ], [ 442122.099999999976717, 215260.03 ], [ 442112.099999999976717, 215281.53 ] ] ] } },
{ "type": "Feature", "properties": { "mainhabs": "Deciduous woodland", "habcodes": "DWOOD", "featdesc": null, "featcodes": null, "otherclass": null, "addhabs": null, "primsource": "National Forest Inventory 2023 (DWOOD)", "areaha": "0.33", "version": "Sep_25", "uid": "PHID44232516_021495583", "shape_length": null, "shape_area": null, "site": "blenheim", "pid": 11, "method": "grabcut2" }, "geometry": { "type": "Polygon", "coordinates": [ [ [ 442331.099999999976717, 215013.03 ], [ 442337.099999999976717, 215012.53 ], [ 442337.599999999976717, 215011.53 ], [ 442340.599999999976717, 215012.53 ], [ 442340.599999999976717, 215007.53 ], [ 442342.099999999976717, 215005.53 ], [ 442339.099999999976717, 215004.53 ], [ 442337.099999999976717, 215002.03 ], [ 442337.599999999976717, 214999.03 ], [ 442336.599999999976717, 214998.03 ], [ 442338.599999999976717, 214996.03 ], [ 442337.599999999976717, 214994.03 ], [ 442336.599999999976717, 214994.03 ], [ 442336.599999999976717, 214985.53 ], [ 442337.599999999976717, 214984.53 ], [ 442335.099999999976717, 214982.53 ], [ 442335.099999999976717, 214981.53 ], [ 442330.599999999976717, 214981.53 ], [ 442330.099999999976717, 214980.03 ], [ 442329.099999999976717, 214980.03 ], [ 442329.099999999976717, 214976.53 ], [ 442333.599999999976717, 214974.03 ], [ 442334.099999999976717, 214971.53 ], [ 442335.099999999976717, 214971.53 ], [ 442334.599999999976717, 214969.53 ], [ 442336.599999999976717, 214967.53 ], [ 442337.099999999976717, 214965.03 ], [ 442336.599999999976717, 214963.03 ], [ 442334.099999999976717, 214960.53 ], [ 442336.599999999976717, 214958.53 ], [ 442336.599999999976717, 214956.03 ], [ 442335.599999999976717, 214955.53 ], [ 442335.099999999976717, 214953.53 ], [ 442336.099999999976717, 214952.03 ], [ 442330.099999999976717, 214947.53 ], [ 442330.599999999976717, 214944.03 ], [ 442328.599999999976717, 214942.53 ], [ 442328.599999999976717, 214940.03 ], [ 442329.099999999976717, 214939.03 ], [ 442330.599999999976717, 214939.03 ], [ 442331.099999999976717, 214935.53 ], [ 442329.599999999976717, 214934.53 ], [ 442328.599999999976717, 214936.03 ], [ 442326.099999999976717, 214936.53 ], [ 442324.099999999976717, 214936.03 ], [ 442323.599999999976717, 214934.53 ], [ 442321.599999999976717, 214934.53 ], [ 442320.099999999976717, 214936.03 ], [ 442317.599999999976717, 214934.03 ], [ 442315.099999999976717, 214934.53 ], [ 442313.099999999976717, 214933.53 ], [ 442310.099999999976717, 214936.53 ], [ 442308.099999999976717, 214936.03 ], [ 442307.099999999976717, 214934.53 ], [ 442305.099999999976717, 214934.53 ], [ 442304.599999999976717, 214935.53 ], [ 442300.599999999976717, 214935.53 ], [ 442297.599999999976717, 214938.03 ], [ 442295.099999999976717, 214937.53 ], [ 442292.599999999976717, 214940.53 ], [ 442291.099999999976717, 214941.03 ], [ 442291.099999999976717, 214944.03 ], [ 442288.599999999976717, 214945.03 ], [ 442290.099999999976717, 214946.53 ], [ 442290.099999999976717, 214949.03 ], [ 442291.099999999976717, 214949.03 ], [ 442291.599999999976717, 214951.03 ], [ 442290.599999999976717, 214951.53 ], [ 442291.099999999976717, 214953.53 ], [ 442289.599999999976717, 214954.53 ], [ 442289.599999999976717, 214957.53 ], [ 442290.599999999976717, 214957.53 ], [ 442290.599999999976717, 214958.53 ], [ 442289.599999999976717, 214958.53 ], [ 442289.099999999976717, 214960.53 ], [ 442289.599999999976717, 214962.53 ], [ 442291.099999999976717, 214963.03 ], [ 442291.099999999976717, 214965.53 ], [ 442289.599999999976717, 214966.03 ], [ 442290.599999999976717, 214968.53 ], [ 442289.599999999976717, 214969.03 ], [ 442289.599999999976717, 214971.53 ], [ 442288.599999999976717, 214972.03 ], [ 442288.599999999976717, 214975.03 ], [ 442287.599999999976717, 214975.53 ], [ 442288.099999999976717, 214979.53 ], [ 442285.599999999976717, 214980.03 ], [ 442285.099999999976717, 214982.53 ], [ 442281.099999999976717, 214985.53 ], [ 442280.599999999976717, 214987.03 ], [ 442279.599999999976717, 214987.03 ], [ 442279.599999999976717, 214991.53 ], [ 442278.599999999976717, 214991.53 ], [ 442279.099999999976717, 214993.03 ], [ 442278.099999999976717, 214995.03 ], [ 442279.599999999976717, 214997.53 ], [ 442282.599999999976717, 214997.53 ], [ 442282.599999999976717, 214998.53 ], [ 442285.599999999976717, 214996.53 ], [ 442288.099999999976717, 214997.03 ], [ 442288.099999999976717, 214998.03 ], [ 442292.599999999976717, 215002.03 ], [ 442292.599999999976717, 215005.03 ], [ 442294.599999999976717, 215005.53 ], [ 442295.099999999976717, 215006.53 ], [ 442296.599999999976717, 215006.03 ], [ 442297.599999999976717, 215007.03 ], [ 442298.599999999976717, 215005.53 ], [ 442299.599999999976717, 215007.03 ], [ 442301.099999999976717, 215007.03 ], [ 442301.099999999976717, 215006.03 ], [ 442306.099999999976717, 215006.03 ], [ 442308.099999999976717, 215007.53 ], [ 442309.599999999976717, 215010.53 ], [ 442312.099999999976717, 215009.53 ], [ 442313.599999999976717, 215011.03 ], [ 442314.599999999976717, 215009.53 ], [ 442316.099999999976717, 215009.53 ], [ 442323.099999999976717, 215012.53 ], [ 442330.099999999976717, 215012.03 ], [ 442331.099999999976717, 215013.03 ] ] ] } },
{ "type": "Feature", "properties": { "mainhabs": "Coastal and floodplain grazing marsh", "habcodes": "CFPGM", "featdesc": null, "featcodes": null, "otherclass": null, "addhabs": null, "primsource": "Environment Agency Flood Zone 3 Oxfordshire digital data 2009 (CFPGM)", "areaha": "0.04", "version": "Sep_25", "uid": "PHID44558501_020942609", "shape_length": null, "shape_area": null, "site": "northfieldfarm", "pid": 0, "method": "grabcut2" }, "geometry": { "type": "Polygon", "coordinates": [ [ [ 445625.3491, 209470.575868731277296 ], [ 445625.8491, 209469.575868731277296 ], [ 445623.8491, 209468.075868731277296 ], [ 445624.3491, 209466.575868731277296 ], [ 445622.3491, 209466.075868731277296 ], [ 445621.8491, 209464.575868731277296 ], [ 445620.8491, 209464.575868731277296 ], [ 445620.8491, 209463.075868731277296 ], [ 445618.8491, 209462.575868731277296 ], [ 445617.8491, 209460.575868731277296 ], [ 445616.3491, 209460.075868731277296 ], [ 445616.3491, 209458.575868731277296 ], [ 445614.8491, 209458.075868731277296 ], [ 445615.3491, 209456.575868731277296 ], [ 445614.3491, 209456.575868731277296 ], [ 445612.3491, 209453.075868731277296 ], [ 445610.3491, 209452.575868731277296 ], [ 445608.3491, 209449.075868731277296 ], [ 445605.8491, 209448.575868731277296 ], [ 445605.8491, 209447.575868731277296 ], [ 445604.8491, 209447.575868731277296 ], [ 445600.3491, 209442.575868731277296 ], [ 445600.3491, 209441.575868731277296 ], [ 445598.3491, 209440.575868731277296 ], [ 445596.8491, 209437.075868731277296 ], [ 445595.3491, 209436.575868731277296 ], [ 445595.3491, 209434.575868731277296 ], [ 445591.3491, 209431.575868731277296 ], [ 445590.8491, 209429.075868731277296 ], [ 445588.8491, 209428.575868731277296 ], [ 445587.3491, 209425.075868731277296 ], [ 445583.3491, 209422.075868731277296 ], [ 445581.8491, 209418.075868731277296 ], [ 445579.3491, 209416.575868731277296 ], [ 445579.3491, 209414.575868731277296 ], [ 445576.3491, 209412.575868731277296 ], [ 445576.3491, 209410.575868731277296 ], [ 445572.8491, 209408.575868731277296 ], [ 445571.3491, 209405.075868731277296 ], [ 445567.3491, 209402.075868731277296 ], [ 445566.8491, 209400.575868731277296 ], [ 445565.8491, 209400.575868731277296 ], [ 445565.8491, 209398.575868731277296 ], [ 445561.8491, 209395.575868731277296 ], [ 445561.8491, 209394.575868731277296 ], [ 445560.8491, 209394.575868731277296 ], [ 445560.8491, 209393.075868731277296 ], [ 445559.3491, 209392.575868731277296 ], [ 445558.8491, 209390.575868731277296 ], [ 445555.3491, 209388.575868731277296 ], [ 445555.3491, 209386.575868731277296 ], [ 445551.3491, 209383.575868731277296 ], [ 445550.8491, 209381.075868731277296 ], [ 445549.8491, 209381.075868731277296 ], [ 445549.8491, 209379.575868731277296 ], [ 445548.8491, 209379.575868731277296 ], [ 445548.3491, 209378.075868731277296 ], [ 445547.3491, 209378.075868731277296 ], [ 445546.8491, 209375.575868731277296 ], [ 445544.8491, 209374.575868731277296 ], [ 445544.3491, 209372.575868731277296 ], [ 445543.3491, 209372.575868731277296 ], [ 445542.8491, 209370.075868731277296 ], [ 445540.8491, 209369.075868731277296 ], [ 445540.8491, 209367.575868731277296 ], [ 445538.8491, 209366.075868731277296 ], [ 445536.8491, 209366.575868731277296 ], [ 445536.8491, 209368.575868731277296 ], [ 445537.8491, 209368.575868731277296 ], [ 445537.8491, 209369.575868731277296 ], [ 445541.8491, 209373.075868731277296 ], [ 445543.8491, 209376.575868731277296 ], [ 445544.8491, 209376.575868731277296 ], [ 445544.8491, 209378.075868731277296 ], [ 445546.8491, 209379.075868731277296 ], [ 445546.8491, 209380.575868731277296 ], [ 445548.8491, 209381.575868731277296 ], [ 445565.3491, 209405.575868731277296 ], [ 445576.8491, 209419.075868731277296 ], [ 445576.8491, 209420.075868731277296 ], [ 445579.3491, 209422.075868731277296 ], [ 445579.3491, 209423.075868731277296 ], [ 445581.8491, 209425.075868731277296 ], [ 445581.8491, 209426.075868731277296 ], [ 445612.8491, 209456.575868731277296 ], [ 445612.8491, 209457.575868731277296 ], [ 445625.3491, 209470.575868731277296 ] ] ] } },
{ "type": "Feature", "properties": { "mainhabs": "Coastal and floodplain grazing marsh", "habcodes": "CFPGM", "featdesc": null, "featcodes": null, "otherclass": null, "addhabs": null, "primsource": "Environment Agency Flood Zone 3 Oxfordshire digital data 2009 (CFPGM)", "areaha": "0.04", "version": "Sep_25", "uid": "PHID44574718_020969518", "shape_length": null, "shape_area": null, "site": "northfieldfarm", "pid": 1, "method": "grabcut2" }, "geometry": { "type": "MultiPolygon", "coordinates": [ [ [ [ 445730.8491, 209647.075868731277296 ], [ 445734.3491, 209664.575868731277296 ], [ 445738.8491, 209679.575868731277296 ], [ 445745.3491, 209695.575868731277296 ], [ 445752.8491, 209710.075868731277296 ], [ 445758.8491, 209719.075868731277296 ], [ 445766.8491, 209728.075868731277296 ], [ 445768.8491, 209734.075868731277296 ], [ 445770.3491, 209735.575868731277296 ], [ 445770.3491, 209737.575868731277296 ], [ 445775.8491, 209741.575868731277296 ], [ 445778.3491, 209741.075868731277296 ], [ 445778.3491, 209742.075868731277296 ], [ 445779.8491, 209742.575868731277296 ], [ 445780.3491, 209746.075868731277296 ], [ 445781.3491, 209746.075868731277296 ], [ 445785.3491, 209750.075868731277296 ], [ 445788.3491, 209751.075868731277296 ], [ 445789.8491, 209753.075868731277296 ], [ 445792.3491, 209753.575868731277296 ], [ 445792.8491, 209746.575868731277296 ], [ 445778.3491, 209735.075868731277296 ], [ 445777.3491, 209732.075868731277296 ], [ 445776.3491, 209732.075868731277296 ], [ 445776.3491, 209730.575868731277296 ], [ 445775.3491, 209730.575868731277296 ], [ 445775.3491, 209729.075868731277296 ], [ 445774.3491, 209729.075868731277296 ], [ 445774.3491, 209727.575868731277296 ], [ 445772.3491, 209726.075868731277296 ], [ 445772.3491, 209725.075868731277296 ], [ 445771.3491, 209725.075868731277296 ], [ 445771.3491, 209724.075868731277296 ], [ 445768.8491, 209723.075868731277296 ], [ 445765.3491, 209723.575868731277296 ], [ 445763.8491, 209719.575868731277296 ], [ 445751.8491, 209705.575868731277296 ], [ 445738.8491, 209666.575868731277296 ], [ 445734.3491, 209656.075868731277296 ], [ 445731.3491, 209644.575868731277296 ], [ 445730.8491, 209647.075868731277296 ] ] ], [ [ [ 445730.8491, 209642.075868731277296 ], [ 445723.8491, 209607.575868731277296 ], [ 445721.8491, 209599.575868731277296 ], [ 445719.8491, 209596.575868731277296 ], [ 445719.8491, 209595.575868731277296 ], [ 445720.8491, 209595.575868731277296 ], [ 445720.3491, 209589.075868731277296 ], [ 445718.3491, 209587.575868731277296 ], [ 445717.8491, 209584.075868731277296 ], [ 445716.8491, 209584.075868731277296 ], [ 445716.8491, 209582.575868731277296 ], [ 445715.3491, 209582.075868731277296 ], [ 445715.3491, 209580.075868731277296 ], [ 445712.8491, 209578.575868731277296 ], [ 445712.3491, 209576.075868731277296 ], [ 445710.3491, 209575.575868731277296 ], [ 445709.8491, 209573.075868731277296 ], [ 445708.3491, 209572.075868731277296 ], [ 445707.3491, 209573.575868731277296 ], [ 445706.3491, 209573.075868731277296 ], [ 445706.3491, 209575.075868731277296 ], [ 445707.8491, 209576.075868731277296 ], [ 445710.3491, 209582.075868731277296 ], [ 445712.3491, 209584.075868731277296 ], [ 445712.3491, 209585.575868731277296 ], [ 445713.8491, 209586.575868731277296 ], [ 445714.3491, 209589.075868731277296 ], [ 445715.8491, 209590.075868731277296 ], [ 445719.8491, 209597.575868731277296 ], [ 445721.8491, 209610.075868731277296 ], [ 445727.3491, 209629.575868731277296 ], [ 445730.3491, 209644.575868731277296 ], [ 445730.8491, 209642.075868731277296 ] ] ] ] } },
{ "type": "Feature", "properties": { "mainhabs": "Coastal and floodplain grazing marsh", "habcodes": "CFPGM", "featdesc": null, "featcodes": null, "otherclass": null, "addhabs": null, "primsource": "Environment Agency Flood Zone 3 Oxfordshire digital data 2009 (CFPGM)", "areaha": "0.02", "version": "Sep_25", "uid": "PHID44611190_020973711", "shape_length": null, "shape_area": null, "site": "northfieldfarm", "pid": 2, "method": "grabcut2" }, "geometry": { "type": "Polygon", "coordinates": [ [ [ 446158.3491, 209768.075868731277296 ], [ 446160.3491, 209767.075868731277296 ], [ 446160.3491, 209766.075868731277296 ], [ 446156.8491, 209763.575868731277296 ], [ 446156.3491, 209762.075868731277296 ], [ 446154.3491, 209762.075868731277296 ], [ 446152.3491, 209758.575868731277296 ], [ 446149.8491, 209758.075868731277296 ], [ 446148.8491, 209756.075868731277296 ], [ 446146.3491, 209755.575868731277296 ], [ 446146.3491, 209754.575868731277296 ], [ 446143.3491, 209754.075868731277296 ], [ 446142.3491, 209752.075868731277296 ], [ 446136.8491, 209750.075868731277296 ], [ 446135.3491, 209748.075868731277296 ], [ 446129.8491, 209746.075868731277296 ], [ 446128.3491, 209744.075868731277296 ], [ 446124.8491, 209743.575868731277296 ], [ 446124.8491, 209742.575868731277296 ], [ 446122.8491, 209743.075868731277296 ], [ 446120.8491, 209740.075868731277296 ], [ 446117.8491, 209739.575868731277296 ], [ 446117.8491, 209738.575868731277296 ], [ 446116.3491, 209738.075868731277296 ], [ 446113.8491, 209738.575868731277296 ], [ 446113.8491, 209737.075868731277296 ], [ 446112.3491, 209737.075868731277296 ], [ 446112.3491, 209736.075868731277296 ], [ 446104.8491, 209734.075868731277296 ], [ 446103.3491, 209732.075868731277296 ], [ 446099.3491, 209731.575868731277296 ], [ 446099.3491, 209730.575868731277296 ], [ 446096.3491, 209730.075868731277296 ], [ 446096.3491, 209729.075868731277296 ], [ 446094.3491, 209729.075868731277296 ], [ 446094.3491, 209728.075868731277296 ], [ 446090.3491, 209727.575868731277296 ], [ 446090.3491, 209726.575868731277296 ], [ 446087.3491, 209726.075868731277296 ], [ 446087.3491, 209725.075868731277296 ], [ 446084.8491, 209725.075868731277296 ], [ 446084.8491, 209724.075868731277296 ], [ 446081.8491, 209723.575868731277296 ], [ 446081.8491, 209722.575868731277296 ], [ 446078.3491, 209722.075868731277296 ], [ 446078.3491, 209721.075868731277296 ], [ 446076.3491, 209721.075868731277296 ], [ 446076.3491, 209720.075868731277296 ], [ 446072.8491, 209719.575868731277296 ], [ 446072.8491, 209718.575868731277296 ], [ 446068.8491, 209718.075868731277296 ], [ 446067.3491, 209716.075868731277296 ], [ 446060.8491, 209714.075868731277296 ], [ 446060.8491, 209713.075868731277296 ], [ 446059.3491, 209713.075868731277296 ], [ 446057.8491, 209714.575868731277296 ], [ 446073.3491, 209723.075868731277296 ], [ 446075.3491, 209723.075868731277296 ], [ 446076.8491, 209724.575868731277296 ], [ 446080.8491, 209724.575868731277296 ], [ 446084.3491, 209728.075868731277296 ], [ 446087.8491, 209729.075868731277296 ], [ 446090.3491, 209731.075868731277296 ], [ 446092.3491, 209731.075868731277296 ], [ 446093.8491, 209732.575868731277296 ], [ 446099.3491, 209734.075868731277296 ], [ 446099.8491, 209735.075868731277296 ], [ 446103.3491, 209735.575868731277296 ], [ 446105.3491, 209737.075868731277296 ], [ 446121.3491, 209743.075868731277296 ], [ 446121.3491, 209744.075868731277296 ], [ 446123.3491, 209744.575868731277296 ], [ 446125.8491, 209747.075868731277296 ], [ 446130.8491, 209749.575868731277296 ], [ 446131.8491, 209751.075868731277296 ], [ 446133.3491, 209751.075868731277296 ], [ 446133.3491, 209752.075868731277296 ], [ 446136.8491, 209753.575868731277296 ], [ 446137.8491, 209755.075868731277296 ], [ 446139.3491, 209755.075868731277296 ], [ 446139.3491, 209756.075868731277296 ], [ 446142.3491, 209757.075868731277296 ], [ 446143.8491, 209759.075868731277296 ], [ 446145.3491, 209759.075868731277296 ], [ 446146.3491, 209760.575868731277296 ], [ 446152.3491, 209763.575868731277296 ], [ 446153.3491, 209765.075868731277296 ], [ 446154.8491, 209765.075868731277296 ], [ 446158.3491, 209768.075868731277296 ] ] ] } },
{ "type": "Feature", "properties": { "mainhabs": "Coastal and floodplain grazing marsh", "habcodes": "CFPGM", "featdesc": null, "featcodes": null, "otherclass": null, "addhabs": null, "primsource": "Environment Agency Flood Zone 3 Oxfordshire digital data 2009 (CFPGM)", "areaha": "0.01", "version": "Sep_25", "uid": "PHID44642908_020997336", "shape_length": null, "shape_area": null, "site": "northfieldfarm", "pid": 3, "method": "grabcut2" }, "geometry": { "type": "Polygon", "coordinates": [ [ [ 446459.3491, 209988.075868731277296 ], [ 446460.3491, 209988.075868731277296 ], [ 446462.3491, 209985.575868731277296 ], [ 446460.3491, 209983.075868731277296 ], [ 446455.3491, 209982.075868731277296 ], [ 446452.8491, 209980.075868731277296 ], [ 446450.3491, 209979.575868731277296 ], [ 446449.3491, 209978.075868731277296 ], [ 446445.8491, 209977.575868731277296 ], [ 446444.3491, 209976.075868731277296 ], [ 446436.3491, 209973.575868731277296 ], [ 446434.8491, 209972.075868731277296 ], [ 446432.3491, 209972.075868731277296 ], [ 446432.3491, 209971.075868731277296 ], [ 446430.8491, 209971.075868731277296 ], [ 446430.3491, 209970.075868731277296 ], [ 446427.3491, 209970.075868731277296 ], [ 446424.3491, 209968.075868731277296 ], [ 446416.8491, 209966.075868731277296 ], [ 446416.3491, 209965.075868731277296 ], [ 446410.3491, 209963.575868731277296 ], [ 446408.3491, 209962.075868731277296 ], [ 446400.3491, 209959.575868731277296 ], [ 446398.8491, 209960.075868731277296 ], [ 446394.8491, 209958.075868731277296 ], [ 446392.8491, 209958.075868731277296 ], [ 446391.8491, 209960.075868731277296 ], [ 446390.8491, 209960.075868731277296 ], [ 446392.3491, 209964.075868731277296 ], [ 446393.8491, 209965.075868731277296 ], [ 446396.3491, 209965.075868731277296 ], [ 446396.3491, 209966.075868731277296 ], [ 446398.8491, 209966.075868731277296 ], [ 446399.3491, 209967.075868731277296 ], [ 446400.3491, 209966.575868731277296 ], [ 446402.3491, 209968.075868731277296 ], [ 446409.8491, 209970.075868731277296 ], [ 446410.3491, 209971.075868731277296 ], [ 446413.3491, 209971.075868731277296 ], [ 446415.8491, 209973.075868731277296 ], [ 446422.3491, 209972.575868731277296 ], [ 446423.3491, 209974.075868731277296 ], [ 446426.3491, 209974.075868731277296 ], [ 446426.3491, 209975.075868731277296 ], [ 446429.3491, 209974.575868731277296 ], [ 446434.3491, 209978.575868731277296 ], [ 446434.8491, 209980.075868731277296 ], [ 446440.8491, 209980.575868731277296 ], [ 446442.3491, 209982.075868731277296 ], [ 446443.8491, 209981.575868731277296 ], [ 446444.3491, 209982.575868731277296 ], [ 446446.8491, 209982.075868731277296 ], [ 446450.8491, 209985.075868731277296 ], [ 446454.8491, 209984.575868731277296 ], [ 446456.8491, 209987.575868731277296 ], [ 446459.3491, 209988.075868731277296 ] ] ] } },
{ "type": "Feature", "properties": { "mainhabs": "Coastal and floodplain grazing marsh", "habcodes": "CFPGM", "featdesc": null, "featcodes": null, "otherclass": null, "addhabs": null, "primsource": "Environment Agency Flood Zone 3 Oxfordshire digital data 2009 (CFPGM)", "areaha": "0.11", "version": "Sep_25", "uid": "PHID44645343_020967364", "shape_length": null, "shape_area": null, "site": "northfieldfarm", "pid": 4, "method": "grabcut2" }, "geometry": { "type": "Polygon", "coordinates": [ [ [ 446497.3491, 209704.075868731277296 ], [ 446498.3491, 209704.075868731277296 ], [ 446498.8491, 209702.075868731277296 ], [ 446499.8491, 209702.075868731277296 ], [ 446499.8491, 209699.575868731277296 ], [ 446497.3491, 209696.575868731277296 ], [ 446492.8491, 209694.575868731277296 ], [ 446492.8491, 209693.075868731277296 ], [ 446489.3491, 209686.575868731277296 ], [ 446478.8491, 209678.075868731277296 ], [ 446471.3491, 209674.075868731277296 ], [ 446463.3491, 209673.075868731277296 ], [ 446456.3491, 209670.575868731277296 ], [ 446447.8491, 209669.075868731277296 ], [ 446434.8491, 209664.075868731277296 ], [ 446428.3491, 209660.075868731277296 ], [ 446426.3491, 209660.075868731277296 ], [ 446422.3491, 209657.075868731277296 ], [ 446420.8491, 209657.075868731277296 ], [ 446420.3491, 209656.075868731277296 ], [ 446418.3491, 209656.075868731277296 ], [ 446418.3491, 209655.075868731277296 ], [ 446410.3491, 209651.575868731277296 ], [ 446410.3491, 209650.575868731277296 ], [ 446406.8491, 209649.575868731277296 ], [ 446405.8491, 209648.075868731277296 ], [ 446394.3491, 209643.075868731277296 ], [ 446393.8491, 209642.075868731277296 ], [ 446392.3491, 209642.075868731277296 ], [ 446390.3491, 209640.075868731277296 ], [ 446387.8491, 209640.075868731277296 ], [ 446388.3491, 209642.075868731277296 ], [ 446386.8491, 209642.575868731277296 ], [ 446386.8491, 209647.575868731277296 ], [ 446390.3491, 209648.075868731277296 ], [ 446391.3491, 209650.075868731277296 ], [ 446392.8491, 209650.575868731277296 ], [ 446397.3491, 209650.575868731277296 ], [ 446399.8491, 209654.075868731277296 ], [ 446405.8491, 209656.575868731277296 ], [ 446406.8491, 209658.075868731277296 ], [ 446408.3491, 209658.075868731277296 ], [ 446411.3491, 209660.075868731277296 ], [ 446413.3491, 209659.575868731277296 ], [ 446415.8491, 209661.075868731277296 ], [ 446416.8491, 209660.575868731277296 ], [ 446418.8491, 209664.075868731277296 ], [ 446422.3491, 209664.575868731277296 ], [ 446422.8491, 209666.075868731277296 ], [ 446424.3491, 209666.075868731277296 ], [ 446426.3491, 209668.075868731277296 ], [ 446428.3491, 209668.075868731277296 ], [ 446430.3491, 209670.075868731277296 ], [ 446432.3491, 209670.075868731277296 ], [ 446434.3491, 209672.075868731277296 ], [ 446436.3491, 209672.075868731277296 ], [ 446436.3491, 209673.075868731277296 ], [ 446443.8491, 209676.075868731277296 ], [ 446446.3491, 209678.075868731277296 ], [ 446448.3491, 209678.075868731277296 ], [ 446452.8491, 209681.575868731277296 ], [ 446464.3491, 209686.575868731277296 ], [ 446465.8491, 209688.075868731277296 ], [ 446467.3491, 209688.075868731277296 ], [ 446468.3491, 209689.575868731277296 ], [ 446479.8491, 209694.575868731277296 ], [ 446481.3491, 209696.075868731277296 ], [ 446482.8491, 209696.075868731277296 ], [ 446484.8491, 209698.075868731277296 ], [ 446492.3491, 209701.075868731277296 ], [ 446492.8491, 209702.075868731277296 ], [ 446495.3491, 209703.075868731277296 ], [ 446496.3491, 209702.575868731277296 ], [ 446497.3491, 209704.075868731277296 ] ] ] } },
{ "type": "Feature", "properties": { "mainhabs": "Coastal and floodplain grazing marsh", "habcodes": "CFPGM", "featdesc": null, "featcodes": null, "otherclass": null, "addhabs": null, "primsource": "Environment Agency Flood Zone 3 Oxfordshire digital data 2009 (CFPGM)", "areaha": "5.77", "version": "Sep_25", "uid": "PHID44700748_021006392", "shape_length": null, "shape_area": null, "site": "northfieldfarm", "pid": 5, "method": "grabcut2" }, "geometry": { "type": "Polygon", "coordinates": [ [ [ 447124.8491, 210210.575868731277296 ], [ 447136.3491, 210210.075868731277296 ], [ 447137.8491, 210209.075868731277296 ], [ 447139.8491, 210209.075868731277296 ], [ 447140.3491, 210210.075868731277296 ], [ 447143.8491, 210209.075868731277296 ], [ 447144.3491, 210210.075868731277296 ], [ 447147.3491, 210210.075868731277296 ], [ 447147.8491, 210209.075868731277296 ], [ 447150.8491, 210209.075868731277296 ], [ 447151.3491, 210208.075868731277296 ], [ 447157.3491, 210208.075868731277296 ], [ 447157.8491, 210206.575868731277296 ], [ 447162.8491, 210205.075868731277296 ], [ 447164.3491, 210202.575868731277296 ], [ 447165.8491, 210203.075868731277296 ], [ 447165.8491, 210202.075868731277296 ], [ 447171.3491, 210199.075868731277296 ], [ 447173.8491, 210194.575868731277296 ], [ 447176.8491, 210194.075868731277296 ], [ 447176.8491, 210192.575868731277296 ], [ 447179.8491, 210190.075868731277296 ], [ 447180.3491, 210188.075868731277296 ], [ 447181.8491, 210187.575868731277296 ], [ 447181.3491, 210185.075868731277296 ], [ 447183.8491, 210182.075868731277296 ], [ 447183.8491, 210179.575868731277296 ], [ 447181.8491, 210177.575868731277296 ], [ 447182.8491, 210176.075868731277296 ], [ 447182.3491, 210171.075868731277296 ], [ 447182.8491, 210170.075868731277296 ], [ 447186.8491, 210170.075868731277296 ], [ 447186.3491, 210160.575868731277296 ], [ 447185.8491, 210158.075868731277296 ], [ 447184.8491, 210158.075868731277296 ], [ 447183.3491, 210156.075868731277296 ], [ 447183.8491, 210153.575868731277296 ], [ 447179.8491, 210153.575868731277296 ], [ 447179.8491, 210152.575868731277296 ], [ 447176.3491, 210149.575868731277296 ], [ 447175.8491, 210147.075868731277296 ], [ 447171.8491, 210145.075868731277296 ], [ 447171.8491, 210144.075868731277296 ], [ 447168.3491, 210145.075868731277296 ], [ 447165.8491, 210141.075868731277296 ], [ 447163.8491, 210140.075868731277296 ], [ 447163.8491, 210138.575868731277296 ], [ 447161.8491, 210137.575868731277296 ], [ 447161.8491, 210135.075868731277296 ], [ 447158.8491, 210133.575868731277296 ], [ 447159.3491, 210132.075868731277296 ], [ 447155.8491, 210129.075868731277296 ], [ 447155.8491, 210128.075868731277296 ], [ 447158.3491, 210126.075868731277296 ], [ 447157.8491, 210124.075868731277296 ], [ 447161.8491, 210123.075868731277296 ], [ 447164.8491, 210121.075868731277296 ], [ 447164.8491, 210119.575868731277296 ], [ 447163.3491, 210118.075868731277296 ], [ 447164.8491, 210115.575868731277296 ], [ 447164.8491, 210113.575868731277296 ], [ 447163.8491, 210113.075868731277296 ], [ 447164.8491, 210109.575868731277296 ], [ 447164.3491, 210107.075868731277296 ], [ 447162.3491, 210109.575868731277296 ], [ 447163.8491, 210111.575868731277296 ], [ 447162.8491, 210112.075868731277296 ], [ 447163.3491, 210113.575868731277296 ], [ 447161.8491, 210114.075868731277296 ], [ 447161.3491, 210120.575868731277296 ], [ 447158.3491, 210123.075868731277296 ], [ 447155.8491, 210120.575868731277296 ], [ 447154.8491, 210114.075868731277296 ], [ 447152.8491, 210110.075868731277296 ], [ 447152.8491, 210107.075868731277296 ], [ 447150.3491, 210100.075868731277296 ], [ 447151.8491, 210098.075868731277296 ], [ 447153.8491, 210098.075868731277296 ], [ 447154.8491, 210096.575868731277296 ], [ 447152.3491, 210094.075868731277296 ], [ 447149.8491, 210089.075868731277296 ], [ 447147.8491, 210088.075868731277296 ], [ 447147.8491, 210085.075868731277296 ], [ 447145.8491, 210083.075868731277296 ], [ 447145.8491, 210081.575868731277296 ], [ 447141.8491, 210080.075868731277296 ], [ 447139.8491, 210077.575868731277296 ], [ 447139.3491, 210071.575868731277296 ], [ 447138.3491, 210070.575868731277296 ], [ 447133.3491, 210071.075868731277296 ], [ 447130.8491, 210068.575868731277296 ], [ 447130.8491, 210067.075868731277296 ], [ 447132.8491, 210065.575868731277296 ], [ 447132.8491, 210064.075868731277296 ], [ 447133.8491, 210064.075868731277296 ], [ 447135.3491, 210062.075868731277296 ], [ 447135.8491, 210054.575868731277296 ], [ 447137.8491, 210054.575868731277296 ], [ 447137.3491, 210052.075868731277296 ], [ 447136.3491, 210051.575868731277296 ], [ 447136.3491, 210047.575868731277296 ], [ 447138.8491, 210046.075868731277296 ], [ 447139.8491, 210047.575868731277296 ], [ 447144.3491, 210047.075868731277296 ], [ 447145.8491, 210049.075868731277296 ], [ 447147.3491, 210049.075868731277296 ], [ 447148.3491, 210046.575868731277296 ], [ 447149.8491, 210047.075868731277296 ], [ 447150.8491, 210046.075868731277296 ], [ 447150.8491, 210044.075868731277296 ], [ 447149.8491, 210044.075868731277296 ], [ 447148.3491, 210042.075868731277296 ], [ 447148.3491, 210040.575868731277296 ], [ 447145.8491, 210040.075868731277296 ], [ 447142.8491, 210036.575868731277296 ], [ 447143.3491, 210034.575868731277296 ], [ 447149.3491, 210030.075868731277296 ], [ 447150.3491, 210028.075868731277296 ], [ 447153.8491, 210026.075868731277296 ], [ 447154.8491, 210024.075868731277296 ], [ 447155.8491, 210024.075868731277296 ], [ 447157.8491, 210020.075868731277296 ], [ 447159.8491, 210020.575868731277296 ], [ 447159.8491, 210021.575868731277296 ], [ 447162.8491, 210021.575868731277296 ], [ 447163.8491, 210020.575868731277296 ], [ 447162.8491, 210015.575868731277296 ], [ 447167.3491, 210011.075868731277296 ], [ 447167.8491, 210008.075868731277296 ], [ 447169.3491, 210007.575868731277296 ], [ 447169.8491, 210004.575868731277296 ], [ 447172.8491, 210005.075868731277296 ], [ 447173.3491, 210006.075868731277296 ], [ 447176.3491, 210005.575868731277296 ], [ 447177.3491, 209999.575868731277296 ], [ 447176.3491, 209998.575868731277296 ], [ 447175.3491, 210000.075868731277296 ], [ 447173.8491, 210000.075868731277296 ], [ 447169.8491, 209998.075868731277296 ], [ 447166.8491, 209998.575868731277296 ], [ 447165.8491, 209997.075868731277296 ], [ 447163.3491, 209996.075868731277296 ], [ 447152.3491, 209994.075868731277296 ], [ 447141.3491, 209990.075868731277296 ], [ 447138.3491, 209990.075868731277296 ], [ 447134.3491, 209988.075868731277296 ], [ 447123.3491, 209986.075868731277296 ], [ 447119.3491, 209984.075868731277296 ], [ 447116.3491, 209984.075868731277296 ], [ 447113.8491, 209982.575868731277296 ], [ 447108.3491, 209982.075868731277296 ], [ 447105.3491, 209980.075868731277296 ], [ 447094.3491, 209978.075868731277296 ], [ 447090.3491, 209976.075868731277296 ], [ 447087.3491, 209976.075868731277296 ], [ 447082.8491, 209974.075868731277296 ], [ 447076.8491, 209973.075868731277296 ], [ 447075.8491, 209972.075868731277296 ], [ 447064.3491, 209970.075868731277296 ], [ 447053.3491, 209966.075868731277296 ], [ 447050.3491, 209966.075868731277296 ], [ 447046.3491, 209964.075868731277296 ], [ 447013.3491, 209956.575868731277296 ], [ 447005.8491, 209956.075868731277296 ], [ 446992.3491, 209952.075868731277296 ], [ 446972.3491, 209950.075868731277296 ], [ 446963.8491, 209948.075868731277296 ], [ 446952.3491, 209949.575868731277296 ], [ 446941.3491, 209947.075868731277296 ], [ 446940.3491, 209946.075868731277296 ], [ 446936.8491, 209946.075868731277296 ], [ 446932.3491, 209944.075868731277296 ], [ 446928.3491, 209944.075868731277296 ], [ 446926.3491, 209943.075868731277296 ], [ 446923.8491, 209943.575868731277296 ], [ 446920.3491, 209942.075868731277296 ], [ 446912.3491, 209942.075868731277296 ], [ 446895.8491, 209938.575868731277296 ], [ 446893.8491, 209939.075868731277296 ], [ 446888.8491, 209938.075868731277296 ], [ 446885.3491, 209936.075868731277296 ], [ 446882.3491, 209936.075868731277296 ], [ 446880.3491, 209934.575868731277296 ], [ 446876.3491, 209934.075868731277296 ], [ 446874.3491, 209932.575868731277296 ], [ 446870.3491, 209932.075868731277296 ], [ 446868.3491, 209930.575868731277296 ], [ 446858.8491, 209928.075868731277296 ], [ 446856.3491, 209926.075868731277296 ], [ 446852.8491, 209925.575868731277296 ], [ 446852.3491, 209924.575868731277296 ], [ 446849.3491, 209924.075868731277296 ], [ 446846.3491, 209922.075868731277296 ], [ 446838.3491, 209919.575868731277296 ], [ 446836.8491, 209918.075868731277296 ], [ 446834.3491, 209918.075868731277296 ], [ 446831.3491, 209916.075868731277296 ], [ 446829.3491, 209916.075868731277296 ], [ 446823.3491, 209912.575868731277296 ], [ 446821.3491, 209913.075868731277296 ], [ 446819.3491, 209916.575868731277296 ], [ 446818.8491, 209920.075868731277296 ], [ 446816.8491, 209958.575868731277296 ], [ 446816.3491, 209959.575868731277296 ], [ 446812.3491, 209959.575868731277296 ], [ 446806.3491, 209958.075868731277296 ], [ 446804.8491, 209959.575868731277296 ], [ 446806.3491, 209961.575868731277296 ], [ 446811.8491, 209962.575868731277296 ], [ 446812.8491, 209964.075868731277296 ], [ 446814.3491, 209964.075868731277296 ], [ 446819.8491, 209968.075868731277296 ], [ 446821.3491, 209968.075868731277296 ], [ 446822.3491, 209969.575868731277296 ], [ 446826.3491, 209971.075868731277296 ], [ 446826.3491, 209972.075868731277296 ], [ 446827.8491, 209972.075868731277296 ], [ 446828.8491, 209973.575868731277296 ], [ 446832.3491, 209974.575868731277296 ], [ 446833.3491, 209976.075868731277296 ], [ 446835.8491, 209976.575868731277296 ], [ 446836.8491, 209978.075868731277296 ], [ 446838.3491, 209978.075868731277296 ], [ 446842.8491, 209981.575868731277296 ], [ 446850.3491, 209985.075868731277296 ], [ 446850.3491, 209986.075868731277296 ], [ 446852.3491, 209986.075868731277296 ], [ 446854.3491, 209988.075868731277296 ], [ 446856.3491, 209988.075868731277296 ], [ 446858.3491, 209990.075868731277296 ], [ 446860.3491, 209990.075868731277296 ], [ 446862.3491, 209992.075868731277296 ], [ 446863.8491, 209992.075868731277296 ], [ 446864.3491, 209993.075868731277296 ], [ 446876.3491, 209998.575868731277296 ], [ 446880.3491, 210002.575868731277296 ], [ 446884.8491, 210004.075868731277296 ], [ 446886.3491, 210006.075868731277296 ], [ 446888.3491, 210006.075868731277296 ], [ 446888.3491, 210007.075868731277296 ], [ 446890.8491, 210008.075868731277296 ], [ 446890.3491, 210013.075868731277296 ], [ 446886.3491, 210024.575868731277296 ], [ 446886.3491, 210027.575868731277296 ], [ 446882.3491, 210038.575868731277296 ], [ 446882.3491, 210041.575868731277296 ], [ 446878.3491, 210053.075868731277296 ], [ 446878.3491, 210056.075868731277296 ], [ 446876.3491, 210060.075868731277296 ], [ 446876.3491, 210063.075868731277296 ], [ 446874.3491, 210067.075868731277296 ], [ 446874.3491, 210070.075868731277296 ], [ 446872.3491, 210074.075868731277296 ], [ 446872.3491, 210077.075868731277296 ], [ 446870.3491, 210081.575868731277296 ], [ 446868.3491, 210091.575868731277296 ], [ 446864.3491, 210102.575868731277296 ], [ 446864.3491, 210105.575868731277296 ], [ 446862.3491, 210110.075868731277296 ], [ 446862.3491, 210112.575868731277296 ], [ 446858.3491, 210125.575868731277296 ], [ 446856.3491, 210125.575868731277296 ], [ 446856.3491, 210127.575868731277296 ], [ 446855.3491, 210127.575868731277296 ], [ 446854.3491, 210126.575868731277296 ], [ 446849.3491, 210126.075868731277296 ], [ 446846.3491, 210124.575868731277296 ], [ 446843.3491, 210124.575868731277296 ], [ 446843.8491, 210127.575868731277296 ], [ 446845.3491, 210127.075868731277296 ], [ 446846.3491, 210128.075868731277296 ], [ 446850.3491, 210128.075868731277296 ], [ 446852.8491, 210130.075868731277296 ], [ 446856.8491, 210129.075868731277296 ], [ 446857.8491, 210130.075868731277296 ], [ 446867.3491, 210130.075868731277296 ], [ 446868.8491, 210129.075868731277296 ], [ 446869.3491, 210130.075868731277296 ], [ 446874.8491, 210130.075868731277296 ], [ 446877.3491, 210129.075868731277296 ], [ 446880.3491, 210131.075868731277296 ], [ 446882.3491, 210131.075868731277296 ], [ 446882.3491, 210130.075868731277296 ], [ 446883.8491, 210129.575868731277296 ], [ 446886.3491, 210130.575868731277296 ], [ 446888.3491, 210129.075868731277296 ], [ 446888.3491, 210130.075868731277296 ], [ 446890.3491, 210130.075868731277296 ], [ 446890.8491, 210131.075868731277296 ], [ 446893.3491, 210129.075868731277296 ], [ 446898.8491, 210129.075868731277296 ], [ 446900.3491, 210127.075868731277296 ], [ 446902.3491, 210128.575868731277296 ], [ 446906.3491, 210128.075868731277296 ], [ 446906.8491, 210129.075868731277296 ], [ 446908.3491, 210129.075868731277296 ], [ 446908.3491, 210128.075868731277296 ], [ 446911.3491, 210128.075868731277296 ], [ 446914.3491, 210129.075868731277296 ], [ 446914.3491, 210128.075868731277296 ], [ 446920.8491, 210128.575868731277296 ], [ 446927.8491, 210127.575868731277296 ], [ 446929.8491, 210128.575868731277296 ], [ 446930.3491, 210127.575868731277296 ], [ 446934.3491, 210128.075868731277296 ], [ 446934.8491, 210126.575868731277296 ], [ 446940.3491, 210126.575868731277296 ], [ 446940.3491, 210127.575868731277296 ], [ 446942.3491, 210129.075868731277296 ], [ 446943.8491, 210128.575868731277296 ], [ 446944.3491, 210130.075868731277296 ], [ 446952.3491, 210130.075868731277296 ], [ 446953.3491, 210131.575868731277296 ], [ 446955.3491, 210130.075868731277296 ], [ 446956.3491, 210132.075868731277296 ], [ 446961.3491, 210132.075868731277296 ], [ 446962.3491, 210133.575868731277296 ], [ 446964.3491, 210134.075868731277296 ], [ 446966.8491, 210134.075868731277296 ], [ 446968.3491, 210133.075868731277296 ], [ 446969.3491, 210134.575868731277296 ], [ 446974.3491, 210136.075868731277296 ], [ 446975.8491, 210138.075868731277296 ], [ 446977.8491, 210138.075868731277296 ], [ 446978.8491, 210137.075868731277296 ], [ 446981.3491, 210138.075868731277296 ], [ 446982.3491, 210140.075868731277296 ], [ 446985.8491, 210141.075868731277296 ], [ 446987.3491, 210143.075868731277296 ], [ 446988.3491, 210143.075868731277296 ], [ 446988.3491, 210144.075868731277296 ], [ 446991.8491, 210144.075868731277296 ], [ 446992.8491, 210145.575868731277296 ], [ 446996.3491, 210146.075868731277296 ], [ 446998.8491, 210148.075868731277296 ], [ 447002.3491, 210148.075868731277296 ], [ 447004.8491, 210150.075868731277296 ], [ 447008.3491, 210150.575868731277296 ], [ 447015.3491, 210156.075868731277296 ], [ 447016.8491, 210156.075868731277296 ], [ 447020.3491, 210159.075868731277296 ], [ 447022.3491, 210159.075868731277296 ], [ 447023.8491, 210161.075868731277296 ], [ 447026.8491, 210160.575868731277296 ], [ 447032.8491, 210166.075868731277296 ], [ 447033.8491, 210166.075868731277296 ], [ 447034.3491, 210167.575868731277296 ], [ 447038.3491, 210168.075868731277296 ], [ 447039.8491, 210170.075868731277296 ], [ 447048.8491, 210172.075868731277296 ], [ 447050.3491, 210174.075868731277296 ], [ 447051.8491, 210173.575868731277296 ], [ 447052.3491, 210174.575868731277296 ], [ 447055.8491, 210174.575868731277296 ], [ 447056.8491, 210176.075868731277296 ], [ 447060.8491, 210178.075868731277296 ], [ 447060.8491, 210180.075868731277296 ], [ 447062.3491, 210181.575868731277296 ], [ 447064.3491, 210181.575868731277296 ], [ 447064.3491, 210183.075868731277296 ], [ 447065.8491, 210184.075868731277296 ], [ 447066.3491, 210186.075868731277296 ], [ 447067.8491, 210185.575868731277296 ], [ 447070.3491, 210187.575868731277296 ], [ 447071.8491, 210187.075868731277296 ], [ 447073.8491, 210190.075868731277296 ], [ 447075.8491, 210190.075868731277296 ], [ 447077.8491, 210192.075868731277296 ], [ 447085.3491, 210193.075868731277296 ], [ 447085.8491, 210194.075868731277296 ], [ 447086.8491, 210193.575868731277296 ], [ 447088.8491, 210196.075868731277296 ], [ 447094.3491, 210198.075868731277296 ], [ 447095.3491, 210200.075868731277296 ], [ 447098.3491, 210200.575868731277296 ], [ 447099.3491, 210202.075868731277296 ], [ 447102.8491, 210202.575868731277296 ], [ 447104.3491, 210204.075868731277296 ], [ 447106.8491, 210204.075868731277296 ], [ 447109.8491, 210206.075868731277296 ], [ 447120.8491, 210208.075868731277296 ], [ 447121.8491, 210209.575868731277296 ], [ 447124.8491, 210210.575868731277296 ] ], [ [ 447136.3491, 210053.575868731277296 ], [ 447136.3491, 210052.575868731277296 ], [ 447136.8491, 210052.575868731277296 ], [ 447136.8491, 210053.575868731277296 ], [ 447136.3491, 210053.575868731277296 ] ], [ [ 447131.8491, 210044.075868731277296 ], [ 447131.8491, 210043.575868731277296 ], [ 447132.3491, 210043.575868731277296 ], [ 447132.3491, 210044.075868731277296 ], [ 447131.8491, 210044.075868731277296 ] ], [ [ 447131.8491, 210046.075868731277296 ], [ 447131.8491, 210045.575868731277296 ], [ 447132.3491, 210045.575868731277296 ], [ 447132.3491, 210046.075868731277296 ], [ 447131.8491, 210046.075868731277296 ] ] ] } },
{ "type": "Feature", "properties": { "mainhabs": "Coastal and floodplain grazing marsh", "habcodes": "CFPGM", "featdesc": null, "featcodes": null, "otherclass": null, "addhabs": null, "primsource": "Environment Agency Flood Zone 3 Oxfordshire digital data 2009 (CFPGM)", "areaha": "0.01", "version": "Sep_25", "uid": "PHID44715403_021010333", "shape_length": null, "shape_area": null, "site": "northfieldfarm", "pid": 6, "method": "grabcut2" }, "geometry": { "type": "Polygon", "coordinates": [ [ [ 447158.3491, 210123.075868731277296 ], [ 447161.3491, 210120.575868731277296 ], [ 447160.8491, 210119.575868731277296 ], [ 447161.8491, 210119.075868731277296 ], [ 447161.8491, 210114.075868731277296 ], [ 447163.3491, 210113.575868731277296 ], [ 447162.8491, 210112.075868731277296 ], [ 447163.8491, 210111.575868731277296 ], [ 447162.3491, 210109.575868731277296 ], [ 447163.8491, 210107.575868731277296 ], [ 447163.8491, 210104.075868731277296 ], [ 447161.8491, 210100.575868731277296 ], [ 447158.8491, 210098.075868731277296 ], [ 447153.8491, 210097.075868731277296 ], [ 447153.8491, 210098.075868731277296 ], [ 447151.8491, 210098.075868731277296 ], [ 447150.3491, 210100.075868731277296 ], [ 447152.8491, 210107.075868731277296 ], [ 447152.8491, 210110.075868731277296 ], [ 447154.8491, 210114.075868731277296 ], [ 447155.8491, 210120.575868731277296 ], [ 447158.3491, 210123.075868731277296 ] ] ] } },
{ "type": "Feature", "properties": { "mainhabs": "Coastal and floodplain grazing marsh", "habcodes": "CFPGM", "featdesc": null, "featcodes": null, "otherclass": null, "addhabs": null, "primsource": "Higher Level Stewardship 2011 (CFPGM)", "areaha": "0.32", "version": "Sep_25", "uid": "PHID44733724_021014608", "shape_length": null, "shape_area": null, "site": "northfieldfarm", "pid": 7, "method": "grabcut2" }, "geometry": { "type": "MultiPolygon", "coordinates": [ [ [ [ 447605.3491, 210245.575868731277296 ], [ 447606.3491, 210244.075868731277296 ], [ 447605.8491, 210240.575868731277296 ], [ 447603.8491, 210240.075868731277296 ], [ 447603.3491, 210238.575868731277296 ], [ 447596.8491, 210236.075868731277296 ], [ 447595.8491, 210234.075868731277296 ], [ 447593.8491, 210234.075868731277296 ], [ 447589.3491, 210230.575868731277296 ], [ 447587.8491, 210231.075868731277296 ], [ 447587.3491, 210230.075868731277296 ], [ 447585.8491, 210230.075868731277296 ], [ 447582.3491, 210227.075868731277296 ], [ 447579.8491, 210227.075868731277296 ], [ 447576.3491, 210229.575868731277296 ], [ 447578.3491, 210231.575868731277296 ], [ 447585.8491, 210234.075868731277296 ], [ 447585.8491, 210236.075868731277296 ], [ 447588.3491, 210236.075868731277296 ], [ 447589.8491, 210238.075868731277296 ], [ 447593.8491, 210238.075868731277296 ], [ 447595.8491, 210240.075868731277296 ], [ 447597.3491, 210240.075868731277296 ], [ 447597.8491, 210241.575868731277296 ], [ 447601.8491, 210242.575868731277296 ], [ 447604.8491, 210246.075868731277296 ], [ 447605.3491, 210245.575868731277296 ] ] ], [ [ [ 447538.8491, 210213.075868731277296 ], [ 447541.8491, 210214.075868731277296 ], [ 447542.3491, 210215.575868731277296 ], [ 447543.8491, 210215.575868731277296 ], [ 447545.8491, 210217.575868731277296 ], [ 447546.3491, 210219.575868731277296 ], [ 447549.8491, 210219.575868731277296 ], [ 447551.3491, 210218.575868731277296 ], [ 447551.8491, 210220.075868731277296 ], [ 447555.8491, 210220.075868731277296 ], [ 447556.3491, 210221.575868731277296 ], [ 447559.3491, 210221.575868731277296 ], [ 447558.8491, 210223.075868731277296 ], [ 447561.8491, 210223.075868731277296 ], [ 447561.8491, 210224.075868731277296 ], [ 447564.3491, 210223.075868731277296 ], [ 447565.3491, 210223.575868731277296 ], [ 447565.8491, 210222.075868731277296 ], [ 447566.8491, 210222.075868731277296 ], [ 447563.3491, 210219.075868731277296 ], [ 447557.8491, 210217.075868731277296 ], [ 447557.8491, 210216.075868731277296 ], [ 447555.8491, 210216.075868731277296 ], [ 447553.8491, 210214.075868731277296 ], [ 447551.8491, 210214.075868731277296 ], [ 447537.3491, 210206.075868731277296 ], [ 447535.8491, 210206.575868731277296 ], [ 447533.8491, 210209.575868731277296 ], [ 447535.8491, 210212.075868731277296 ], [ 447537.8491, 210212.075868731277296 ], [ 447536.3491, 210214.075868731277296 ], [ 447538.3491, 210214.075868731277296 ], [ 447538.8491, 210213.075868731277296 ] ], [ [ 447537.8491, 210213.575868731277296 ], [ 447537.8491, 210213.075868731277296 ], [ 447538.3491, 210213.075868731277296 ], [ 447538.3491, 210213.575868731277296 ], [ 447537.8491, 210213.575868731277296 ] ] ], [ [ [ 447504.3491, 210194.575868731277296 ], [ 447503.3491, 210196.075868731277296 ], [ 447506.3491, 210198.575868731277296 ], [ 447507.3491, 210198.075868731277296 ], [ 447507.3491, 210196.575868731277296 ], [ 447508.3491, 210197.075868731277296 ], [ 447509.3491, 210196.075868731277296 ], [ 447508.8491, 210194.575868731277296 ], [ 447509.8491, 210192.575868731277296 ], [ 447505.8491, 210191.575868731277296 ], [ 447505.3491, 210190.075868731277296 ], [ 447501.8491, 210189.075868731277296 ], [ 447501.8491, 210188.075868731277296 ], [ 447497.8491, 210187.075868731277296 ], [ 447497.8491, 210186.075868731277296 ], [ 447492.8491, 210184.075868731277296 ], [ 447491.3491, 210182.075868731277296 ], [ 447487.8491, 210181.075868731277296 ], [ 447487.8491, 210180.075868731277296 ], [ 447482.8491, 210178.075868731277296 ], [ 447481.8491, 210176.575868731277296 ], [ 447477.8491, 210175.575868731277296 ], [ 447477.8491, 210174.575868731277296 ], [ 447475.8491, 210174.575868731277296 ], [ 447472.3491, 210172.075868731277296 ], [ 447460.3491, 210167.575868731277296 ], [ 447459.8491, 210166.575868731277296 ], [ 447453.8491, 210165.075868731277296 ], [ 447453.8491, 210164.075868731277296 ], [ 447447.3491, 210163.575868731277296 ], [ 447445.8491, 210162.075868731277296 ], [ 447440.8491, 210162.075868731277296 ], [ 447440.3491, 210161.075868731277296 ], [ 447428.3491, 210161.075868731277296 ], [ 447414.8491, 210159.075868731277296 ], [ 447390.3491, 210159.075868731277296 ], [ 447381.8491, 210157.075868731277296 ], [ 447381.3491, 210156.075868731277296 ], [ 447373.8491, 210155.075868731277296 ], [ 447366.3491, 210152.075868731277296 ], [ 447360.3491, 210152.075868731277296 ], [ 447355.8491, 210150.075868731277296 ], [ 447347.8491, 210149.575868731277296 ], [ 447344.3491, 210148.075868731277296 ], [ 447341.8491, 210148.075868731277296 ], [ 447339.8491, 210146.075868731277296 ], [ 447337.8491, 210146.075868731277296 ], [ 447336.8491, 210144.575868731277296 ], [ 447334.8491, 210144.075868731277296 ], [ 447333.8491, 210142.075868731277296 ], [ 447332.3491, 210142.075868731277296 ], [ 447330.8491, 210140.075868731277296 ], [ 447329.8491, 210140.075868731277296 ], [ 447329.8491, 210138.575868731277296 ], [ 447327.8491, 210137.575868731277296 ], [ 447327.8491, 210136.075868731277296 ], [ 447326.8491, 210136.075868731277296 ], [ 447323.8491, 210131.075868731277296 ], [ 447321.8491, 210130.075868731277296 ], [ 447321.3491, 210128.075868731277296 ], [ 447319.8491, 210127.575868731277296 ], [ 447319.8491, 210126.075868731277296 ], [ 447317.8491, 210125.075868731277296 ], [ 447317.8491, 210123.575868731277296 ], [ 447315.8491, 210122.075868731277296 ], [ 447315.8491, 210120.575868731277296 ], [ 447314.3491, 210119.575868731277296 ], [ 447313.8491, 210117.575868731277296 ], [ 447307.3491, 210110.575868731277296 ], [ 447306.8491, 210108.575868731277296 ], [ 447304.8491, 210106.575868731277296 ], [ 447305.8491, 210106.075868731277296 ], [ 447305.8491, 210103.575868731277296 ], [ 447303.8491, 210102.075868731277296 ], [ 447303.8491, 210100.075868731277296 ], [ 447302.3491, 210099.575868731277296 ], [ 447301.8491, 210096.575868731277296 ], [ 447299.8491, 210094.575868731277296 ], [ 447299.3491, 210091.575868731277296 ], [ 447298.3491, 210091.575868731277296 ], [ 447297.8491, 210088.075868731277296 ], [ 447295.8491, 210086.575868731277296 ], [ 447295.8491, 210084.075868731277296 ], [ 447293.8491, 210081.575868731277296 ], [ 447293.8491, 210079.075868731277296 ], [ 447291.8491, 210077.075868731277296 ], [ 447291.3491, 210074.575868731277296 ], [ 447290.3491, 210074.575868731277296 ], [ 447289.8491, 210072.075868731277296 ], [ 447288.3491, 210071.075868731277296 ], [ 447284.8491, 210064.575868731277296 ], [ 447280.8491, 210062.075868731277296 ], [ 447279.3491, 210059.575868731277296 ], [ 447277.8491, 210059.575868731277296 ], [ 447277.8491, 210058.575868731277296 ], [ 447273.8491, 210057.075868731277296 ], [ 447273.8491, 210056.075868731277296 ], [ 447271.3491, 210055.575868731277296 ], [ 447271.3491, 210054.575868731277296 ], [ 447268.8491, 210054.075868731277296 ], [ 447267.8491, 210052.075868731277296 ], [ 447265.8491, 210052.075868731277296 ], [ 447265.8491, 210051.075868731277296 ], [ 447262.3491, 210050.075868731277296 ], [ 447262.3491, 210049.075868731277296 ], [ 447260.8491, 210049.075868731277296 ], [ 447260.3491, 210048.075868731277296 ], [ 447256.8491, 210047.575868731277296 ], [ 447256.8491, 210046.575868731277296 ], [ 447255.3491, 210046.075868731277296 ], [ 447250.8491, 210046.075868731277296 ], [ 447245.8491, 210044.575868731277296 ], [ 447221.8491, 210046.075868731277296 ], [ 447214.8491, 210048.075868731277296 ], [ 447211.8491, 210050.075868731277296 ], [ 447206.3491, 210051.075868731277296 ], [ 447205.8491, 210052.075868731277296 ], [ 447202.3491, 210052.075868731277296 ], [ 447193.8491, 210056.575868731277296 ], [ 447193.8491, 210057.575868731277296 ], [ 447191.8491, 210058.075868731277296 ], [ 447190.8491, 210059.575868731277296 ], [ 447192.3491, 210061.575868731277296 ], [ 447199.8491, 210057.575868731277296 ], [ 447202.8491, 210058.075868731277296 ], [ 447207.8491, 210055.575868731277296 ], [ 447209.8491, 210056.075868731277296 ], [ 447210.8491, 210054.575868731277296 ], [ 447213.3491, 210054.075868731277296 ], [ 447214.3491, 210052.075868731277296 ], [ 447216.3491, 210052.075868731277296 ], [ 447216.8491, 210051.075868731277296 ], [ 447218.3491, 210052.075868731277296 ], [ 447219.8491, 210052.075868731277296 ], [ 447220.3491, 210051.075868731277296 ], [ 447228.3491, 210051.575868731277296 ], [ 447229.3491, 210050.075868731277296 ], [ 447232.3491, 210049.575868731277296 ], [ 447236.3491, 210052.575868731277296 ], [ 447242.3491, 210052.075868731277296 ], [ 447242.8491, 210051.075868731277296 ], [ 447244.3491, 210052.075868731277296 ], [ 447251.8491, 210052.075868731277296 ], [ 447252.8491, 210054.075868731277296 ], [ 447256.3491, 210054.575868731277296 ], [ 447259.3491, 210056.575868731277296 ], [ 447261.3491, 210056.075868731277296 ], [ 447261.8491, 210057.575868731277296 ], [ 447264.3491, 210058.575868731277296 ], [ 447263.8491, 210059.575868731277296 ], [ 447265.3491, 210061.075868731277296 ], [ 447267.8491, 210061.075868731277296 ], [ 447267.8491, 210062.075868731277296 ], [ 447268.8491, 210062.075868731277296 ], [ 447271.8491, 210066.075868731277296 ], [ 447275.3491, 210066.075868731277296 ], [ 447275.8491, 210067.575868731277296 ], [ 447277.3491, 210067.575868731277296 ], [ 447278.8491, 210069.075868731277296 ], [ 447280.8491, 210068.575868731277296 ], [ 447282.8491, 210070.575868731277296 ], [ 447283.8491, 210074.075868731277296 ], [ 447288.3491, 210078.075868731277296 ], [ 447287.3491, 210083.575868731277296 ], [ 447289.8491, 210087.075868731277296 ], [ 447289.3491, 210090.075868731277296 ], [ 447289.8491, 210092.075868731277296 ], [ 447290.8491, 210092.075868731277296 ], [ 447291.8491, 210094.075868731277296 ], [ 447291.8491, 210096.075868731277296 ], [ 447292.8491, 210097.075868731277296 ], [ 447292.3491, 210098.575868731277296 ], [ 447293.8491, 210098.575868731277296 ], [ 447296.8491, 210100.575868731277296 ], [ 447298.3491, 210103.075868731277296 ], [ 447297.3491, 210105.575868731277296 ], [ 447298.8491, 210107.075868731277296 ], [ 447299.8491, 210106.575868731277296 ], [ 447299.8491, 210109.075868731277296 ], [ 447300.8491, 210108.575868731277296 ], [ 447301.8491, 210109.575868731277296 ], [ 447300.8491, 210111.575868731277296 ], [ 447302.8491, 210112.075868731277296 ], [ 447304.8491, 210114.575868731277296 ], [ 447304.8491, 210116.075868731277296 ], [ 447303.8491, 210116.075868731277296 ], [ 447304.3491, 210117.575868731277296 ], [ 447307.8491, 210120.575868731277296 ], [ 447307.8491, 210122.075868731277296 ], [ 447308.8491, 210122.075868731277296 ], [ 447310.3491, 210124.075868731277296 ], [ 447311.8491, 210124.075868731277296 ], [ 447311.8491, 210125.575868731277296 ], [ 447313.8491, 210127.075868731277296 ], [ 447314.8491, 210130.075868731277296 ], [ 447317.8491, 210132.075868731277296 ], [ 447317.8491, 210134.075868731277296 ], [ 447319.3491, 210134.575868731277296 ], [ 447318.8491, 210136.075868731277296 ], [ 447321.3491, 210139.075868731277296 ], [ 447321.8491, 210143.575868731277296 ], [ 447327.3491, 210146.575868731277296 ], [ 447327.3491, 210147.575868731277296 ], [ 447332.3491, 210152.575868731277296 ], [ 447331.8491, 210154.075868731277296 ], [ 447332.8491, 210155.075868731277296 ], [ 447334.8491, 210154.575868731277296 ], [ 447339.8491, 210157.575868731277296 ], [ 447343.8491, 210158.075868731277296 ], [ 447344.3491, 210159.575868731277296 ], [ 447348.8491, 210160.575868731277296 ], [ 447350.8491, 210164.075868731277296 ], [ 447355.8491, 210164.075868731277296 ], [ 447356.8491, 210166.075868731277296 ], [ 447358.8491, 210165.075868731277296 ], [ 447361.8491, 210168.075868731277296 ], [ 447364.8491, 210167.575868731277296 ], [ 447367.3491, 210168.075868731277296 ], [ 447367.8491, 210169.575868731277296 ], [ 447372.8491, 210169.075868731277296 ], [ 447374.8491, 210170.575868731277296 ], [ 447377.8491, 210170.075868731277296 ], [ 447378.3491, 210171.575868731277296 ], [ 447382.8491, 210171.575868731277296 ], [ 447384.3491, 210170.075868731277296 ], [ 447386.3491, 210173.075868731277296 ], [ 447389.3491, 210172.575868731277296 ], [ 447389.8491, 210173.575868731277296 ], [ 447390.8491, 210173.575868731277296 ], [ 447391.8491, 210171.075868731277296 ], [ 447394.8491, 210168.575868731277296 ], [ 447398.8491, 210167.075868731277296 ], [ 447399.8491, 210167.075868731277296 ], [ 447401.3491, 210169.075868731277296 ], [ 447403.8491, 210168.075868731277296 ], [ 447403.8491, 210169.075868731277296 ], [ 447405.3491, 210169.575868731277296 ], [ 447407.3491, 210168.075868731277296 ], [ 447408.8491, 210169.075868731277296 ], [ 447409.8491, 210168.075868731277296 ], [ 447412.8491, 210168.075868731277296 ], [ 447414.3491, 210169.075868731277296 ], [ 447415.8491, 210169.075868731277296 ], [ 447415.8491, 210168.075868731277296 ], [ 447423.3491, 210168.075868731277296 ], [ 447423.8491, 210169.075868731277296 ], [ 447425.8491, 210168.575868731277296 ], [ 447431.3491, 210170.575868731277296 ], [ 447434.8491, 210169.575868731277296 ], [ 447442.8491, 210170.575868731277296 ], [ 447443.8491, 210172.075868731277296 ], [ 447447.3491, 210172.075868731277296 ], [ 447449.3491, 210175.075868731277296 ], [ 447455.3491, 210176.075868731277296 ], [ 447456.3491, 210178.075868731277296 ], [ 447458.3491, 210178.075868731277296 ], [ 447460.3491, 210180.075868731277296 ], [ 447464.8491, 210180.075868731277296 ], [ 447466.8491, 210177.575868731277296 ], [ 447469.8491, 210180.075868731277296 ], [ 447473.8491, 210181.575868731277296 ], [ 447477.8491, 210181.575868731277296 ], [ 447479.3491, 210184.075868731277296 ], [ 447481.8491, 210184.075868731277296 ], [ 447482.8491, 210185.575868731277296 ], [ 447485.3491, 210186.075868731277296 ], [ 447485.8491, 210187.575868731277296 ], [ 447488.8491, 210188.575868731277296 ], [ 447489.8491, 210187.575868731277296 ], [ 447493.8491, 210187.575868731277296 ], [ 447495.3491, 210188.575868731277296 ], [ 447495.3491, 210190.075868731277296 ], [ 447493.8491, 210190.575868731277296 ], [ 447494.8491, 210192.075868731277296 ], [ 447496.8491, 210190.575868731277296 ], [ 447501.3491, 210194.075868731277296 ], [ 447503.8491, 210193.575868731277296 ], [ 447504.8491, 210195.075868731277296 ], [ 447504.3491, 210194.575868731277296 ] ], [ [ 447504.8491, 210195.075868731277296 ], [ 447505.3491, 210195.075868731277296 ], [ 447505.3491, 210195.575868731277296 ], [ 447504.8491, 210195.575868731277296 ], [ 447504.8491, 210195.075868731277296 ] ], [ [ 447505.3491, 210195.575868731277296 ], [ 447505.8491, 210195.575868731277296 ], [ 447505.8491, 210196.075868731277296 ], [ 447505.3491, 210196.075868731277296 ], [ 447505.3491, 210195.575868731277296 ] ], [ [ 447298.8491, 210104.075868731277296 ], [ 447298.8491, 210104.575868731277296 ], [ 447298.3491, 210104.575868731277296 ], [ 447298.3491, 210104.075868731277296 ], [ 447298.8491, 210104.075868731277296 ] ], [ [ 447298.8491, 210104.575868731277296 ], [ 447299.3491, 210104.575868731277296 ], [ 447299.3491, 210105.075868731277296 ], [ 447298.8491, 210105.075868731277296 ], [ 447298.8491, 210104.575868731277296 ] ] ], [ [ [ 447166.3491, 210090.575868731277296 ], [ 447167.8491, 210090.075868731277296 ], [ 447167.8491, 210088.075868731277296 ], [ 447169.3491, 210086.575868731277296 ], [ 447167.8491, 210084.075868731277296 ], [ 447166.8491, 210084.075868731277296 ], [ 447166.8491, 210082.075868731277296 ], [ 447160.8491, 210082.575868731277296 ], [ 447159.8491, 210083.575868731277296 ], [ 447160.3491, 210085.575868731277296 ], [ 447161.8491, 210086.075868731277296 ], [ 447161.8491, 210087.575868731277296 ], [ 447163.8491, 210089.075868731277296 ], [ 447163.8491, 210090.075868731277296 ], [ 447165.3491, 210091.075868731277296 ], [ 447166.3491, 210090.575868731277296 ] ] ] ] } },
{ "type": "Feature", "properties": { "mainhabs": "Coastal and floodplain grazing marsh", "habcodes": "CFPGM", "featdesc": null, "featcodes": null, "otherclass": null, "addhabs": null, "primsource": "Higher Level Stewardship 2011 (CFPGM)", "areaha": "44.99", "version": "Sep_25", "uid": "PHID44763235_020991317", "shape_length": null, "shape_area": null, "site": "northfieldfarm", "pid": 8, "method": "grabcut2" }, "geometry": { "type": "Polygon", "coordinates": [ [ [ 447731.3491, 210285.575868731277296 ], [ 447743.3491, 210283.575868731277296 ], [ 447751.8491, 210285.575868731277296 ], [ 447836.8491, 210285.575868731277296 ], [ 447839.3491, 210285.075868731277296 ], [ 447839.3491, 210284.075868731277296 ], [ 447843.8491, 210283.575868731277296 ], [ 447843.8491, 210282.575868731277296 ], [ 447847.8491, 210282.075868731277296 ], [ 447848.8491, 210280.075868731277296 ], [ 447850.3491, 210279.575868731277296 ], [ 447850.3491, 210278.075868731277296 ], [ 447851.3491, 210278.075868731277296 ], [ 447851.8491, 210276.075868731277296 ], [ 447853.8491, 210275.575868731277296 ], [ 447854.3491, 210273.075868731277296 ], [ 447857.8491, 210270.575868731277296 ], [ 447859.3491, 210266.575868731277296 ], [ 447863.3491, 210263.575868731277296 ], [ 447863.8491, 210261.075868731277296 ], [ 447865.8491, 210260.075868731277296 ], [ 447865.8491, 210258.575868731277296 ], [ 447867.3491, 210258.075868731277296 ], [ 447867.8491, 210256.075868731277296 ], [ 447870.3491, 210255.575868731277296 ], [ 447871.3491, 210254.075868731277296 ], [ 447873.8491, 210254.075868731277296 ], [ 447874.3491, 210252.075868731277296 ], [ 447877.8491, 210251.575868731277296 ], [ 447877.8491, 210250.575868731277296 ], [ 447880.8491, 210250.075868731277296 ], [ 447882.3491, 210248.075868731277296 ], [ 447887.3491, 210246.075868731277296 ], [ 447887.3491, 210245.075868731277296 ], [ 447888.8491, 210245.075868731277296 ], [ 447891.8491, 210239.575868731277296 ], [ 447894.3491, 210239.575868731277296 ], [ 447894.3491, 210238.575868731277296 ], [ 447896.8491, 210238.075868731277296 ], [ 447897.8491, 210239.575868731277296 ], [ 447899.3491, 210239.575868731277296 ], [ 447899.3491, 210238.575868731277296 ], [ 447902.3491, 210238.075868731277296 ], [ 447903.3491, 210236.075868731277296 ], [ 447905.8491, 210235.575868731277296 ], [ 447907.3491, 210233.075868731277296 ], [ 447909.8491, 210234.075868731277296 ], [ 447910.3491, 210232.075868731277296 ], [ 447913.8491, 210231.575868731277296 ], [ 447913.8491, 210230.575868731277296 ], [ 447915.8491, 210230.075868731277296 ], [ 447915.8491, 210229.075868731277296 ], [ 447917.8491, 210229.075868731277296 ], [ 447918.3491, 210227.575868731277296 ], [ 447919.8491, 210227.575868731277296 ], [ 447919.8491, 210226.575868731277296 ], [ 447923.3491, 210226.075868731277296 ], [ 447923.3491, 210225.075868731277296 ], [ 447925.8491, 210225.075868731277296 ], [ 447925.8491, 210224.075868731277296 ], [ 447931.8491, 210222.075868731277296 ], [ 447931.8491, 210221.075868731277296 ], [ 447933.8491, 210221.075868731277296 ], [ 447933.8491, 210220.075868731277296 ], [ 447936.8491, 210219.575868731277296 ], [ 447936.8491, 210218.575868731277296 ], [ 447939.8491, 210218.075868731277296 ], [ 447939.8491, 210217.075868731277296 ], [ 447941.8491, 210217.075868731277296 ], [ 447941.8491, 210216.075868731277296 ], [ 447944.8491, 210215.575868731277296 ], [ 447945.8491, 210214.075868731277296 ], [ 447947.8491, 210214.075868731277296 ], [ 447947.8491, 210213.075868731277296 ], [ 447949.8491, 210213.075868731277296 ], [ 447949.8491, 210212.075868731277296 ], [ 447951.8491, 210211.575868731277296 ], [ 447951.8491, 210210.575868731277296 ], [ 447955.8491, 210210.075868731277296 ], [ 447955.8491, 210209.075868731277296 ], [ 447957.8491, 210209.075868731277296 ], [ 447957.8491, 210208.075868731277296 ], [ 447960.8491, 210207.575868731277296 ], [ 447960.8491, 210206.575868731277296 ], [ 447963.8491, 210206.075868731277296 ], [ 447963.8491, 210205.075868731277296 ], [ 447966.3491, 210205.075868731277296 ], [ 447966.3491, 210204.075868731277296 ], [ 447969.8491, 210203.575868731277296 ], [ 447969.8491, 210202.575868731277296 ], [ 447972.8491, 210202.075868731277296 ], [ 447974.3491, 210199.575868731277296 ], [ 447976.8491, 210199.575868731277296 ], [ 447976.8491, 210198.575868731277296 ], [ 447979.8491, 210198.075868731277296 ], [ 447979.8491, 210197.075868731277296 ], [ 447981.8491, 210197.075868731277296 ], [ 447981.8491, 210196.075868731277296 ], [ 447984.8491, 210195.575868731277296 ], [ 447984.8491, 210194.575868731277296 ], [ 447986.8491, 210194.075868731277296 ], [ 447985.3491, 210192.075868731277296 ], [ 447984.3491, 210192.075868731277296 ], [ 447985.3491, 210188.575868731277296 ], [ 447983.8491, 210188.075868731277296 ], [ 447984.8491, 210183.075868731277296 ], [ 447985.8491, 210183.075868731277296 ], [ 447985.8491, 210181.075868731277296 ], [ 447987.3491, 210179.575868731277296 ], [ 447987.8491, 210174.075868731277296 ], [ 447988.8491, 210173.075868731277296 ], [ 447988.8491, 210161.575868731277296 ], [ 447985.3491, 210109.075868731277296 ], [ 447984.8491, 210078.575868731277296 ], [ 447983.8491, 210076.075868731277296 ], [ 447983.3491, 210039.575868731277296 ], [ 447982.3491, 210035.075868731277296 ], [ 447981.8491, 210017.575868731277296 ], [ 447981.8491, 210004.075868731277296 ], [ 447982.8491, 210004.075868731277296 ], [ 447982.8491, 209998.075868731277296 ], [ 447981.8491, 209998.075868731277296 ], [ 447981.3491, 209978.075868731277296 ], [ 447981.3491, 209968.575868731277296 ], [ 447983.8491, 209967.075868731277296 ], [ 447984.3491, 209961.575868731277296 ], [ 447984.3491, 209944.575868731277296 ], [ 447981.8491, 209943.075868731277296 ], [ 447981.8491, 209896.575868731277296 ], [ 447982.8491, 209896.575868731277296 ], [ 447982.8491, 209888.075868731277296 ], [ 447981.8491, 209888.075868731277296 ], [ 447981.3491, 209884.575868731277296 ], [ 447981.3491, 209880.575868731277296 ], [ 447983.8491, 209879.075868731277296 ], [ 447983.8491, 209878.075868731277296 ], [ 447982.3491, 209877.075868731277296 ], [ 447983.3491, 209874.075868731277296 ], [ 447982.3491, 209874.075868731277296 ], [ 447981.8491, 209872.075868731277296 ], [ 447980.8491, 209872.075868731277296 ], [ 447980.8491, 209866.575868731277296 ], [ 447979.3491, 209866.075868731277296 ], [ 447979.3491, 209860.075868731277296 ], [ 447978.3491, 209860.075868731277296 ], [ 447978.3491, 209857.575868731277296 ], [ 447976.8491, 209856.075868731277296 ], [ 447977.8491, 209852.575868731277296 ], [ 447977.3491, 209849.575868731277296 ], [ 447978.3491, 209848.575868731277296 ], [ 447978.3491, 209846.075868731277296 ], [ 447979.3491, 209846.075868731277296 ], [ 447979.8491, 209838.075868731277296 ], [ 447980.8491, 209838.075868731277296 ], [ 447980.8491, 209836.075868731277296 ], [ 447981.8491, 209836.075868731277296 ], [ 447982.3491, 209830.075868731277296 ], [ 447983.8491, 209829.075868731277296 ], [ 447983.3491, 209826.075868731277296 ], [ 447984.8491, 209824.075868731277296 ], [ 447985.8491, 209824.075868731277296 ], [ 447986.3491, 209822.075868731277296 ], [ 447987.3491, 209822.075868731277296 ], [ 447987.8491, 209820.075868731277296 ], [ 447989.8491, 209819.575868731277296 ], [ 447990.3491, 209814.575868731277296 ], [ 447991.3491, 209814.575868731277296 ], [ 447993.8491, 209811.575868731277296 ], [ 447995.3491, 209811.575868731277296 ], [ 447995.8491, 209813.075868731277296 ], [ 447997.8491, 209813.075868731277296 ], [ 447998.3491, 209811.575868731277296 ], [ 448001.8491, 209810.075868731277296 ], [ 448002.3491, 209806.575868731277296 ], [ 447999.8491, 209805.075868731277296 ], [ 447999.8491, 209803.575868731277296 ], [ 448001.8491, 209802.075868731277296 ], [ 448005.3491, 209802.075868731277296 ], [ 448004.3491, 209801.075868731277296 ], [ 448004.8491, 209798.075868731277296 ], [ 448005.8491, 209798.075868731277296 ], [ 448005.8491, 209796.075868731277296 ], [ 448009.8491, 209793.075868731277296 ], [ 448009.8491, 209792.075868731277296 ], [ 448011.8491, 209792.075868731277296 ], [ 448011.8491, 209793.575868731277296 ], [ 448013.8491, 209794.575868731277296 ], [ 448015.3491, 209794.075868731277296 ], [ 448015.8491, 209792.075868731277296 ], [ 448017.8491, 209791.575868731277296 ], [ 448016.8491, 209789.075868731277296 ], [ 448015.8491, 209789.075868731277296 ], [ 448015.8491, 209784.075868731277296 ], [ 448017.8491, 209783.575868731277296 ], [ 448018.3491, 209781.075868731277296 ], [ 448019.3491, 209781.075868731277296 ], [ 448019.3491, 209780.075868731277296 ], [ 448023.3491, 209777.075868731277296 ], [ 448023.8491, 209775.575868731277296 ], [ 448024.8491, 209775.575868731277296 ], [ 448024.8491, 209774.575868731277296 ], [ 448026.3491, 209774.075868731277296 ], [ 448026.3491, 209773.075868731277296 ], [ 448027.3491, 209773.075868731277296 ], [ 448027.3491, 209771.575868731277296 ], [ 448024.3491, 209772.575868731277296 ], [ 448022.3491, 209776.075868731277296 ], [ 448015.8491, 209776.075868731277296 ], [ 448016.8491, 209774.075868731277296 ], [ 448017.8491, 209774.075868731277296 ], [ 448017.8491, 209769.575868731277296 ], [ 448022.3491, 209762.575868731277296 ], [ 448023.8491, 209763.075868731277296 ], [ 448023.8491, 209762.075868731277296 ], [ 448025.8491, 209761.075868731277296 ], [ 448027.8491, 209758.075868731277296 ], [ 448031.8491, 209758.075868731277296 ], [ 448031.8491, 209754.575868731277296 ], [ 448032.8491, 209754.575868731277296 ], [ 448032.3491, 209750.075868731277296 ], [ 448032.8491, 209748.075868731277296 ], [ 448033.8491, 209748.075868731277296 ], [ 448033.8491, 209746.575868731277296 ], [ 448032.8491, 209746.575868731277296 ], [ 448032.8491, 209744.075868731277296 ], [ 448034.3491, 209743.575868731277296 ], [ 448034.3491, 209741.075868731277296 ], [ 448035.3491, 209741.075868731277296 ], [ 448037.8491, 209736.075868731277296 ], [ 448039.8491, 209736.075868731277296 ], [ 448040.8491, 209732.075868731277296 ], [ 448041.8491, 209732.075868731277296 ], [ 448042.3491, 209729.075868731277296 ], [ 448040.3491, 209730.075868731277296 ], [ 448039.8491, 209732.075868731277296 ], [ 448036.3491, 209732.575868731277296 ], [ 448033.8491, 209732.575868731277296 ], [ 448031.8491, 209729.575868731277296 ], [ 448030.8491, 209729.575868731277296 ], [ 448033.3491, 209715.575868731277296 ], [ 448033.3491, 209701.575868731277296 ], [ 448030.8491, 209690.575868731277296 ], [ 448030.8491, 209683.575868731277296 ], [ 448029.8491, 209683.075868731277296 ], [ 448029.8491, 209678.075868731277296 ], [ 448028.8491, 209678.075868731277296 ], [ 448028.8491, 209670.075868731277296 ], [ 448027.8491, 209670.075868731277296 ], [ 448027.8491, 209667.575868731277296 ], [ 448031.3491, 209665.075868731277296 ], [ 448031.3491, 209663.575868731277296 ], [ 448027.8491, 209661.075868731277296 ], [ 448027.3491, 209658.075868731277296 ], [ 448026.3491, 209658.075868731277296 ], [ 448025.8491, 209654.075868731277296 ], [ 448024.8491, 209654.075868731277296 ], [ 448025.8491, 209648.075868731277296 ], [ 448024.8491, 209647.575868731277296 ], [ 448025.8491, 209646.575868731277296 ], [ 448024.3491, 209646.075868731277296 ], [ 448024.8491, 209644.075868731277296 ], [ 448022.8491, 209642.575868731277296 ], [ 448023.3491, 209641.075868731277296 ], [ 448021.8491, 209640.075868731277296 ], [ 448020.8491, 209636.575868731277296 ], [ 448019.8491, 209636.075868731277296 ], [ 448019.8491, 209631.575868731277296 ], [ 448021.8491, 209629.575868731277296 ], [ 448020.8491, 209622.075868731277296 ], [ 448019.8491, 209621.575868731277296 ], [ 448021.3491, 209620.075868731277296 ], [ 448023.8491, 209620.575868731277296 ], [ 448023.3491, 209614.075868731277296 ], [ 448022.3491, 209614.075868731277296 ], [ 448021.8491, 209612.075868731277296 ], [ 448020.8491, 209612.075868731277296 ], [ 448020.8491, 209610.575868731277296 ], [ 448021.8491, 209610.575868731277296 ], [ 448021.8491, 209608.075868731277296 ], [ 448023.8491, 209606.575868731277296 ], [ 448023.8491, 209602.075868731277296 ], [ 448024.8491, 209602.075868731277296 ], [ 448025.8491, 209598.075868731277296 ], [ 448027.8491, 209596.575868731277296 ], [ 448028.8491, 209594.075868731277296 ], [ 448030.8491, 209593.075868731277296 ], [ 448030.3491, 209590.075868731277296 ], [ 448031.3491, 209590.075868731277296 ], [ 448031.3491, 209588.075868731277296 ], [ 448030.3491, 209588.075868731277296 ], [ 448030.3491, 209586.075868731277296 ], [ 448031.8491, 209585.075868731277296 ], [ 448031.8491, 209581.075868731277296 ], [ 448033.3491, 209579.075868731277296 ], [ 448033.8491, 209574.575868731277296 ], [ 448037.3491, 209572.575868731277296 ], [ 448037.3491, 209568.575868731277296 ], [ 448041.8491, 209564.075868731277296 ], [ 448044.3491, 209554.075868731277296 ], [ 448045.8491, 209553.575868731277296 ], [ 448045.8491, 209548.075868731277296 ], [ 448049.8491, 209542.575868731277296 ], [ 448053.8491, 209542.075868731277296 ], [ 448054.3491, 209539.575868731277296 ], [ 448052.8491, 209538.075868731277296 ], [ 448052.8491, 209535.575868731277296 ], [ 448053.8491, 209532.075868731277296 ], [ 448055.8491, 209530.575868731277296 ], [ 448056.8491, 209527.075868731277296 ], [ 448059.8491, 209525.075868731277296 ], [ 448059.3491, 209519.575868731277296 ], [ 448059.8491, 209518.575868731277296 ], [ 448061.8491, 209518.075868731277296 ], [ 448062.3491, 209514.575868731277296 ], [ 448061.8491, 209512.575868731277296 ], [ 448059.8491, 209511.075868731277296 ], [ 448061.8491, 209509.575868731277296 ], [ 448062.3491, 209500.575868731277296 ], [ 448063.3491, 209500.575868731277296 ], [ 448062.8491, 209498.575868731277296 ], [ 448063.8491, 209497.075868731277296 ], [ 448062.3491, 209496.575868731277296 ], [ 448061.8491, 209493.075868731277296 ], [ 448059.8491, 209492.575868731277296 ], [ 448058.3491, 209489.075868731277296 ], [ 448061.8491, 209486.575868731277296 ], [ 448061.8491, 209483.575868731277296 ], [ 448063.8491, 209482.075868731277296 ], [ 448063.8491, 209476.575868731277296 ], [ 448065.8491, 209475.575868731277296 ], [ 448065.8491, 209474.575868731277296 ], [ 448068.8491, 209474.075868731277296 ], [ 448070.3491, 209471.575868731277296 ], [ 448071.3491, 209471.575868731277296 ], [ 448071.3491, 209469.075868731277296 ], [ 448072.8491, 209468.575868731277296 ], [ 448072.8491, 209466.575868731277296 ], [ 448071.8491, 209466.075868731277296 ], [ 448073.8491, 209464.575868731277296 ], [ 448075.8491, 209464.575868731277296 ], [ 448076.8491, 209462.575868731277296 ], [ 448078.3491, 209462.075868731277296 ], [ 448078.3491, 209460.575868731277296 ], [ 448079.3491, 209460.575868731277296 ], [ 448079.8491, 209457.075868731277296 ], [ 448077.8491, 209455.575868731277296 ], [ 448077.8491, 209452.575868731277296 ], [ 448075.8491, 209451.575868731277296 ], [ 448075.8491, 209450.075868731277296 ], [ 448077.8491, 209449.075868731277296 ], [ 448077.8491, 209447.575868731277296 ], [ 448075.3491, 209446.075868731277296 ], [ 448075.3491, 209440.575868731277296 ], [ 448078.3491, 209438.075868731277296 ], [ 448078.3491, 209437.075868731277296 ], [ 448081.8491, 209438.575868731277296 ], [ 448082.3491, 209437.075868731277296 ], [ 448083.3491, 209437.075868731277296 ], [ 448083.8491, 209434.075868731277296 ], [ 448084.8491, 209434.075868731277296 ], [ 448084.8491, 209432.575868731277296 ], [ 448085.8491, 209432.575868731277296 ], [ 448083.3491, 209429.075868731277296 ], [ 448081.8491, 209428.575868731277296 ], [ 448082.3491, 209425.075868731277296 ], [ 448083.3491, 209425.075868731277296 ], [ 448083.8491, 209422.575868731277296 ], [ 448084.8491, 209422.075868731277296 ], [ 448088.8491, 209423.575868731277296 ], [ 448088.8491, 209422.575868731277296 ], [ 448090.3491, 209422.075868731277296 ], [ 448091.8491, 209414.575868731277296 ], [ 448092.8491, 209414.575868731277296 ], [ 448093.8491, 209406.575868731277296 ], [ 448095.8491, 209404.075868731277296 ], [ 448095.8491, 209402.575868731277296 ], [ 448098.3491, 209402.075868731277296 ], [ 448097.8491, 209399.575868731277296 ], [ 448099.8491, 209399.575868731277296 ], [ 448099.8491, 209398.575868731277296 ], [ 448103.3491, 209396.575868731277296 ], [ 448103.3491, 209394.575868731277296 ], [ 448107.3491, 209391.575868731277296 ], [ 448107.8491, 209389.075868731277296 ], [ 448109.8491, 209388.575868731277296 ], [ 448111.8491, 209385.075868731277296 ], [ 448114.3491, 209384.575868731277296 ], [ 448116.8491, 209381.075868731277296 ], [ 448117.8491, 209381.075868731277296 ], [ 448116.8491, 209378.575868731277296 ], [ 448120.8491, 209375.575868731277296 ], [ 448119.3491, 209373.075868731277296 ], [ 448118.3491, 209373.075868731277296 ], [ 448120.8491, 209363.575868731277296 ], [ 448118.3491, 209362.075868731277296 ], [ 448118.3491, 209356.575868731277296 ], [ 448119.8491, 209355.575868731277296 ], [ 448119.8491, 209353.075868731277296 ], [ 448118.3491, 209352.575868731277296 ], [ 448118.3491, 209350.075868731277296 ], [ 448119.3491, 209350.075868731277296 ], [ 448119.3491, 209348.575868731277296 ], [ 448118.3491, 209348.575868731277296 ], [ 448117.8491, 209346.575868731277296 ], [ 448115.3491, 209347.075868731277296 ], [ 448114.3491, 209348.575868731277296 ], [ 448111.3491, 209348.575868731277296 ], [ 448105.3491, 209351.075868731277296 ], [ 448106.3491, 209354.575868731277296 ], [ 448107.3491, 209355.075868731277296 ], [ 448105.3491, 209358.075868731277296 ], [ 448105.3491, 209360.575868731277296 ], [ 448100.8491, 209360.575868731277296 ], [ 448096.3491, 209362.075868731277296 ], [ 448083.8491, 209363.575868731277296 ], [ 448082.3491, 209364.575868731277296 ], [ 448082.3491, 209366.575868731277296 ], [ 448079.8491, 209366.575868731277296 ], [ 448075.8491, 209368.575868731277296 ], [ 448070.8491, 209369.075868731277296 ], [ 448070.3491, 209370.075868731277296 ], [ 448065.3491, 209370.575868731277296 ], [ 448061.3491, 209372.575868731277296 ], [ 448050.8491, 209374.575868731277296 ], [ 448049.8491, 209375.575868731277296 ], [ 448041.8491, 209377.075868731277296 ], [ 448039.3491, 209378.575868731277296 ], [ 448036.3491, 209378.575868731277296 ], [ 448032.3491, 209380.575868731277296 ], [ 448021.8491, 209382.575868731277296 ], [ 448020.8491, 209383.575868731277296 ], [ 448018.8491, 209383.575868731277296 ], [ 448018.3491, 209384.575868731277296 ], [ 448014.8491, 209384.575868731277296 ], [ 448012.3491, 209386.075868731277296 ], [ 448004.3491, 209387.575868731277296 ], [ 448003.8491, 209388.575868731277296 ], [ 448000.3491, 209388.575868731277296 ], [ 447997.8491, 209390.075868731277296 ], [ 447992.8491, 209390.575868731277296 ], [ 447983.3491, 209394.075868731277296 ], [ 447978.3491, 209394.575868731277296 ], [ 447977.8491, 209395.575868731277296 ], [ 447974.3491, 209396.575868731277296 ], [ 447963.8491, 209398.575868731277296 ], [ 447960.3491, 209400.575868731277296 ], [ 447950.3491, 209402.575868731277296 ], [ 447949.8491, 209408.575868731277296 ], [ 447948.8491, 209408.575868731277296 ], [ 447947.8491, 209413.575868731277296 ], [ 447945.8491, 209416.575868731277296 ], [ 447945.8491, 209418.575868731277296 ], [ 447944.8491, 209419.075868731277296 ], [ 447944.8491, 209422.075868731277296 ], [ 447943.8491, 209422.575868731277296 ], [ 447943.3491, 209432.575868731277296 ], [ 447941.8491, 209435.575868731277296 ], [ 447941.8491, 209440.575868731277296 ], [ 447940.8491, 209440.575868731277296 ], [ 447939.8491, 209444.575868731277296 ], [ 447938.3491, 209445.575868731277296 ], [ 447936.8491, 209449.075868731277296 ], [ 447935.8491, 209449.075868731277296 ], [ 447935.3491, 209451.575868731277296 ], [ 447934.3491, 209451.575868731277296 ], [ 447934.3491, 209453.075868731277296 ], [ 447932.3491, 209454.575868731277296 ], [ 447930.8491, 209458.575868731277296 ], [ 447929.3491, 209459.575868731277296 ], [ 447928.8491, 209461.575868731277296 ], [ 447926.8491, 209463.575868731277296 ], [ 447926.8491, 209465.075868731277296 ], [ 447925.3491, 209465.575868731277296 ], [ 447922.8491, 209470.075868731277296 ], [ 447918.3491, 209473.075868731277296 ], [ 447916.8491, 209471.575868731277296 ], [ 447914.8491, 209471.575868731277296 ], [ 447913.3491, 209469.575868731277296 ], [ 447910.3491, 209469.075868731277296 ], [ 447906.3491, 209466.075868731277296 ], [ 447903.3491, 209465.075868731277296 ], [ 447902.3491, 209465.075868731277296 ], [ 447902.3491, 209466.075868731277296 ], [ 447900.8491, 209466.075868731277296 ], [ 447900.8491, 209465.075868731277296 ], [ 447891.8491, 209465.075868731277296 ], [ 447891.3491, 209466.575868731277296 ], [ 447889.8491, 209466.075868731277296 ], [ 447890.3491, 209472.075868731277296 ], [ 447891.8491, 209473.075868731277296 ], [ 447891.8491, 209474.575868731277296 ], [ 447892.8491, 209474.575868731277296 ], [ 447894.3491, 209478.575868731277296 ], [ 447894.3491, 209486.575868731277296 ], [ 447893.8491, 209494.575868731277296 ], [ 447891.8491, 209497.575868731277296 ], [ 447891.8491, 209500.575868731277296 ], [ 447889.3491, 209502.075868731277296 ], [ 447878.8491, 209502.075868731277296 ], [ 447872.3491, 209500.575868731277296 ], [ 447849.8491, 209501.075868731277296 ], [ 447836.8491, 209502.575868731277296 ], [ 447813.3491, 209509.575868731277296 ], [ 447811.3491, 209503.575868731277296 ], [ 447808.8491, 209503.575868731277296 ], [ 447808.8491, 209504.575868731277296 ], [ 447806.3491, 209505.075868731277296 ], [ 447805.8491, 209503.575868731277296 ], [ 447803.8491, 209503.575868731277296 ], [ 447802.3491, 209506.075868731277296 ], [ 447799.3491, 209506.075868731277296 ], [ 447799.3491, 209505.075868731277296 ], [ 447796.8491, 209504.575868731277296 ], [ 447793.8491, 209500.575868731277296 ], [ 447792.8491, 209500.575868731277296 ], [ 447792.8491, 209499.575868731277296 ], [ 447791.8491, 209499.575868731277296 ], [ 447791.3491, 209495.575868731277296 ], [ 447781.8491, 209495.575868731277296 ], [ 447781.3491, 209494.075868731277296 ], [ 447765.8491, 209494.075868731277296 ], [ 447760.8491, 209496.075868731277296 ], [ 447760.3491, 209495.075868731277296 ], [ 447747.3491, 209494.075868731277296 ], [ 447742.8491, 209495.075868731277296 ], [ 447724.8491, 209494.575868731277296 ], [ 447723.8491, 209493.075868731277296 ], [ 447721.8491, 209494.075868731277296 ], [ 447718.3491, 209493.575868731277296 ], [ 447717.3491, 209495.075868731277296 ], [ 447693.3491, 209494.575868731277296 ], [ 447688.8491, 209493.575868731277296 ], [ 447687.3491, 209490.575868731277296 ], [ 447685.8491, 209494.075868731277296 ], [ 447684.8491, 209494.075868731277296 ], [ 447684.8491, 209495.575868731277296 ], [ 447686.3491, 209496.575868731277296 ], [ 447686.3491, 209499.575868731277296 ], [ 447685.8491, 209502.075868731277296 ], [ 447683.8491, 209503.575868731277296 ], [ 447685.3491, 209505.075868731277296 ], [ 447683.8491, 209506.075868731277296 ], [ 447683.3491, 209508.575868731277296 ], [ 447679.3491, 209509.075868731277296 ], [ 447676.8491, 209512.575868731277296 ], [ 447675.3491, 209513.075868731277296 ], [ 447675.3491, 209514.575868731277296 ], [ 447674.3491, 209514.575868731277296 ], [ 447674.3491, 209518.075868731277296 ], [ 447671.8491, 209519.575868731277296 ], [ 447671.3491, 209529.075868731277296 ], [ 447670.3491, 209529.075868731277296 ], [ 447670.3491, 209530.075868731277296 ], [ 447667.8491, 209532.075868731277296 ], [ 447663.3491, 209532.075868731277296 ], [ 447662.3491, 209534.075868731277296 ], [ 447660.8491, 209534.075868731277296 ], [ 447659.8491, 209532.075868731277296 ], [ 447658.3491, 209531.575868731277296 ], [ 447654.3491, 209531.575868731277296 ], [ 447653.8491, 209533.075868731277296 ], [ 447652.8491, 209533.075868731277296 ], [ 447652.8491, 209534.575868731277296 ], [ 447650.3491, 209536.075868731277296 ], [ 447649.8491, 209539.575868731277296 ], [ 447647.8491, 209540.075868731277296 ], [ 447646.3491, 209543.575868731277296 ], [ 447643.8491, 209545.075868731277296 ], [ 447643.3491, 209548.075868731277296 ], [ 447646.3491, 209550.575868731277296 ], [ 447646.3491, 209551.575868731277296 ], [ 447647.3491, 209551.575868731277296 ], [ 447647.8491, 209556.075868731277296 ], [ 447649.8491, 209557.075868731277296 ], [ 447649.8491, 209558.075868731277296 ], [ 447646.3491, 209560.075868731277296 ], [ 447646.3491, 209563.575868731277296 ], [ 447644.8491, 209564.075868731277296 ], [ 447644.8491, 209565.075868731277296 ], [ 447643.3491, 209565.075868731277296 ], [ 447643.3491, 209566.075868731277296 ], [ 447638.3491, 209566.075868731277296 ], [ 447637.8491, 209567.575868731277296 ], [ 447635.3491, 209568.075868731277296 ], [ 447633.8491, 209570.575868731277296 ], [ 447632.8491, 209570.575868731277296 ], [ 447632.8491, 209575.575868731277296 ], [ 447630.3491, 209577.075868731277296 ], [ 447629.8491, 209579.575868731277296 ], [ 447627.8491, 209580.075868731277296 ], [ 447627.3491, 209582.075868731277296 ], [ 447626.3491, 209582.075868731277296 ], [ 447625.8491, 209586.075868731277296 ], [ 447624.8491, 209586.075868731277296 ], [ 447624.8491, 209588.075868731277296 ], [ 447623.8491, 209588.075868731277296 ], [ 447623.3491, 209594.575868731277296 ], [ 447619.8491, 209597.075868731277296 ], [ 447619.3491, 209598.575868731277296 ], [ 447616.8491, 209598.575868731277296 ], [ 447615.3491, 209601.075868731277296 ], [ 447613.8491, 209600.075868731277296 ], [ 447612.8491, 209602.075868731277296 ], [ 447611.8491, 209602.075868731277296 ], [ 447612.8491, 209602.575868731277296 ], [ 447612.8491, 209604.075868731277296 ], [ 447611.8491, 209604.075868731277296 ], [ 447611.3491, 209606.075868731277296 ], [ 447607.8491, 209608.075868731277296 ], [ 447605.8491, 209611.575868731277296 ], [ 447602.3491, 209613.075868731277296 ], [ 447602.3491, 209614.075868731277296 ], [ 447598.3491, 209617.075868731277296 ], [ 447597.8491, 209618.575868731277296 ], [ 447593.8491, 209619.575868731277296 ], [ 447592.8491, 209618.075868731277296 ], [ 447588.8491, 209618.575868731277296 ], [ 447585.8491, 209622.575868731277296 ], [ 447584.8491, 209622.575868731277296 ], [ 447584.8491, 209626.075868731277296 ], [ 447583.3491, 209626.575868731277296 ], [ 447583.3491, 209627.575868731277296 ], [ 447580.8491, 209627.575868731277296 ], [ 447580.8491, 209626.575868731277296 ], [ 447579.3491, 209626.075868731277296 ], [ 447579.3491, 209624.075868731277296 ], [ 447575.8491, 209622.075868731277296 ], [ 447575.3491, 209620.075868731277296 ], [ 447573.8491, 209620.075868731277296 ], [ 447572.8491, 209622.075868731277296 ], [ 447569.8491, 209622.575868731277296 ], [ 447569.8491, 209623.575868731277296 ], [ 447566.3491, 209624.075868731277296 ], [ 447565.8491, 209626.075868731277296 ], [ 447563.8491, 209626.075868731277296 ], [ 447563.3491, 209627.575868731277296 ], [ 447561.8491, 209628.075868731277296 ], [ 447561.8491, 209630.075868731277296 ], [ 447559.8491, 209630.575868731277296 ], [ 447557.8491, 209634.075868731277296 ], [ 447555.8491, 209634.575868731277296 ], [ 447555.3491, 209637.075868731277296 ], [ 447551.3491, 209640.075868731277296 ], [ 447551.3491, 209641.075868731277296 ], [ 447550.3491, 209641.075868731277296 ], [ 447549.8491, 209643.575868731277296 ], [ 447547.8491, 209644.075868731277296 ], [ 447547.3491, 209646.075868731277296 ], [ 447551.3491, 209649.075868731277296 ], [ 447551.8491, 209650.575868731277296 ], [ 447552.8491, 209650.575868731277296 ], [ 447552.8491, 209652.075868731277296 ], [ 447554.3491, 209653.075868731277296 ], [ 447553.8491, 209658.075868731277296 ], [ 447551.3491, 209658.075868731277296 ], [ 447550.3491, 209659.575868731277296 ], [ 447547.8491, 209660.075868731277296 ], [ 447547.8491, 209661.075868731277296 ], [ 447546.3491, 209661.075868731277296 ], [ 447545.8491, 209662.575868731277296 ], [ 447544.8491, 209662.575868731277296 ], [ 447544.8491, 209663.575868731277296 ], [ 447541.8491, 209662.575868731277296 ], [ 447541.8491, 209663.575868731277296 ], [ 447539.8491, 209664.075868731277296 ], [ 447540.8491, 209666.075868731277296 ], [ 447536.8491, 209669.075868731277296 ], [ 447536.8491, 209671.575868731277296 ], [ 447532.8491, 209674.575868731277296 ], [ 447532.8491, 209675.575868731277296 ], [ 447531.8491, 209675.575868731277296 ], [ 447532.8491, 209677.075868731277296 ], [ 447530.3491, 209678.575868731277296 ], [ 447531.3491, 209681.075868731277296 ], [ 447528.8491, 209682.575868731277296 ], [ 447528.8491, 209683.575868731277296 ], [ 447524.8491, 209684.075868731277296 ], [ 447523.3491, 209686.575868731277296 ], [ 447519.8491, 209686.575868731277296 ], [ 447519.3491, 209688.075868731277296 ], [ 447518.3491, 209688.075868731277296 ], [ 447518.3491, 209690.075868731277296 ], [ 447515.8491, 209691.575868731277296 ], [ 447515.3491, 209694.075868731277296 ], [ 447514.3491, 209694.075868731277296 ], [ 447515.3491, 209695.575868731277296 ], [ 447513.8491, 209695.575868731277296 ], [ 447511.8491, 209697.075868731277296 ], [ 447511.3491, 209699.575868731277296 ], [ 447509.8491, 209700.075868731277296 ], [ 447509.8491, 209702.075868731277296 ], [ 447507.8491, 209702.575868731277296 ], [ 447507.3491, 209703.575868731277296 ], [ 447507.8491, 209707.575868731277296 ], [ 447509.8491, 209708.075868731277296 ], [ 447510.3491, 209711.575868731277296 ], [ 447513.8491, 209714.075868731277296 ], [ 447513.8491, 209718.075868731277296 ], [ 447511.8491, 209718.575868731277296 ], [ 447510.8491, 209721.075868731277296 ], [ 447509.8491, 209720.575868731277296 ], [ 447509.8491, 209718.075868731277296 ], [ 447507.8491, 209715.575868731277296 ], [ 447507.3491, 209720.075868731277296 ], [ 447508.8491, 209722.075868731277296 ], [ 447509.8491, 209722.075868731277296 ], [ 447509.8491, 209723.575868731277296 ], [ 447512.3491, 209727.075868731277296 ], [ 447514.3491, 209726.575868731277296 ], [ 447513.8491, 209729.075868731277296 ], [ 447511.8491, 209730.075868731277296 ], [ 447509.8491, 209726.575868731277296 ], [ 447506.3491, 209726.575868731277296 ], [ 447505.8491, 209728.075868731277296 ], [ 447504.8491, 209728.075868731277296 ], [ 447504.8491, 209731.575868731277296 ], [ 447503.8491, 209731.575868731277296 ], [ 447503.3491, 209743.575868731277296 ], [ 447500.8491, 209745.075868731277296 ], [ 447500.8491, 209746.575868731277296 ], [ 447499.8491, 209746.575868731277296 ], [ 447499.3491, 209748.075868731277296 ], [ 447498.3491, 209748.075868731277296 ], [ 447497.8491, 209750.575868731277296 ], [ 447495.3491, 209752.075868731277296 ], [ 447495.3491, 209754.075868731277296 ], [ 447493.8491, 209754.575868731277296 ], [ 447493.8491, 209755.575868731277296 ], [ 447490.3491, 209756.075868731277296 ], [ 447489.8491, 209758.075868731277296 ], [ 447487.8491, 209758.575868731277296 ], [ 447487.3491, 209760.075868731277296 ], [ 447485.8491, 209759.575868731277296 ], [ 447485.8491, 209758.575868731277296 ], [ 447483.3491, 209758.575868731277296 ], [ 447483.3491, 209759.575868731277296 ], [ 447479.3491, 209760.075868731277296 ], [ 447476.8491, 209763.575868731277296 ], [ 447475.8491, 209763.575868731277296 ], [ 447475.3491, 209767.575868731277296 ], [ 447472.8491, 209769.075868731277296 ], [ 447472.8491, 209770.075868731277296 ], [ 447467.8491, 209770.575868731277296 ], [ 447467.3491, 209774.075868731277296 ], [ 447463.8491, 209776.075868731277296 ], [ 447463.3491, 209778.075868731277296 ], [ 447458.3491, 209778.575868731277296 ], [ 447457.8491, 209780.075868731277296 ], [ 447455.3491, 209780.075868731277296 ], [ 447455.3491, 209781.075868731277296 ], [ 447451.8491, 209779.575868731277296 ], [ 447451.3491, 209781.075868731277296 ], [ 447450.3491, 209781.075868731277296 ], [ 447448.8491, 209787.575868731277296 ], [ 447446.3491, 209789.075868731277296 ], [ 447445.8491, 209790.575868731277296 ], [ 447445.8491, 209794.075868731277296 ], [ 447447.3491, 209794.575868731277296 ], [ 447447.3491, 209797.075868731277296 ], [ 447445.8491, 209798.075868731277296 ], [ 447445.8491, 209804.075868731277296 ], [ 447447.3491, 209810.575868731277296 ], [ 447445.8491, 209811.575868731277296 ], [ 447445.8491, 209814.075868731277296 ], [ 447444.8491, 209814.075868731277296 ], [ 447444.8491, 209815.575868731277296 ], [ 447445.8491, 209815.575868731277296 ], [ 447445.8491, 209818.575868731277296 ], [ 447444.8491, 209818.575868731277296 ], [ 447444.8491, 209822.075868731277296 ], [ 447443.3491, 209822.575868731277296 ], [ 447443.3491, 209825.075868731277296 ], [ 447444.8491, 209826.075868731277296 ], [ 447444.8491, 209827.575868731277296 ], [ 447443.8491, 209827.575868731277296 ], [ 447443.3491, 209830.075868731277296 ], [ 447441.8491, 209830.575868731277296 ], [ 447441.8491, 209831.575868731277296 ], [ 447439.8491, 209832.075868731277296 ], [ 447439.8491, 209835.575868731277296 ], [ 447438.3491, 209836.075868731277296 ], [ 447437.8491, 209838.075868731277296 ], [ 447435.3491, 209838.075868731277296 ], [ 447434.3491, 209836.075868731277296 ], [ 447432.8491, 209836.075868731277296 ], [ 447431.3491, 209838.575868731277296 ], [ 447430.3491, 209838.575868731277296 ], [ 447429.8491, 209841.075868731277296 ], [ 447427.8491, 209842.575868731277296 ], [ 447426.3491, 209842.075868731277296 ], [ 447426.3491, 209841.075868731277296 ], [ 447416.8491, 209841.075868731277296 ], [ 447416.8491, 209842.075868731277296 ], [ 447411.3491, 209842.575868731277296 ], [ 447411.3491, 209843.575868731277296 ], [ 447395.8491, 209844.075868731277296 ], [ 447395.8491, 209845.075868731277296 ], [ 447391.8491, 209845.075868731277296 ], [ 447391.3491, 209846.575868731277296 ], [ 447390.3491, 209846.575868731277296 ], [ 447389.8491, 209850.575868731277296 ], [ 447387.3491, 209852.075868731277296 ], [ 447387.3491, 209854.075868731277296 ], [ 447385.8491, 209854.575868731277296 ], [ 447385.8491, 209855.575868731277296 ], [ 447383.8491, 209856.075868731277296 ], [ 447383.3491, 209858.075868731277296 ], [ 447378.3491, 209860.075868731277296 ], [ 447378.3491, 209861.075868731277296 ], [ 447376.8491, 209861.075868731277296 ], [ 447375.8491, 209862.575868731277296 ], [ 447371.3491, 209861.075868731277296 ], [ 447371.3491, 209862.075868731277296 ], [ 447368.8491, 209862.575868731277296 ], [ 447367.3491, 209861.075868731277296 ], [ 447365.8491, 209863.575868731277296 ], [ 447364.8491, 209863.575868731277296 ], [ 447365.8491, 209864.075868731277296 ], [ 447366.3491, 209866.075868731277296 ], [ 447367.3491, 209866.075868731277296 ], [ 447367.8491, 209868.075868731277296 ], [ 447367.3491, 209872.075868731277296 ], [ 447366.3491, 209872.075868731277296 ], [ 447365.8491, 209874.075868731277296 ], [ 447363.8491, 209874.075868731277296 ], [ 447363.3491, 209875.575868731277296 ], [ 447359.3491, 209876.075868731277296 ], [ 447358.3491, 209878.075868731277296 ], [ 447355.8491, 209878.075868731277296 ], [ 447355.3491, 209879.575868731277296 ], [ 447352.8491, 209880.075868731277296 ], [ 447351.3491, 209882.075868731277296 ], [ 447340.8491, 209881.075868731277296 ], [ 447340.8491, 209880.075868731277296 ], [ 447337.8491, 209880.075868731277296 ], [ 447336.8491, 209878.575868731277296 ], [ 447333.8491, 209878.575868731277296 ], [ 447332.8491, 209877.075868731277296 ], [ 447330.3491, 209877.075868731277296 ], [ 447330.3491, 209876.075868731277296 ], [ 447324.8491, 209876.075868731277296 ], [ 447323.3491, 209875.575868731277296 ], [ 447323.3491, 209874.575868731277296 ], [ 447310.3491, 209874.575868731277296 ], [ 447308.8491, 209872.075868731277296 ], [ 447306.3491, 209871.575868731277296 ], [ 447306.3491, 209870.575868731277296 ], [ 447302.3491, 209870.575868731277296 ], [ 447302.3491, 209871.575868731277296 ], [ 447291.3491, 209872.075868731277296 ], [ 447289.8491, 209874.075868731277296 ], [ 447282.3491, 209874.575868731277296 ], [ 447281.8491, 209876.075868731277296 ], [ 447277.8491, 209876.075868731277296 ], [ 447276.8491, 209878.075868731277296 ], [ 447274.3491, 209878.075868731277296 ], [ 447272.8491, 209880.075868731277296 ], [ 447269.8491, 209880.075868731277296 ], [ 447268.8491, 209882.075868731277296 ], [ 447266.3491, 209882.075868731277296 ], [ 447265.8491, 209883.575868731277296 ], [ 447261.8491, 209884.075868731277296 ], [ 447259.3491, 209887.575868731277296 ], [ 447257.8491, 209888.075868731277296 ], [ 447257.8491, 209889.075868731277296 ], [ 447256.8491, 209889.075868731277296 ], [ 447256.8491, 209890.075868731277296 ], [ 447254.3491, 209890.575868731277296 ], [ 447252.8491, 209893.075868731277296 ], [ 447251.8491, 209893.075868731277296 ], [ 447251.8491, 209894.075868731277296 ], [ 447245.8491, 209894.575868731277296 ], [ 447243.8491, 209893.075868731277296 ], [ 447243.8491, 209894.075868731277296 ], [ 447241.8491, 209895.575868731277296 ], [ 447242.3491, 209897.075868731277296 ], [ 447243.3491, 209897.075868731277296 ], [ 447243.3491, 209902.575868731277296 ], [ 447242.3491, 209902.575868731277296 ], [ 447240.8491, 209906.575868731277296 ], [ 447239.8491, 209906.575868731277296 ], [ 447239.3491, 209909.075868731277296 ], [ 447235.3491, 209912.075868731277296 ], [ 447235.3491, 209914.575868731277296 ], [ 447231.8491, 209917.075868731277296 ], [ 447231.3491, 209919.575868731277296 ], [ 447228.8491, 209921.075868731277296 ], [ 447228.8491, 209922.575868731277296 ], [ 447227.8491, 209922.575868731277296 ], [ 447227.3491, 209928.075868731277296 ], [ 447226.3491, 209928.075868731277296 ], [ 447224.8491, 209932.075868731277296 ], [ 447223.8491, 209932.075868731277296 ], [ 447223.8491, 209934.575868731277296 ], [ 447223.3491, 209936.075868731277296 ], [ 447222.3491, 209936.075868731277296 ], [ 447221.8491, 209939.575868731277296 ], [ 447220.8491, 209939.575868731277296 ], [ 447220.8491, 209941.075868731277296 ], [ 447219.3491, 209942.075868731277296 ], [ 447219.3491, 209952.075868731277296 ], [ 447218.3491, 209952.075868731277296 ], [ 447217.8491, 209954.075868731277296 ], [ 447215.8491, 209954.575868731277296 ], [ 447215.3491, 209958.075868731277296 ], [ 447212.8491, 209959.575868731277296 ], [ 447212.8491, 209961.075868731277296 ], [ 447210.3491, 209962.575868731277296 ], [ 447209.8491, 209965.075868731277296 ], [ 447207.8491, 209966.075868731277296 ], [ 447207.3491, 209970.575868731277296 ], [ 447203.8491, 209973.075868731277296 ], [ 447203.3491, 209976.075868731277296 ], [ 447202.3491, 209976.075868731277296 ], [ 447201.8491, 209982.075868731277296 ], [ 447199.8491, 209982.575868731277296 ], [ 447198.3491, 209987.575868731277296 ], [ 447194.3491, 209990.575868731277296 ], [ 447193.8491, 209992.075868731277296 ], [ 447192.8491, 209992.075868731277296 ], [ 447192.8491, 209994.075868731277296 ], [ 447189.8491, 209996.075868731277296 ], [ 447189.8491, 209997.075868731277296 ], [ 447188.8491, 209997.075868731277296 ], [ 447188.8491, 210000.075868731277296 ], [ 447187.8491, 210000.075868731277296 ], [ 447187.3491, 210002.075868731277296 ], [ 447183.8491, 210004.075868731277296 ], [ 447183.3491, 210006.075868731277296 ], [ 447180.8491, 210007.575868731277296 ], [ 447180.8491, 210010.075868731277296 ], [ 447179.3491, 210010.575868731277296 ], [ 447179.3491, 210011.575868731277296 ], [ 447176.8491, 210012.075868731277296 ], [ 447173.8491, 210016.075868731277296 ], [ 447172.8491, 210016.075868731277296 ], [ 447172.8491, 210017.075868731277296 ], [ 447170.3491, 210017.075868731277296 ], [ 447167.3491, 210021.075868731277296 ], [ 447166.3491, 210021.075868731277296 ], [ 447165.8491, 210024.075868731277296 ], [ 447162.3491, 210026.575868731277296 ], [ 447161.8491, 210028.075868731277296 ], [ 447160.8491, 210028.075868731277296 ], [ 447160.8491, 210029.075868731277296 ], [ 447159.8491, 210029.075868731277296 ], [ 447159.3491, 210030.575868731277296 ], [ 447158.3491, 210030.575868731277296 ], [ 447157.8491, 210032.075868731277296 ], [ 447156.8491, 210032.075868731277296 ], [ 447155.3491, 210037.075868731277296 ], [ 447154.3491, 210037.075868731277296 ], [ 447155.8491, 210042.075868731277296 ], [ 447157.8491, 210042.575868731277296 ], [ 447156.8491, 210045.075868731277296 ], [ 447155.8491, 210045.075868731277296 ], [ 447155.8491, 210054.075868731277296 ], [ 447156.8491, 210054.075868731277296 ], [ 447156.8491, 210055.575868731277296 ], [ 447158.3491, 210056.075868731277296 ], [ 447157.8491, 210060.075868731277296 ], [ 447158.3491, 210062.575868731277296 ], [ 447159.3491, 210062.575868731277296 ], [ 447159.3491, 210063.575868731277296 ], [ 447157.8491, 210064.075868731277296 ], [ 447158.3491, 210071.575868731277296 ], [ 447155.8491, 210073.075868731277296 ], [ 447154.8491, 210076.575868731277296 ], [ 447159.8491, 210083.575868731277296 ], [ 447160.8491, 210082.575868731277296 ], [ 447166.8491, 210082.075868731277296 ], [ 447166.8491, 210084.075868731277296 ], [ 447167.8491, 210084.075868731277296 ], [ 447167.8491, 210085.075868731277296 ], [ 447169.8491, 210086.575868731277296 ], [ 447170.3491, 210083.575868731277296 ], [ 447171.8491, 210082.575868731277296 ], [ 447171.8491, 210080.075868731277296 ], [ 447172.8491, 210080.075868731277296 ], [ 447172.8491, 210078.575868731277296 ], [ 447174.3491, 210078.075868731277296 ], [ 447174.3491, 210076.075868731277296 ], [ 447175.8491, 210075.575868731277296 ], [ 447175.8491, 210070.575868731277296 ], [ 447177.8491, 210069.575868731277296 ], [ 447178.3491, 210068.075868731277296 ], [ 447180.8491, 210067.575868731277296 ], [ 447179.8491, 210065.575868731277296 ], [ 447181.8491, 210064.075868731277296 ], [ 447184.3491, 210064.075868731277296 ], [ 447185.8491, 210065.075868731277296 ], [ 447185.8491, 210064.075868731277296 ], [ 447189.8491, 210061.075868731277296 ], [ 447190.3491, 210059.575868731277296 ], [ 447191.3491, 210059.575868731277296 ], [ 447191.8491, 210058.075868731277296 ], [ 447192.8491, 210058.075868731277296 ], [ 447192.8491, 210057.075868731277296 ], [ 447196.8491, 210055.575868731277296 ], [ 447197.8491, 210054.075868731277296 ], [ 447199.8491, 210054.075868731277296 ], [ 447199.8491, 210053.075868731277296 ], [ 447202.3491, 210052.075868731277296 ], [ 447211.8491, 210050.075868731277296 ], [ 447211.8491, 210049.075868731277296 ], [ 447217.8491, 210047.575868731277296 ], [ 447218.3491, 210046.575868731277296 ], [ 447227.8491, 210046.075868731277296 ], [ 447227.8491, 210045.075868731277296 ], [ 447245.8491, 210044.575868731277296 ], [ 447256.8491, 210046.575868731277296 ], [ 447256.8491, 210047.575868731277296 ], [ 447260.8491, 210048.075868731277296 ], [ 447262.3491, 210050.075868731277296 ], [ 447265.8491, 210050.575868731277296 ], [ 447266.3491, 210052.075868731277296 ], [ 447268.8491, 210053.075868731277296 ], [ 447268.8491, 210054.075868731277296 ], [ 447273.8491, 210056.075868731277296 ], [ 447273.8491, 210057.075868731277296 ], [ 447275.8491, 210057.075868731277296 ], [ 447275.8491, 210058.075868731277296 ], [ 447279.3491, 210059.575868731277296 ], [ 447280.8491, 210062.075868731277296 ], [ 447284.8491, 210064.575868731277296 ], [ 447287.8491, 210070.075868731277296 ], [ 447288.8491, 210070.075868731277296 ], [ 447288.8491, 210071.575868731277296 ], [ 447289.8491, 210071.575868731277296 ], [ 447291.8491, 210077.075868731277296 ], [ 447293.8491, 210078.575868731277296 ], [ 447294.3491, 210082.575868731277296 ], [ 447295.3491, 210082.575868731277296 ], [ 447295.8491, 210084.075868731277296 ], [ 447295.8491, 210086.575868731277296 ], [ 447296.8491, 210086.575868731277296 ], [ 447296.8491, 210088.075868731277296 ], [ 447298.3491, 210089.075868731277296 ], [ 447298.3491, 210091.575868731277296 ], [ 447299.3491, 210091.575868731277296 ], [ 447299.8491, 210094.575868731277296 ], [ 447301.8491, 210096.075868731277296 ], [ 447302.3491, 210099.575868731277296 ], [ 447303.8491, 210100.075868731277296 ], [ 447303.8491, 210102.075868731277296 ], [ 447305.8491, 210102.575868731277296 ], [ 447305.8491, 210106.075868731277296 ], [ 447304.8491, 210106.575868731277296 ], [ 447306.8491, 210108.575868731277296 ], [ 447307.3491, 210110.575868731277296 ], [ 447313.8491, 210117.575868731277296 ], [ 447314.3491, 210119.575868731277296 ], [ 447315.8491, 210120.575868731277296 ], [ 447315.8491, 210122.075868731277296 ], [ 447316.8491, 210122.075868731277296 ], [ 447318.8491, 210126.075868731277296 ], [ 447319.8491, 210126.075868731277296 ], [ 447319.8491, 210127.575868731277296 ], [ 447321.3491, 210128.075868731277296 ], [ 447321.8491, 210130.075868731277296 ], [ 447325.8491, 210133.075868731277296 ], [ 447326.3491, 210135.575868731277296 ], [ 447327.8491, 210136.075868731277296 ], [ 447327.8491, 210137.575868731277296 ], [ 447331.3491, 210140.075868731277296 ], [ 447332.3491, 210142.075868731277296 ], [ 447333.8491, 210142.075868731277296 ], [ 447334.3491, 210143.575868731277296 ], [ 447336.8491, 210144.075868731277296 ], [ 447337.8491, 210146.075868731277296 ], [ 447339.8491, 210146.075868731277296 ], [ 447342.3491, 210148.075868731277296 ], [ 447345.8491, 210148.075868731277296 ], [ 447345.8491, 210149.075868731277296 ], [ 447351.3491, 210149.075868731277296 ], [ 447351.3491, 210150.075868731277296 ], [ 447358.3491, 210150.575868731277296 ], [ 447358.8491, 210151.575868731277296 ], [ 447360.8491, 210152.075868731277296 ], [ 447367.3491, 210152.075868731277296 ], [ 447367.8491, 210153.075868731277296 ], [ 447370.3491, 210153.075868731277296 ], [ 447372.3491, 210154.575868731277296 ], [ 447381.8491, 210156.075868731277296 ], [ 447381.8491, 210157.075868731277296 ], [ 447384.8491, 210157.075868731277296 ], [ 447387.8491, 210158.575868731277296 ], [ 447394.3491, 210158.575868731277296 ], [ 447394.8491, 210159.575868731277296 ], [ 447414.8491, 210159.075868731277296 ], [ 447428.3491, 210161.075868731277296 ], [ 447440.8491, 210161.075868731277296 ], [ 447440.8491, 210162.075868731277296 ], [ 447445.8491, 210162.075868731277296 ], [ 447447.3491, 210162.575868731277296 ], [ 447447.3491, 210163.575868731277296 ], [ 447451.3491, 210163.575868731277296 ], [ 447453.8491, 210164.075868731277296 ], [ 447453.8491, 210165.075868731277296 ], [ 447456.8491, 210165.075868731277296 ], [ 447456.8491, 210166.075868731277296 ], [ 447463.8491, 210168.075868731277296 ], [ 447463.8491, 210169.075868731277296 ], [ 447469.8491, 210170.575868731277296 ], [ 447469.8491, 210171.575868731277296 ], [ 447472.8491, 210172.075868731277296 ], [ 447472.8491, 210173.075868731277296 ], [ 447474.3491, 210173.075868731277296 ], [ 447475.8491, 210174.575868731277296 ], [ 447477.8491, 210174.575868731277296 ], [ 447477.8491, 210175.575868731277296 ], [ 447481.8491, 210176.075868731277296 ], [ 447482.8491, 210178.075868731277296 ], [ 447485.8491, 210178.575868731277296 ], [ 447486.3491, 210180.075868731277296 ], [ 447487.8491, 210180.075868731277296 ], [ 447487.8491, 210181.075868731277296 ], [ 447489.8491, 210181.075868731277296 ], [ 447489.8491, 210182.075868731277296 ], [ 447493.8491, 210183.575868731277296 ], [ 447499.8491, 210188.075868731277296 ], [ 447501.8491, 210188.075868731277296 ], [ 447501.8491, 210189.075868731277296 ], [ 447505.3491, 210190.075868731277296 ], [ 447505.8491, 210191.575868731277296 ], [ 447509.3491, 210192.075868731277296 ], [ 447509.8491, 210193.075868731277296 ], [ 447508.8491, 210195.575868731277296 ], [ 447514.3491, 210200.075868731277296 ], [ 447514.3491, 210201.075868731277296 ], [ 447516.3491, 210201.075868731277296 ], [ 447517.8491, 210203.575868731277296 ], [ 447520.8491, 210204.075868731277296 ], [ 447520.8491, 210205.075868731277296 ], [ 447524.8491, 210205.075868731277296 ], [ 447527.8491, 210208.075868731277296 ], [ 447529.8491, 210208.075868731277296 ], [ 447529.8491, 210209.075868731277296 ], [ 447531.8491, 210208.575868731277296 ], [ 447533.8491, 210211.575868731277296 ], [ 447535.3491, 210211.075868731277296 ], [ 447533.8491, 210209.075868731277296 ], [ 447535.8491, 210207.575868731277296 ], [ 447535.8491, 210206.575868731277296 ], [ 447537.8491, 210206.075868731277296 ], [ 447539.8491, 210207.075868731277296 ], [ 447539.8491, 210208.075868731277296 ], [ 447541.8491, 210208.075868731277296 ], [ 447543.8491, 210210.075868731277296 ], [ 447549.3491, 210212.075868731277296 ], [ 447551.8491, 210214.075868731277296 ], [ 447553.8491, 210214.075868731277296 ], [ 447554.8491, 210215.575868731277296 ], [ 447557.8491, 210216.075868731277296 ], [ 447557.8491, 210217.075868731277296 ], [ 447559.3491, 210217.075868731277296 ], [ 447559.8491, 210218.075868731277296 ], [ 447565.8491, 210220.575868731277296 ], [ 447566.8491, 210222.075868731277296 ], [ 447565.8491, 210222.075868731277296 ], [ 447564.8491, 210224.075868731277296 ], [ 447567.3491, 210225.075868731277296 ], [ 447567.8491, 210226.575868731277296 ], [ 447571.8491, 210226.575868731277296 ], [ 447571.8491, 210227.575868731277296 ], [ 447572.8491, 210227.075868731277296 ], [ 447573.3491, 210228.075868731277296 ], [ 447575.3491, 210228.075868731277296 ], [ 447575.3491, 210229.075868731277296 ], [ 447576.8491, 210229.075868731277296 ], [ 447578.3491, 210226.575868731277296 ], [ 447581.8491, 210226.075868731277296 ], [ 447583.3491, 210226.575868731277296 ], [ 447583.3491, 210227.575868731277296 ], [ 447585.8491, 210228.075868731277296 ], [ 447585.8491, 210229.075868731277296 ], [ 447588.8491, 210228.075868731277296 ], [ 447590.3491, 210230.075868731277296 ], [ 447592.8491, 210230.575868731277296 ], [ 447592.3491, 210232.075868731277296 ], [ 447593.3491, 210232.575868731277296 ], [ 447596.8491, 210232.075868731277296 ], [ 447597.8491, 210234.575868731277296 ], [ 447599.3491, 210234.575868731277296 ], [ 447600.8491, 210237.075868731277296 ], [ 447602.3491, 210237.075868731277296 ], [ 447603.8491, 210239.575868731277296 ], [ 447605.8491, 210240.075868731277296 ], [ 447606.3491, 210246.075868731277296 ], [ 447609.8491, 210248.075868731277296 ], [ 447609.8491, 210249.075868731277296 ], [ 447612.8491, 210249.075868731277296 ], [ 447613.8491, 210250.575868731277296 ], [ 447617.8491, 210250.075868731277296 ], [ 447618.3491, 210251.575868731277296 ], [ 447619.3491, 210251.575868731277296 ], [ 447619.3491, 210255.575868731277296 ], [ 447620.8491, 210256.075868731277296 ], [ 447620.8491, 210257.075868731277296 ], [ 447628.8491, 210258.575868731277296 ], [ 447628.8491, 210259.575868731277296 ], [ 447629.8491, 210259.575868731277296 ], [ 447629.8491, 210258.575868731277296 ], [ 447631.8491, 210257.075868731277296 ], [ 447631.8491, 210259.575868731277296 ], [ 447633.8491, 210260.075868731277296 ], [ 447633.8491, 210261.075868731277296 ], [ 447635.8491, 210261.075868731277296 ], [ 447635.8491, 210260.075868731277296 ], [ 447637.8491, 210259.575868731277296 ], [ 447637.8491, 210258.575868731277296 ], [ 447639.3491, 210258.575868731277296 ], [ 447639.8491, 210260.075868731277296 ], [ 447643.8491, 210260.075868731277296 ], [ 447645.8491, 210258.075868731277296 ], [ 447650.3491, 210258.075868731277296 ], [ 447651.8491, 210260.075868731277296 ], [ 447655.3491, 210261.075868731277296 ], [ 447658.3491, 210265.075868731277296 ], [ 447664.8491, 210265.075868731277296 ], [ 447664.8491, 210266.075868731277296 ], [ 447666.3491, 210266.575868731277296 ], [ 447666.3491, 210270.075868731277296 ], [ 447667.8491, 210270.575868731277296 ], [ 447667.8491, 210271.575868731277296 ], [ 447671.3491, 210272.075868731277296 ], [ 447674.3491, 210267.575868731277296 ], [ 447679.8491, 210268.075868731277296 ], [ 447679.8491, 210269.075868731277296 ], [ 447685.8491, 210268.075868731277296 ], [ 447685.8491, 210269.075868731277296 ], [ 447688.8491, 210269.075868731277296 ], [ 447688.8491, 210270.075868731277296 ], [ 447691.3491, 210270.075868731277296 ], [ 447691.8491, 210271.575868731277296 ], [ 447693.8491, 210272.075868731277296 ], [ 447692.8491, 210274.075868731277296 ], [ 447693.8491, 210274.075868731277296 ], [ 447694.3491, 210275.575868731277296 ], [ 447695.3491, 210275.575868731277296 ], [ 447697.8491, 210278.575868731277296 ], [ 447699.3491, 210278.575868731277296 ], [ 447700.8491, 210276.075868731277296 ], [ 447701.8491, 210276.075868731277296 ], [ 447702.3491, 210278.075868731277296 ], [ 447704.8491, 210278.075868731277296 ], [ 447704.8491, 210279.575868731277296 ], [ 447707.3491, 210281.075868731277296 ], [ 447708.8491, 210278.575868731277296 ], [ 447711.3491, 210279.575868731277296 ], [ 447711.3491, 210278.575868731277296 ], [ 447713.8491, 210278.075868731277296 ], [ 447714.3491, 210280.075868731277296 ], [ 447715.3491, 210280.075868731277296 ], [ 447715.8491, 210282.075868731277296 ], [ 447717.8491, 210282.575868731277296 ], [ 447717.8491, 210283.575868731277296 ], [ 447718.3491, 210282.575868731277296 ], [ 447723.8491, 210282.575868731277296 ], [ 447723.8491, 210283.575868731277296 ], [ 447725.8491, 210284.075868731277296 ], [ 447725.8491, 210285.075868731277296 ], [ 447731.3491, 210285.575868731277296 ] ], [ [ 448015.8491, 209776.075868731277296 ], [ 448015.3491, 209778.075868731277296 ], [ 448013.8491, 209779.075868731277296 ], [ 448014.8491, 209776.575868731277296 ], [ 448015.8491, 209776.075868731277296 ] ], [ [ 448110.3491, 209382.075868731277296 ], [ 448109.8491, 209381.075868731277296 ], [ 448111.3491, 209380.575868731277296 ], [ 448110.8491, 209382.075868731277296 ], [ 448110.3491, 209382.075868731277296 ] ], [ [ 447648.8491, 209549.075868731277296 ], [ 447648.8491, 209548.075868731277296 ], [ 447649.8491, 209548.075868731277296 ], [ 447649.3491, 209549.075868731277296 ], [ 447648.8491, 209549.075868731277296 ] ], [ [ 447647.3491, 209548.075868731277296 ], [ 447647.3491, 209547.575868731277296 ], [ 447647.8491, 209547.575868731277296 ], [ 447647.8491, 209548.075868731277296 ], [ 447647.3491, 209548.075868731277296 ] ], [ [ 447535.3491, 209674.075868731277296 ], [ 447535.3491, 209673.075868731277296 ], [ 447535.8491, 209673.075868731277296 ], [ 447535.8491, 209674.075868731277296 ], [ 447535.3491, 209674.075868731277296 ] ], [ [ 447528.8491, 209685.075868731277296 ], [ 447528.8491, 209684.075868731277296 ], [ 447529.8491, 209684.075868731277296 ], [ 447529.3491, 209685.075868731277296 ], [ 447528.8491, 209685.075868731277296 ] ], [ [ 447520.8491, 209694.575868731277296 ], [ 447520.8491, 209693.075868731277296 ], [ 447521.8491, 209693.075868731277296 ], [ 447521.8491, 209694.575868731277296 ], [ 447520.8491, 209694.575868731277296 ] ], [ [ 447513.8491, 209697.075868731277296 ], [ 447513.8491, 209696.075868731277296 ], [ 447514.3491, 209696.075868731277296 ], [ 447514.3491, 209697.075868731277296 ], [ 447513.8491, 209697.075868731277296 ] ], [ [ 447512.3491, 209724.075868731277296 ], [ 447512.3491, 209723.575868731277296 ], [ 447512.8491, 209723.575868731277296 ], [ 447512.8491, 209724.075868731277296 ], [ 447512.3491, 209724.075868731277296 ] ], [ [ 447499.8491, 209758.075868731277296 ], [ 447499.8491, 209757.075868731277296 ], [ 447500.8491, 209757.075868731277296 ], [ 447500.8491, 209758.075868731277296 ], [ 447499.8491, 209758.075868731277296 ] ], [ [ 447497.8491, 209759.575868731277296 ], [ 447497.8491, 209758.575868731277296 ], [ 447498.3491, 209758.575868731277296 ], [ 447498.3491, 209759.575868731277296 ], [ 447497.8491, 209759.575868731277296 ] ], [ [ 447498.3491, 209759.575868731277296 ], [ 447499.3491, 209759.575868731277296 ], [ 447498.8491, 209760.575868731277296 ], [ 447498.3491, 209760.575868731277296 ], [ 447498.3491, 209759.575868731277296 ] ], [ [ 447498.3491, 209757.075868731277296 ], [ 447498.3491, 209756.075868731277296 ], [ 447499.3491, 209756.075868731277296 ], [ 447499.3491, 209757.075868731277296 ], [ 447498.3491, 209757.075868731277296 ] ], [ [ 447491.8491, 209760.075868731277296 ], [ 447491.8491, 209759.575868731277296 ], [ 447492.8491, 209759.575868731277296 ], [ 447492.8491, 209760.075868731277296 ], [ 447491.8491, 209760.075868731277296 ] ], [ [ 447488.8491, 209759.575868731277296 ], [ 447488.8491, 209758.575868731277296 ], [ 447489.8491, 209758.575868731277296 ], [ 447489.8491, 209759.575868731277296 ], [ 447488.8491, 209759.575868731277296 ] ], [ [ 447476.8491, 209768.075868731277296 ], [ 447476.8491, 209767.575868731277296 ], [ 447477.8491, 209767.575868731277296 ], [ 447477.8491, 209768.075868731277296 ], [ 447476.8491, 209768.075868731277296 ] ] ] } },
{ "type": "Feature", "properties": { "mainhabs": "Coastal and floodplain grazing marsh", "habcodes": "CFPGM", "featdesc": null, "featcodes": null, "otherclass": null, "addhabs": null, "primsource": "Higher Level Stewardship 2011 (CFPGM)", "areaha": "0.08", "version": "Sep_25", "uid": "PHID44803202_020965087", "shape_length": null, "shape_area": null, "site": "northfieldfarm", "pid": 9, "method": "grabcut2" }, "geometry": { "type": "MultiPolygon", "coordinates": [ [ [ [ 448023.3491, 209613.575868731277296 ], [ 448026.3491, 209610.075868731277296 ], [ 448026.3491, 209607.575868731277296 ], [ 448027.8491, 209606.075868731277296 ], [ 448030.8491, 209606.075868731277296 ], [ 448031.8491, 209605.075868731277296 ], [ 448032.3491, 209603.075868731277296 ], [ 448031.3491, 209601.075868731277296 ], [ 448033.8491, 209599.075868731277296 ], [ 448033.8491, 209596.075868731277296 ], [ 448035.3491, 209595.575868731277296 ], [ 448035.3491, 209592.575868731277296 ], [ 448038.8491, 209590.075868731277296 ], [ 448038.8491, 209588.075868731277296 ], [ 448037.8491, 209586.075868731277296 ], [ 448036.8491, 209586.075868731277296 ], [ 448036.8491, 209584.075868731277296 ], [ 448041.3491, 209582.075868731277296 ], [ 448040.8491, 209578.075868731277296 ], [ 448041.8491, 209578.075868731277296 ], [ 448041.8491, 209575.575868731277296 ], [ 448040.8491, 209574.075868731277296 ], [ 448042.3491, 209573.075868731277296 ], [ 448041.8491, 209571.075868731277296 ], [ 448044.3491, 209568.075868731277296 ], [ 448044.3491, 209565.075868731277296 ], [ 448045.8491, 209561.575868731277296 ], [ 448048.3491, 209559.575868731277296 ], [ 448047.8491, 209555.575868731277296 ], [ 448056.8491, 209545.075868731277296 ], [ 448057.8491, 209545.575868731277296 ], [ 448059.8491, 209544.075868731277296 ], [ 448059.8491, 209542.075868731277296 ], [ 448061.3491, 209541.075868731277296 ], [ 448060.3491, 209538.075868731277296 ], [ 448063.3491, 209535.075868731277296 ], [ 448061.8491, 209531.075868731277296 ], [ 448061.8491, 209523.575868731277296 ], [ 448062.8491, 209522.575868731277296 ], [ 448063.8491, 209516.575868731277296 ], [ 448064.3491, 209503.575868731277296 ], [ 448065.8491, 209502.075868731277296 ], [ 448066.3491, 209490.575868731277296 ], [ 448064.3491, 209491.075868731277296 ], [ 448064.8491, 209492.575868731277296 ], [ 448063.8491, 209492.575868731277296 ], [ 448063.3491, 209494.575868731277296 ], [ 448062.3491, 209495.075868731277296 ], [ 448062.3491, 209496.075868731277296 ], [ 448063.8491, 209496.575868731277296 ], [ 448062.8491, 209499.075868731277296 ], [ 448062.8491, 209503.575868731277296 ], [ 448063.8491, 209504.575868731277296 ], [ 448062.3491, 209505.575868731277296 ], [ 448061.3491, 209510.575868731277296 ], [ 448062.3491, 209518.575868731277296 ], [ 448059.8491, 209519.075868731277296 ], [ 448060.8491, 209522.075868731277296 ], [ 448059.8491, 209522.575868731277296 ], [ 448059.8491, 209525.075868731277296 ], [ 448058.3491, 209527.575868731277296 ], [ 448056.3491, 209536.575868731277296 ], [ 448055.3491, 209537.075868731277296 ], [ 448052.3491, 209544.575868731277296 ], [ 448051.3491, 209544.575868731277296 ], [ 448050.8491, 209547.075868731277296 ], [ 448045.3491, 209554.575868731277296 ], [ 448043.3491, 209562.575868731277296 ], [ 448040.8491, 209568.075868731277296 ], [ 448039.3491, 209569.075868731277296 ], [ 448039.3491, 209572.075868731277296 ], [ 448038.3491, 209572.575868731277296 ], [ 448037.8491, 209576.075868731277296 ], [ 448036.8491, 209576.575868731277296 ], [ 448036.3491, 209580.075868731277296 ], [ 448035.3491, 209580.575868731277296 ], [ 448035.3491, 209583.575868731277296 ], [ 448034.3491, 209584.075868731277296 ], [ 448032.3491, 209592.575868731277296 ], [ 448027.3491, 209599.575868731277296 ], [ 448027.3491, 209601.075868731277296 ], [ 448026.3491, 209601.075868731277296 ], [ 448025.8491, 209603.075868731277296 ], [ 448024.8491, 209603.575868731277296 ], [ 448023.8491, 209607.575868731277296 ], [ 448021.8491, 209609.075868731277296 ], [ 448021.3491, 209612.075868731277296 ], [ 448022.8491, 209614.075868731277296 ], [ 448023.3491, 209613.575868731277296 ] ] ], [ [ [ 448053.8491, 209717.075868731277296 ], [ 448054.3491, 209712.575868731277296 ], [ 448055.8491, 209710.075868731277296 ], [ 448056.8491, 209710.075868731277296 ], [ 448057.3491, 209707.075868731277296 ], [ 448056.8491, 209704.575868731277296 ], [ 448055.3491, 209703.075868731277296 ], [ 448055.3491, 209696.075868731277296 ], [ 448051.8491, 209688.075868731277296 ], [ 448050.8491, 209688.075868731277296 ], [ 448050.8491, 209686.075868731277296 ], [ 448049.8491, 209685.575868731277296 ], [ 448048.8491, 209679.575868731277296 ], [ 448047.8491, 209679.075868731277296 ], [ 448047.8491, 209677.075868731277296 ], [ 448044.8491, 209672.575868731277296 ], [ 448045.3491, 209670.575868731277296 ], [ 448043.8491, 209669.075868731277296 ], [ 448043.3491, 209666.575868731277296 ], [ 448041.8491, 209666.075868731277296 ], [ 448042.8491, 209662.075868731277296 ], [ 448040.8491, 209660.075868731277296 ], [ 448037.8491, 209652.075868731277296 ], [ 448033.8491, 209652.075868731277296 ], [ 448033.8491, 209651.075868731277296 ], [ 448031.8491, 209650.075868731277296 ], [ 448031.8491, 209646.075868731277296 ], [ 448030.3491, 209644.075868731277296 ], [ 448031.3491, 209642.075868731277296 ], [ 448030.3491, 209641.575868731277296 ], [ 448029.8491, 209639.575868731277296 ], [ 448025.8491, 209637.575868731277296 ], [ 448025.8491, 209632.075868731277296 ], [ 448024.3491, 209630.075868731277296 ], [ 448024.8491, 209626.075868731277296 ], [ 448023.8491, 209620.575868731277296 ], [ 448021.8491, 209620.075868731277296 ], [ 448022.8491, 209635.575868731277296 ], [ 448026.3491, 209644.075868731277296 ], [ 448027.3491, 209644.075868731277296 ], [ 448025.3491, 209647.575868731277296 ], [ 448025.8491, 209650.575868731277296 ], [ 448027.8491, 209652.075868731277296 ], [ 448027.8491, 209654.075868731277296 ], [ 448032.8491, 209659.575868731277296 ], [ 448031.8491, 209663.075868731277296 ], [ 448034.3491, 209665.075868731277296 ], [ 448037.8491, 209666.075868731277296 ], [ 448038.3491, 209669.075868731277296 ], [ 448039.8491, 209670.075868731277296 ], [ 448038.3491, 209672.575868731277296 ], [ 448040.3491, 209675.075868731277296 ], [ 448040.8491, 209678.075868731277296 ], [ 448044.8491, 209686.075868731277296 ], [ 448045.8491, 209687.575868731277296 ], [ 448047.8491, 209688.075868731277296 ], [ 448048.3491, 209693.075868731277296 ], [ 448051.3491, 209696.075868731277296 ], [ 448050.8491, 209700.575868731277296 ], [ 448051.8491, 209700.575868731277296 ], [ 448052.8491, 209702.575868731277296 ], [ 448053.3491, 209708.075868731277296 ], [ 448052.3491, 209708.075868731277296 ], [ 448051.3491, 209706.075868731277296 ], [ 448050.8491, 209709.075868731277296 ], [ 448049.3491, 209710.075868731277296 ], [ 448048.3491, 209712.575868731277296 ], [ 448050.3491, 209714.075868731277296 ], [ 448049.8491, 209715.075868731277296 ], [ 448051.8491, 209718.075868731277296 ], [ 448053.8491, 209718.075868731277296 ], [ 448053.8491, 209717.075868731277296 ] ] ], [ [ [ 448034.8491, 209754.575868731277296 ], [ 448039.8491, 209754.075868731277296 ], [ 448041.8491, 209745.075868731277296 ], [ 448040.8491, 209743.075868731277296 ], [ 448042.3491, 209742.075868731277296 ], [ 448042.3491, 209740.075868731277296 ], [ 448043.3491, 209740.075868731277296 ], [ 448042.8491, 209737.575868731277296 ], [ 448045.3491, 209736.075868731277296 ], [ 448046.3491, 209734.075868731277296 ], [ 448048.3491, 209734.075868731277296 ], [ 448051.3491, 209730.575868731277296 ], [ 448051.3491, 209729.075868731277296 ], [ 448049.3491, 209726.575868731277296 ], [ 448049.8491, 209725.075868731277296 ], [ 448048.3491, 209724.075868731277296 ], [ 448048.8491, 209722.075868731277296 ], [ 448047.8491, 209723.575868731277296 ], [ 448045.8491, 209723.075868731277296 ], [ 448045.8491, 209724.075868731277296 ], [ 448044.3491, 209724.575868731277296 ], [ 448043.8491, 209727.075868731277296 ], [ 448042.3491, 209728.075868731277296 ], [ 448042.3491, 209730.075868731277296 ], [ 448043.3491, 209730.575868731277296 ], [ 448042.3491, 209730.575868731277296 ], [ 448040.8491, 209735.575868731277296 ], [ 448039.8491, 209735.575868731277296 ], [ 448039.3491, 209737.075868731277296 ], [ 448038.3491, 209737.075868731277296 ], [ 448038.3491, 209738.075868731277296 ], [ 448035.3491, 209740.575868731277296 ], [ 448034.8491, 209744.075868731277296 ], [ 448033.3491, 209745.575868731277296 ], [ 448033.8491, 209748.075868731277296 ], [ 448032.3491, 209753.075868731277296 ], [ 448032.3491, 209754.075868731277296 ], [ 448034.8491, 209754.575868731277296 ] ] ], [ [ [ 448022.8491, 209775.575868731277296 ], [ 448023.8491, 209773.075868731277296 ], [ 448025.3491, 209772.575868731277296 ], [ 448026.3491, 209770.075868731277296 ], [ 448027.8491, 209769.575868731277296 ], [ 448027.3491, 209766.075868731277296 ], [ 448029.3491, 209764.075868731277296 ], [ 448031.3491, 209763.575868731277296 ], [ 448031.3491, 209760.075868731277296 ], [ 448030.3491, 209760.075868731277296 ], [ 448030.3491, 209758.075868731277296 ], [ 448028.8491, 209758.075868731277296 ], [ 448023.3491, 209766.075868731277296 ], [ 448022.3491, 209766.075868731277296 ], [ 448021.8491, 209767.575868731277296 ], [ 448018.3491, 209770.075868731277296 ], [ 448017.8491, 209774.075868731277296 ], [ 448015.8491, 209775.075868731277296 ], [ 448015.8491, 209776.075868731277296 ], [ 448022.8491, 209775.575868731277296 ] ] ], [ [ [ 448008.3491, 209804.075868731277296 ], [ 448009.3491, 209803.075868731277296 ], [ 448008.8491, 209800.575868731277296 ], [ 448011.8491, 209799.575868731277296 ], [ 448011.8491, 209798.575868731277296 ], [ 448014.3491, 209796.575868731277296 ], [ 448011.8491, 209793.575868731277296 ], [ 448011.8491, 209792.075868731277296 ], [ 448009.8491, 209792.075868731277296 ], [ 448008.3491, 209794.575868731277296 ], [ 448008.3491, 209796.575868731277296 ], [ 448007.3491, 209797.075868731277296 ], [ 448007.3491, 209799.575868731277296 ], [ 448004.8491, 209802.575868731277296 ], [ 448006.3491, 209804.575868731277296 ], [ 448008.3491, 209804.075868731277296 ] ] ] ] } },
{ "type": "Feature", "properties": { "mainhabs": "Coastal and floodplain grazing marsh", "habcodes": "CFPGM", "featdesc": null, "featcodes": null, "otherclass": null, "addhabs": null, "primsource": "Higher Level Stewardship 2011 (CFPGM)", "areaha": "1.66", "version": "Sep_25", "uid": "PHID44805674_021011369", "shape_length": null, "shape_area": null, "site": "northfieldfarm", "pid": 10, "method": "grabcut2" }, "geometry": { "type": "MultiPolygon", "coordinates": [ [ [ [ 447987.8491, 210194.075868731277296 ], [ 447989.3491, 210193.575868731277296 ], [ 447989.3491, 210192.575868731277296 ], [ 447993.3491, 210192.575868731277296 ], [ 447993.8491, 210191.075868731277296 ], [ 447994.8491, 210191.075868731277296 ], [ 447994.8491, 210190.075868731277296 ], [ 447993.8491, 210190.075868731277296 ], [ 447994.8491, 210188.575868731277296 ], [ 447997.8491, 210188.075868731277296 ], [ 447997.8491, 210187.075868731277296 ], [ 448000.3491, 210187.075868731277296 ], [ 448000.3491, 210186.075868731277296 ], [ 448003.8491, 210185.575868731277296 ], [ 448003.8491, 210184.575868731277296 ], [ 448005.3491, 210184.575868731277296 ], [ 448005.8491, 210183.075868731277296 ], [ 448008.3491, 210183.075868731277296 ], [ 448008.3491, 210182.075868731277296 ], [ 448011.8491, 210181.575868731277296 ], [ 448013.3491, 210179.075868731277296 ], [ 448014.8491, 210179.075868731277296 ], [ 448014.8491, 210178.075868731277296 ], [ 448017.3491, 210176.575868731277296 ], [ 448018.8491, 210172.575868731277296 ], [ 448019.8491, 210172.575868731277296 ], [ 448018.8491, 210172.075868731277296 ], [ 448018.8491, 210170.075868731277296 ], [ 448023.8491, 210167.075868731277296 ], [ 448024.3491, 210164.075868731277296 ], [ 448025.3491, 210164.075868731277296 ], [ 448025.8491, 210162.075868731277296 ], [ 448027.8491, 210161.575868731277296 ], [ 448028.3491, 210160.075868731277296 ], [ 448030.8491, 210160.575868731277296 ], [ 448031.8491, 210159.075868731277296 ], [ 448033.8491, 210159.075868731277296 ], [ 448033.8491, 210158.075868731277296 ], [ 448038.8491, 210157.575868731277296 ], [ 448038.8491, 210156.575868731277296 ], [ 448041.3491, 210156.075868731277296 ], [ 448041.8491, 210154.075868731277296 ], [ 448043.8491, 210153.575868731277296 ], [ 448044.3491, 210152.075868731277296 ], [ 448046.8491, 210152.075868731277296 ], [ 448046.8491, 210151.075868731277296 ], [ 448048.3491, 210151.075868731277296 ], [ 448049.8491, 210148.575868731277296 ], [ 448052.3491, 210148.075868731277296 ], [ 448054.8491, 210144.575868731277296 ], [ 448057.8491, 210144.075868731277296 ], [ 448057.8491, 210143.075868731277296 ], [ 448058.8491, 210143.075868731277296 ], [ 448058.8491, 210142.075868731277296 ], [ 448062.8491, 210139.075868731277296 ], [ 448062.8491, 210137.575868731277296 ], [ 448063.8491, 210137.575868731277296 ], [ 448065.3491, 210135.075868731277296 ], [ 448066.8491, 210135.075868731277296 ], [ 448066.8491, 210134.075868731277296 ], [ 448067.8491, 210134.075868731277296 ], [ 448068.3491, 210132.575868731277296 ], [ 448069.3491, 210132.575868731277296 ], [ 448069.8491, 210131.075868731277296 ], [ 448070.8491, 210131.075868731277296 ], [ 448070.8491, 210130.075868731277296 ], [ 448074.8491, 210127.075868731277296 ], [ 448073.8491, 210124.075868731277296 ], [ 448074.8491, 210124.075868731277296 ], [ 448074.8491, 210122.075868731277296 ], [ 448077.3491, 210120.575868731277296 ], [ 448076.3491, 210120.075868731277296 ], [ 448076.3491, 210118.075868731277296 ], [ 448077.8491, 210117.575868731277296 ], [ 448077.3491, 210109.575868731277296 ], [ 448076.3491, 210109.575868731277296 ], [ 448075.8491, 210105.575868731277296 ], [ 448074.8491, 210105.575868731277296 ], [ 448074.8491, 210099.075868731277296 ], [ 448073.8491, 210099.075868731277296 ], [ 448073.8491, 210096.075868731277296 ], [ 448072.3491, 210095.075868731277296 ], [ 448073.3491, 210093.575868731277296 ], [ 448072.3491, 210093.575868731277296 ], [ 448071.8491, 210091.075868731277296 ], [ 448070.8491, 210091.075868731277296 ], [ 448069.3491, 210088.575868731277296 ], [ 448065.3491, 210087.075868731277296 ], [ 448065.3491, 210086.075868731277296 ], [ 448062.8491, 210084.575868731277296 ], [ 448062.8491, 210083.075868731277296 ], [ 448061.8491, 210083.075868731277296 ], [ 448061.3491, 210081.575868731277296 ], [ 448058.8491, 210081.575868731277296 ], [ 448058.8491, 210080.575868731277296 ], [ 448053.3491, 210080.575868731277296 ], [ 448052.3491, 210079.075868731277296 ], [ 448050.8491, 210079.075868731277296 ], [ 448050.8491, 210080.075868731277296 ], [ 448047.8491, 210079.075868731277296 ], [ 448047.8491, 210080.075868731277296 ], [ 448046.8491, 210080.075868731277296 ], [ 448046.8491, 210079.075868731277296 ], [ 448045.8491, 210079.075868731277296 ], [ 448045.8491, 210080.075868731277296 ], [ 448043.8491, 210081.575868731277296 ], [ 448043.8491, 210080.575868731277296 ], [ 448029.8491, 210080.075868731277296 ], [ 448029.8491, 210079.075868731277296 ], [ 448028.3491, 210079.075868731277296 ], [ 448027.8491, 210080.075868731277296 ], [ 448027.8491, 210079.075868731277296 ], [ 448025.3491, 210079.075868731277296 ], [ 448025.3491, 210078.075868731277296 ], [ 448022.8491, 210077.575868731277296 ], [ 448022.8491, 210076.575868731277296 ], [ 448020.3491, 210075.075868731277296 ], [ 448021.3491, 210072.075868731277296 ], [ 448020.3491, 210072.075868731277296 ], [ 448019.8491, 210070.075868731277296 ], [ 448017.8491, 210069.575868731277296 ], [ 448017.3491, 210068.075868731277296 ], [ 448015.8491, 210068.075868731277296 ], [ 448015.8491, 210067.075868731277296 ], [ 448014.8491, 210067.075868731277296 ], [ 448014.8491, 210066.075868731277296 ], [ 448013.8491, 210066.075868731277296 ], [ 448013.3491, 210064.575868731277296 ], [ 448009.3491, 210061.575868731277296 ], [ 448009.3491, 210060.075868731277296 ], [ 448008.3491, 210060.075868731277296 ], [ 448007.8491, 210054.075868731277296 ], [ 448005.8491, 210053.575868731277296 ], [ 448005.8491, 210051.075868731277296 ], [ 448004.3491, 210050.075868731277296 ], [ 448003.8491, 210047.075868731277296 ], [ 448000.3491, 210045.575868731277296 ], [ 447999.8491, 210043.075868731277296 ], [ 447998.8491, 210043.075868731277296 ], [ 447997.3491, 210040.575868731277296 ], [ 447995.8491, 210041.575868731277296 ], [ 447995.8491, 210040.575868731277296 ], [ 447993.8491, 210040.075868731277296 ], [ 447993.3491, 210030.075868731277296 ], [ 447992.3491, 210030.075868731277296 ], [ 447991.8491, 210028.075868731277296 ], [ 447991.8491, 210023.075868731277296 ], [ 447992.3491, 210021.575868731277296 ], [ 447993.3491, 210021.575868731277296 ], [ 447993.3491, 210010.075868731277296 ], [ 447994.8491, 210009.575868731277296 ], [ 447994.8491, 210006.075868731277296 ], [ 447993.8491, 210006.075868731277296 ], [ 447993.3491, 210004.575868731277296 ], [ 447995.8491, 210003.075868731277296 ], [ 447995.8491, 210002.075868731277296 ], [ 447993.8491, 210001.575868731277296 ], [ 447993.8491, 209999.075868731277296 ], [ 447994.8491, 209999.075868731277296 ], [ 447994.8491, 209995.075868731277296 ], [ 447993.8491, 209995.075868731277296 ], [ 447993.8491, 209994.075868731277296 ], [ 447995.8491, 209993.575868731277296 ], [ 447995.8491, 209992.575868731277296 ], [ 447997.3491, 209992.075868731277296 ], [ 447997.8491, 209988.575868731277296 ], [ 447999.8491, 209988.075868731277296 ], [ 448001.8491, 209981.575868731277296 ], [ 448006.3491, 209975.575868731277296 ], [ 448005.8491, 209973.575868731277296 ], [ 448006.8491, 209973.575868731277296 ], [ 448006.8491, 209972.575868731277296 ], [ 448008.3491, 209972.075868731277296 ], [ 448008.3491, 209970.075868731277296 ], [ 448009.3491, 209970.075868731277296 ], [ 448009.3491, 209966.075868731277296 ], [ 448012.3491, 209962.075868731277296 ], [ 448012.3491, 209959.075868731277296 ], [ 448013.3491, 209959.075868731277296 ], [ 448013.8491, 209956.575868731277296 ], [ 448015.8491, 209956.075868731277296 ], [ 448015.8491, 209954.075868731277296 ], [ 448017.3491, 209953.575868731277296 ], [ 448017.3491, 209952.575868731277296 ], [ 448019.8491, 209952.075868731277296 ], [ 448021.8491, 209948.575868731277296 ], [ 448024.3491, 209950.075868731277296 ], [ 448027.8491, 209948.075868731277296 ], [ 448028.3491, 209946.075868731277296 ], [ 448029.8491, 209946.075868731277296 ], [ 448029.3491, 209947.075868731277296 ], [ 448030.3491, 209948.075868731277296 ], [ 448030.8491, 209947.075868731277296 ], [ 448033.3491, 209947.075868731277296 ], [ 448033.3491, 209946.075868731277296 ], [ 448044.3491, 209945.575868731277296 ], [ 448044.3491, 209944.575868731277296 ], [ 448050.8491, 209944.075868731277296 ], [ 448050.8491, 209943.075868731277296 ], [ 448053.3491, 209943.075868731277296 ], [ 448053.3491, 209942.075868731277296 ], [ 448056.3491, 209942.075868731277296 ], [ 448057.3491, 209943.575868731277296 ], [ 448061.8491, 209945.575868731277296 ], [ 448062.8491, 209945.075868731277296 ], [ 448062.8491, 209946.075868731277296 ], [ 448066.3491, 209947.575868731277296 ], [ 448070.3491, 209948.075868731277296 ], [ 448069.8491, 209947.075868731277296 ], [ 448070.8491, 209947.075868731277296 ], [ 448071.8491, 209948.575868731277296 ], [ 448078.8491, 209949.575868731277296 ], [ 448080.3491, 209950.575868731277296 ], [ 448081.8491, 209949.575868731277296 ], [ 448081.8491, 209946.075868731277296 ], [ 448083.8491, 209945.575868731277296 ], [ 448083.8491, 209944.575868731277296 ], [ 448085.3491, 209944.575868731277296 ], [ 448087.8491, 209948.075868731277296 ], [ 448089.8491, 209948.075868731277296 ], [ 448089.8491, 209947.075868731277296 ], [ 448093.3491, 209946.075868731277296 ], [ 448097.3491, 209940.575868731277296 ], [ 448099.8491, 209940.075868731277296 ], [ 448100.3491, 209937.575868731277296 ], [ 448101.3491, 209937.575868731277296 ], [ 448102.8491, 209935.075868731277296 ], [ 448104.3491, 209935.075868731277296 ], [ 448105.3491, 209933.075868731277296 ], [ 448105.3491, 209927.075868731277296 ], [ 448102.8491, 209923.075868731277296 ], [ 448099.3491, 209920.575868731277296 ], [ 448090.3491, 209920.075868731277296 ], [ 448089.8491, 209916.575868731277296 ], [ 448085.8491, 209916.575868731277296 ], [ 448085.8491, 209917.575868731277296 ], [ 448081.3491, 209917.575868731277296 ], [ 448081.3491, 209916.575868731277296 ], [ 448079.8491, 209916.575868731277296 ], [ 448079.8491, 209918.075868731277296 ], [ 448076.8491, 209918.075868731277296 ], [ 448073.8491, 209916.075868731277296 ], [ 448073.8491, 209914.075868731277296 ], [ 448071.8491, 209914.075868731277296 ], [ 448070.8491, 209912.575868731277296 ], [ 448068.3491, 209912.575868731277296 ], [ 448067.8491, 209913.575868731277296 ], [ 448067.8491, 209912.575868731277296 ], [ 448065.3491, 209912.075868731277296 ], [ 448060.3491, 209912.075868731277296 ], [ 448058.8491, 209912.575868731277296 ], [ 448058.8491, 209913.575868731277296 ], [ 448053.3491, 209914.075868731277296 ], [ 448048.3491, 209913.575868731277296 ], [ 448047.8491, 209915.075868731277296 ], [ 448046.8491, 209915.075868731277296 ], [ 448046.8491, 209914.075868731277296 ], [ 448044.3491, 209912.575868731277296 ], [ 448043.8491, 209910.075868731277296 ], [ 448041.3491, 209909.575868731277296 ], [ 448040.3491, 209908.075868731277296 ], [ 448037.8491, 209908.075868731277296 ], [ 448037.8491, 209907.075868731277296 ], [ 448034.8491, 209907.075868731277296 ], [ 448033.8491, 209908.575868731277296 ], [ 448027.8491, 209908.075868731277296 ], [ 448025.3491, 209910.075868731277296 ], [ 448022.8491, 209909.575868731277296 ], [ 448022.8491, 209908.575868731277296 ], [ 448021.8491, 209908.575868731277296 ], [ 448018.8491, 209904.575868731277296 ], [ 448012.3491, 209904.575868731277296 ], [ 448010.3491, 209902.075868731277296 ], [ 448008.3491, 209902.575868731277296 ], [ 448005.8491, 209901.575868731277296 ], [ 448003.3491, 209898.575868731277296 ], [ 447999.3491, 209896.075868731277296 ], [ 447997.8491, 209893.575868731277296 ], [ 447996.8491, 209893.575868731277296 ], [ 447988.8491, 209885.575868731277296 ], [ 447988.3491, 209884.075868731277296 ], [ 447986.8491, 209883.575868731277296 ], [ 447985.8491, 209881.075868731277296 ], [ 447984.3491, 209880.075868731277296 ], [ 447984.8491, 209878.075868731277296 ], [ 447983.8491, 209878.075868731277296 ], [ 447983.8491, 209879.075868731277296 ], [ 447981.3491, 209880.575868731277296 ], [ 447981.8491, 209888.075868731277296 ], [ 447982.8491, 209888.075868731277296 ], [ 447982.8491, 209896.575868731277296 ], [ 447981.8491, 209896.575868731277296 ], [ 447981.8491, 209943.075868731277296 ], [ 447984.3491, 209944.575868731277296 ], [ 447983.8491, 209967.075868731277296 ], [ 447981.3491, 209968.575868731277296 ], [ 447981.8491, 209998.075868731277296 ], [ 447982.8491, 209998.075868731277296 ], [ 447982.8491, 210004.075868731277296 ], [ 447981.8491, 210004.075868731277296 ], [ 447981.8491, 210017.575868731277296 ], [ 447982.3491, 210035.075868731277296 ], [ 447983.3491, 210039.575868731277296 ], [ 447983.8491, 210076.075868731277296 ], [ 447984.8491, 210078.575868731277296 ], [ 447985.3491, 210109.075868731277296 ], [ 447988.8491, 210161.575868731277296 ], [ 447988.8491, 210173.075868731277296 ], [ 447987.8491, 210174.075868731277296 ], [ 447987.3491, 210179.575868731277296 ], [ 447985.8491, 210181.075868731277296 ], [ 447985.8491, 210183.075868731277296 ], [ 447984.8491, 210183.075868731277296 ], [ 447983.8491, 210188.075868731277296 ], [ 447985.3491, 210188.575868731277296 ], [ 447984.3491, 210192.075868731277296 ], [ 447987.8491, 210194.075868731277296 ] ], [ [ 448077.3491, 209948.575868731277296 ], [ 448077.8491, 209948.575868731277296 ], [ 448077.8491, 209949.075868731277296 ], [ 448077.3491, 209949.075868731277296 ], [ 448077.3491, 209948.575868731277296 ] ], [ [ 448066.3491, 209946.075868731277296 ], [ 448066.3491, 209945.575868731277296 ], [ 448068.3491, 209945.575868731277296 ], [ 448068.3491, 209946.075868731277296 ], [ 448066.3491, 209946.075868731277296 ] ], [ [ 448068.3491, 209946.075868731277296 ], [ 448069.8491, 209946.075868731277296 ], [ 448069.8491, 209946.575868731277296 ], [ 448068.3491, 209946.575868731277296 ], [ 448068.3491, 209946.075868731277296 ] ], [ [ 448062.8491, 209943.075868731277296 ], [ 448064.3491, 209943.075868731277296 ], [ 448064.3491, 209944.075868731277296 ], [ 448062.8491, 209944.075868731277296 ], [ 448062.8491, 209943.075868731277296 ] ], [ [ 448058.3491, 209942.075868731277296 ], [ 448058.8491, 209942.075868731277296 ], [ 448058.8491, 209942.575868731277296 ], [ 448058.3491, 209942.575868731277296 ], [ 448058.3491, 209942.075868731277296 ] ], [ [ 448058.3491, 209942.575868731277296 ], [ 448058.3491, 209943.075868731277296 ], [ 448057.8491, 209943.075868731277296 ], [ 448057.8491, 209942.575868731277296 ], [ 448058.3491, 209942.575868731277296 ] ] ], [ [ [ 448036.3491, 209732.575868731277296 ], [ 448039.8491, 209732.075868731277296 ], [ 448040.3491, 209730.075868731277296 ], [ 448041.8491, 209729.575868731277296 ], [ 448041.8491, 209728.075868731277296 ], [ 448043.8491, 209727.075868731277296 ], [ 448044.3491, 209724.575868731277296 ], [ 448045.3491, 209724.575868731277296 ], [ 448045.3491, 209723.075868731277296 ], [ 448044.3491, 209723.075868731277296 ], [ 448044.3491, 209718.075868731277296 ], [ 448045.3491, 209718.075868731277296 ], [ 448045.8491, 209714.075868731277296 ], [ 448046.8491, 209714.075868731277296 ], [ 448046.8491, 209711.075868731277296 ], [ 448047.8491, 209711.075868731277296 ], [ 448048.3491, 209708.575868731277296 ], [ 448049.3491, 209708.575868731277296 ], [ 448050.8491, 209706.075868731277296 ], [ 448051.8491, 209706.075868731277296 ], [ 448052.3491, 209708.075868731277296 ], [ 448053.3491, 209708.075868731277296 ], [ 448053.3491, 209704.575868731277296 ], [ 448051.8491, 209700.575868731277296 ], [ 448050.8491, 209700.575868731277296 ], [ 448051.3491, 209696.075868731277296 ], [ 448048.3491, 209693.075868731277296 ], [ 448047.8491, 209688.075868731277296 ], [ 448045.8491, 209687.575868731277296 ], [ 448043.3491, 209683.575868731277296 ], [ 448038.8491, 209672.575868731277296 ], [ 448036.3491, 209672.575868731277296 ], [ 448035.8491, 209671.075868731277296 ], [ 448034.8491, 209671.075868731277296 ], [ 448034.8491, 209668.575868731277296 ], [ 448033.8491, 209668.575868731277296 ], [ 448033.3491, 209667.075868731277296 ], [ 448030.8491, 209667.075868731277296 ], [ 448030.8491, 209666.075868731277296 ], [ 448029.8491, 209666.075868731277296 ], [ 448029.3491, 209668.075868731277296 ], [ 448028.3491, 209668.075868731277296 ], [ 448028.3491, 209670.075868731277296 ], [ 448029.3491, 209670.075868731277296 ], [ 448029.8491, 209683.075868731277296 ], [ 448030.8491, 209683.075868731277296 ], [ 448030.8491, 209690.575868731277296 ], [ 448033.3491, 209701.575868731277296 ], [ 448033.3491, 209715.575868731277296 ], [ 448030.8491, 209729.575868731277296 ], [ 448031.8491, 209729.575868731277296 ], [ 448033.8491, 209732.575868731277296 ], [ 448036.3491, 209732.575868731277296 ] ] ] ] } },
{ "type": "Feature", "properties": { "mainhabs": "Coastal and floodplain grazing marsh", "habcodes": "CFPGM", "featdesc": null, "featcodes": null, "otherclass": null, "addhabs": null, "primsource": "Higher Level Stewardship 2011 (CFPGM)", "areaha": "0.05", "version": "Sep_25", "uid": "PHID44807576_020991695", "shape_length": null, "shape_area": null, "site": "northfieldfarm", "pid": 11, "method": "grabcut2" }, "geometry": { "type": "MultiPolygon", "coordinates": [ [ [ [ 448104.8491, 209937.075868731277296 ], [ 448105.8491, 209936.075868731277296 ], [ 448105.8491, 209931.075868731277296 ], [ 448109.8491, 209928.575868731277296 ], [ 448109.8491, 209925.075868731277296 ], [ 448106.8491, 209924.075868731277296 ], [ 448105.8491, 209922.075868731277296 ], [ 448104.8491, 209922.075868731277296 ], [ 448100.3491, 209917.075868731277296 ], [ 448097.8491, 209917.075868731277296 ], [ 448097.3491, 209916.075868731277296 ], [ 448090.3491, 209916.075868731277296 ], [ 448090.3491, 209920.075868731277296 ], [ 448099.3491, 209920.575868731277296 ], [ 448104.3491, 209925.075868731277296 ], [ 448105.3491, 209927.075868731277296 ], [ 448105.3491, 209933.075868731277296 ], [ 448103.3491, 209936.075868731277296 ], [ 448104.3491, 209936.575868731277296 ], [ 448103.8491, 209938.075868731277296 ], [ 448104.8491, 209938.075868731277296 ], [ 448104.8491, 209937.075868731277296 ] ] ], [ [ [ 448079.8491, 209916.575868731277296 ], [ 448079.8491, 209914.075868731277296 ], [ 448077.8491, 209914.075868731277296 ], [ 448077.3491, 209913.075868731277296 ], [ 448073.8491, 209912.075868731277296 ], [ 448071.8491, 209912.575868731277296 ], [ 448073.8491, 209914.075868731277296 ], [ 448073.8491, 209916.075868731277296 ], [ 448076.8491, 209918.075868731277296 ], [ 448079.8491, 209918.075868731277296 ], [ 448079.8491, 209916.575868731277296 ] ] ], [ [ [ 448075.3491, 209951.075868731277296 ], [ 448076.8491, 209952.075868731277296 ], [ 448078.8491, 209950.575868731277296 ], [ 448074.8491, 209950.075868731277296 ], [ 448071.8491, 209948.075868731277296 ], [ 448066.3491, 209947.575868731277296 ], [ 448062.8491, 209946.075868731277296 ], [ 448062.8491, 209945.075868731277296 ], [ 448060.8491, 209945.575868731277296 ], [ 448060.8491, 209947.575868731277296 ], [ 448063.3491, 209950.075868731277296 ], [ 448071.8491, 209950.575868731277296 ], [ 448072.8491, 209952.075868731277296 ], [ 448074.8491, 209952.075868731277296 ], [ 448075.3491, 209951.075868731277296 ] ] ], [ [ [ 448015.8491, 209904.575868731277296 ], [ 448017.3491, 209904.575868731277296 ], [ 448018.3491, 209902.575868731277296 ], [ 448013.8491, 209900.075868731277296 ], [ 448011.8491, 209900.075868731277296 ], [ 448011.8491, 209899.075868731277296 ], [ 448009.8491, 209898.575868731277296 ], [ 448007.8491, 209896.075868731277296 ], [ 448004.8491, 209896.075868731277296 ], [ 448002.3491, 209892.575868731277296 ], [ 447998.3491, 209890.575868731277296 ], [ 447998.8491, 209889.075868731277296 ], [ 447997.3491, 209885.575868731277296 ], [ 447993.8491, 209885.075868731277296 ], [ 447992.8491, 209886.075868731277296 ], [ 447989.8491, 209883.575868731277296 ], [ 447989.8491, 209882.075868731277296 ], [ 447987.8491, 209881.075868731277296 ], [ 447987.8491, 209876.575868731277296 ], [ 447985.8491, 209876.075868731277296 ], [ 447983.8491, 209872.075868731277296 ], [ 447983.8491, 209870.075868731277296 ], [ 447982.3491, 209869.075868731277296 ], [ 447984.3491, 209864.575868731277296 ], [ 447983.8491, 209859.575868731277296 ], [ 447980.8491, 209858.075868731277296 ], [ 447980.8491, 209855.075868731277296 ], [ 447982.8491, 209853.575868731277296 ], [ 447982.8491, 209852.075868731277296 ], [ 447981.3491, 209851.075868731277296 ], [ 447981.3491, 209847.575868731277296 ], [ 447983.8491, 209844.575868731277296 ], [ 447983.8491, 209842.075868731277296 ], [ 447985.3491, 209838.575868731277296 ], [ 447984.3491, 209836.075868731277296 ], [ 447981.8491, 209836.075868731277296 ], [ 447980.3491, 209838.075868731277296 ], [ 447979.8491, 209844.575868731277296 ], [ 447978.8491, 209848.075868731277296 ], [ 447977.8491, 209848.575868731277296 ], [ 447977.8491, 209856.575868731277296 ], [ 447978.8491, 209859.575868731277296 ], [ 447979.8491, 209860.075868731277296 ], [ 447979.8491, 209865.575868731277296 ], [ 447981.8491, 209868.575868731277296 ], [ 447981.3491, 209872.075868731277296 ], [ 447983.8491, 209874.575868731277296 ], [ 447982.8491, 209876.575868731277296 ], [ 447984.8491, 209878.075868731277296 ], [ 447984.8491, 209880.075868731277296 ], [ 447986.8491, 209883.575868731277296 ], [ 447988.3491, 209884.075868731277296 ], [ 447988.8491, 209885.575868731277296 ], [ 447996.8491, 209893.575868731277296 ], [ 447997.8491, 209893.575868731277296 ], [ 447999.3491, 209896.075868731277296 ], [ 448003.3491, 209898.575868731277296 ], [ 448005.8491, 209901.575868731277296 ], [ 448008.3491, 209902.575868731277296 ], [ 448010.3491, 209902.075868731277296 ], [ 448012.3491, 209904.575868731277296 ], [ 448015.8491, 209904.575868731277296 ] ] ], [ [ [ 448001.3491, 209987.575868731277296 ], [ 448002.3491, 209985.075868731277296 ], [ 448004.8491, 209983.575868731277296 ], [ 448005.8491, 209979.075868731277296 ], [ 448009.8491, 209974.075868731277296 ], [ 448009.8491, 209971.575868731277296 ], [ 448008.8491, 209970.575868731277296 ], [ 448005.8491, 209974.075868731277296 ], [ 448006.3491, 209975.575868731277296 ], [ 448005.3491, 209977.575868731277296 ], [ 448003.8491, 209978.575868731277296 ], [ 448003.3491, 209980.575868731277296 ], [ 448001.3491, 209982.575868731277296 ], [ 448001.3491, 209984.075868731277296 ], [ 448000.3491, 209984.575868731277296 ], [ 448000.3491, 209988.075868731277296 ], [ 448001.3491, 209987.575868731277296 ] ] ] ] } },
{ "type": "Feature", "properties": { "mainhabs": "Coastal and floodplain grazing marsh,Lowland meadows", "habcodes": "CFPGM, LMEAD", "featdesc": null, "featcodes": null, "otherclass": null, "addhabs": null, "primsource": "Environment Agency Flood Zone 3 Oxfordshire digital data 2009 (CFPGM), Feedback from Natural England adviser or specialist 2021 (LMEAD)", "areaha": "14.11", "version": "Sep_25", "uid": "PHID44596554_020952527", "shape_length": null, "shape_area": null, "site": "northfieldfarm", "pid": 12, "method": "grabcut2" }, "geometry": { "type": "MultiPolygon", "coordinates": [ [ [ [ 445949.8491, 209646.075868731277296 ], [ 445951.3491, 209646.075868731277296 ], [ 445952.8491, 209647.575868731277296 ], [ 445951.8491, 209653.075868731277296 ], [ 445953.8491, 209653.075868731277296 ], [ 445955.3491, 209655.075868731277296 ], [ 445958.3491, 209655.575868731277296 ], [ 445958.3491, 209654.575868731277296 ], [ 445959.3491, 209654.575868731277296 ], [ 445959.3491, 209655.575868731277296 ], [ 445961.8491, 209655.575868731277296 ], [ 445964.8491, 209659.575868731277296 ], [ 445967.3491, 209660.075868731277296 ], [ 445968.8491, 209662.075868731277296 ], [ 445970.3491, 209662.075868731277296 ], [ 445971.3491, 209665.075868731277296 ], [ 445974.3491, 209665.075868731277296 ], [ 445974.3491, 209666.075868731277296 ], [ 445976.3491, 209666.575868731277296 ], [ 445976.3491, 209667.575868731277296 ], [ 445978.3491, 209668.075868731277296 ], [ 445979.8491, 209670.075868731277296 ], [ 445981.8491, 209669.075868731277296 ], [ 445982.3491, 209670.575868731277296 ], [ 445985.8491, 209671.575868731277296 ], [ 445988.8491, 209676.075868731277296 ], [ 445991.3491, 209676.075868731277296 ], [ 445992.3491, 209678.075868731277296 ], [ 445994.3491, 209678.075868731277296 ], [ 445996.8491, 209680.075868731277296 ], [ 445996.8491, 209681.075868731277296 ], [ 445998.3491, 209681.075868731277296 ], [ 445998.3491, 209682.075868731277296 ], [ 446003.3491, 209684.075868731277296 ], [ 446004.3491, 209686.075868731277296 ], [ 446005.8491, 209686.575868731277296 ], [ 446005.8491, 209692.075868731277296 ], [ 446004.8491, 209692.075868731277296 ], [ 446004.8491, 209693.075868731277296 ], [ 446006.3491, 209697.075868731277296 ], [ 446008.3491, 209698.075868731277296 ], [ 446008.8491, 209696.075868731277296 ], [ 446009.8491, 209696.075868731277296 ], [ 446010.3491, 209698.075868731277296 ], [ 446012.3491, 209698.575868731277296 ], [ 446012.3491, 209699.575868731277296 ], [ 446013.3491, 209699.075868731277296 ], [ 446014.3491, 209700.075868731277296 ], [ 446016.3491, 209700.075868731277296 ], [ 446016.3491, 209701.075868731277296 ], [ 446018.3491, 209701.075868731277296 ], [ 446018.3491, 209702.075868731277296 ], [ 446020.3491, 209702.575868731277296 ], [ 446019.3491, 209705.075868731277296 ], [ 446020.3491, 209705.075868731277296 ], [ 446021.8491, 209707.575868731277296 ], [ 446024.8491, 209707.575868731277296 ], [ 446024.8491, 209706.575868731277296 ], [ 446025.8491, 209706.575868731277296 ], [ 446027.3491, 209708.575868731277296 ], [ 446030.8491, 209708.075868731277296 ], [ 446032.3491, 209709.575868731277296 ], [ 446032.3491, 209711.575868731277296 ], [ 446033.8491, 209713.075868731277296 ], [ 446034.3491, 209717.075868731277296 ], [ 446035.3491, 209717.075868731277296 ], [ 446035.3491, 209718.075868731277296 ], [ 446039.3491, 209719.575868731277296 ], [ 446041.3491, 209718.075868731277296 ], [ 446043.3491, 209718.075868731277296 ], [ 446043.3491, 209717.075868731277296 ], [ 446045.8491, 209718.075868731277296 ], [ 446045.8491, 209717.075868731277296 ], [ 446048.3491, 209716.075868731277296 ], [ 446048.8491, 209718.075868731277296 ], [ 446052.3491, 209718.575868731277296 ], [ 446054.8491, 209721.075868731277296 ], [ 446058.3491, 209721.075868731277296 ], [ 446058.3491, 209722.075868731277296 ], [ 446060.3491, 209722.575868731277296 ], [ 446060.8491, 209724.075868731277296 ], [ 446062.3491, 209724.075868731277296 ], [ 446062.3491, 209726.075868731277296 ], [ 446065.8491, 209728.075868731277296 ], [ 446072.3491, 209728.075868731277296 ], [ 446073.8491, 209727.575868731277296 ], [ 446073.8491, 209726.575868731277296 ], [ 446080.8491, 209726.575868731277296 ], [ 446080.8491, 209727.575868731277296 ], [ 446081.8491, 209727.575868731277296 ], [ 446084.8491, 209731.575868731277296 ], [ 446084.3491, 209738.575868731277296 ], [ 446086.3491, 209740.075868731277296 ], [ 446086.3491, 209741.075868731277296 ], [ 446087.3491, 209741.075868731277296 ], [ 446087.3491, 209742.075868731277296 ], [ 446089.8491, 209742.075868731277296 ], [ 446090.3491, 209743.575868731277296 ], [ 446092.3491, 209744.075868731277296 ], [ 446095.3491, 209740.075868731277296 ], [ 446096.8491, 209740.075868731277296 ], [ 446096.8491, 209741.075868731277296 ], [ 446099.3491, 209741.075868731277296 ], [ 446102.3491, 209745.075868731277296 ], [ 446106.3491, 209746.575868731277296 ], [ 446106.8491, 209748.075868731277296 ], [ 446108.8491, 209746.575868731277296 ], [ 446108.8491, 209747.575868731277296 ], [ 446109.8491, 209747.575868731277296 ], [ 446110.3491, 209749.075868731277296 ], [ 446111.3491, 209748.575868731277296 ], [ 446112.3491, 209750.575868731277296 ], [ 446114.3491, 209750.575868731277296 ], [ 446114.3491, 209751.575868731277296 ], [ 446116.3491, 209752.075868731277296 ], [ 446116.8491, 209754.075868731277296 ], [ 446121.3491, 209754.075868731277296 ], [ 446122.8491, 209752.075868731277296 ], [ 446126.3491, 209752.075868731277296 ], [ 446127.8491, 209751.075868731277296 ], [ 446129.8491, 209753.075868731277296 ], [ 446132.8491, 209759.075868731277296 ], [ 446135.8491, 209762.075868731277296 ], [ 446137.3491, 209762.075868731277296 ], [ 446140.8491, 209766.575868731277296 ], [ 446144.3491, 209766.575868731277296 ], [ 446144.8491, 209768.075868731277296 ], [ 446146.3491, 209768.075868731277296 ], [ 446146.3491, 209769.075868731277296 ], [ 446148.3491, 209770.575868731277296 ], [ 446150.3491, 209770.575868731277296 ], [ 446150.3491, 209771.575868731277296 ], [ 446152.3491, 209772.075868731277296 ], [ 446152.3491, 209773.075868731277296 ], [ 446157.8491, 209774.575868731277296 ], [ 446157.8491, 209775.575868731277296 ], [ 446159.3491, 209776.075868731277296 ], [ 446162.3491, 209780.075868731277296 ], [ 446164.3491, 209780.075868731277296 ], [ 446166.3491, 209775.575868731277296 ], [ 446168.3491, 209776.075868731277296 ], [ 446168.3491, 209777.075868731277296 ], [ 446171.3491, 209775.575868731277296 ], [ 446171.3491, 209774.075868731277296 ], [ 446169.8491, 209773.075868731277296 ], [ 446170.3491, 209771.575868731277296 ], [ 446172.8491, 209769.575868731277296 ], [ 446172.8491, 209768.075868731277296 ], [ 446173.8491, 209768.075868731277296 ], [ 446174.3491, 209766.075868731277296 ], [ 446175.8491, 209765.075868731277296 ], [ 446176.3491, 209762.575868731277296 ], [ 446178.3491, 209760.075868731277296 ], [ 446178.3491, 209758.075868731277296 ], [ 446179.3491, 209758.075868731277296 ], [ 446182.8491, 209750.575868731277296 ], [ 446184.3491, 209749.575868731277296 ], [ 446184.8491, 209747.075868731277296 ], [ 446186.3491, 209746.075868731277296 ], [ 446186.3491, 209744.075868731277296 ], [ 446187.3491, 209744.075868731277296 ], [ 446188.3491, 209740.575868731277296 ], [ 446192.3491, 209735.575868731277296 ], [ 446192.3491, 209734.075868731277296 ], [ 446196.3491, 209729.575868731277296 ], [ 446196.3491, 209728.075868731277296 ], [ 446197.3491, 209728.075868731277296 ], [ 446198.8491, 209724.575868731277296 ], [ 446200.3491, 209723.575868731277296 ], [ 446200.3491, 209722.075868731277296 ], [ 446201.3491, 209722.075868731277296 ], [ 446202.8491, 209718.575868731277296 ], [ 446204.3491, 209717.575868731277296 ], [ 446204.8491, 209714.575868731277296 ], [ 446205.8491, 209714.575868731277296 ], [ 446207.3491, 209711.575868731277296 ], [ 446208.3491, 209711.575868731277296 ], [ 446208.8491, 209709.075868731277296 ], [ 446209.8491, 209709.075868731277296 ], [ 446210.8491, 209706.575868731277296 ], [ 446212.3491, 209705.575868731277296 ], [ 446212.3491, 209704.075868731277296 ], [ 446214.3491, 209702.575868731277296 ], [ 446214.3491, 209701.075868731277296 ], [ 446216.3491, 209699.575868731277296 ], [ 446216.3491, 209698.075868731277296 ], [ 446217.3491, 209698.075868731277296 ], [ 446218.8491, 209694.575868731277296 ], [ 446220.3491, 209693.575868731277296 ], [ 446220.3491, 209692.075868731277296 ], [ 446221.8491, 209692.075868731277296 ], [ 446223.8491, 209689.575868731277296 ], [ 446224.3491, 209687.075868731277296 ], [ 446226.3491, 209685.575868731277296 ], [ 446227.3491, 209682.075868731277296 ], [ 446228.3491, 209682.075868731277296 ], [ 446228.3491, 209680.075868731277296 ], [ 446232.3491, 209675.575868731277296 ], [ 446232.3491, 209674.075868731277296 ], [ 446233.8491, 209673.575868731277296 ], [ 446235.3491, 209670.075868731277296 ], [ 446236.3491, 209670.075868731277296 ], [ 446236.3491, 209668.075868731277296 ], [ 446240.3491, 209663.575868731277296 ], [ 446240.3491, 209662.075868731277296 ], [ 446241.8491, 209661.075868731277296 ], [ 446243.3491, 209657.075868731277296 ], [ 446244.3491, 209657.075868731277296 ], [ 446244.8491, 209654.575868731277296 ], [ 446246.3491, 209654.075868731277296 ], [ 446246.3491, 209652.075868731277296 ], [ 446248.3491, 209651.075868731277296 ], [ 446248.8491, 209649.075868731277296 ], [ 446249.8491, 209648.575868731277296 ], [ 446249.8491, 209646.575868731277296 ], [ 446251.3491, 209646.075868731277296 ], [ 446251.3491, 209644.075868731277296 ], [ 446252.3491, 209644.075868731277296 ], [ 446252.3491, 209642.575868731277296 ], [ 446253.8491, 209642.075868731277296 ], [ 446254.3491, 209639.575868731277296 ], [ 446256.3491, 209638.575868731277296 ], [ 446256.3491, 209636.075868731277296 ], [ 446260.3491, 209633.075868731277296 ], [ 446262.8491, 209628.075868731277296 ], [ 446263.8491, 209628.075868731277296 ], [ 446268.3491, 209619.075868731277296 ], [ 446268.3491, 209616.075868731277296 ], [ 446269.3491, 209615.575868731277296 ], [ 446270.8491, 209610.075868731277296 ], [ 446259.3491, 209609.575868731277296 ], [ 446248.3491, 209610.575868731277296 ], [ 446186.3491, 209584.575868731277296 ], [ 446132.3491, 209556.575868731277296 ], [ 446112.8491, 209544.075868731277296 ], [ 446097.8491, 209531.575868731277296 ], [ 446084.8491, 209524.575868731277296 ], [ 446084.3491, 209523.575868731277296 ], [ 446049.8491, 209506.575868731277296 ], [ 446023.3491, 209489.575868731277296 ], [ 445993.3491, 209475.575868731277296 ], [ 445977.8491, 209470.575868731277296 ], [ 445954.3491, 209465.575868731277296 ], [ 445907.8491, 209457.575868731277296 ], [ 445881.8491, 209455.075868731277296 ], [ 445861.8491, 209451.575868731277296 ], [ 445802.8491, 209432.575868731277296 ], [ 445801.3491, 209433.075868731277296 ], [ 445800.8491, 209436.575868731277296 ], [ 445798.3491, 209438.075868731277296 ], [ 445799.8491, 209431.575868731277296 ], [ 445739.8491, 209413.075868731277296 ], [ 445704.3491, 209399.575868731277296 ], [ 445691.8491, 209392.575868731277296 ], [ 445671.3491, 209379.075868731277296 ], [ 445623.3491, 209355.575868731277296 ], [ 445622.8491, 209354.575868731277296 ], [ 445614.8491, 209351.075868731277296 ], [ 445614.3491, 209350.075868731277296 ], [ 445610.3491, 209348.575868731277296 ], [ 445609.8491, 209347.575868731277296 ], [ 445587.8491, 209335.575868731277296 ], [ 445565.3491, 209321.075868731277296 ], [ 445524.8491, 209290.575868731277296 ], [ 445503.3491, 209277.075868731277296 ], [ 445499.3491, 209273.075868731277296 ], [ 445496.3491, 209271.575868731277296 ], [ 445494.3491, 209268.575868731277296 ], [ 445488.3491, 209274.575868731277296 ], [ 445484.8491, 209274.575868731277296 ], [ 445484.3491, 209276.575868731277296 ], [ 445480.8491, 209278.575868731277296 ], [ 445480.3491, 209280.575868731277296 ], [ 445476.8491, 209282.575868731277296 ], [ 445476.3491, 209284.575868731277296 ], [ 445472.8491, 209286.575868731277296 ], [ 445472.3491, 209288.575868731277296 ], [ 445470.8491, 209289.075868731277296 ], [ 445470.8491, 209293.075868731277296 ], [ 445467.8491, 209296.075868731277296 ], [ 445477.3491, 209303.075868731277296 ], [ 445479.3491, 209306.075868731277296 ], [ 445480.3491, 209306.075868731277296 ], [ 445480.8491, 209307.575868731277296 ], [ 445481.8491, 209307.575868731277296 ], [ 445481.8491, 209308.575868731277296 ], [ 445482.8491, 209308.575868731277296 ], [ 445483.3491, 209310.075868731277296 ], [ 445484.3491, 209310.075868731277296 ], [ 445484.8491, 209311.575868731277296 ], [ 445485.8491, 209311.575868731277296 ], [ 445485.8491, 209312.575868731277296 ], [ 445486.8491, 209312.575868731277296 ], [ 445487.3491, 209314.075868731277296 ], [ 445490.8491, 209316.575868731277296 ], [ 445490.8491, 209318.075868731277296 ], [ 445494.8491, 209320.575868731277296 ], [ 445494.8491, 209322.075868731277296 ], [ 445496.3491, 209322.575868731277296 ], [ 445496.8491, 209324.575868731277296 ], [ 445498.8491, 209325.075868731277296 ], [ 445500.8491, 209328.575868731277296 ], [ 445502.8491, 209329.075868731277296 ], [ 445503.3491, 209331.575868731277296 ], [ 445504.3491, 209331.575868731277296 ], [ 445504.3491, 209332.575868731277296 ], [ 445505.8491, 209333.075868731277296 ], [ 445505.8491, 209334.075868731277296 ], [ 445506.8491, 209334.075868731277296 ], [ 445509.8491, 209338.075868731277296 ], [ 445510.8491, 209338.075868731277296 ], [ 445511.3491, 209340.575868731277296 ], [ 445512.3491, 209340.575868731277296 ], [ 445512.8491, 209342.075868731277296 ], [ 445515.3491, 209342.575868731277296 ], [ 445515.3491, 209344.575868731277296 ], [ 445518.8491, 209346.575868731277296 ], [ 445519.3491, 209348.575868731277296 ], [ 445522.8491, 209350.575868731277296 ], [ 445524.8491, 209354.075868731277296 ], [ 445526.8491, 209354.575868731277296 ], [ 445527.3491, 209357.075868731277296 ], [ 445528.3491, 209357.075868731277296 ], [ 445528.3491, 209358.075868731277296 ], [ 445532.3491, 209361.075868731277296 ], [ 445532.8491, 209363.575868731277296 ], [ 445533.8491, 209363.575868731277296 ], [ 445536.3491, 209367.075868731277296 ], [ 445538.8491, 209366.075868731277296 ], [ 445540.8491, 209367.575868731277296 ], [ 445540.8491, 209369.075868731277296 ], [ 445542.8491, 209370.075868731277296 ], [ 445543.3491, 209372.575868731277296 ], [ 445544.3491, 209372.575868731277296 ], [ 445544.8491, 209374.575868731277296 ], [ 445546.8491, 209375.575868731277296 ], [ 445547.3491, 209378.075868731277296 ], [ 445548.3491, 209378.075868731277296 ], [ 445548.8491, 209379.575868731277296 ], [ 445549.8491, 209379.575868731277296 ], [ 445549.8491, 209381.075868731277296 ], [ 445550.8491, 209381.075868731277296 ], [ 445551.3491, 209383.575868731277296 ], [ 445555.3491, 209386.575868731277296 ], [ 445555.3491, 209388.575868731277296 ], [ 445556.3491, 209388.575868731277296 ], [ 445556.8491, 209390.075868731277296 ], [ 445558.8491, 209390.575868731277296 ], [ 445559.3491, 209392.575868731277296 ], [ 445560.8491, 209393.075868731277296 ], [ 445560.8491, 209394.575868731277296 ], [ 445561.8491, 209394.575868731277296 ], [ 445561.8491, 209395.575868731277296 ], [ 445565.8491, 209398.575868731277296 ], [ 445565.8491, 209400.575868731277296 ], [ 445566.8491, 209400.575868731277296 ], [ 445567.3491, 209402.075868731277296 ], [ 445571.3491, 209405.075868731277296 ], [ 445572.8491, 209408.575868731277296 ], [ 445576.3491, 209410.575868731277296 ], [ 445576.3491, 209412.575868731277296 ], [ 445579.3491, 209414.575868731277296 ], [ 445579.3491, 209416.575868731277296 ], [ 445581.8491, 209418.075868731277296 ], [ 445583.3491, 209422.075868731277296 ], [ 445587.3491, 209425.075868731277296 ], [ 445588.8491, 209428.575868731277296 ], [ 445590.8491, 209429.075868731277296 ], [ 445591.3491, 209431.575868731277296 ], [ 445595.3491, 209434.575868731277296 ], [ 445595.3491, 209436.575868731277296 ], [ 445596.8491, 209437.075868731277296 ], [ 445598.3491, 209440.575868731277296 ], [ 445600.3491, 209441.575868731277296 ], [ 445600.3491, 209442.575868731277296 ], [ 445604.8491, 209447.575868731277296 ], [ 445605.8491, 209447.575868731277296 ], [ 445605.8491, 209448.575868731277296 ], [ 445608.3491, 209449.075868731277296 ], [ 445610.3491, 209452.575868731277296 ], [ 445613.8491, 209454.575868731277296 ], [ 445614.3491, 209456.575868731277296 ], [ 445615.3491, 209456.575868731277296 ], [ 445614.8491, 209458.075868731277296 ], [ 445616.3491, 209458.575868731277296 ], [ 445616.3491, 209460.075868731277296 ], [ 445617.8491, 209460.575868731277296 ], [ 445618.8491, 209462.575868731277296 ], [ 445620.8491, 209463.075868731277296 ], [ 445620.8491, 209464.575868731277296 ], [ 445621.8491, 209464.575868731277296 ], [ 445622.3491, 209466.075868731277296 ], [ 445624.3491, 209466.575868731277296 ], [ 445623.8491, 209468.075868731277296 ], [ 445628.8491, 209473.075868731277296 ], [ 445628.8491, 209474.075868731277296 ], [ 445632.3491, 209476.575868731277296 ], [ 445632.3491, 209478.075868731277296 ], [ 445634.3491, 209479.075868731277296 ], [ 445636.3491, 209482.575868731277296 ], [ 445638.3491, 209483.575868731277296 ], [ 445637.8491, 209484.575868731277296 ], [ 445639.8491, 209485.075868731277296 ], [ 445640.3491, 209486.575868731277296 ], [ 445641.8491, 209487.075868731277296 ], [ 445641.8491, 209488.575868731277296 ], [ 445644.8491, 209490.575868731277296 ], [ 445648.8491, 209496.575868731277296 ], [ 445651.3491, 209498.075868731277296 ], [ 445657.3491, 209506.075868731277296 ], [ 445673.3491, 209523.575868731277296 ], [ 445683.3491, 209538.075868731277296 ], [ 445686.3491, 209541.075868731277296 ], [ 445687.3491, 209543.575868731277296 ], [ 445690.3491, 209546.575868731277296 ], [ 445690.3491, 209548.075868731277296 ], [ 445691.3491, 209548.075868731277296 ], [ 445691.3491, 209550.075868731277296 ], [ 445692.8491, 209550.575868731277296 ], [ 445693.8491, 209554.075868731277296 ], [ 445695.3491, 209554.575868731277296 ], [ 445695.3491, 209556.075868731277296 ], [ 445696.3491, 209556.075868731277296 ], [ 445696.3491, 209558.075868731277296 ], [ 445696.8491, 209559.575868731277296 ], [ 445698.3491, 209560.075868731277296 ], [ 445698.3491, 209562.075868731277296 ], [ 445700.3491, 209562.575868731277296 ], [ 445700.8491, 209566.075868731277296 ], [ 445701.8491, 209566.075868731277296 ], [ 445701.8491, 209567.575868731277296 ], [ 445703.3491, 209568.075868731277296 ], [ 445704.3491, 209571.575868731277296 ], [ 445706.8491, 209573.575868731277296 ], [ 445708.8491, 209572.075868731277296 ], [ 445710.3491, 209575.575868731277296 ], [ 445712.3491, 209576.075868731277296 ], [ 445712.8491, 209578.575868731277296 ], [ 445715.3491, 209580.075868731277296 ], [ 445715.3491, 209582.075868731277296 ], [ 445716.3491, 209582.075868731277296 ], [ 445716.8491, 209584.075868731277296 ], [ 445717.8491, 209584.075868731277296 ], [ 445718.3491, 209587.575868731277296 ], [ 445720.3491, 209589.075868731277296 ], [ 445720.8491, 209595.575868731277296 ], [ 445719.8491, 209595.575868731277296 ], [ 445719.8491, 209596.575868731277296 ], [ 445721.8491, 209599.575868731277296 ], [ 445723.8491, 209607.575868731277296 ], [ 445731.3491, 209646.575868731277296 ], [ 445751.8491, 209705.575868731277296 ], [ 445763.8491, 209719.575868731277296 ], [ 445765.3491, 209723.575868731277296 ], [ 445768.8491, 209722.575868731277296 ], [ 445768.8491, 209723.575868731277296 ], [ 445771.3491, 209724.075868731277296 ], [ 445771.3491, 209725.075868731277296 ], [ 445773.8491, 209726.575868731277296 ], [ 445774.3491, 209729.075868731277296 ], [ 445775.3491, 209729.075868731277296 ], [ 445775.3491, 209730.575868731277296 ], [ 445776.3491, 209730.575868731277296 ], [ 445776.8491, 209732.075868731277296 ], [ 445780.3491, 209732.075868731277296 ], [ 445780.8491, 209734.075868731277296 ], [ 445784.3491, 209736.075868731277296 ], [ 445784.8491, 209738.075868731277296 ], [ 445788.3491, 209740.075868731277296 ], [ 445790.3491, 209743.575868731277296 ], [ 445792.3491, 209744.075868731277296 ], [ 445792.8491, 209746.075868731277296 ], [ 445793.8491, 209746.075868731277296 ], [ 445792.3491, 209747.575868731277296 ], [ 445792.8491, 209752.075868731277296 ], [ 445793.8491, 209752.075868731277296 ], [ 445794.3491, 209754.075868731277296 ], [ 445796.3491, 209754.575868731277296 ], [ 445796.3491, 209755.575868731277296 ], [ 445797.8491, 209755.575868731277296 ], [ 445798.3491, 209757.075868731277296 ], [ 445801.8491, 209757.075868731277296 ], [ 445802.3491, 209755.575868731277296 ], [ 445804.3491, 209756.075868731277296 ], [ 445805.8491, 209758.075868731277296 ], [ 445808.3491, 209758.575868731277296 ], [ 445810.3491, 209762.075868731277296 ], [ 445811.3491, 209762.075868731277296 ], [ 445812.3491, 209764.075868731277296 ], [ 445813.8491, 209764.075868731277296 ], [ 445814.3491, 209765.575868731277296 ], [ 445820.8491, 209769.075868731277296 ], [ 445820.8491, 209770.075868731277296 ], [ 445823.3491, 209770.575868731277296 ], [ 445823.3491, 209771.575868731277296 ], [ 445825.8491, 209772.075868731277296 ], [ 445826.8491, 209774.075868731277296 ], [ 445828.3491, 209774.075868731277296 ], [ 445829.3491, 209775.575868731277296 ], [ 445832.3491, 209776.575868731277296 ], [ 445835.3491, 209779.575868731277296 ], [ 445839.3491, 209781.075868731277296 ], [ 445839.3491, 209783.575868731277296 ], [ 445841.8491, 209783.575868731277296 ], [ 445842.3491, 209782.075868731277296 ], [ 445844.3491, 209782.075868731277296 ], [ 445845.3491, 209780.075868731277296 ], [ 445844.3491, 209779.075868731277296 ], [ 445844.3491, 209778.075868731277296 ], [ 445845.3491, 209778.075868731277296 ], [ 445844.8491, 209776.075868731277296 ], [ 445845.8491, 209776.075868731277296 ], [ 445847.3491, 209773.075868731277296 ], [ 445848.3491, 209773.075868731277296 ], [ 445848.3491, 209772.075868731277296 ], [ 445852.3491, 209769.075868731277296 ], [ 445852.3491, 209767.575868731277296 ], [ 445853.8491, 209766.075868731277296 ], [ 445856.3491, 209765.075868731277296 ], [ 445858.3491, 209761.075868731277296 ], [ 445862.3491, 209758.075868731277296 ], [ 445862.8491, 209756.075868731277296 ], [ 445865.8491, 209754.075868731277296 ], [ 445866.3491, 209752.075868731277296 ], [ 445870.3491, 209749.075868731277296 ], [ 445870.3491, 209747.575868731277296 ], [ 445872.8491, 209746.075868731277296 ], [ 445874.3491, 209742.575868731277296 ], [ 445876.3491, 209742.075868731277296 ], [ 445876.3491, 209740.575868731277296 ], [ 445878.3491, 209739.575868731277296 ], [ 445878.3491, 209737.075868731277296 ], [ 445879.3491, 209737.075868731277296 ], [ 445879.3491, 209736.075868731277296 ], [ 445880.3491, 209736.075868731277296 ], [ 445880.8491, 209734.575868731277296 ], [ 445884.3491, 209732.075868731277296 ], [ 445884.3491, 209730.575868731277296 ], [ 445886.3491, 209730.075868731277296 ], [ 445887.3491, 209728.075868731277296 ], [ 445889.8491, 209727.575868731277296 ], [ 445889.8491, 209726.575868731277296 ], [ 445891.8491, 209725.075868731277296 ], [ 445891.3491, 209723.075868731277296 ], [ 445893.8491, 209722.075868731277296 ], [ 445894.3491, 209719.575868731277296 ], [ 445895.3491, 209719.575868731277296 ], [ 445896.8491, 209717.575868731277296 ], [ 445896.8491, 209716.075868731277296 ], [ 445900.3491, 209714.075868731277296 ], [ 445900.8491, 209712.075868731277296 ], [ 445902.3491, 209711.575868731277296 ], [ 445902.3491, 209710.075868731277296 ], [ 445905.8491, 209707.075868731277296 ], [ 445907.3491, 209704.075868731277296 ], [ 445908.3491, 209704.075868731277296 ], [ 445908.8491, 209702.575868731277296 ], [ 445910.3491, 209702.075868731277296 ], [ 445910.8491, 209700.075868731277296 ], [ 445913.8491, 209698.075868731277296 ], [ 445913.3491, 209695.575868731277296 ], [ 445914.3491, 209694.075868731277296 ], [ 445915.3491, 209694.075868731277296 ], [ 445922.3491, 209684.575868731277296 ], [ 445923.8491, 209684.075868731277296 ], [ 445924.3491, 209682.075868731277296 ], [ 445925.8491, 209681.575868731277296 ], [ 445930.3491, 209675.075868731277296 ], [ 445932.3491, 209674.075868731277296 ], [ 445932.3491, 209672.575868731277296 ], [ 445934.3491, 209671.575868731277296 ], [ 445934.3491, 209670.075868731277296 ], [ 445936.3491, 209669.075868731277296 ], [ 445948.3491, 209653.075868731277296 ], [ 445950.3491, 209652.075868731277296 ], [ 445950.3491, 209650.575868731277296 ], [ 445951.8491, 209650.075868731277296 ], [ 445951.8491, 209649.075868731277296 ], [ 445948.3491, 209647.075868731277296 ], [ 445948.3491, 209646.075868731277296 ], [ 445949.8491, 209646.075868731277296 ] ], [ [ 446155.8491, 209767.575868731277296 ], [ 446152.3491, 209766.075868731277296 ], [ 446151.8491, 209764.075868731277296 ], [ 446149.3491, 209764.075868731277296 ], [ 446146.3491, 209760.575868731277296 ], [ 446143.3491, 209760.075868731277296 ], [ 446138.3491, 209755.575868731277296 ], [ 446132.3491, 209753.075868731277296 ], [ 446132.3491, 209752.075868731277296 ], [ 446130.8491, 209752.075868731277296 ], [ 446129.3491, 209750.075868731277296 ], [ 446125.8491, 209748.575868731277296 ], [ 446124.3491, 209749.075868731277296 ], [ 446124.3491, 209748.075868731277296 ], [ 446121.3491, 209746.075868731277296 ], [ 446119.8491, 209746.075868731277296 ], [ 446118.3491, 209744.075868731277296 ], [ 446116.3491, 209744.075868731277296 ], [ 446115.8491, 209742.575868731277296 ], [ 446110.8491, 209741.575868731277296 ], [ 446110.3491, 209740.075868731277296 ], [ 446108.3491, 209740.075868731277296 ], [ 446107.8491, 209739.075868731277296 ], [ 446106.3491, 209739.575868731277296 ], [ 446106.3491, 209738.575868731277296 ], [ 446104.3491, 209737.575868731277296 ], [ 446097.3491, 209736.575868731277296 ], [ 446095.3491, 209734.075868731277296 ], [ 446094.3491, 209734.075868731277296 ], [ 446094.3491, 209735.075868731277296 ], [ 446091.3491, 209734.075868731277296 ], [ 446090.3491, 209732.075868731277296 ], [ 446088.3491, 209731.075868731277296 ], [ 446087.8491, 209729.075868731277296 ], [ 446084.3491, 209728.075868731277296 ], [ 446080.8491, 209724.575868731277296 ], [ 446071.3491, 209724.075868731277296 ], [ 446068.8491, 209722.075868731277296 ], [ 446067.8491, 209723.075868731277296 ], [ 446065.3491, 209720.075868731277296 ], [ 446064.3491, 209720.075868731277296 ], [ 446063.8491, 209718.575868731277296 ], [ 446061.3491, 209718.075868731277296 ], [ 446060.8491, 209717.075868731277296 ], [ 446059.3491, 209717.575868731277296 ], [ 446057.8491, 209714.575868731277296 ], [ 446059.3491, 209713.075868731277296 ], [ 446060.8491, 209713.075868731277296 ], [ 446060.8491, 209714.075868731277296 ], [ 446067.3491, 209716.075868731277296 ], [ 446068.8491, 209718.075868731277296 ], [ 446072.8491, 209718.575868731277296 ], [ 446072.8491, 209719.575868731277296 ], [ 446076.3491, 209720.075868731277296 ], [ 446076.3491, 209721.075868731277296 ], [ 446078.3491, 209721.075868731277296 ], [ 446078.3491, 209722.075868731277296 ], [ 446081.8491, 209722.575868731277296 ], [ 446081.8491, 209723.575868731277296 ], [ 446084.8491, 209724.075868731277296 ], [ 446084.8491, 209725.075868731277296 ], [ 446087.3491, 209725.075868731277296 ], [ 446087.3491, 209726.075868731277296 ], [ 446090.3491, 209726.575868731277296 ], [ 446090.3491, 209727.575868731277296 ], [ 446094.3491, 209728.075868731277296 ], [ 446094.3491, 209729.075868731277296 ], [ 446096.3491, 209729.075868731277296 ], [ 446096.3491, 209730.075868731277296 ], [ 446099.3491, 209730.575868731277296 ], [ 446099.3491, 209731.575868731277296 ], [ 446103.3491, 209732.075868731277296 ], [ 446104.8491, 209734.075868731277296 ], [ 446112.3491, 209736.075868731277296 ], [ 446112.3491, 209737.075868731277296 ], [ 446113.8491, 209737.075868731277296 ], [ 446113.8491, 209738.575868731277296 ], [ 446117.8491, 209738.575868731277296 ], [ 446117.8491, 209739.575868731277296 ], [ 446120.8491, 209740.075868731277296 ], [ 446122.8491, 209743.075868731277296 ], [ 446124.8491, 209742.575868731277296 ], [ 446124.8491, 209743.575868731277296 ], [ 446128.3491, 209744.075868731277296 ], [ 446128.3491, 209745.075868731277296 ], [ 446132.3491, 209746.575868731277296 ], [ 446132.3491, 209747.575868731277296 ], [ 446135.3491, 209748.075868731277296 ], [ 446135.3491, 209749.075868731277296 ], [ 446139.3491, 209750.575868731277296 ], [ 446139.3491, 209751.575868731277296 ], [ 446142.3491, 209752.075868731277296 ], [ 446143.3491, 209754.075868731277296 ], [ 446148.8491, 209756.075868731277296 ], [ 446149.8491, 209758.075868731277296 ], [ 446151.3491, 209758.075868731277296 ], [ 446152.8491, 209760.075868731277296 ], [ 446153.8491, 209760.075868731277296 ], [ 446154.3491, 209762.075868731277296 ], [ 446156.3491, 209762.075868731277296 ], [ 446156.8491, 209763.575868731277296 ], [ 446160.3491, 209766.075868731277296 ], [ 446159.3491, 209768.075868731277296 ], [ 446155.8491, 209767.575868731277296 ] ], [ [ 445989.8491, 209480.575868731277296 ], [ 445990.3491, 209480.575868731277296 ], [ 445990.3491, 209481.075868731277296 ], [ 445989.8491, 209481.075868731277296 ], [ 445989.8491, 209480.575868731277296 ] ], [ [ 445946.3491, 209645.075868731277296 ], [ 445946.3491, 209644.575868731277296 ], [ 445946.8491, 209644.575868731277296 ], [ 445946.8491, 209645.075868731277296 ], [ 445946.3491, 209645.075868731277296 ] ], [ [ 445946.8491, 209645.075868731277296 ], [ 445948.3491, 209645.575868731277296 ], [ 445947.3491, 209646.075868731277296 ], [ 445947.3491, 209645.575868731277296 ], [ 445946.8491, 209645.075868731277296 ] ], [ [ 445944.3491, 209643.075868731277296 ], [ 445944.3491, 209642.575868731277296 ], [ 445944.8491, 209642.575868731277296 ], [ 445944.8491, 209643.075868731277296 ], [ 445944.3491, 209643.075868731277296 ] ], [ [ 445944.8491, 209643.075868731277296 ], [ 445945.3491, 209643.075868731277296 ], [ 445945.3491, 209643.575868731277296 ], [ 445944.8491, 209643.575868731277296 ], [ 445944.8491, 209643.075868731277296 ] ], [ [ 445945.3491, 209643.575868731277296 ], [ 445945.8491, 209643.575868731277296 ], [ 445945.8491, 209644.075868731277296 ], [ 445945.3491, 209644.075868731277296 ], [ 445945.3491, 209643.575868731277296 ] ], [ [ 445794.8491, 209457.575868731277296 ], [ 445794.3491, 209456.075868731277296 ], [ 445795.3491, 209455.575868731277296 ], [ 445795.8491, 209457.575868731277296 ], [ 445794.8491, 209457.575868731277296 ] ], [ [ 445573.8491, 209331.075868731277296 ], [ 445571.3491, 209330.075868731277296 ], [ 445570.3491, 209328.075868731277296 ], [ 445574.8491, 209330.575868731277296 ], [ 445574.8491, 209331.575868731277296 ], [ 445573.8491, 209331.075868731277296 ] ] ], [ [ [ 446241.3491, 209674.075868731277296 ], [ 446242.3491, 209672.575868731277296 ], [ 446244.8491, 209672.075868731277296 ], [ 446245.3491, 209668.575868731277296 ], [ 446243.8491, 209666.075868731277296 ], [ 446240.8491, 209670.075868731277296 ], [ 446240.3491, 209674.075868731277296 ], [ 446241.3491, 209674.075868731277296 ] ] ] ] } },
{ "type": "Feature", "properties": { "mainhabs": "Coastal and floodplain grazing marsh,Lowland meadows", "habcodes": "CFPGM, LMEAD", "featdesc": null, "featcodes": null, "otherclass": null, "addhabs": null, "primsource": "Environment Agency Flood Zone 3 Oxfordshire digital data 2009 (CFPGM), Feedback from Natural England adviser or specialist 2021 (LMEAD)", "areaha": "2.69", "version": "Sep_25", "uid": "PHID44627783_020972731", "shape_length": null, "shape_area": null, "site": "northfieldfarm", "pid": 13, "method": "grabcut2" }, "geometry": { "type": "Polygon", "coordinates": [ [ [ 446285.3491, 209845.075868731277296 ], [ 446289.8491, 209844.075868731277296 ], [ 446291.3491, 209844.575868731277296 ], [ 446292.8491, 209842.575868731277296 ], [ 446296.3491, 209843.075868731277296 ], [ 446296.3491, 209842.075868731277296 ], [ 446297.3491, 209842.075868731277296 ], [ 446298.3491, 209836.575868731277296 ], [ 446300.8491, 209833.575868731277296 ], [ 446300.3491, 209832.075868731277296 ], [ 446301.8491, 209831.575868731277296 ], [ 446302.3491, 209827.075868731277296 ], [ 446304.8491, 209824.575868731277296 ], [ 446304.3491, 209822.575868731277296 ], [ 446305.3491, 209820.075868731277296 ], [ 446306.3491, 209820.075868731277296 ], [ 446306.8491, 209816.075868731277296 ], [ 446305.8491, 209814.075868731277296 ], [ 446304.3491, 209813.575868731277296 ], [ 446304.3491, 209811.075868731277296 ], [ 446304.8491, 209808.575868731277296 ], [ 446306.3491, 209808.075868731277296 ], [ 446307.3491, 209806.075868731277296 ], [ 446307.3491, 209803.075868731277296 ], [ 446308.3491, 209802.075868731277296 ], [ 446307.8491, 209800.075868731277296 ], [ 446308.8491, 209799.575868731277296 ], [ 446307.8491, 209797.575868731277296 ], [ 446309.3491, 209796.075868731277296 ], [ 446311.3491, 209796.075868731277296 ], [ 446312.3491, 209794.075868731277296 ], [ 446314.3491, 209793.575868731277296 ], [ 446314.8491, 209792.075868731277296 ], [ 446316.3491, 209792.075868731277296 ], [ 446317.3491, 209790.075868731277296 ], [ 446318.3491, 209790.075868731277296 ], [ 446318.8491, 209786.075868731277296 ], [ 446320.3491, 209784.575868731277296 ], [ 446320.3491, 209782.075868731277296 ], [ 446322.3491, 209780.575868731277296 ], [ 446321.8491, 209778.075868731277296 ], [ 446320.8491, 209778.075868731277296 ], [ 446320.3491, 209776.575868731277296 ], [ 446320.8491, 209774.075868731277296 ], [ 446325.3491, 209772.075868731277296 ], [ 446325.3491, 209770.075868731277296 ], [ 446326.3491, 209769.575868731277296 ], [ 446326.3491, 209765.075868731277296 ], [ 446327.8491, 209764.075868731277296 ], [ 446327.8491, 209762.075868731277296 ], [ 446329.8491, 209759.575868731277296 ], [ 446329.8491, 209758.075868731277296 ], [ 446328.3491, 209757.075868731277296 ], [ 446327.8491, 209753.575868731277296 ], [ 446330.3491, 209751.075868731277296 ], [ 446327.8491, 209749.575868731277296 ], [ 446327.8491, 209748.575868731277296 ], [ 446328.3491, 209746.575868731277296 ], [ 446330.3491, 209745.575868731277296 ], [ 446330.3491, 209743.075868731277296 ], [ 446331.3491, 209742.575868731277296 ], [ 446331.3491, 209739.575868731277296 ], [ 446330.3491, 209738.075868731277296 ], [ 446331.3491, 209737.075868731277296 ], [ 446330.3491, 209735.575868731277296 ], [ 446332.3491, 209734.075868731277296 ], [ 446332.8491, 209732.075868731277296 ], [ 446333.8491, 209732.075868731277296 ], [ 446333.3491, 209730.575868731277296 ], [ 446334.3491, 209729.575868731277296 ], [ 446336.3491, 209730.075868731277296 ], [ 446337.3491, 209732.075868731277296 ], [ 446338.3491, 209732.075868731277296 ], [ 446339.3491, 209728.575868731277296 ], [ 446341.3491, 209727.075868731277296 ], [ 446342.8491, 209720.575868731277296 ], [ 446344.3491, 209719.075868731277296 ], [ 446344.3491, 209717.075868731277296 ], [ 446342.8491, 209715.075868731277296 ], [ 446343.3491, 209710.075868731277296 ], [ 446345.8491, 209707.075868731277296 ], [ 446350.3491, 209706.075868731277296 ], [ 446350.3491, 209695.075868731277296 ], [ 446353.8491, 209692.575868731277296 ], [ 446354.8491, 209687.075868731277296 ], [ 446356.3491, 209685.575868731277296 ], [ 446355.8491, 209677.575868731277296 ], [ 446358.3491, 209673.075868731277296 ], [ 446358.3491, 209669.075868731277296 ], [ 446360.8491, 209665.575868731277296 ], [ 446361.8491, 209666.075868731277296 ], [ 446364.3491, 209665.075868731277296 ], [ 446364.3491, 209657.575868731277296 ], [ 446363.3491, 209653.575868731277296 ], [ 446364.3491, 209653.075868731277296 ], [ 446364.3491, 209648.075868731277296 ], [ 446362.3491, 209648.075868731277296 ], [ 446361.3491, 209646.575868731277296 ], [ 446359.3491, 209647.075868731277296 ], [ 446356.3491, 209646.075868731277296 ], [ 446356.3491, 209643.575868731277296 ], [ 446354.3491, 209642.075868731277296 ], [ 446351.8491, 209642.075868731277296 ], [ 446350.3491, 209643.575868731277296 ], [ 446348.3491, 209642.075868731277296 ], [ 446348.3491, 209640.075868731277296 ], [ 446345.3491, 209640.075868731277296 ], [ 446344.3491, 209638.575868731277296 ], [ 446334.3491, 209638.075868731277296 ], [ 446332.3491, 209635.075868731277296 ], [ 446330.3491, 209635.575868731277296 ], [ 446327.8491, 209634.575868731277296 ], [ 446327.3491, 209635.575868731277296 ], [ 446325.8491, 209635.575868731277296 ], [ 446324.3491, 209633.575868731277296 ], [ 446319.8491, 209634.575868731277296 ], [ 446312.8491, 209631.575868731277296 ], [ 446312.3491, 209630.075868731277296 ], [ 446310.3491, 209631.075868731277296 ], [ 446309.8491, 209634.075868731277296 ], [ 446306.8491, 209635.075868731277296 ], [ 446306.3491, 209628.075868731277296 ], [ 446307.8491, 209627.075868731277296 ], [ 446308.3491, 209623.575868731277296 ], [ 446310.8491, 209623.575868731277296 ], [ 446320.3491, 209626.075868731277296 ], [ 446324.3491, 209626.075868731277296 ], [ 446329.8491, 209628.075868731277296 ], [ 446333.3491, 209628.075868731277296 ], [ 446339.3491, 209630.075868731277296 ], [ 446344.8491, 209630.075868731277296 ], [ 446350.3491, 209632.075868731277296 ], [ 446352.8491, 209631.575868731277296 ], [ 446341.8491, 209628.575868731277296 ], [ 446325.3491, 209621.075868731277296 ], [ 446301.8491, 209616.075868731277296 ], [ 446295.8491, 209615.575868731277296 ], [ 446290.3491, 209613.575868731277296 ], [ 446274.8491, 209610.575868731277296 ], [ 446267.3491, 209628.075868731277296 ], [ 446266.3491, 209628.075868731277296 ], [ 446266.3491, 209629.575868731277296 ], [ 446264.8491, 209630.575868731277296 ], [ 446263.3491, 209634.075868731277296 ], [ 446262.3491, 209634.075868731277296 ], [ 446262.3491, 209635.575868731277296 ], [ 446260.8491, 209636.575868731277296 ], [ 446259.3491, 209640.075868731277296 ], [ 446258.3491, 209640.075868731277296 ], [ 446258.3491, 209641.575868731277296 ], [ 446256.8491, 209642.575868731277296 ], [ 446255.3491, 209646.075868731277296 ], [ 446254.3491, 209646.075868731277296 ], [ 446254.3491, 209647.575868731277296 ], [ 446252.8491, 209648.575868731277296 ], [ 446251.3491, 209652.075868731277296 ], [ 446250.3491, 209652.075868731277296 ], [ 446250.3491, 209653.575868731277296 ], [ 446243.3491, 209663.575868731277296 ], [ 446243.3491, 209666.075868731277296 ], [ 446245.3491, 209668.575868731277296 ], [ 446244.8491, 209672.075868731277296 ], [ 446240.3491, 209674.075868731277296 ], [ 446235.8491, 209683.575868731277296 ], [ 446234.3491, 209683.075868731277296 ], [ 446234.3491, 209684.075868731277296 ], [ 446232.8491, 209684.075868731277296 ], [ 446231.8491, 209685.575868731277296 ], [ 446228.8491, 209685.075868731277296 ], [ 446228.3491, 209687.075868731277296 ], [ 446226.3491, 209688.575868731277296 ], [ 446226.3491, 209690.075868731277296 ], [ 446222.3491, 209694.575868731277296 ], [ 446222.3491, 209696.075868731277296 ], [ 446220.8491, 209697.075868731277296 ], [ 446220.3491, 209699.075868731277296 ], [ 446218.3491, 209700.575868731277296 ], [ 446218.3491, 209702.075868731277296 ], [ 446216.8491, 209703.075868731277296 ], [ 446216.3491, 209705.075868731277296 ], [ 446214.3491, 209706.575868731277296 ], [ 446214.3491, 209708.075868731277296 ], [ 446212.8491, 209709.075868731277296 ], [ 446212.3491, 209711.075868731277296 ], [ 446210.3491, 209712.575868731277296 ], [ 446210.3491, 209714.075868731277296 ], [ 446208.8491, 209715.075868731277296 ], [ 446208.3491, 209717.075868731277296 ], [ 446206.3491, 209718.575868731277296 ], [ 446206.3491, 209720.075868731277296 ], [ 446204.8491, 209721.075868731277296 ], [ 446204.3491, 209723.075868731277296 ], [ 446202.3491, 209724.575868731277296 ], [ 446202.3491, 209726.075868731277296 ], [ 446200.8491, 209727.075868731277296 ], [ 446200.3491, 209729.075868731277296 ], [ 446198.3491, 209730.575868731277296 ], [ 446198.3491, 209732.075868731277296 ], [ 446197.3491, 209732.075868731277296 ], [ 446195.8491, 209735.575868731277296 ], [ 446194.3491, 209736.575868731277296 ], [ 446194.3491, 209738.075868731277296 ], [ 446192.8491, 209739.075868731277296 ], [ 446192.3491, 209741.575868731277296 ], [ 446190.8491, 209742.575868731277296 ], [ 446187.3491, 209750.075868731277296 ], [ 446186.3491, 209750.075868731277296 ], [ 446186.3491, 209752.075868731277296 ], [ 446184.8491, 209753.075868731277296 ], [ 446184.3491, 209755.575868731277296 ], [ 446180.8491, 209760.075868731277296 ], [ 446177.8491, 209767.575868731277296 ], [ 446176.3491, 209768.575868731277296 ], [ 446176.3491, 209770.075868731277296 ], [ 446172.3491, 209774.075868731277296 ], [ 446172.3491, 209775.075868731277296 ], [ 446174.3491, 209776.075868731277296 ], [ 446174.8491, 209777.575868731277296 ], [ 446176.3491, 209777.075868731277296 ], [ 446177.8491, 209778.075868731277296 ], [ 446178.3491, 209781.075868731277296 ], [ 446180.3491, 209782.075868731277296 ], [ 446180.3491, 209783.075868731277296 ], [ 446182.3491, 209783.575868731277296 ], [ 446186.3491, 209788.575868731277296 ], [ 446196.8491, 209790.575868731277296 ], [ 446198.8491, 209792.075868731277296 ], [ 446204.8491, 209792.075868731277296 ], [ 446208.3491, 209794.575868731277296 ], [ 446208.3491, 209795.575868731277296 ], [ 446210.3491, 209795.075868731277296 ], [ 446210.8491, 209796.075868731277296 ], [ 446212.3491, 209796.075868731277296 ], [ 446212.8491, 209797.575868731277296 ], [ 446215.8491, 209797.075868731277296 ], [ 446218.8491, 209800.075868731277296 ], [ 446222.3491, 209800.075868731277296 ], [ 446223.8491, 209802.075868731277296 ], [ 446227.3491, 209802.075868731277296 ], [ 446228.3491, 209803.575868731277296 ], [ 446229.3491, 209802.575868731277296 ], [ 446232.3491, 209802.575868731277296 ], [ 446232.3491, 209803.575868731277296 ], [ 446234.3491, 209804.075868731277296 ], [ 446237.3491, 209806.575868731277296 ], [ 446237.3491, 209807.575868731277296 ], [ 446241.8491, 209812.075868731277296 ], [ 446243.3491, 209812.075868731277296 ], [ 446245.8491, 209814.575868731277296 ], [ 446247.8491, 209814.075868731277296 ], [ 446250.3491, 209817.575868731277296 ], [ 446252.3491, 209818.075868731277296 ], [ 446252.3491, 209819.075868731277296 ], [ 446256.3491, 209822.075868731277296 ], [ 446257.3491, 209824.075868731277296 ], [ 446258.3491, 209824.075868731277296 ], [ 446266.3491, 209831.075868731277296 ], [ 446266.3491, 209832.075868731277296 ], [ 446268.3491, 209832.575868731277296 ], [ 446268.3491, 209833.575868731277296 ], [ 446270.3491, 209834.075868731277296 ], [ 446270.3491, 209835.075868731277296 ], [ 446275.3491, 209838.075868731277296 ], [ 446276.8491, 209840.075868731277296 ], [ 446278.3491, 209840.075868731277296 ], [ 446285.3491, 209845.075868731277296 ] ], [ [ 446285.3491, 209623.075868731277296 ], [ 446283.8491, 209620.575868731277296 ], [ 446283.8491, 209618.075868731277296 ], [ 446289.8491, 209619.575868731277296 ], [ 446288.3491, 209620.575868731277296 ], [ 446288.3491, 209622.075868731277296 ], [ 446286.3491, 209622.075868731277296 ], [ 446286.3491, 209623.075868731277296 ], [ 446285.3491, 209623.075868731277296 ] ] ] } },
{ "type": "Feature", "properties": { "mainhabs": "Coastal and floodplain grazing marsh,Lowland meadows", "habcodes": "CFPGM, LMEAD", "featdesc": null, "featcodes": null, "otherclass": null, "addhabs": null, "primsource": "Environment Agency Flood Zone 3 Oxfordshire digital data 2009 (CFPGM), Feedback from Natural England adviser or specialist 2021 (LMEAD)", "areaha": "5.81", "version": "Sep_25", "uid": "PHID44781582_020930186", "shape_length": null, "shape_area": null, "site": "northfieldfarm", "pid": 14, "method": "grabcut2" }, "geometry": { "type": "MultiPolygon", "coordinates": [ [ [ [ 447706.3491, 209404.575868731277296 ], [ 447706.3491, 209407.575868731277296 ], [ 447705.3491, 209407.075868731277296 ], [ 447703.8491, 209408.575868731277296 ], [ 447703.8491, 209406.575868731277296 ], [ 447701.8491, 209405.075868731277296 ], [ 447698.3491, 209407.075868731277296 ], [ 447692.3491, 209414.575868731277296 ], [ 447691.3491, 209417.575868731277296 ], [ 447689.8491, 209418.575868731277296 ], [ 447689.8491, 209420.075868731277296 ], [ 447688.3491, 209420.575868731277296 ], [ 447686.3491, 209425.575868731277296 ], [ 447684.8491, 209440.075868731277296 ], [ 447687.8491, 209451.075868731277296 ], [ 447687.8491, 209456.075868731277296 ], [ 447692.3491, 209456.575868731277296 ], [ 447693.8491, 209458.075868731277296 ], [ 447693.8491, 209460.075868731277296 ], [ 447692.8491, 209460.575868731277296 ], [ 447692.8491, 209468.075868731277296 ], [ 447691.3491, 209469.075868731277296 ], [ 447691.8491, 209471.075868731277296 ], [ 447690.8491, 209472.075868731277296 ], [ 447691.8491, 209473.575868731277296 ], [ 447691.8491, 209480.575868731277296 ], [ 447690.8491, 209480.575868731277296 ], [ 447688.8491, 209483.075868731277296 ], [ 447683.3491, 209482.575868731277296 ], [ 447682.3491, 209484.575868731277296 ], [ 447683.8491, 209486.575868731277296 ], [ 447686.8491, 209487.075868731277296 ], [ 447688.8491, 209493.575868731277296 ], [ 447693.3491, 209494.575868731277296 ], [ 447717.3491, 209495.075868731277296 ], [ 447718.3491, 209493.575868731277296 ], [ 447721.8491, 209494.075868731277296 ], [ 447723.8491, 209493.075868731277296 ], [ 447724.8491, 209494.575868731277296 ], [ 447742.8491, 209495.075868731277296 ], [ 447747.3491, 209494.075868731277296 ], [ 447760.3491, 209495.075868731277296 ], [ 447760.8491, 209496.075868731277296 ], [ 447765.8491, 209494.075868731277296 ], [ 447773.8491, 209493.575868731277296 ], [ 447778.3491, 209494.575868731277296 ], [ 447778.8491, 209493.575868731277296 ], [ 447780.8491, 209493.575868731277296 ], [ 447781.8491, 209495.575868731277296 ], [ 447791.3491, 209495.575868731277296 ], [ 447791.3491, 209498.575868731277296 ], [ 447794.3491, 209501.075868731277296 ], [ 447794.3491, 209502.075868731277296 ], [ 447795.8491, 209502.575868731277296 ], [ 447795.8491, 209503.575868731277296 ], [ 447796.8491, 209503.575868731277296 ], [ 447796.8491, 209504.575868731277296 ], [ 447799.3491, 209505.075868731277296 ], [ 447799.3491, 209506.075868731277296 ], [ 447802.3491, 209506.075868731277296 ], [ 447803.8491, 209503.575868731277296 ], [ 447805.8491, 209503.575868731277296 ], [ 447806.3491, 209505.075868731277296 ], [ 447808.8491, 209504.575868731277296 ], [ 447808.8491, 209503.575868731277296 ], [ 447811.3491, 209503.575868731277296 ], [ 447812.3491, 209507.075868731277296 ], [ 447825.8491, 209503.575868731277296 ], [ 447826.8491, 209502.575868731277296 ], [ 447829.8491, 209502.575868731277296 ], [ 447833.8491, 209500.575868731277296 ], [ 447835.8491, 209501.075868731277296 ], [ 447841.8491, 209499.075868731277296 ], [ 447860.8491, 209498.575868731277296 ], [ 447862.3491, 209500.575868731277296 ], [ 447865.8491, 209501.075868731277296 ], [ 447871.3491, 209498.075868731277296 ], [ 447886.8491, 209498.575868731277296 ], [ 447887.8491, 209493.575868731277296 ], [ 447888.8491, 209492.575868731277296 ], [ 447889.8491, 209481.075868731277296 ], [ 447887.3491, 209475.575868731277296 ], [ 447885.8491, 209474.575868731277296 ], [ 447885.8491, 209471.575868731277296 ], [ 447884.8491, 209471.075868731277296 ], [ 447884.8491, 209467.575868731277296 ], [ 447885.8491, 209467.075868731277296 ], [ 447886.3491, 209464.075868731277296 ], [ 447885.8491, 209461.575868731277296 ], [ 447888.8491, 209460.075868731277296 ], [ 447893.8491, 209460.075868731277296 ], [ 447896.3491, 209462.075868731277296 ], [ 447897.8491, 209462.075868731277296 ], [ 447900.8491, 209466.075868731277296 ], [ 447902.3491, 209466.075868731277296 ], [ 447903.8491, 209463.575868731277296 ], [ 447906.3491, 209463.575868731277296 ], [ 447906.3491, 209462.575868731277296 ], [ 447907.8491, 209462.575868731277296 ], [ 447908.3491, 209463.575868731277296 ], [ 447909.8491, 209463.575868731277296 ], [ 447909.8491, 209464.575868731277296 ], [ 447911.8491, 209464.575868731277296 ], [ 447911.8491, 209465.575868731277296 ], [ 447915.8491, 209467.575868731277296 ], [ 447915.8491, 209468.575868731277296 ], [ 447920.8491, 209468.575868731277296 ], [ 447925.8491, 209459.575868731277296 ], [ 447926.3491, 209456.575868731277296 ], [ 447929.8491, 209452.075868731277296 ], [ 447930.8491, 209448.575868731277296 ], [ 447931.8491, 209448.575868731277296 ], [ 447931.8491, 209447.075868731277296 ], [ 447933.3491, 209446.075868731277296 ], [ 447937.3491, 209439.575868731277296 ], [ 447939.8491, 209422.575868731277296 ], [ 447943.8491, 209412.075868731277296 ], [ 447945.8491, 209409.575868731277296 ], [ 447946.3491, 209403.075868731277296 ], [ 447943.8491, 209402.575868731277296 ], [ 447942.8491, 209401.075868731277296 ], [ 447940.8491, 209400.575868731277296 ], [ 447939.3491, 209398.575868731277296 ], [ 447937.8491, 209398.575868731277296 ], [ 447936.3491, 209396.575868731277296 ], [ 447930.3491, 209392.575868731277296 ], [ 447925.8491, 209383.075868731277296 ], [ 447923.8491, 209382.075868731277296 ], [ 447923.8491, 209380.575868731277296 ], [ 447922.8491, 209380.575868731277296 ], [ 447921.8491, 209378.075868731277296 ], [ 447915.8491, 209371.575868731277296 ], [ 447915.8491, 209370.075868731277296 ], [ 447913.8491, 209368.075868731277296 ], [ 447913.8491, 209366.575868731277296 ], [ 447909.8491, 209360.075868731277296 ], [ 447909.8491, 209358.075868731277296 ], [ 447908.3491, 209356.575868731277296 ], [ 447905.3491, 209349.075868731277296 ], [ 447901.8491, 209346.575868731277296 ], [ 447903.8491, 209345.075868731277296 ], [ 447903.8491, 209344.075868731277296 ], [ 447902.3491, 209343.075868731277296 ], [ 447902.8491, 209341.575868731277296 ], [ 447901.8491, 209341.075868731277296 ], [ 447901.8491, 209339.575868731277296 ], [ 447899.8491, 209338.575868731277296 ], [ 447899.8491, 209335.075868731277296 ], [ 447898.3491, 209334.575868731277296 ], [ 447898.3491, 209330.575868731277296 ], [ 447895.3491, 209328.075868731277296 ], [ 447895.3491, 209326.575868731277296 ], [ 447893.8491, 209325.075868731277296 ], [ 447893.8491, 209322.575868731277296 ], [ 447891.3491, 209320.575868731277296 ], [ 447889.8491, 209314.575868731277296 ], [ 447890.8491, 209309.575868731277296 ], [ 447889.8491, 209309.075868731277296 ], [ 447889.3491, 209305.075868731277296 ], [ 447884.8491, 209301.575868731277296 ], [ 447885.3491, 209299.075868731277296 ], [ 447880.3491, 209300.575868731277296 ], [ 447878.8491, 209298.575868731277296 ], [ 447877.3491, 209300.575868731277296 ], [ 447871.8491, 209301.075868731277296 ], [ 447870.3491, 209298.575868731277296 ], [ 447873.3491, 209283.575868731277296 ], [ 447875.3491, 209284.575868731277296 ], [ 447875.8491, 209286.075868731277296 ], [ 447878.3491, 209286.575868731277296 ], [ 447879.8491, 209277.075868731277296 ], [ 447879.3491, 209269.575868731277296 ], [ 447872.3491, 209266.075868731277296 ], [ 447869.8491, 209266.075868731277296 ], [ 447864.3491, 209268.575868731277296 ], [ 447860.3491, 209268.575868731277296 ], [ 447859.3491, 209270.575868731277296 ], [ 447856.8491, 209270.575868731277296 ], [ 447855.8491, 209272.075868731277296 ], [ 447853.3491, 209272.075868731277296 ], [ 447851.8491, 209271.575868731277296 ], [ 447849.3491, 209268.075868731277296 ], [ 447848.8491, 209263.075868731277296 ], [ 447851.8491, 209244.575868731277296 ], [ 447854.8491, 209241.575868731277296 ], [ 447855.8491, 209241.575868731277296 ], [ 447855.8491, 209242.575868731277296 ], [ 447857.8491, 209244.075868731277296 ], [ 447858.8491, 209241.575868731277296 ], [ 447858.3491, 209228.575868731277296 ], [ 447857.3491, 209226.575868731277296 ], [ 447859.8491, 209224.075868731277296 ], [ 447861.8491, 209217.075868731277296 ], [ 447863.8491, 209215.575868731277296 ], [ 447866.3491, 209210.575868731277296 ], [ 447867.3491, 209210.575868731277296 ], [ 447866.8491, 209209.575868731277296 ], [ 447868.8491, 209206.575868731277296 ], [ 447869.8491, 209206.575868731277296 ], [ 447869.8491, 209205.075868731277296 ], [ 447873.8491, 209200.075868731277296 ], [ 447873.8491, 209198.575868731277296 ], [ 447875.3491, 209197.575868731277296 ], [ 447875.8491, 209195.575868731277296 ], [ 447877.8491, 209194.075868731277296 ], [ 447878.8491, 209190.575868731277296 ], [ 447879.8491, 209172.575868731277296 ], [ 447878.3491, 209170.575868731277296 ], [ 447877.8491, 209166.575868731277296 ], [ 447875.8491, 209163.575868731277296 ], [ 447875.8491, 209161.075868731277296 ], [ 447873.8491, 209158.075868731277296 ], [ 447873.3491, 209155.075868731277296 ], [ 447869.8491, 209149.575868731277296 ], [ 447869.3491, 209146.575868731277296 ], [ 447868.3491, 209146.075868731277296 ], [ 447867.8491, 209143.075868731277296 ], [ 447865.8491, 209140.575868731277296 ], [ 447865.8491, 209138.575868731277296 ], [ 447863.3491, 209133.075868731277296 ], [ 447862.3491, 209132.575868731277296 ], [ 447859.8491, 209125.075868731277296 ], [ 447856.8491, 209121.575868731277296 ], [ 447851.8491, 209122.575868731277296 ], [ 447847.8491, 209116.575868731277296 ], [ 447832.3491, 209110.575868731277296 ], [ 447831.8491, 209109.075868731277296 ], [ 447828.8491, 209106.575868731277296 ], [ 447824.8491, 209104.575868731277296 ], [ 447823.3491, 209102.575868731277296 ], [ 447817.8491, 209100.575868731277296 ], [ 447817.8491, 209099.575868731277296 ], [ 447815.8491, 209098.575868731277296 ], [ 447815.8491, 209090.075868731277296 ], [ 447817.8491, 209087.575868731277296 ], [ 447816.8491, 209086.075868731277296 ], [ 447817.3491, 209084.075868731277296 ], [ 447818.3491, 209083.575868731277296 ], [ 447817.8491, 209078.575868731277296 ], [ 447818.8491, 209072.575868731277296 ], [ 447820.3491, 209072.075868731277296 ], [ 447818.8491, 209070.575868731277296 ], [ 447819.3491, 209068.075868731277296 ], [ 447821.3491, 209070.575868731277296 ], [ 447820.8491, 209072.075868731277296 ], [ 447824.3491, 209074.075868731277296 ], [ 447825.3491, 209064.575868731277296 ], [ 447823.8491, 209052.575868731277296 ], [ 447822.8491, 209051.075868731277296 ], [ 447821.3491, 209050.075868731277296 ], [ 447819.8491, 209050.575868731277296 ], [ 447819.8491, 209052.575868731277296 ], [ 447821.3491, 209054.575868731277296 ], [ 447818.8491, 209056.075868731277296 ], [ 447818.8491, 209054.575868731277296 ], [ 447816.3491, 209052.075868731277296 ], [ 447816.3491, 209049.075868731277296 ], [ 447815.3491, 209050.075868731277296 ], [ 447813.8491, 209049.075868731277296 ], [ 447814.3491, 209048.075868731277296 ], [ 447815.8491, 209048.575868731277296 ], [ 447816.3491, 209045.575868731277296 ], [ 447814.3491, 209044.575868731277296 ], [ 447813.3491, 209042.575868731277296 ], [ 447800.3491, 209039.075868731277296 ], [ 447793.3491, 209039.075868731277296 ], [ 447789.3491, 209040.075868731277296 ], [ 447782.8491, 209034.575868731277296 ], [ 447781.3491, 209034.575868731277296 ], [ 447779.8491, 209036.575868731277296 ], [ 447779.8491, 209038.575868731277296 ], [ 447778.8491, 209038.575868731277296 ], [ 447777.8491, 209040.575868731277296 ], [ 447776.3491, 209040.575868731277296 ], [ 447775.3491, 209042.075868731277296 ], [ 447775.8491, 209043.075868731277296 ], [ 447777.8491, 209042.575868731277296 ], [ 447778.3491, 209043.575868731277296 ], [ 447779.3491, 209043.075868731277296 ], [ 447779.8491, 209044.075868731277296 ], [ 447781.8491, 209044.575868731277296 ], [ 447780.8491, 209046.075868731277296 ], [ 447778.8491, 209046.575868731277296 ], [ 447775.8491, 209044.575868731277296 ], [ 447773.8491, 209044.575868731277296 ], [ 447772.3491, 209046.075868731277296 ], [ 447770.3491, 209043.075868731277296 ], [ 447768.8491, 209043.075868731277296 ], [ 447769.8491, 209044.075868731277296 ], [ 447768.8491, 209045.575868731277296 ], [ 447771.8491, 209048.575868731277296 ], [ 447776.3491, 209048.575868731277296 ], [ 447777.8491, 209050.075868731277296 ], [ 447782.3491, 209049.075868731277296 ], [ 447788.3491, 209054.075868731277296 ], [ 447787.8491, 209058.575868731277296 ], [ 447785.8491, 209060.075868731277296 ], [ 447785.8491, 209062.575868731277296 ], [ 447782.3491, 209065.575868731277296 ], [ 447779.3491, 209065.575868731277296 ], [ 447777.8491, 209064.575868731277296 ], [ 447777.8491, 209062.575868731277296 ], [ 447774.8491, 209061.075868731277296 ], [ 447771.8491, 209062.575868731277296 ], [ 447765.8491, 209059.075868731277296 ], [ 447764.8491, 209056.575868731277296 ], [ 447763.8491, 209056.575868731277296 ], [ 447763.3491, 209051.075868731277296 ], [ 447759.8491, 209049.075868731277296 ], [ 447754.3491, 209038.575868731277296 ], [ 447751.3491, 209038.575868731277296 ], [ 447749.8491, 209034.575868731277296 ], [ 447747.8491, 209035.075868731277296 ], [ 447746.8491, 209031.075868731277296 ], [ 447745.8491, 209031.075868731277296 ], [ 447745.3491, 209033.075868731277296 ], [ 447744.3491, 209033.575868731277296 ], [ 447745.8491, 209036.075868731277296 ], [ 447745.3491, 209039.575868731277296 ], [ 447744.3491, 209040.575868731277296 ], [ 447745.8491, 209042.575868731277296 ], [ 447745.8491, 209045.575868731277296 ], [ 447744.8491, 209044.575868731277296 ], [ 447743.3491, 209044.575868731277296 ], [ 447743.3491, 209045.575868731277296 ], [ 447743.8491, 209046.575868731277296 ], [ 447745.8491, 209046.075868731277296 ], [ 447745.8491, 209048.575868731277296 ], [ 447747.3491, 209049.575868731277296 ], [ 447747.3491, 209054.575868731277296 ], [ 447746.3491, 209054.575868731277296 ], [ 447746.8491, 209055.575868731277296 ], [ 447744.8491, 209058.575868731277296 ], [ 447741.3491, 209059.075868731277296 ], [ 447741.3491, 209062.575868731277296 ], [ 447739.8491, 209062.575868731277296 ], [ 447736.8491, 209058.575868731277296 ], [ 447734.3491, 209059.575868731277296 ], [ 447733.3491, 209064.075868731277296 ], [ 447733.8491, 209070.075868731277296 ], [ 447732.8491, 209082.575868731277296 ], [ 447737.8491, 209099.575868731277296 ], [ 447739.8491, 209100.575868731277296 ], [ 447739.8491, 209101.575868731277296 ], [ 447741.8491, 209102.575868731277296 ], [ 447741.8491, 209103.575868731277296 ], [ 447743.8491, 209104.575868731277296 ], [ 447749.3491, 209110.575868731277296 ], [ 447750.3491, 209110.575868731277296 ], [ 447759.8491, 209120.575868731277296 ], [ 447760.8491, 209120.575868731277296 ], [ 447761.8491, 209122.575868731277296 ], [ 447765.8491, 209124.575868731277296 ], [ 447768.3491, 209128.075868731277296 ], [ 447769.8491, 209128.575868731277296 ], [ 447771.8491, 209132.075868731277296 ], [ 447773.8491, 209133.075868731277296 ], [ 447775.8491, 209139.575868731277296 ], [ 447777.8491, 209142.075868731277296 ], [ 447779.8491, 209148.075868731277296 ], [ 447780.8491, 209148.575868731277296 ], [ 447780.8491, 209150.075868731277296 ], [ 447776.8491, 209156.575868731277296 ], [ 447773.8491, 209156.575868731277296 ], [ 447769.8491, 209158.575868731277296 ], [ 447766.3491, 209158.575868731277296 ], [ 447764.3491, 209160.575868731277296 ], [ 447761.8491, 209160.575868731277296 ], [ 447761.3491, 209161.575868731277296 ], [ 447752.3491, 209164.575868731277296 ], [ 447750.3491, 209167.075868731277296 ], [ 447748.8491, 209192.575868731277296 ], [ 447753.8491, 209206.575868731277296 ], [ 447754.8491, 209206.575868731277296 ], [ 447754.8491, 209207.575868731277296 ], [ 447759.8491, 209212.075868731277296 ], [ 447759.8491, 209213.075868731277296 ], [ 447762.8491, 209216.575868731277296 ], [ 447763.8491, 209216.575868731277296 ], [ 447764.8491, 209218.575868731277296 ], [ 447769.3491, 209221.075868731277296 ], [ 447769.8491, 209222.575868731277296 ], [ 447771.8491, 209222.075868731277296 ], [ 447771.3491, 209219.075868731277296 ], [ 447772.3491, 209217.575868731277296 ], [ 447775.8491, 209217.575868731277296 ], [ 447775.8491, 209218.575868731277296 ], [ 447779.8491, 209219.575868731277296 ], [ 447780.3491, 209222.575868731277296 ], [ 447777.8491, 209224.075868731277296 ], [ 447777.8491, 209225.575868731277296 ], [ 447776.3491, 209227.075868731277296 ], [ 447780.3491, 209230.575868731277296 ], [ 447781.8491, 209230.575868731277296 ], [ 447781.8491, 209231.575868731277296 ], [ 447791.8491, 209240.575868731277296 ], [ 447791.8491, 209242.575868731277296 ], [ 447792.8491, 209243.075868731277296 ], [ 447793.8491, 209247.075868731277296 ], [ 447795.8491, 209249.575868731277296 ], [ 447795.3491, 209259.575868731277296 ], [ 447791.8491, 209266.575868731277296 ], [ 447789.8491, 209268.075868731277296 ], [ 447787.8491, 209271.575868731277296 ], [ 447785.8491, 209272.575868731277296 ], [ 447785.8491, 209273.575868731277296 ], [ 447783.8491, 209274.575868731277296 ], [ 447783.8491, 209275.575868731277296 ], [ 447781.8491, 209276.575868731277296 ], [ 447781.8491, 209277.575868731277296 ], [ 447779.8491, 209278.575868731277296 ], [ 447776.8491, 209282.575868731277296 ], [ 447775.8491, 209282.575868731277296 ], [ 447775.8491, 209284.075868731277296 ], [ 447774.3491, 209284.575868731277296 ], [ 447773.3491, 209286.575868731277296 ], [ 447773.8491, 209288.075868731277296 ], [ 447771.3491, 209289.075868731277296 ], [ 447771.3491, 209290.075868731277296 ], [ 447772.8491, 209290.575868731277296 ], [ 447774.8491, 209293.575868731277296 ], [ 447775.8491, 209293.575868731277296 ], [ 447774.8491, 209296.075868731277296 ], [ 447771.8491, 209298.075868731277296 ], [ 447763.3491, 209306.575868731277296 ], [ 447763.3491, 209307.575868731277296 ], [ 447761.8491, 209307.575868731277296 ], [ 447761.8491, 209308.575868731277296 ], [ 447760.3491, 209309.075868731277296 ], [ 447760.3491, 209310.575868731277296 ], [ 447758.3491, 209312.075868731277296 ], [ 447757.8491, 209314.575868731277296 ], [ 447755.8491, 209314.575868731277296 ], [ 447754.8491, 209312.575868731277296 ], [ 447752.3491, 209312.575868731277296 ], [ 447748.8491, 209320.575868731277296 ], [ 447747.8491, 209321.075868731277296 ], [ 447747.8491, 209322.575868731277296 ], [ 447746.3491, 209324.075868731277296 ], [ 447746.8491, 209325.075868731277296 ], [ 447750.3491, 209325.575868731277296 ], [ 447751.3491, 209329.575868731277296 ], [ 447748.8491, 209332.575868731277296 ], [ 447748.8491, 209335.575868731277296 ], [ 447745.8491, 209341.575868731277296 ], [ 447745.3491, 209344.575868731277296 ], [ 447742.3491, 209346.075868731277296 ], [ 447743.3491, 209348.575868731277296 ], [ 447742.3491, 209349.075868731277296 ], [ 447741.8491, 209353.575868731277296 ], [ 447739.8491, 209356.575868731277296 ], [ 447738.3491, 209362.575868731277296 ], [ 447736.3491, 209364.075868731277296 ], [ 447735.3491, 209369.575868731277296 ], [ 447735.8491, 209371.075868731277296 ], [ 447734.8491, 209371.575868731277296 ], [ 447733.3491, 209376.075868731277296 ], [ 447731.3491, 209376.575868731277296 ], [ 447730.3491, 209378.075868731277296 ], [ 447728.8491, 209378.075868731277296 ], [ 447727.3491, 209376.575868731277296 ], [ 447725.3491, 209377.075868731277296 ], [ 447725.3491, 209376.075868731277296 ], [ 447723.8491, 209377.075868731277296 ], [ 447723.8491, 209378.575868731277296 ], [ 447719.8491, 209383.075868731277296 ], [ 447719.8491, 209384.575868731277296 ], [ 447718.3491, 209385.575868731277296 ], [ 447718.8491, 209386.575868731277296 ], [ 447717.8491, 209386.575868731277296 ], [ 447717.8491, 209388.075868731277296 ], [ 447716.3491, 209389.075868731277296 ], [ 447715.8491, 209391.075868731277296 ], [ 447703.8491, 209402.575868731277296 ], [ 447704.3491, 209405.575868731277296 ], [ 447706.3491, 209404.575868731277296 ] ], [ [ 447706.3491, 209403.575868731277296 ], [ 447706.8491, 209403.575868731277296 ], [ 447706.8491, 209404.575868731277296 ], [ 447706.3491, 209404.575868731277296 ], [ 447706.3491, 209403.575868731277296 ] ], [ [ 447815.3491, 209050.075868731277296 ], [ 447815.8491, 209050.075868731277296 ], [ 447815.8491, 209050.575868731277296 ], [ 447815.3491, 209050.575868731277296 ], [ 447815.3491, 209050.075868731277296 ] ], [ [ 447755.8491, 209314.575868731277296 ], [ 447755.8491, 209316.575868731277296 ], [ 447756.8491, 209316.575868731277296 ], [ 447756.3491, 209318.575868731277296 ], [ 447754.3491, 209317.575868731277296 ], [ 447753.3491, 209318.575868731277296 ], [ 447752.3491, 209317.575868731277296 ], [ 447752.3491, 209316.075868731277296 ], [ 447754.3491, 209314.575868731277296 ], [ 447755.8491, 209314.575868731277296 ] ], [ [ 447875.8491, 209186.575868731277296 ], [ 447875.3491, 209186.575868731277296 ], [ 447875.3491, 209185.575868731277296 ], [ 447876.8491, 209186.075868731277296 ], [ 447876.3491, 209187.575868731277296 ], [ 447875.8491, 209186.575868731277296 ] ], [ [ 447874.3491, 209281.575868731277296 ], [ 447874.3491, 209280.075868731277296 ], [ 447875.8491, 209280.575868731277296 ], [ 447874.8491, 209282.075868731277296 ], [ 447874.3491, 209281.575868731277296 ] ], [ [ 447873.3491, 209301.075868731277296 ], [ 447873.8491, 209302.575868731277296 ], [ 447872.8491, 209303.575868731277296 ], [ 447873.8491, 209304.075868731277296 ], [ 447873.8491, 209305.575868731277296 ], [ 447872.8491, 209305.575868731277296 ], [ 447871.8491, 209302.575868731277296 ], [ 447871.8491, 209301.575868731277296 ], [ 447873.3491, 209301.075868731277296 ] ], [ [ 447871.8491, 209195.575868731277296 ], [ 447870.8491, 209194.075868731277296 ], [ 447871.8491, 209192.575868731277296 ], [ 447873.3491, 209192.575868731277296 ], [ 447873.8491, 209195.075868731277296 ], [ 447872.3491, 209196.075868731277296 ], [ 447871.8491, 209195.575868731277296 ] ], [ [ 447869.8491, 209201.575868731277296 ], [ 447869.8491, 209200.575868731277296 ], [ 447871.3491, 209201.075868731277296 ], [ 447870.3491, 209202.575868731277296 ], [ 447869.8491, 209201.575868731277296 ] ], [ [ 447852.3491, 209222.075868731277296 ], [ 447852.8491, 209220.575868731277296 ], [ 447854.3491, 209220.575868731277296 ], [ 447855.8491, 209219.075868731277296 ], [ 447854.8491, 209217.575868731277296 ], [ 447856.8491, 209215.075868731277296 ], [ 447858.3491, 209216.575868731277296 ], [ 447857.8491, 209219.575868731277296 ], [ 447858.8491, 209220.575868731277296 ], [ 447857.8491, 209221.075868731277296 ], [ 447858.3491, 209224.075868731277296 ], [ 447855.8491, 209225.575868731277296 ], [ 447855.8491, 209226.575868731277296 ], [ 447856.8491, 209226.575868731277296 ], [ 447855.8491, 209228.075868731277296 ], [ 447857.3491, 209228.575868731277296 ], [ 447857.8491, 209230.075868731277296 ], [ 447856.3491, 209230.575868731277296 ], [ 447854.8491, 209233.575868731277296 ], [ 447853.8491, 209233.575868731277296 ], [ 447852.8491, 209230.575868731277296 ], [ 447853.3491, 209228.575868731277296 ], [ 447852.3491, 209228.575868731277296 ], [ 447852.3491, 209226.575868731277296 ], [ 447853.8491, 209226.575868731277296 ], [ 447853.8491, 209224.575868731277296 ], [ 447852.3491, 209225.075868731277296 ], [ 447852.3491, 209222.075868731277296 ] ], [ [ 447852.3491, 209225.075868731277296 ], [ 447852.3491, 209225.575868731277296 ], [ 447851.8491, 209225.575868731277296 ], [ 447851.8491, 209225.075868731277296 ], [ 447852.3491, 209225.075868731277296 ] ], [ [ 447777.3491, 209289.575868731277296 ], [ 447778.8491, 209288.075868731277296 ], [ 447779.8491, 209288.575868731277296 ], [ 447778.8491, 209290.575868731277296 ], [ 447777.3491, 209289.575868731277296 ] ], [ [ 447778.8491, 209287.575868731277296 ], [ 447778.8491, 209286.575868731277296 ], [ 447779.3491, 209286.575868731277296 ], [ 447779.3491, 209287.575868731277296 ], [ 447778.8491, 209287.575868731277296 ] ], [ [ 447779.3491, 209287.575868731277296 ], [ 447779.8491, 209287.575868731277296 ], [ 447779.8491, 209288.075868731277296 ], [ 447779.3491, 209288.075868731277296 ], [ 447779.3491, 209287.575868731277296 ] ], [ [ 447776.8491, 209162.575868731277296 ], [ 447777.3491, 209162.575868731277296 ], [ 447777.3491, 209163.575868731277296 ], [ 447776.8491, 209163.575868731277296 ], [ 447776.8491, 209162.575868731277296 ] ], [ [ 447777.3491, 209290.575868731277296 ], [ 447776.3491, 209290.575868731277296 ], [ 447775.8491, 209291.075868731277296 ], [ 447775.8491, 209290.075868731277296 ], [ 447777.3491, 209290.575868731277296 ] ], [ [ 447774.8491, 209290.075868731277296 ], [ 447775.3491, 209290.075868731277296 ], [ 447775.3491, 209290.575868731277296 ], [ 447774.8491, 209290.575868731277296 ], [ 447774.8491, 209290.075868731277296 ] ], [ [ 447771.3491, 209065.575868731277296 ], [ 447770.3491, 209064.075868731277296 ], [ 447771.8491, 209063.075868731277296 ], [ 447772.3491, 209066.075868731277296 ], [ 447771.3491, 209065.575868731277296 ] ], [ [ 447760.8491, 209309.575868731277296 ], [ 447761.3491, 209309.575868731277296 ], [ 447761.3491, 209310.075868731277296 ], [ 447760.8491, 209310.075868731277296 ], [ 447760.8491, 209309.575868731277296 ] ], [ [ 447751.8491, 209325.075868731277296 ], [ 447749.8491, 209324.075868731277296 ], [ 447750.8491, 209319.075868731277296 ], [ 447753.8491, 209321.575868731277296 ], [ 447752.8491, 209326.575868731277296 ], [ 447751.8491, 209326.575868731277296 ], [ 447751.8491, 209325.075868731277296 ] ], [ [ 447752.3491, 209174.575868731277296 ], [ 447752.8491, 209174.575868731277296 ], [ 447752.8491, 209175.075868731277296 ], [ 447752.3491, 209175.075868731277296 ], [ 447752.3491, 209174.575868731277296 ] ], [ [ 447752.3491, 209175.575868731277296 ], [ 447752.8491, 209175.575868731277296 ], [ 447752.8491, 209176.575868731277296 ], [ 447752.3491, 209176.575868731277296 ], [ 447752.3491, 209175.575868731277296 ] ], [ [ 447750.8491, 209172.575868731277296 ], [ 447751.3491, 209172.575868731277296 ], [ 447751.3491, 209173.075868731277296 ], [ 447750.8491, 209173.075868731277296 ], [ 447750.8491, 209172.575868731277296 ] ], [ [ 447738.3491, 209093.575868731277296 ], [ 447738.8491, 209093.575868731277296 ], [ 447739.3491, 209093.075868731277296 ], [ 447739.3491, 209094.075868731277296 ], [ 447738.3491, 209093.575868731277296 ] ], [ [ 447735.8491, 209076.075868731277296 ], [ 447736.3491, 209076.075868731277296 ], [ 447736.3491, 209076.575868731277296 ], [ 447735.8491, 209076.575868731277296 ], [ 447735.8491, 209076.075868731277296 ] ], [ [ 447687.8491, 209438.575868731277296 ], [ 447688.8491, 209438.575868731277296 ], [ 447688.8491, 209439.075868731277296 ], [ 447687.8491, 209439.075868731277296 ], [ 447687.8491, 209438.575868731277296 ] ] ], [ [ [ 447858.3491, 209264.075868731277296 ], [ 447861.3491, 209264.075868731277296 ], [ 447861.8491, 209263.075868731277296 ], [ 447859.8491, 209262.575868731277296 ], [ 447857.8491, 209257.075868731277296 ], [ 447856.8491, 209257.075868731277296 ], [ 447855.8491, 209258.075868731277296 ], [ 447855.8491, 209263.075868731277296 ], [ 447858.3491, 209264.075868731277296 ] ] ] ] } },
{ "type": "Feature", "properties": { "mainhabs": "Good quality semi improved grassland", "habcodes": "GQSIG", "featdesc": null, "featcodes": null, "otherclass": null, "addhabs": "CFPGM", "primsource": "Feedback from Natural England adviser or specialist 2021 (GQSIG)", "areaha": "14.32", "version": "Sep_25", "uid": "PHID44664298_020988660", "shape_length": null, "shape_area": null, "site": "northfieldfarm", "pid": 15, "method": "grabcut2" }, "geometry": { "type": "Polygon", "coordinates": [ [ [ 446855.3491, 210127.575868731277296 ], [ 446856.3491, 210127.575868731277296 ], [ 446856.3491, 210125.575868731277296 ], [ 446858.3491, 210125.575868731277296 ], [ 446860.3491, 210120.075868731277296 ], [ 446860.3491, 210117.075868731277296 ], [ 446864.3491, 210105.575868731277296 ], [ 446864.3491, 210102.575868731277296 ], [ 446866.3491, 210098.575868731277296 ], [ 446868.3491, 210088.575868731277296 ], [ 446872.3491, 210077.075868731277296 ], [ 446872.3491, 210074.075868731277296 ], [ 446874.3491, 210070.075868731277296 ], [ 446874.3491, 210067.075868731277296 ], [ 446876.3491, 210063.075868731277296 ], [ 446876.3491, 210060.075868731277296 ], [ 446878.3491, 210056.075868731277296 ], [ 446878.3491, 210053.075868731277296 ], [ 446882.3491, 210041.575868731277296 ], [ 446882.3491, 210038.575868731277296 ], [ 446883.8491, 210036.075868731277296 ], [ 446884.3491, 210031.575868731277296 ], [ 446886.3491, 210027.575868731277296 ], [ 446886.3491, 210024.575868731277296 ], [ 446890.3491, 210013.075868731277296 ], [ 446890.8491, 210008.075868731277296 ], [ 446888.3491, 210007.075868731277296 ], [ 446888.3491, 210006.075868731277296 ], [ 446886.3491, 210006.075868731277296 ], [ 446884.8491, 210004.075868731277296 ], [ 446880.3491, 210002.575868731277296 ], [ 446876.3491, 209998.575868731277296 ], [ 446864.3491, 209993.075868731277296 ], [ 446863.8491, 209992.075868731277296 ], [ 446862.3491, 209992.075868731277296 ], [ 446860.3491, 209990.075868731277296 ], [ 446858.3491, 209990.075868731277296 ], [ 446856.3491, 209988.075868731277296 ], [ 446854.3491, 209988.075868731277296 ], [ 446852.3491, 209986.075868731277296 ], [ 446850.3491, 209986.075868731277296 ], [ 446850.3491, 209985.075868731277296 ], [ 446842.8491, 209981.575868731277296 ], [ 446838.3491, 209978.075868731277296 ], [ 446836.8491, 209978.075868731277296 ], [ 446835.8491, 209976.575868731277296 ], [ 446833.3491, 209976.075868731277296 ], [ 446832.3491, 209974.575868731277296 ], [ 446828.8491, 209973.575868731277296 ], [ 446827.8491, 209972.075868731277296 ], [ 446826.3491, 209972.075868731277296 ], [ 446826.3491, 209971.075868731277296 ], [ 446822.3491, 209969.575868731277296 ], [ 446817.8491, 209966.075868731277296 ], [ 446816.3491, 209966.075868731277296 ], [ 446814.3491, 209964.075868731277296 ], [ 446812.8491, 209964.075868731277296 ], [ 446811.8491, 209962.575868731277296 ], [ 446806.3491, 209961.575868731277296 ], [ 446804.8491, 209959.575868731277296 ], [ 446806.3491, 209958.075868731277296 ], [ 446812.3491, 209959.575868731277296 ], [ 446816.3491, 209959.575868731277296 ], [ 446816.8491, 209958.575868731277296 ], [ 446818.8491, 209920.075868731277296 ], [ 446819.3491, 209916.575868731277296 ], [ 446822.3491, 209912.075868731277296 ], [ 446816.8491, 209909.575868731277296 ], [ 446815.8491, 209908.075868731277296 ], [ 446814.3491, 209908.075868731277296 ], [ 446812.3491, 209906.075868731277296 ], [ 446810.8491, 209906.075868731277296 ], [ 446809.8491, 209904.575868731277296 ], [ 446807.8491, 209903.575868731277296 ], [ 446806.8491, 209904.075868731277296 ], [ 446805.8491, 209902.575868731277296 ], [ 446799.3491, 209899.575868731277296 ], [ 446794.8491, 209896.075868731277296 ], [ 446793.3491, 209896.075868731277296 ], [ 446792.3491, 209894.575868731277296 ], [ 446789.3491, 209893.575868731277296 ], [ 446788.3491, 209892.075868731277296 ], [ 446786.8491, 209892.075868731277296 ], [ 446781.8491, 209888.075868731277296 ], [ 446776.3491, 209886.075868731277296 ], [ 446771.8491, 209882.075868731277296 ], [ 446770.3491, 209882.075868731277296 ], [ 446768.3491, 209880.075868731277296 ], [ 446766.3491, 209879.575868731277296 ], [ 446766.3491, 209878.575868731277296 ], [ 446763.3491, 209877.575868731277296 ], [ 446762.3491, 209876.075868731277296 ], [ 446760.8491, 209876.075868731277296 ], [ 446759.3491, 209874.075868731277296 ], [ 446754.3491, 209872.075868731277296 ], [ 446752.3491, 209870.075868731277296 ], [ 446750.8491, 209870.075868731277296 ], [ 446749.8491, 209868.575868731277296 ], [ 446747.3491, 209868.075868731277296 ], [ 446746.8491, 209866.075868731277296 ], [ 446738.8491, 209868.575868731277296 ], [ 446732.3491, 209868.075868731277296 ], [ 446731.3491, 209866.575868731277296 ], [ 446728.8491, 209867.575868731277296 ], [ 446727.8491, 209866.075868731277296 ], [ 446722.8491, 209865.075868731277296 ], [ 446722.3491, 209864.075868731277296 ], [ 446720.3491, 209864.075868731277296 ], [ 446719.8491, 209863.075868731277296 ], [ 446714.8491, 209861.575868731277296 ], [ 446713.3491, 209860.075868731277296 ], [ 446706.3491, 209858.075868731277296 ], [ 446706.3491, 209857.075868731277296 ], [ 446701.3491, 209855.575868731277296 ], [ 446700.3491, 209854.075868731277296 ], [ 446697.8491, 209854.075868731277296 ], [ 446694.3491, 209850.575868731277296 ], [ 446691.3491, 209851.075868731277296 ], [ 446686.8491, 209849.075868731277296 ], [ 446686.3491, 209848.075868731277296 ], [ 446684.3491, 209848.075868731277296 ], [ 446680.3491, 209845.075868731277296 ], [ 446680.3491, 209844.075868731277296 ], [ 446674.3491, 209844.075868731277296 ], [ 446673.8491, 209843.075868731277296 ], [ 446664.8491, 209840.075868731277296 ], [ 446663.3491, 209838.075868731277296 ], [ 446659.3491, 209838.075868731277296 ], [ 446658.3491, 209836.575868731277296 ], [ 446652.3491, 209835.075868731277296 ], [ 446651.3491, 209833.575868731277296 ], [ 446648.3491, 209833.075868731277296 ], [ 446648.3491, 209832.075868731277296 ], [ 446644.3491, 209831.575868731277296 ], [ 446643.8491, 209830.075868731277296 ], [ 446640.3491, 209829.575868731277296 ], [ 446640.3491, 209828.575868731277296 ], [ 446636.8491, 209828.075868731277296 ], [ 446634.3491, 209826.075868731277296 ], [ 446629.3491, 209826.075868731277296 ], [ 446627.8491, 209824.075868731277296 ], [ 446624.3491, 209823.075868731277296 ], [ 446622.8491, 209823.575868731277296 ], [ 446619.8491, 209821.575868731277296 ], [ 446619.3491, 209820.075868731277296 ], [ 446613.3491, 209818.575868731277296 ], [ 446611.3491, 209816.575868731277296 ], [ 446607.8491, 209816.075868731277296 ], [ 446606.8491, 209814.575868731277296 ], [ 446604.8491, 209814.575868731277296 ], [ 446603.3491, 209813.075868731277296 ], [ 446600.8491, 209814.075868731277296 ], [ 446599.8491, 209812.075868731277296 ], [ 446597.8491, 209812.075868731277296 ], [ 446596.3491, 209810.075868731277296 ], [ 446592.8491, 209809.575868731277296 ], [ 446589.8491, 209807.075868731277296 ], [ 446588.3491, 209807.075868731277296 ], [ 446588.3491, 209806.075868731277296 ], [ 446581.8491, 209805.575868731277296 ], [ 446573.3491, 209798.075868731277296 ], [ 446572.3491, 209798.075868731277296 ], [ 446569.3491, 209794.075868731277296 ], [ 446568.3491, 209794.075868731277296 ], [ 446568.3491, 209793.075868731277296 ], [ 446565.3491, 209792.075868731277296 ], [ 446564.3491, 209790.075868731277296 ], [ 446562.3491, 209789.575868731277296 ], [ 446561.8491, 209788.075868731277296 ], [ 446557.3491, 209785.075868731277296 ], [ 446556.8491, 209782.075868731277296 ], [ 446554.8491, 209780.075868731277296 ], [ 446553.8491, 209777.075868731277296 ], [ 446554.8491, 209775.575868731277296 ], [ 446554.8491, 209772.075868731277296 ], [ 446556.3491, 209770.075868731277296 ], [ 446563.3491, 209770.075868731277296 ], [ 446564.3491, 209769.075868731277296 ], [ 446564.3491, 209766.575868731277296 ], [ 446566.3491, 209765.575868731277296 ], [ 446566.3491, 209764.075868731277296 ], [ 446564.3491, 209762.575868731277296 ], [ 446564.8491, 209760.075868731277296 ], [ 446568.3491, 209756.075868731277296 ], [ 446570.3491, 209755.075868731277296 ], [ 446572.3491, 209751.575868731277296 ], [ 446577.3491, 209746.575868731277296 ], [ 446578.8491, 209742.075868731277296 ], [ 446578.3491, 209739.575868731277296 ], [ 446576.8491, 209739.575868731277296 ], [ 446575.3491, 209738.075868731277296 ], [ 446572.3491, 209738.075868731277296 ], [ 446569.8491, 209736.075868731277296 ], [ 446566.8491, 209735.575868731277296 ], [ 446565.8491, 209734.075868731277296 ], [ 446558.8491, 209734.075868731277296 ], [ 446558.3491, 209732.575868731277296 ], [ 446557.3491, 209733.075868731277296 ], [ 446556.3491, 209732.075868731277296 ], [ 446556.3491, 209729.575868731277296 ], [ 446554.3491, 209728.075868731277296 ], [ 446552.3491, 209728.075868731277296 ], [ 446548.3491, 209725.075868731277296 ], [ 446546.3491, 209725.075868731277296 ], [ 446546.3491, 209724.075868731277296 ], [ 446542.8491, 209723.075868731277296 ], [ 446542.3491, 209722.075868731277296 ], [ 446540.3491, 209722.075868731277296 ], [ 446535.8491, 209718.575868731277296 ], [ 446532.8491, 209717.575868731277296 ], [ 446531.8491, 209716.075868731277296 ], [ 446530.3491, 209716.075868731277296 ], [ 446528.3491, 209714.075868731277296 ], [ 446526.3491, 209714.075868731277296 ], [ 446521.3491, 209710.075868731277296 ], [ 446516.3491, 209708.075868731277296 ], [ 446515.3491, 209706.575868731277296 ], [ 446514.3491, 209707.075868731277296 ], [ 446513.8491, 209706.075868731277296 ], [ 446512.3491, 209706.075868731277296 ], [ 446512.3491, 209705.075868731277296 ], [ 446504.3491, 209701.075868731277296 ], [ 446504.3491, 209700.075868731277296 ], [ 446502.3491, 209700.075868731277296 ], [ 446500.3491, 209698.075868731277296 ], [ 446498.3491, 209697.575868731277296 ], [ 446499.8491, 209699.575868731277296 ], [ 446499.8491, 209702.075868731277296 ], [ 446498.8491, 209702.075868731277296 ], [ 446498.3491, 209704.075868731277296 ], [ 446497.3491, 209704.075868731277296 ], [ 446496.3491, 209702.575868731277296 ], [ 446495.3491, 209703.075868731277296 ], [ 446486.3491, 209698.075868731277296 ], [ 446484.8491, 209698.075868731277296 ], [ 446482.8491, 209696.075868731277296 ], [ 446481.3491, 209696.075868731277296 ], [ 446470.8491, 209690.075868731277296 ], [ 446468.3491, 209689.575868731277296 ], [ 446467.3491, 209688.075868731277296 ], [ 446465.8491, 209688.075868731277296 ], [ 446455.3491, 209682.075868731277296 ], [ 446452.8491, 209681.575868731277296 ], [ 446448.3491, 209678.075868731277296 ], [ 446446.3491, 209678.075868731277296 ], [ 446439.8491, 209674.075868731277296 ], [ 446436.3491, 209673.075868731277296 ], [ 446436.3491, 209672.075868731277296 ], [ 446434.3491, 209672.075868731277296 ], [ 446432.3491, 209670.075868731277296 ], [ 446430.3491, 209670.075868731277296 ], [ 446428.3491, 209668.075868731277296 ], [ 446426.3491, 209668.075868731277296 ], [ 446424.3491, 209666.075868731277296 ], [ 446422.8491, 209666.075868731277296 ], [ 446422.3491, 209664.575868731277296 ], [ 446418.8491, 209664.075868731277296 ], [ 446416.8491, 209660.575868731277296 ], [ 446415.8491, 209661.075868731277296 ], [ 446413.3491, 209659.575868731277296 ], [ 446411.3491, 209660.075868731277296 ], [ 446399.8491, 209654.075868731277296 ], [ 446397.3491, 209650.575868731277296 ], [ 446392.8491, 209650.575868731277296 ], [ 446390.8491, 209649.575868731277296 ], [ 446390.3491, 209648.075868731277296 ], [ 446386.8491, 209647.575868731277296 ], [ 446386.8491, 209642.575868731277296 ], [ 446388.3491, 209642.075868731277296 ], [ 446388.3491, 209639.075868731277296 ], [ 446378.3491, 209636.075868731277296 ], [ 446372.8491, 209636.075868731277296 ], [ 446372.8491, 209637.575868731277296 ], [ 446371.8491, 209638.075868731277296 ], [ 446372.3491, 209640.575868731277296 ], [ 446371.3491, 209643.075868731277296 ], [ 446371.8491, 209645.575868731277296 ], [ 446370.8491, 209648.075868731277296 ], [ 446371.3491, 209650.075868731277296 ], [ 446370.3491, 209650.075868731277296 ], [ 446370.3491, 209654.075868731277296 ], [ 446368.8491, 209654.575868731277296 ], [ 446367.3491, 209658.075868731277296 ], [ 446363.8491, 209659.575868731277296 ], [ 446364.3491, 209665.075868731277296 ], [ 446360.8491, 209666.075868731277296 ], [ 446358.3491, 209669.075868731277296 ], [ 446358.3491, 209673.075868731277296 ], [ 446355.8491, 209677.575868731277296 ], [ 446356.3491, 209686.075868731277296 ], [ 446354.8491, 209687.075868731277296 ], [ 446353.8491, 209692.575868731277296 ], [ 446350.3491, 209695.075868731277296 ], [ 446350.3491, 209706.075868731277296 ], [ 446345.8491, 209707.075868731277296 ], [ 446343.3491, 209710.075868731277296 ], [ 446342.8491, 209715.075868731277296 ], [ 446344.8491, 209718.575868731277296 ], [ 446342.8491, 209720.575868731277296 ], [ 446341.3491, 209728.075868731277296 ], [ 446338.8491, 209729.575868731277296 ], [ 446338.3491, 209732.075868731277296 ], [ 446336.3491, 209731.075868731277296 ], [ 446336.3491, 209730.075868731277296 ], [ 446334.3491, 209729.575868731277296 ], [ 446333.3491, 209730.575868731277296 ], [ 446333.8491, 209732.075868731277296 ], [ 446332.3491, 209732.575868731277296 ], [ 446332.3491, 209734.075868731277296 ], [ 446330.3491, 209735.575868731277296 ], [ 446331.8491, 209738.575868731277296 ], [ 446330.8491, 209740.075868731277296 ], [ 446331.3491, 209743.075868731277296 ], [ 446330.3491, 209745.575868731277296 ], [ 446328.3491, 209746.575868731277296 ], [ 446327.8491, 209748.575868731277296 ], [ 446328.3491, 209750.075868731277296 ], [ 446330.3491, 209751.075868731277296 ], [ 446327.8491, 209753.575868731277296 ], [ 446328.3491, 209757.075868731277296 ], [ 446329.8491, 209758.075868731277296 ], [ 446329.8491, 209759.575868731277296 ], [ 446327.8491, 209762.075868731277296 ], [ 446327.8491, 209764.075868731277296 ], [ 446326.3491, 209765.075868731277296 ], [ 446326.3491, 209769.575868731277296 ], [ 446325.3491, 209770.075868731277296 ], [ 446325.3491, 209772.075868731277296 ], [ 446320.8491, 209774.075868731277296 ], [ 446320.3491, 209776.575868731277296 ], [ 446320.8491, 209778.075868731277296 ], [ 446321.8491, 209778.075868731277296 ], [ 446322.3491, 209780.575868731277296 ], [ 446320.3491, 209782.075868731277296 ], [ 446320.3491, 209784.575868731277296 ], [ 446318.8491, 209786.075868731277296 ], [ 446318.3491, 209790.075868731277296 ], [ 446316.3491, 209791.075868731277296 ], [ 446316.3491, 209792.075868731277296 ], [ 446314.8491, 209792.075868731277296 ], [ 446314.3491, 209793.575868731277296 ], [ 446312.3491, 209794.075868731277296 ], [ 446311.3491, 209796.075868731277296 ], [ 446309.3491, 209796.075868731277296 ], [ 446307.8491, 209797.575868731277296 ], [ 446308.8491, 209799.575868731277296 ], [ 446307.8491, 209800.075868731277296 ], [ 446308.3491, 209802.075868731277296 ], [ 446306.8491, 209805.075868731277296 ], [ 446307.3491, 209806.075868731277296 ], [ 446306.3491, 209808.075868731277296 ], [ 446304.8491, 209808.575868731277296 ], [ 446304.3491, 209811.075868731277296 ], [ 446304.3491, 209813.575868731277296 ], [ 446306.3491, 209814.575868731277296 ], [ 446306.8491, 209816.075868731277296 ], [ 446306.3491, 209820.075868731277296 ], [ 446305.3491, 209820.075868731277296 ], [ 446304.3491, 209822.575868731277296 ], [ 446304.8491, 209824.575868731277296 ], [ 446302.3491, 209827.075868731277296 ], [ 446301.8491, 209831.575868731277296 ], [ 446300.3491, 209832.075868731277296 ], [ 446300.8491, 209833.575868731277296 ], [ 446298.3491, 209836.575868731277296 ], [ 446297.3491, 209842.075868731277296 ], [ 446296.3491, 209842.075868731277296 ], [ 446296.3491, 209843.075868731277296 ], [ 446292.8491, 209842.575868731277296 ], [ 446291.3491, 209844.575868731277296 ], [ 446289.8491, 209844.075868731277296 ], [ 446286.8491, 209845.575868731277296 ], [ 446289.3491, 209849.575868731277296 ], [ 446288.3491, 209850.075868731277296 ], [ 446288.3491, 209862.075868731277296 ], [ 446290.3491, 209863.575868731277296 ], [ 446290.3491, 209868.575868731277296 ], [ 446292.3491, 209870.075868731277296 ], [ 446292.3491, 209872.075868731277296 ], [ 446290.8491, 209872.575868731277296 ], [ 446290.3491, 209875.575868731277296 ], [ 446288.8491, 209876.075868731277296 ], [ 446288.3491, 209880.575868731277296 ], [ 446286.8491, 209882.075868731277296 ], [ 446285.8491, 209885.575868731277296 ], [ 446286.3491, 209886.575868731277296 ], [ 446284.8491, 209888.075868731277296 ], [ 446284.8491, 209890.075868731277296 ], [ 446285.8491, 209890.075868731277296 ], [ 446287.3491, 209892.075868731277296 ], [ 446286.3491, 209902.575868731277296 ], [ 446284.8491, 209905.075868731277296 ], [ 446285.8491, 209908.075868731277296 ], [ 446282.3491, 209910.575868731277296 ], [ 446282.3491, 209911.575868731277296 ], [ 446277.8491, 209911.075868731277296 ], [ 446274.8491, 209915.075868731277296 ], [ 446273.8491, 209914.075868731277296 ], [ 446272.3491, 209915.075868731277296 ], [ 446270.8491, 209914.575868731277296 ], [ 446270.3491, 209916.075868731277296 ], [ 446268.3491, 209917.075868731277296 ], [ 446268.3491, 209923.075868731277296 ], [ 446266.8491, 209924.575868731277296 ], [ 446267.8491, 209928.075868731277296 ], [ 446266.8491, 209929.575868731277296 ], [ 446266.8491, 209933.075868731277296 ], [ 446268.3491, 209934.075868731277296 ], [ 446268.3491, 209937.075868731277296 ], [ 446266.3491, 209940.575868731277296 ], [ 446266.3491, 209943.075868731277296 ], [ 446267.3491, 209944.075868731277296 ], [ 446269.3491, 209944.075868731277296 ], [ 446270.3491, 209946.075868731277296 ], [ 446274.8491, 209946.075868731277296 ], [ 446273.8491, 209953.075868731277296 ], [ 446296.3491, 209948.075868731277296 ], [ 446318.3491, 209950.075868731277296 ], [ 446318.3491, 209944.075868731277296 ], [ 446317.3491, 209943.575868731277296 ], [ 446317.8491, 209941.575868731277296 ], [ 446316.3491, 209939.575868731277296 ], [ 446320.3491, 209938.075868731277296 ], [ 446322.3491, 209939.575868731277296 ], [ 446328.3491, 209941.075868731277296 ], [ 446328.8491, 209942.075868731277296 ], [ 446338.3491, 209944.075868731277296 ], [ 446340.3491, 209945.575868731277296 ], [ 446345.8491, 209946.075868731277296 ], [ 446355.3491, 209949.575868731277296 ], [ 446360.3491, 209950.075868731277296 ], [ 446361.3491, 209951.075868731277296 ], [ 446363.8491, 209951.075868731277296 ], [ 446364.3491, 209952.075868731277296 ], [ 446378.3491, 209954.075868731277296 ], [ 446383.8491, 209956.075868731277296 ], [ 446389.3491, 209956.575868731277296 ], [ 446391.8491, 209958.075868731277296 ], [ 446394.8491, 209958.075868731277296 ], [ 446398.8491, 209960.075868731277296 ], [ 446402.3491, 209960.075868731277296 ], [ 446410.3491, 209963.575868731277296 ], [ 446416.3491, 209965.075868731277296 ], [ 446416.8491, 209966.075868731277296 ], [ 446419.3491, 209966.075868731277296 ], [ 446422.3491, 209968.075868731277296 ], [ 446424.3491, 209968.075868731277296 ], [ 446427.3491, 209970.075868731277296 ], [ 446430.3491, 209970.075868731277296 ], [ 446430.8491, 209971.075868731277296 ], [ 446432.3491, 209971.075868731277296 ], [ 446432.3491, 209972.075868731277296 ], [ 446434.8491, 209972.075868731277296 ], [ 446436.3491, 209973.575868731277296 ], [ 446444.3491, 209976.075868731277296 ], [ 446445.8491, 209977.575868731277296 ], [ 446449.3491, 209978.075868731277296 ], [ 446450.3491, 209979.575868731277296 ], [ 446453.8491, 209980.575868731277296 ], [ 446455.3491, 209982.075868731277296 ], [ 446462.8491, 209984.075868731277296 ], [ 446469.3491, 209988.075868731277296 ], [ 446472.3491, 209988.575868731277296 ], [ 446473.8491, 209990.075868731277296 ], [ 446475.8491, 209990.075868731277296 ], [ 446478.3491, 209992.075868731277296 ], [ 446480.3491, 209992.075868731277296 ], [ 446482.8491, 209994.075868731277296 ], [ 446486.3491, 209995.075868731277296 ], [ 446486.8491, 209996.075868731277296 ], [ 446490.3491, 209996.075868731277296 ], [ 446490.3491, 209997.075868731277296 ], [ 446495.3491, 209998.575868731277296 ], [ 446500.8491, 210002.075868731277296 ], [ 446503.8491, 210002.575868731277296 ], [ 446504.3491, 210003.575868731277296 ], [ 446505.8491, 210003.575868731277296 ], [ 446509.8491, 210006.075868731277296 ], [ 446511.8491, 210006.075868731277296 ], [ 446514.3491, 210008.075868731277296 ], [ 446516.8491, 210008.075868731277296 ], [ 446519.3491, 210010.075868731277296 ], [ 446522.3491, 210010.575868731277296 ], [ 446522.3491, 210011.575868731277296 ], [ 446525.3491, 210012.075868731277296 ], [ 446526.3491, 210013.575868731277296 ], [ 446529.8491, 210014.575868731277296 ], [ 446530.8491, 210016.075868731277296 ], [ 446533.8491, 210016.575868731277296 ], [ 446534.3491, 210018.075868731277296 ], [ 446537.3491, 210018.575868731277296 ], [ 446538.3491, 210020.075868731277296 ], [ 446540.3491, 210020.075868731277296 ], [ 446541.3491, 210021.575868731277296 ], [ 446546.3491, 210024.075868731277296 ], [ 446548.3491, 210024.075868731277296 ], [ 446548.8491, 210025.575868731277296 ], [ 446551.8491, 210026.075868731277296 ], [ 446552.8491, 210027.575868731277296 ], [ 446556.3491, 210028.575868731277296 ], [ 446556.3491, 210029.575868731277296 ], [ 446562.3491, 210032.075868731277296 ], [ 446568.3491, 210036.075868731277296 ], [ 446570.3491, 210039.075868731277296 ], [ 446575.3491, 210041.575868731277296 ], [ 446574.3491, 210042.575868731277296 ], [ 446574.8491, 210046.075868731277296 ], [ 446579.8491, 210046.075868731277296 ], [ 446581.8491, 210048.075868731277296 ], [ 446584.3491, 210048.575868731277296 ], [ 446584.8491, 210050.075868731277296 ], [ 446586.3491, 210050.075868731277296 ], [ 446588.3491, 210052.075868731277296 ], [ 446588.3491, 210054.075868731277296 ], [ 446590.3491, 210053.075868731277296 ], [ 446591.8491, 210054.075868731277296 ], [ 446594.3491, 210054.075868731277296 ], [ 446596.3491, 210058.575868731277296 ], [ 446602.3491, 210062.075868731277296 ], [ 446603.3491, 210064.075868731277296 ], [ 446604.8491, 210064.075868731277296 ], [ 446606.8491, 210066.575868731277296 ], [ 446608.3491, 210066.575868731277296 ], [ 446612.3491, 210072.075868731277296 ], [ 446618.3491, 210077.075868731277296 ], [ 446618.3491, 210078.075868731277296 ], [ 446623.8491, 210080.575868731277296 ], [ 446624.8491, 210082.075868731277296 ], [ 446626.3491, 210082.075868731277296 ], [ 446627.3491, 210083.575868731277296 ], [ 446630.3491, 210084.575868731277296 ], [ 446634.8491, 210088.075868731277296 ], [ 446638.3491, 210089.075868731277296 ], [ 446640.3491, 210092.075868731277296 ], [ 446641.8491, 210092.075868731277296 ], [ 446642.3491, 210093.075868731277296 ], [ 446649.8491, 210096.575868731277296 ], [ 446651.8491, 210098.075868731277296 ], [ 446651.3491, 210099.575868731277296 ], [ 446652.3491, 210101.075868731277296 ], [ 446657.8491, 210104.075868731277296 ], [ 446658.8491, 210106.075868731277296 ], [ 446660.3491, 210104.075868731277296 ], [ 446662.8491, 210104.075868731277296 ], [ 446664.8491, 210107.075868731277296 ], [ 446664.3491, 210108.075868731277296 ], [ 446665.8491, 210109.575868731277296 ], [ 446666.3491, 210112.075868731277296 ], [ 446676.3491, 210114.075868731277296 ], [ 446680.3491, 210116.075868731277296 ], [ 446683.3491, 210116.075868731277296 ], [ 446684.3491, 210117.075868731277296 ], [ 446691.8491, 210119.075868731277296 ], [ 446694.3491, 210116.075868731277296 ], [ 446696.3491, 210116.075868731277296 ], [ 446697.3491, 210117.075868731277296 ], [ 446698.3491, 210116.075868731277296 ], [ 446698.3491, 210113.075868731277296 ], [ 446696.8491, 210112.075868731277296 ], [ 446697.8491, 210110.575868731277296 ], [ 446719.8491, 210113.075868731277296 ], [ 446720.8491, 210115.575868731277296 ], [ 446720.3491, 210118.075868731277296 ], [ 446722.3491, 210119.575868731277296 ], [ 446721.8491, 210121.075868731277296 ], [ 446723.8491, 210122.575868731277296 ], [ 446723.3491, 210123.575868731277296 ], [ 446725.8491, 210125.575868731277296 ], [ 446730.3491, 210126.075868731277296 ], [ 446737.8491, 210125.575868731277296 ], [ 446737.8491, 210123.075868731277296 ], [ 446736.3491, 210121.575868731277296 ], [ 446736.3491, 210119.575868731277296 ], [ 446737.8491, 210117.575868731277296 ], [ 446740.3491, 210117.075868731277296 ], [ 446740.8491, 210118.075868731277296 ], [ 446746.3491, 210118.075868731277296 ], [ 446748.3491, 210117.075868731277296 ], [ 446749.3491, 210117.575868731277296 ], [ 446751.3491, 210115.075868731277296 ], [ 446753.8491, 210115.075868731277296 ], [ 446762.3491, 210117.075868731277296 ], [ 446769.8491, 210116.575868731277296 ], [ 446770.3491, 210117.575868731277296 ], [ 446775.3491, 210118.075868731277296 ], [ 446786.3491, 210118.075868731277296 ], [ 446791.3491, 210119.075868731277296 ], [ 446791.8491, 210120.075868731277296 ], [ 446822.3491, 210122.075868731277296 ], [ 446833.3491, 210124.075868731277296 ], [ 446843.8491, 210124.075868731277296 ], [ 446849.3491, 210126.075868731277296 ], [ 446854.3491, 210126.575868731277296 ], [ 446855.3491, 210127.575868731277296 ] ], [ [ 446699.3491, 209959.575868731277296 ], [ 446699.3491, 209959.075868731277296 ], [ 446699.8491, 209959.075868731277296 ], [ 446699.8491, 209959.575868731277296 ], [ 446699.3491, 209959.575868731277296 ] ], [ [ 446281.3491, 209946.075868731277296 ], [ 446281.3491, 209945.075868731277296 ], [ 446283.3491, 209945.575868731277296 ], [ 446283.3491, 209946.075868731277296 ], [ 446281.3491, 209946.075868731277296 ] ] ] } },
{ "type": "Feature", "properties": { "mainhabs": "Good quality semi improved grassland", "habcodes": "GQSIG", "featdesc": null, "featcodes": null, "otherclass": null, "addhabs": null, "primsource": "Feedback from Natural England adviser or specialist 2021 (GQSIG)", "areaha": "12.84", "version": "Sep_25", "uid": "PHID44787356_020902719", "shape_length": null, "shape_area": null, "site": "northfieldfarm", "pid": 16, "method": "grabcut2" }, "geometry": { "type": "MultiPolygon", "coordinates": [ [ [ [ 448132.8491, 209336.575868731277296 ], [ 448133.8491, 209335.575868731277296 ], [ 448138.8491, 209335.575868731277296 ], [ 448139.3491, 209332.575868731277296 ], [ 448137.8491, 209330.575868731277296 ], [ 448137.3491, 209326.575868731277296 ], [ 448134.3491, 209320.575868731277296 ], [ 448131.8491, 209310.575868731277296 ], [ 448129.8491, 209308.575868731277296 ], [ 448129.3491, 209306.575868731277296 ], [ 448127.3491, 209306.575868731277296 ], [ 448125.8491, 209308.075868731277296 ], [ 448125.8491, 209310.575868731277296 ], [ 448123.8491, 209311.575868731277296 ], [ 448123.8491, 209316.075868731277296 ], [ 448125.3491, 209320.575868731277296 ], [ 448124.8491, 209322.575868731277296 ], [ 448127.8491, 209327.075868731277296 ], [ 448128.3491, 209332.075868731277296 ], [ 448131.8491, 209335.575868731277296 ], [ 448131.8491, 209336.575868731277296 ], [ 448132.8491, 209336.575868731277296 ] ] ], [ [ [ 447952.3491, 209402.575868731277296 ], [ 447955.3491, 209401.075868731277296 ], [ 447960.3491, 209400.575868731277296 ], [ 447963.8491, 209398.575868731277296 ], [ 447966.8491, 209398.575868731277296 ], [ 447969.8491, 209397.075868731277296 ], [ 447977.8491, 209395.575868731277296 ], [ 447978.3491, 209394.575868731277296 ], [ 447988.8491, 209392.575868731277296 ], [ 447992.8491, 209390.575868731277296 ], [ 447997.8491, 209390.075868731277296 ], [ 448000.3491, 209388.575868731277296 ], [ 448003.8491, 209388.575868731277296 ], [ 448004.3491, 209387.575868731277296 ], [ 448006.3491, 209387.575868731277296 ], [ 448007.3491, 209386.575868731277296 ], [ 448012.3491, 209386.075868731277296 ], [ 448014.8491, 209384.575868731277296 ], [ 448018.3491, 209384.575868731277296 ], [ 448018.8491, 209383.575868731277296 ], [ 448032.3491, 209380.575868731277296 ], [ 448036.3491, 209378.575868731277296 ], [ 448046.8491, 209376.575868731277296 ], [ 448050.8491, 209374.575868731277296 ], [ 448061.3491, 209372.575868731277296 ], [ 448065.3491, 209370.575868731277296 ], [ 448075.8491, 209368.575868731277296 ], [ 448079.8491, 209366.575868731277296 ], [ 448082.3491, 209366.575868731277296 ], [ 448082.3491, 209364.575868731277296 ], [ 448083.8491, 209363.575868731277296 ], [ 448096.3491, 209362.075868731277296 ], [ 448100.8491, 209360.575868731277296 ], [ 448105.3491, 209360.575868731277296 ], [ 448105.3491, 209358.075868731277296 ], [ 448107.3491, 209355.075868731277296 ], [ 448106.3491, 209354.575868731277296 ], [ 448105.3491, 209351.075868731277296 ], [ 448106.8491, 209349.575868731277296 ], [ 448108.8491, 209350.075868731277296 ], [ 448110.8491, 209348.575868731277296 ], [ 448113.8491, 209348.575868731277296 ], [ 448116.3491, 209346.575868731277296 ], [ 448119.3491, 209346.075868731277296 ], [ 448119.3491, 209344.575868731277296 ], [ 448118.3491, 209344.075868731277296 ], [ 448118.8491, 209339.075868731277296 ], [ 448117.8491, 209336.575868731277296 ], [ 448117.8491, 209332.575868731277296 ], [ 448114.3491, 209320.575868731277296 ], [ 448112.8491, 209319.575868731277296 ], [ 448111.3491, 209309.575868731277296 ], [ 448109.8491, 209307.575868731277296 ], [ 448109.8491, 209298.575868731277296 ], [ 448109.3491, 209297.075868731277296 ], [ 448107.8491, 209296.575868731277296 ], [ 448105.8491, 209288.575868731277296 ], [ 448105.8491, 209284.575868731277296 ], [ 448104.8491, 209283.575868731277296 ], [ 448105.8491, 209281.575868731277296 ], [ 448103.8491, 209280.575868731277296 ], [ 448105.8491, 209278.575868731277296 ], [ 448107.8491, 209279.075868731277296 ], [ 448108.3491, 209278.075868731277296 ], [ 448109.8491, 209278.075868731277296 ], [ 448110.8491, 209276.075868731277296 ], [ 448108.8491, 209269.575868731277296 ], [ 448105.8491, 209265.575868731277296 ], [ 448105.8491, 209262.575868731277296 ], [ 448104.3491, 209262.075868731277296 ], [ 448105.3491, 209261.075868731277296 ], [ 448105.3491, 209256.575868731277296 ], [ 448101.3491, 209246.075868731277296 ], [ 448085.3491, 209183.075868731277296 ], [ 448080.3491, 209172.575868731277296 ], [ 448072.3491, 209163.575868731277296 ], [ 448068.3491, 209154.575868731277296 ], [ 448067.3491, 209154.575868731277296 ], [ 448066.3491, 209139.575868731277296 ], [ 448062.8491, 209137.075868731277296 ], [ 448059.8491, 209136.575868731277296 ], [ 448046.8491, 209130.575868731277296 ], [ 448039.8491, 209142.575868731277296 ], [ 448037.8491, 209141.575868731277296 ], [ 448037.3491, 209140.075868731277296 ], [ 448038.3491, 209138.075868731277296 ], [ 448044.3491, 209129.075868731277296 ], [ 448034.3491, 209122.075868731277296 ], [ 448023.8491, 209112.075868731277296 ], [ 448012.3491, 209096.075868731277296 ], [ 448006.3491, 209085.075868731277296 ], [ 448000.8491, 209066.075868731277296 ], [ 447990.3491, 208988.575868731277296 ], [ 447982.8491, 208962.575868731277296 ], [ 447975.8491, 208950.075868731277296 ], [ 447969.8491, 208942.075868731277296 ], [ 447967.3491, 208940.075868731277296 ], [ 447967.3491, 208939.075868731277296 ], [ 447964.8491, 208937.575868731277296 ], [ 447959.8491, 208932.075868731277296 ], [ 447950.3491, 208925.075868731277296 ], [ 447925.3491, 208911.575868731277296 ], [ 447914.3491, 208904.575868731277296 ], [ 447910.3491, 208903.075868731277296 ], [ 447909.8491, 208902.075868731277296 ], [ 447906.8491, 208900.575868731277296 ], [ 447904.3491, 208901.075868731277296 ], [ 447902.3491, 208900.075868731277296 ], [ 447900.8491, 208899.075868731277296 ], [ 447900.3491, 208896.575868731277296 ], [ 447881.3491, 208887.575868731277296 ], [ 447880.8491, 208886.575868731277296 ], [ 447838.8491, 208864.575868731277296 ], [ 447838.3491, 208863.575868731277296 ], [ 447833.3491, 208861.575868731277296 ], [ 447832.8491, 208860.575868731277296 ], [ 447827.8491, 208858.575868731277296 ], [ 447827.3491, 208857.575868731277296 ], [ 447822.3491, 208855.575868731277296 ], [ 447821.8491, 208854.575868731277296 ], [ 447816.8491, 208852.575868731277296 ], [ 447816.3491, 208851.575868731277296 ], [ 447811.3491, 208849.575868731277296 ], [ 447810.8491, 208848.575868731277296 ], [ 447805.8491, 208846.575868731277296 ], [ 447805.3491, 208845.575868731277296 ], [ 447800.3491, 208843.575868731277296 ], [ 447799.8491, 208842.575868731277296 ], [ 447756.3491, 208819.575868731277296 ], [ 447750.3491, 208815.575868731277296 ], [ 447723.3491, 208802.575868731277296 ], [ 447722.8491, 208801.575868731277296 ], [ 447695.8491, 208788.575868731277296 ], [ 447689.3491, 208784.575868731277296 ], [ 447687.8491, 208784.575868731277296 ], [ 447671.8491, 208776.575868731277296 ], [ 447668.8491, 208774.075868731277296 ], [ 447649.8491, 208763.575868731277296 ], [ 447648.8491, 208766.575868731277296 ], [ 447641.8491, 208777.575868731277296 ], [ 447637.3491, 208780.575868731277296 ], [ 447630.8491, 208788.075868731277296 ], [ 447620.8491, 208806.575868731277296 ], [ 447620.8491, 208815.075868731277296 ], [ 447622.3491, 208820.575868731277296 ], [ 447634.3491, 208846.575868731277296 ], [ 447638.3491, 208858.575868731277296 ], [ 447639.3491, 208891.075868731277296 ], [ 447641.8491, 208900.075868731277296 ], [ 447645.8491, 208908.075868731277296 ], [ 447648.8491, 208917.075868731277296 ], [ 447654.3491, 208925.575868731277296 ], [ 447660.8491, 208932.075868731277296 ], [ 447666.3491, 208935.575868731277296 ], [ 447672.8491, 208942.575868731277296 ], [ 447678.8491, 208946.075868731277296 ], [ 447680.3491, 208948.075868731277296 ], [ 447692.3491, 208957.075868731277296 ], [ 447698.8491, 208960.575868731277296 ], [ 447706.3491, 208968.075868731277296 ], [ 447707.3491, 208968.075868731277296 ], [ 447718.3491, 208978.075868731277296 ], [ 447719.3491, 208978.075868731277296 ], [ 447722.3491, 208981.575868731277296 ], [ 447733.8491, 208989.575868731277296 ], [ 447738.3491, 208994.075868731277296 ], [ 447741.8491, 209004.075868731277296 ], [ 447744.8491, 209006.575868731277296 ], [ 447746.8491, 209006.575868731277296 ], [ 447748.8491, 209008.575868731277296 ], [ 447753.8491, 209008.075868731277296 ], [ 447766.3491, 209000.075868731277296 ], [ 447770.3491, 208994.575868731277296 ], [ 447776.8491, 208990.075868731277296 ], [ 447781.8491, 208989.575868731277296 ], [ 447783.8491, 208990.575868731277296 ], [ 447789.8491, 209002.575868731277296 ], [ 447792.8491, 209011.075868731277296 ], [ 447802.3491, 209026.075868731277296 ], [ 447802.8491, 209031.075868731277296 ], [ 447801.3491, 209036.575868731277296 ], [ 447801.8491, 209039.075868731277296 ], [ 447803.8491, 209040.575868731277296 ], [ 447813.3491, 209042.575868731277296 ], [ 447814.3491, 209044.575868731277296 ], [ 447819.3491, 209047.575868731277296 ], [ 447823.8491, 209052.575868731277296 ], [ 447825.3491, 209067.075868731277296 ], [ 447823.8491, 209074.075868731277296 ], [ 447823.8491, 209081.575868731277296 ], [ 447822.3491, 209090.575868731277296 ], [ 447823.3491, 209090.575868731277296 ], [ 447824.3491, 209093.575868731277296 ], [ 447825.8491, 209094.575868731277296 ], [ 447826.3491, 209096.575868731277296 ], [ 447827.3491, 209096.575868731277296 ], [ 447829.3491, 209100.575868731277296 ], [ 447830.3491, 209100.575868731277296 ], [ 447834.3491, 209104.575868731277296 ], [ 447835.8491, 209104.575868731277296 ], [ 447835.8491, 209105.575868731277296 ], [ 447847.3491, 209110.575868731277296 ], [ 447847.8491, 209112.075868731277296 ], [ 447849.8491, 209113.075868731277296 ], [ 447849.8491, 209114.575868731277296 ], [ 447850.8491, 209114.575868731277296 ], [ 447858.8491, 209123.575868731277296 ], [ 447861.8491, 209129.575868731277296 ], [ 447862.3491, 209132.575868731277296 ], [ 447863.3491, 209133.075868731277296 ], [ 447865.8491, 209138.575868731277296 ], [ 447865.8491, 209140.575868731277296 ], [ 447867.8491, 209143.075868731277296 ], [ 447867.8491, 209145.075868731277296 ], [ 447869.3491, 209146.575868731277296 ], [ 447869.8491, 209149.575868731277296 ], [ 447873.3491, 209155.075868731277296 ], [ 447873.8491, 209158.075868731277296 ], [ 447875.8491, 209161.075868731277296 ], [ 447875.8491, 209163.575868731277296 ], [ 447877.8491, 209166.575868731277296 ], [ 447878.3491, 209170.575868731277296 ], [ 447879.8491, 209172.575868731277296 ], [ 447879.8491, 209181.575868731277296 ], [ 447877.8491, 209194.075868731277296 ], [ 447873.8491, 209198.575868731277296 ], [ 447873.8491, 209200.075868731277296 ], [ 447869.8491, 209205.075868731277296 ], [ 447869.8491, 209206.575868731277296 ], [ 447868.8491, 209206.575868731277296 ], [ 447866.8491, 209209.575868731277296 ], [ 447867.3491, 209210.575868731277296 ], [ 447866.3491, 209210.575868731277296 ], [ 447863.8491, 209215.575868731277296 ], [ 447861.8491, 209217.075868731277296 ], [ 447859.8491, 209224.075868731277296 ], [ 447857.3491, 209226.575868731277296 ], [ 447858.3491, 209228.575868731277296 ], [ 447858.8491, 209241.575868731277296 ], [ 447855.8491, 209255.075868731277296 ], [ 447857.8491, 209257.075868731277296 ], [ 447859.8491, 209262.575868731277296 ], [ 447864.3491, 209264.575868731277296 ], [ 447866.8491, 209264.575868731277296 ], [ 447871.8491, 209262.575868731277296 ], [ 447875.8491, 209268.075868731277296 ], [ 447879.3491, 209269.575868731277296 ], [ 447879.8491, 209277.075868731277296 ], [ 447877.8491, 209286.575868731277296 ], [ 447877.3491, 209297.075868731277296 ], [ 447880.3491, 209300.575868731277296 ], [ 447885.8491, 209298.575868731277296 ], [ 447893.8491, 209297.575868731277296 ], [ 447891.8491, 209301.575868731277296 ], [ 447893.8491, 209304.075868731277296 ], [ 447894.3491, 209309.575868731277296 ], [ 447889.8491, 209312.575868731277296 ], [ 447889.8491, 209314.575868731277296 ], [ 447891.3491, 209320.575868731277296 ], [ 447893.8491, 209322.575868731277296 ], [ 447893.8491, 209325.075868731277296 ], [ 447894.8491, 209325.575868731277296 ], [ 447895.3491, 209328.075868731277296 ], [ 447898.3491, 209330.575868731277296 ], [ 447898.3491, 209334.575868731277296 ], [ 447899.8491, 209335.075868731277296 ], [ 447899.8491, 209338.575868731277296 ], [ 447901.8491, 209339.575868731277296 ], [ 447901.8491, 209341.075868731277296 ], [ 447902.8491, 209341.575868731277296 ], [ 447902.3491, 209343.075868731277296 ], [ 447903.8491, 209345.075868731277296 ], [ 447908.3491, 209347.575868731277296 ], [ 447909.8491, 209351.575868731277296 ], [ 447913.8491, 209353.575868731277296 ], [ 447914.3491, 209356.575868731277296 ], [ 447915.3491, 209356.575868731277296 ], [ 447917.8491, 209359.575868731277296 ], [ 447918.8491, 209365.575868731277296 ], [ 447922.8491, 209369.075868731277296 ], [ 447920.8491, 209372.075868731277296 ], [ 447925.8491, 209376.575868731277296 ], [ 447928.3491, 209382.075868731277296 ], [ 447931.8491, 209384.575868731277296 ], [ 447933.8491, 209389.575868731277296 ], [ 447935.8491, 209390.575868731277296 ], [ 447938.3491, 209394.575868731277296 ], [ 447946.3491, 209398.575868731277296 ], [ 447949.8491, 209401.575868731277296 ], [ 447949.8491, 209402.575868731277296 ], [ 447952.3491, 209402.575868731277296 ] ] ] ] } },
{ "type": "Feature", "properties": { "mainhabs": "Lowland fens", "habcodes": "LFENS", "featdesc": null, "featcodes": null, "otherclass": "Annex1(7230), NVC(M22 species-rich)", "addhabs": "PMGRP", "primsource": "Feedback from Natural England adviser or specialist 2021 (LFENS)", "areaha": "0.9", "version": "Sep_25", "uid": "PHID44664186_020980781", "shape_length": null, "shape_area": null, "site": "northfieldfarm", "pid": 17, "method": "grabcut2" }, "geometry": { "type": "Polygon", "coordinates": [ [ [ 446738.3491, 209868.575868731277296 ], [ 446746.8491, 209866.075868731277296 ], [ 446746.3491, 209861.575868731277296 ], [ 446748.3491, 209859.575868731277296 ], [ 446747.8491, 209858.575868731277296 ], [ 446748.8491, 209856.575868731277296 ], [ 446750.3491, 209855.575868731277296 ], [ 446752.3491, 209850.575868731277296 ], [ 446754.3491, 209849.075868731277296 ], [ 446757.8491, 209842.575868731277296 ], [ 446757.8491, 209840.075868731277296 ], [ 446756.3491, 209836.575868731277296 ], [ 446754.3491, 209836.075868731277296 ], [ 446753.3491, 209834.075868731277296 ], [ 446749.8491, 209832.075868731277296 ], [ 446748.3491, 209830.075868731277296 ], [ 446746.3491, 209830.075868731277296 ], [ 446745.3491, 209828.075868731277296 ], [ 446742.3491, 209826.575868731277296 ], [ 446740.3491, 209824.075868731277296 ], [ 446738.8491, 209824.075868731277296 ], [ 446725.8491, 209816.075868731277296 ], [ 446724.3491, 209816.075868731277296 ], [ 446722.3491, 209814.075868731277296 ], [ 446720.8491, 209814.075868731277296 ], [ 446720.3491, 209813.075868731277296 ], [ 446718.3491, 209813.075868731277296 ], [ 446718.3491, 209812.075868731277296 ], [ 446716.3491, 209812.075868731277296 ], [ 446714.3491, 209810.075868731277296 ], [ 446712.8491, 209810.075868731277296 ], [ 446699.8491, 209802.075868731277296 ], [ 446694.3491, 209800.075868731277296 ], [ 446692.3491, 209798.075868731277296 ], [ 446689.8491, 209798.075868731277296 ], [ 446684.3491, 209794.075868731277296 ], [ 446682.3491, 209794.075868731277296 ], [ 446681.3491, 209792.575868731277296 ], [ 446674.3491, 209789.575868731277296 ], [ 446673.3491, 209788.075868731277296 ], [ 446671.8491, 209788.075868731277296 ], [ 446665.8491, 209784.075868731277296 ], [ 446663.3491, 209783.575868731277296 ], [ 446662.3491, 209782.075868731277296 ], [ 446658.8491, 209781.575868731277296 ], [ 446657.8491, 209780.075868731277296 ], [ 446652.3491, 209778.075868731277296 ], [ 446650.3491, 209776.075868731277296 ], [ 446648.3491, 209776.075868731277296 ], [ 446648.3491, 209775.075868731277296 ], [ 446644.8491, 209774.075868731277296 ], [ 446642.8491, 209772.075868731277296 ], [ 446640.8491, 209772.075868731277296 ], [ 446635.8491, 209768.575868731277296 ], [ 446633.3491, 209768.075868731277296 ], [ 446632.3491, 209766.575868731277296 ], [ 446631.3491, 209767.075868731277296 ], [ 446628.8491, 209766.075868731277296 ], [ 446627.8491, 209764.575868731277296 ], [ 446624.3491, 209763.575868731277296 ], [ 446623.3491, 209762.075868731277296 ], [ 446620.8491, 209761.575868731277296 ], [ 446615.8491, 209758.075868731277296 ], [ 446614.3491, 209758.075868731277296 ], [ 446612.3491, 209756.075868731277296 ], [ 446610.3491, 209756.075868731277296 ], [ 446609.3491, 209754.575868731277296 ], [ 446600.8491, 209751.075868731277296 ], [ 446600.3491, 209750.075868731277296 ], [ 446598.3491, 209750.075868731277296 ], [ 446596.3491, 209748.075868731277296 ], [ 446594.3491, 209748.075868731277296 ], [ 446592.3491, 209746.075868731277296 ], [ 446590.3491, 209746.075868731277296 ], [ 446588.3491, 209744.075868731277296 ], [ 446584.8491, 209743.075868731277296 ], [ 446584.3491, 209742.075868731277296 ], [ 446582.3491, 209742.075868731277296 ], [ 446579.8491, 209740.075868731277296 ], [ 446578.8491, 209740.075868731277296 ], [ 446578.3491, 209744.075868731277296 ], [ 446576.3491, 209748.075868731277296 ], [ 446564.8491, 209760.075868731277296 ], [ 446564.3491, 209762.575868731277296 ], [ 446566.3491, 209764.075868731277296 ], [ 446566.3491, 209765.575868731277296 ], [ 446564.3491, 209766.575868731277296 ], [ 446564.3491, 209769.075868731277296 ], [ 446563.3491, 209770.075868731277296 ], [ 446557.8491, 209769.575868731277296 ], [ 446554.8491, 209772.075868731277296 ], [ 446554.8491, 209775.575868731277296 ], [ 446553.8491, 209777.075868731277296 ], [ 446554.8491, 209780.075868731277296 ], [ 446556.8491, 209782.075868731277296 ], [ 446557.3491, 209785.075868731277296 ], [ 446561.8491, 209788.075868731277296 ], [ 446562.3491, 209789.575868731277296 ], [ 446564.3491, 209790.075868731277296 ], [ 446565.3491, 209792.075868731277296 ], [ 446568.3491, 209793.075868731277296 ], [ 446570.3491, 209796.075868731277296 ], [ 446572.3491, 209797.075868731277296 ], [ 446572.3491, 209798.075868731277296 ], [ 446573.3491, 209798.075868731277296 ], [ 446581.8491, 209805.575868731277296 ], [ 446588.3491, 209806.075868731277296 ], [ 446588.3491, 209807.075868731277296 ], [ 446589.8491, 209807.075868731277296 ], [ 446592.8491, 209809.575868731277296 ], [ 446596.3491, 209810.075868731277296 ], [ 446597.8491, 209812.075868731277296 ], [ 446599.8491, 209812.075868731277296 ], [ 446600.8491, 209814.075868731277296 ], [ 446603.3491, 209813.075868731277296 ], [ 446604.8491, 209814.575868731277296 ], [ 446606.8491, 209814.575868731277296 ], [ 446607.8491, 209816.075868731277296 ], [ 446611.3491, 209816.575868731277296 ], [ 446613.3491, 209818.575868731277296 ], [ 446619.3491, 209820.075868731277296 ], [ 446620.3491, 209822.075868731277296 ], [ 446622.3491, 209822.575868731277296 ], [ 446622.8491, 209823.575868731277296 ], [ 446624.3491, 209823.075868731277296 ], [ 446627.8491, 209824.075868731277296 ], [ 446629.3491, 209826.075868731277296 ], [ 446634.3491, 209826.075868731277296 ], [ 446636.8491, 209828.075868731277296 ], [ 446640.3491, 209828.575868731277296 ], [ 446640.3491, 209829.575868731277296 ], [ 446643.8491, 209830.075868731277296 ], [ 446644.3491, 209831.575868731277296 ], [ 446648.3491, 209832.075868731277296 ], [ 446648.3491, 209833.075868731277296 ], [ 446652.3491, 209834.075868731277296 ], [ 446652.3491, 209835.075868731277296 ], [ 446658.3491, 209836.575868731277296 ], [ 446659.3491, 209838.075868731277296 ], [ 446663.3491, 209838.075868731277296 ], [ 446664.8491, 209840.075868731277296 ], [ 446673.8491, 209843.075868731277296 ], [ 446674.3491, 209844.075868731277296 ], [ 446680.3491, 209844.075868731277296 ], [ 446682.3491, 209847.075868731277296 ], [ 446684.3491, 209848.075868731277296 ], [ 446686.3491, 209848.075868731277296 ], [ 446686.8491, 209849.075868731277296 ], [ 446691.3491, 209851.075868731277296 ], [ 446694.3491, 209850.575868731277296 ], [ 446697.8491, 209854.075868731277296 ], [ 446700.3491, 209854.075868731277296 ], [ 446704.3491, 209857.075868731277296 ], [ 446706.3491, 209857.075868731277296 ], [ 446706.3491, 209858.075868731277296 ], [ 446713.3491, 209860.075868731277296 ], [ 446714.8491, 209861.575868731277296 ], [ 446719.8491, 209863.075868731277296 ], [ 446720.3491, 209864.075868731277296 ], [ 446722.3491, 209864.075868731277296 ], [ 446722.8491, 209865.075868731277296 ], [ 446727.8491, 209866.075868731277296 ], [ 446728.8491, 209867.575868731277296 ], [ 446731.3491, 209866.575868731277296 ], [ 446732.3491, 209868.075868731277296 ], [ 446738.3491, 209868.575868731277296 ] ] ] } },
{ "type": "Feature", "properties": { "mainhabs": "Lowland meadows", "habcodes": "LMEAD", "featdesc": null, "featcodes": null, "otherclass": null, "addhabs": "CFPGM", "primsource": "County Wildlife Site Survey Files 2001 (LMEAD)", "areaha": "0.01", "version": "Sep_25", "uid": "PHID44581668_020976771", "shape_length": null, "shape_area": null, "site": "northfieldfarm", "pid": 18, "method": "grabcut2" }, "geometry": { "type": "Polygon", "coordinates": [ [ [ 445837.8491, 209784.575868731277296 ], [ 445838.8491, 209784.575868731277296 ], [ 445839.8491, 209782.575868731277296 ], [ 445839.3491, 209781.075868731277296 ], [ 445835.3491, 209779.575868731277296 ], [ 445832.3491, 209776.575868731277296 ], [ 445829.3491, 209775.575868731277296 ], [ 445828.3491, 209774.075868731277296 ], [ 445826.8491, 209774.075868731277296 ], [ 445825.8491, 209772.075868731277296 ], [ 445823.3491, 209771.575868731277296 ], [ 445823.3491, 209770.575868731277296 ], [ 445820.8491, 209770.075868731277296 ], [ 445820.8491, 209769.075868731277296 ], [ 445814.3491, 209765.575868731277296 ], [ 445814.3491, 209764.575868731277296 ], [ 445812.3491, 209764.075868731277296 ], [ 445811.3491, 209762.075868731277296 ], [ 445810.3491, 209762.075868731277296 ], [ 445809.8491, 209760.075868731277296 ], [ 445808.8491, 209760.075868731277296 ], [ 445807.3491, 209758.075868731277296 ], [ 445805.8491, 209758.075868731277296 ], [ 445803.3491, 209755.575868731277296 ], [ 445801.8491, 209756.075868731277296 ], [ 445801.8491, 209757.075868731277296 ], [ 445798.3491, 209757.075868731277296 ], [ 445797.8491, 209755.575868731277296 ], [ 445794.3491, 209754.075868731277296 ], [ 445794.3491, 209753.075868731277296 ], [ 445792.3491, 209753.575868731277296 ], [ 445793.3491, 209756.075868731277296 ], [ 445801.8491, 209760.575868731277296 ], [ 445802.8491, 209762.075868731277296 ], [ 445804.3491, 209762.075868731277296 ], [ 445805.3491, 209763.575868731277296 ], [ 445808.3491, 209764.575868731277296 ], [ 445808.3491, 209765.575868731277296 ], [ 445811.3491, 209766.575868731277296 ], [ 445812.3491, 209768.075868731277296 ], [ 445813.8491, 209768.075868731277296 ], [ 445814.8491, 209769.575868731277296 ], [ 445816.3491, 209769.575868731277296 ], [ 445819.3491, 209772.075868731277296 ], [ 445822.3491, 209773.075868731277296 ], [ 445822.3491, 209774.075868731277296 ], [ 445824.3491, 209774.575868731277296 ], [ 445832.3491, 209781.575868731277296 ], [ 445837.8491, 209784.575868731277296 ] ], [ [ 445836.3491, 209781.575868731277296 ], [ 445836.3491, 209781.075868731277296 ], [ 445836.8491, 209781.075868731277296 ], [ 445836.8491, 209781.575868731277296 ], [ 445836.3491, 209781.575868731277296 ] ], [ [ 445836.8491, 209781.575868731277296 ], [ 445837.8491, 209781.575868731277296 ], [ 445837.8491, 209782.075868731277296 ], [ 445836.8491, 209782.075868731277296 ], [ 445836.8491, 209781.575868731277296 ] ] ] } },
{ "type": "Feature", "properties": { "mainhabs": "Lowland meadows", "habcodes": "LMEAD", "featdesc": null, "featcodes": null, "otherclass": null, "addhabs": "CFPGM", "primsource": "County Wildlife Site Survey Files 2001 (LMEAD)", "areaha": "4.18", "version": "Sep_25", "uid": "PHID44603190_020977567", "shape_length": null, "shape_area": null, "site": "northfieldfarm", "pid": 19, "method": "grabcut2" }, "geometry": { "type": "MultiPolygon", "coordinates": [ [ [ [ 446210.3491, 209936.575868731277296 ], [ 446208.8491, 209936.075868731277296 ], [ 446204.3491, 209930.075868731277296 ], [ 446203.3491, 209930.075868731277296 ], [ 446202.3491, 209928.075868731277296 ], [ 446201.3491, 209928.075868731277296 ], [ 446200.3491, 209926.075868731277296 ], [ 446190.3491, 209917.075868731277296 ], [ 446185.8491, 209910.575868731277296 ], [ 446184.3491, 209910.075868731277296 ], [ 446183.8491, 209908.075868731277296 ], [ 446182.3491, 209907.575868731277296 ], [ 446182.3491, 209906.575868731277296 ], [ 446180.3491, 209905.075868731277296 ], [ 446180.3491, 209904.075868731277296 ], [ 446179.3491, 209904.075868731277296 ], [ 446172.3491, 209894.575868731277296 ], [ 446170.8491, 209894.075868731277296 ], [ 446170.3491, 209892.075868731277296 ], [ 446169.3491, 209892.075868731277296 ], [ 446168.3491, 209890.075868731277296 ], [ 446164.8491, 209887.575868731277296 ], [ 446174.3491, 209901.575868731277296 ], [ 446186.3491, 209916.575868731277296 ], [ 446188.8491, 209921.575868731277296 ], [ 446201.8491, 209933.075868731277296 ], [ 446209.8491, 209938.075868731277296 ], [ 446210.3491, 209936.575868731277296 ] ] ], [ [ [ 446138.3491, 209850.575868731277296 ], [ 446140.3491, 209849.575868731277296 ], [ 446140.3491, 209848.075868731277296 ], [ 446137.8491, 209846.075868731277296 ], [ 446136.3491, 209843.075868731277296 ], [ 446136.3491, 209832.075868731277296 ], [ 446143.8491, 209817.575868731277296 ], [ 446144.8491, 209817.075868731277296 ], [ 446145.8491, 209813.575868731277296 ], [ 446146.8491, 209813.075868731277296 ], [ 446147.8491, 209810.075868731277296 ], [ 446156.8491, 209795.575868731277296 ], [ 446157.3491, 209793.075868731277296 ], [ 446159.3491, 209791.075868731277296 ], [ 446159.3491, 209789.575868731277296 ], [ 446165.3491, 209780.075868731277296 ], [ 446163.3491, 209781.075868731277296 ], [ 446159.8491, 209777.075868731277296 ], [ 446158.3491, 209776.575868731277296 ], [ 446156.8491, 209774.075868731277296 ], [ 446154.3491, 209774.075868731277296 ], [ 446153.8491, 209773.075868731277296 ], [ 446149.8491, 209772.075868731277296 ], [ 446147.3491, 209769.075868731277296 ], [ 446146.3491, 209769.075868731277296 ], [ 446146.3491, 209768.075868731277296 ], [ 446138.8491, 209766.075868731277296 ], [ 446138.3491, 209763.075868731277296 ], [ 446135.8491, 209762.075868731277296 ], [ 446132.8491, 209759.075868731277296 ], [ 446129.8491, 209753.075868731277296 ], [ 446127.8491, 209751.075868731277296 ], [ 446126.8491, 209752.075868731277296 ], [ 446122.8491, 209752.075868731277296 ], [ 446121.3491, 209754.075868731277296 ], [ 446120.3491, 209754.075868731277296 ], [ 446120.3491, 209756.575868731277296 ], [ 446117.3491, 209757.575868731277296 ], [ 446115.8491, 209756.075868731277296 ], [ 446116.3491, 209753.575868731277296 ], [ 446114.3491, 209751.575868731277296 ], [ 446112.8491, 209751.575868731277296 ], [ 446111.3491, 209748.575868731277296 ], [ 446110.3491, 209749.075868731277296 ], [ 446110.3491, 209748.075868731277296 ], [ 446108.3491, 209747.075868731277296 ], [ 446106.8491, 209748.075868731277296 ], [ 446106.3491, 209746.575868731277296 ], [ 446102.8491, 209745.575868731277296 ], [ 446102.3491, 209744.075868731277296 ], [ 446101.3491, 209744.075868731277296 ], [ 446098.8491, 209741.075868731277296 ], [ 446094.8491, 209740.575868731277296 ], [ 446093.8491, 209744.075868731277296 ], [ 446090.8491, 209746.075868731277296 ], [ 446088.3491, 209744.075868731277296 ], [ 446086.3491, 209744.075868731277296 ], [ 446086.3491, 209743.075868731277296 ], [ 446084.3491, 209741.575868731277296 ], [ 446084.8491, 209739.575868731277296 ], [ 446083.8491, 209736.575868731277296 ], [ 446080.3491, 209735.075868731277296 ], [ 446078.3491, 209732.075868731277296 ], [ 446075.3491, 209732.075868731277296 ], [ 446075.3491, 209728.075868731277296 ], [ 446072.3491, 209728.075868731277296 ], [ 446071.8491, 209729.075868731277296 ], [ 446065.3491, 209728.075868731277296 ], [ 446062.3491, 209726.075868731277296 ], [ 446062.3491, 209724.075868731277296 ], [ 446059.8491, 209724.075868731277296 ], [ 446058.3491, 209721.075868731277296 ], [ 446054.8491, 209721.075868731277296 ], [ 446050.8491, 209718.075868731277296 ], [ 446041.3491, 209718.075868731277296 ], [ 446038.8491, 209720.075868731277296 ], [ 446034.8491, 209718.075868731277296 ], [ 446033.8491, 209713.075868731277296 ], [ 446030.8491, 209708.075868731277296 ], [ 446027.3491, 209708.575868731277296 ], [ 446025.8491, 209707.075868731277296 ], [ 446025.3491, 209708.075868731277296 ], [ 446023.3491, 209708.575868731277296 ], [ 446021.8491, 209707.075868731277296 ], [ 446020.3491, 209707.075868731277296 ], [ 446018.8491, 209705.075868731277296 ], [ 446020.3491, 209703.075868731277296 ], [ 446017.8491, 209701.075868731277296 ], [ 446014.3491, 209700.575868731277296 ], [ 446013.3491, 209699.075868731277296 ], [ 446012.3491, 209699.575868731277296 ], [ 446010.3491, 209698.075868731277296 ], [ 446009.8491, 209696.075868731277296 ], [ 446008.3491, 209698.075868731277296 ], [ 446006.3491, 209698.075868731277296 ], [ 446004.8491, 209696.575868731277296 ], [ 446005.8491, 209686.575868731277296 ], [ 446004.3491, 209686.075868731277296 ], [ 446003.8491, 209684.575868731277296 ], [ 445998.3491, 209682.075868731277296 ], [ 445998.3491, 209681.075868731277296 ], [ 445996.8491, 209681.075868731277296 ], [ 445994.3491, 209678.075868731277296 ], [ 445992.3491, 209678.075868731277296 ], [ 445991.3491, 209676.075868731277296 ], [ 445988.3491, 209676.075868731277296 ], [ 445986.3491, 209672.075868731277296 ], [ 445984.8491, 209672.075868731277296 ], [ 445981.8491, 209669.575868731277296 ], [ 445979.8491, 209670.075868731277296 ], [ 445978.3491, 209668.075868731277296 ], [ 445976.3491, 209667.575868731277296 ], [ 445976.3491, 209666.575868731277296 ], [ 445974.3491, 209666.075868731277296 ], [ 445974.3491, 209665.075868731277296 ], [ 445972.8491, 209665.075868731277296 ], [ 445970.8491, 209667.075868731277296 ], [ 445970.3491, 209662.075868731277296 ], [ 445968.8491, 209662.075868731277296 ], [ 445966.8491, 209660.075868731277296 ], [ 445964.3491, 209660.075868731277296 ], [ 445962.3491, 209656.075868731277296 ], [ 445954.8491, 209655.075868731277296 ], [ 445953.8491, 209653.575868731277296 ], [ 445952.3491, 209654.075868731277296 ], [ 445951.8491, 209652.575868731277296 ], [ 445952.8491, 209647.575868731277296 ], [ 445951.3491, 209646.075868731277296 ], [ 445948.3491, 209646.075868731277296 ], [ 445948.3491, 209647.075868731277296 ], [ 445951.8491, 209649.075868731277296 ], [ 445951.8491, 209650.075868731277296 ], [ 445950.3491, 209650.575868731277296 ], [ 445950.3491, 209652.075868731277296 ], [ 445948.3491, 209653.075868731277296 ], [ 445936.3491, 209669.075868731277296 ], [ 445934.3491, 209670.075868731277296 ], [ 445934.3491, 209671.575868731277296 ], [ 445932.3491, 209672.575868731277296 ], [ 445932.3491, 209674.075868731277296 ], [ 445930.3491, 209675.075868731277296 ], [ 445925.8491, 209681.575868731277296 ], [ 445924.3491, 209682.075868731277296 ], [ 445923.8491, 209684.075868731277296 ], [ 445922.3491, 209684.575868731277296 ], [ 445915.3491, 209694.075868731277296 ], [ 445914.3491, 209694.075868731277296 ], [ 445913.3491, 209695.575868731277296 ], [ 445913.8491, 209698.075868731277296 ], [ 445910.8491, 209700.075868731277296 ], [ 445910.3491, 209702.075868731277296 ], [ 445909.3491, 209702.075868731277296 ], [ 445905.8491, 209707.075868731277296 ], [ 445902.3491, 209710.075868731277296 ], [ 445902.3491, 209711.575868731277296 ], [ 445900.8491, 209712.075868731277296 ], [ 445900.3491, 209714.075868731277296 ], [ 445897.3491, 209716.075868731277296 ], [ 445895.8491, 209719.575868731277296 ], [ 445894.3491, 209720.075868731277296 ], [ 445894.3491, 209721.575868731277296 ], [ 445891.3491, 209723.075868731277296 ], [ 445891.8491, 209725.075868731277296 ], [ 445890.3491, 209727.075868731277296 ], [ 445884.3491, 209730.575868731277296 ], [ 445884.3491, 209732.075868731277296 ], [ 445882.3491, 209733.075868731277296 ], [ 445882.3491, 209734.075868731277296 ], [ 445880.3491, 209735.575868731277296 ], [ 445880.3491, 209737.075868731277296 ], [ 445877.8491, 209740.075868731277296 ], [ 445876.3491, 209740.575868731277296 ], [ 445876.3491, 209742.075868731277296 ], [ 445875.3491, 209742.075868731277296 ], [ 445870.3491, 209749.075868731277296 ], [ 445868.3491, 209750.075868731277296 ], [ 445867.8491, 209752.075868731277296 ], [ 445866.8491, 209752.075868731277296 ], [ 445866.3491, 209753.575868731277296 ], [ 445862.8491, 209756.075868731277296 ], [ 445862.3491, 209758.075868731277296 ], [ 445861.3491, 209758.075868731277296 ], [ 445861.3491, 209759.075868731277296 ], [ 445857.3491, 209762.575868731277296 ], [ 445856.3491, 209765.075868731277296 ], [ 445852.3491, 209767.575868731277296 ], [ 445852.3491, 209769.575868731277296 ], [ 445850.8491, 209770.075868731277296 ], [ 445849.8491, 209772.075868731277296 ], [ 445847.3491, 209773.075868731277296 ], [ 445847.3491, 209775.575868731277296 ], [ 445845.3491, 209777.075868731277296 ], [ 445845.3491, 209778.075868731277296 ], [ 445844.3491, 209778.075868731277296 ], [ 445844.3491, 209779.075868731277296 ], [ 445850.3491, 209784.075868731277296 ], [ 445855.3491, 209786.075868731277296 ], [ 445856.3491, 209787.575868731277296 ], [ 445860.3491, 209789.075868731277296 ], [ 445860.3491, 209790.075868731277296 ], [ 445862.3491, 209790.075868731277296 ], [ 445866.8491, 209793.575868731277296 ], [ 445870.3491, 209794.575868731277296 ], [ 445870.8491, 209796.075868731277296 ], [ 445872.3491, 209796.075868731277296 ], [ 445878.3491, 209800.075868731277296 ], [ 445879.8491, 209800.075868731277296 ], [ 445880.8491, 209801.575868731277296 ], [ 445884.3491, 209803.075868731277296 ], [ 445884.3491, 209804.075868731277296 ], [ 445885.8491, 209804.075868731277296 ], [ 445886.3491, 209805.575868731277296 ], [ 445889.3491, 209806.575868731277296 ], [ 445892.3491, 209809.075868731277296 ], [ 445892.3491, 209810.075868731277296 ], [ 445893.8491, 209810.075868731277296 ], [ 445894.3491, 209811.575868731277296 ], [ 445896.3491, 209812.075868731277296 ], [ 445896.3491, 209813.075868731277296 ], [ 445897.3491, 209813.075868731277296 ], [ 445899.3491, 209815.575868731277296 ], [ 445901.3491, 209816.075868731277296 ], [ 445902.3491, 209818.075868731277296 ], [ 445904.3491, 209818.075868731277296 ], [ 445905.3491, 209819.575868731277296 ], [ 445910.3491, 209821.075868731277296 ], [ 445910.3491, 209822.075868731277296 ], [ 445913.8491, 209822.075868731277296 ], [ 445914.8491, 209823.075868731277296 ], [ 445920.8491, 209824.075868731277296 ], [ 445925.3491, 209826.075868731277296 ], [ 445928.3491, 209826.075868731277296 ], [ 445931.3491, 209827.575868731277296 ], [ 445938.3491, 209828.075868731277296 ], [ 445943.8491, 209830.075868731277296 ], [ 445946.8491, 209830.075868731277296 ], [ 445957.3491, 209834.075868731277296 ], [ 445969.8491, 209836.075868731277296 ], [ 445971.8491, 209837.575868731277296 ], [ 445975.8491, 209838.075868731277296 ], [ 445979.3491, 209840.075868731277296 ], [ 445982.3491, 209840.075868731277296 ], [ 445986.3491, 209842.075868731277296 ], [ 445989.3491, 209842.075868731277296 ], [ 445990.8491, 209843.075868731277296 ], [ 445992.3491, 209842.575868731277296 ], [ 445994.8491, 209844.075868731277296 ], [ 446003.3491, 209846.075868731277296 ], [ 446020.3491, 209846.075868731277296 ], [ 446020.3491, 209845.075868731277296 ], [ 446021.8491, 209844.575868731277296 ], [ 446027.8491, 209844.075868731277296 ], [ 446028.3491, 209843.075868731277296 ], [ 446034.8491, 209842.075868731277296 ], [ 446038.8491, 209840.075868731277296 ], [ 446044.3491, 209840.075868731277296 ], [ 446051.8491, 209837.575868731277296 ], [ 446055.3491, 209838.075868731277296 ], [ 446055.8491, 209837.075868731277296 ], [ 446069.3491, 209833.075868731277296 ], [ 446073.3491, 209830.075868731277296 ], [ 446083.8491, 209829.075868731277296 ], [ 446112.3491, 209836.575868731277296 ], [ 446112.3491, 209837.575868731277296 ], [ 446120.3491, 209840.075868731277296 ], [ 446120.3491, 209841.075868731277296 ], [ 446123.8491, 209842.075868731277296 ], [ 446125.8491, 209844.075868731277296 ], [ 446127.3491, 209844.075868731277296 ], [ 446129.3491, 209846.075868731277296 ], [ 446134.3491, 209848.075868731277296 ], [ 446135.8491, 209850.075868731277296 ], [ 446138.3491, 209850.575868731277296 ] ] ], [ [ [ 445973.8491, 209865.075868731277296 ], [ 445983.3491, 209863.575868731277296 ], [ 445998.8491, 209858.575868731277296 ], [ 446017.8491, 209855.075868731277296 ], [ 446024.3491, 209852.075868731277296 ], [ 446010.3491, 209854.075868731277296 ], [ 446001.3491, 209854.075868731277296 ], [ 445998.3491, 209852.075868731277296 ], [ 445995.8491, 209852.075868731277296 ], [ 445992.3491, 209850.075868731277296 ], [ 445989.3491, 209850.075868731277296 ], [ 445986.3491, 209848.075868731277296 ], [ 445978.3491, 209846.075868731277296 ], [ 445975.3491, 209844.075868731277296 ], [ 445972.3491, 209844.075868731277296 ], [ 445970.3491, 209842.575868731277296 ], [ 445958.3491, 209840.075868731277296 ], [ 445954.3491, 209838.075868731277296 ], [ 445951.3491, 209838.075868731277296 ], [ 445950.3491, 209837.075868731277296 ], [ 445937.8491, 209834.075868731277296 ], [ 445933.8491, 209832.075868731277296 ], [ 445929.8491, 209832.075868731277296 ], [ 445925.8491, 209830.075868731277296 ], [ 445922.8491, 209830.075868731277296 ], [ 445920.3491, 209828.575868731277296 ], [ 445906.8491, 209825.575868731277296 ], [ 445913.8491, 209832.575868731277296 ], [ 445914.8491, 209832.575868731277296 ], [ 445927.8491, 209845.575868731277296 ], [ 445928.3491, 209847.075868731277296 ], [ 445929.3491, 209847.075868731277296 ], [ 445939.3491, 209856.075868731277296 ], [ 445941.3491, 209856.575868731277296 ], [ 445945.8491, 209860.075868731277296 ], [ 445959.3491, 209864.575868731277296 ], [ 445966.3491, 209865.575868731277296 ], [ 445973.8491, 209865.075868731277296 ] ] ] ] } },
{ "type": "Feature", "properties": { "mainhabs": "Lowland meadows", "habcodes": "LMEAD", "featdesc": null, "featcodes": null, "otherclass": null, "addhabs": "CFPGM", "primsource": "County Wildlife Site Survey Files 2001 (LMEAD)", "areaha": "1.41", "version": "Sep_25", "uid": "PHID44621785_020985544", "shape_length": null, "shape_area": null, "site": "northfieldfarm", "pid": 20, "method": "grabcut2" }, "geometry": { "type": "Polygon", "coordinates": [ [ [ 446265.3491, 209937.575868731277296 ], [ 446267.3491, 209937.575868731277296 ], [ 446268.3491, 209936.575868731277296 ], [ 446268.3491, 209934.075868731277296 ], [ 446266.8491, 209933.575868731277296 ], [ 446266.8491, 209929.575868731277296 ], [ 446267.8491, 209927.075868731277296 ], [ 446266.8491, 209926.575868731277296 ], [ 446266.8491, 209924.575868731277296 ], [ 446268.3491, 209923.075868731277296 ], [ 446268.3491, 209917.075868731277296 ], [ 446270.3491, 209916.075868731277296 ], [ 446270.8491, 209910.575868731277296 ], [ 446272.3491, 209907.075868731277296 ], [ 446275.3491, 209904.575868731277296 ], [ 446276.8491, 209905.075868731277296 ], [ 446278.3491, 209904.075868731277296 ], [ 446281.8491, 209900.075868731277296 ], [ 446286.3491, 209898.075868731277296 ], [ 446287.3491, 209896.575868731277296 ], [ 446287.3491, 209892.075868731277296 ], [ 446285.8491, 209890.075868731277296 ], [ 446284.8491, 209890.075868731277296 ], [ 446284.8491, 209888.075868731277296 ], [ 446286.3491, 209886.575868731277296 ], [ 446286.8491, 209881.075868731277296 ], [ 446288.3491, 209880.075868731277296 ], [ 446288.8491, 209876.075868731277296 ], [ 446290.3491, 209875.575868731277296 ], [ 446290.8491, 209872.575868731277296 ], [ 446292.3491, 209872.075868731277296 ], [ 446292.3491, 209870.075868731277296 ], [ 446290.3491, 209868.575868731277296 ], [ 446290.3491, 209864.075868731277296 ], [ 446286.3491, 209860.575868731277296 ], [ 446283.3491, 209856.075868731277296 ], [ 446282.3491, 209856.075868731277296 ], [ 446278.3491, 209852.075868731277296 ], [ 446277.3491, 209850.075868731277296 ], [ 446273.3491, 209847.075868731277296 ], [ 446273.8491, 209846.075868731277296 ], [ 446272.3491, 209844.075868731277296 ], [ 446269.3491, 209842.075868731277296 ], [ 446269.3491, 209841.075868731277296 ], [ 446264.3491, 209836.075868731277296 ], [ 446262.3491, 209836.075868731277296 ], [ 446260.3491, 209833.075868731277296 ], [ 446258.8491, 209833.075868731277296 ], [ 446254.3491, 209827.575868731277296 ], [ 446252.3491, 209826.575868731277296 ], [ 446252.3491, 209825.075868731277296 ], [ 446246.3491, 209820.075868731277296 ], [ 446246.3491, 209819.075868731277296 ], [ 446243.3491, 209818.075868731277296 ], [ 446241.8491, 209816.075868731277296 ], [ 446239.8491, 209816.075868731277296 ], [ 446236.8491, 209813.075868731277296 ], [ 446232.8491, 209813.575868731277296 ], [ 446231.3491, 209812.075868731277296 ], [ 446229.8491, 209812.075868731277296 ], [ 446226.3491, 209809.075868731277296 ], [ 446226.3491, 209808.075868731277296 ], [ 446222.3491, 209808.075868731277296 ], [ 446222.3491, 209809.075868731277296 ], [ 446220.8491, 209809.075868731277296 ], [ 446218.8491, 209807.075868731277296 ], [ 446217.8491, 209804.075868731277296 ], [ 446213.8491, 209804.075868731277296 ], [ 446210.8491, 209802.075868731277296 ], [ 446206.3491, 209802.075868731277296 ], [ 446206.3491, 209801.075868731277296 ], [ 446202.8491, 209800.075868731277296 ], [ 446201.8491, 209798.075868731277296 ], [ 446200.3491, 209798.075868731277296 ], [ 446199.3491, 209796.575868731277296 ], [ 446199.3491, 209794.075868731277296 ], [ 446198.3491, 209794.075868731277296 ], [ 446198.3491, 209792.075868731277296 ], [ 446196.3491, 209792.075868731277296 ], [ 446194.3491, 209790.075868731277296 ], [ 446190.3491, 209790.075868731277296 ], [ 446188.3491, 209788.575868731277296 ], [ 446185.3491, 209788.075868731277296 ], [ 446184.8491, 209786.075868731277296 ], [ 446180.3491, 209783.075868731277296 ], [ 446178.3491, 209780.075868731277296 ], [ 446176.3491, 209779.075868731277296 ], [ 446176.3491, 209778.075868731277296 ], [ 446174.3491, 209777.075868731277296 ], [ 446174.3491, 209776.075868731277296 ], [ 446172.3491, 209778.075868731277296 ], [ 446170.3491, 209776.075868731277296 ], [ 446168.8491, 209777.575868731277296 ], [ 446167.8491, 209776.575868731277296 ], [ 446167.3491, 209778.575868731277296 ], [ 446163.8491, 209782.075868731277296 ], [ 446160.3491, 209789.075868731277296 ], [ 446159.3491, 209789.575868731277296 ], [ 446159.3491, 209791.075868731277296 ], [ 446157.3491, 209793.075868731277296 ], [ 446156.8491, 209795.575868731277296 ], [ 446145.8491, 209813.575868731277296 ], [ 446144.8491, 209817.075868731277296 ], [ 446143.8491, 209817.575868731277296 ], [ 446136.3491, 209832.075868731277296 ], [ 446136.3491, 209843.075868731277296 ], [ 446137.8491, 209846.075868731277296 ], [ 446140.3491, 209848.075868731277296 ], [ 446140.3491, 209849.575868731277296 ], [ 446138.3491, 209850.075868731277296 ], [ 446138.3491, 209851.575868731277296 ], [ 446140.3491, 209852.075868731277296 ], [ 446140.8491, 209853.575868731277296 ], [ 446141.8491, 209853.575868731277296 ], [ 446147.8491, 209860.075868731277296 ], [ 446150.3491, 209861.575868731277296 ], [ 446153.3491, 209866.075868731277296 ], [ 446156.3491, 209868.075868731277296 ], [ 446156.3491, 209869.575868731277296 ], [ 446157.8491, 209870.075868731277296 ], [ 446160.3491, 209873.075868731277296 ], [ 446160.3491, 209874.075868731277296 ], [ 446163.3491, 209876.075868731277296 ], [ 446166.3491, 209880.575868731277296 ], [ 446168.3491, 209881.575868731277296 ], [ 446169.3491, 209883.075868731277296 ], [ 446168.8491, 209884.575868731277296 ], [ 446170.8491, 209887.575868731277296 ], [ 446172.3491, 209888.075868731277296 ], [ 446172.3491, 209889.575868731277296 ], [ 446174.3491, 209891.075868731277296 ], [ 446174.3491, 209892.075868731277296 ], [ 446175.8491, 209892.575868731277296 ], [ 446177.3491, 209895.575868731277296 ], [ 446182.3491, 209900.575868731277296 ], [ 446184.8491, 209905.075868731277296 ], [ 446189.3491, 209910.075868731277296 ], [ 446190.3491, 209910.075868731277296 ], [ 446190.8491, 209912.075868731277296 ], [ 446192.3491, 209912.575868731277296 ], [ 446192.3491, 209914.075868731277296 ], [ 446193.3491, 209914.075868731277296 ], [ 446196.3491, 209918.075868731277296 ], [ 446197.8491, 209918.575868731277296 ], [ 446197.8491, 209919.575868731277296 ], [ 446206.3491, 209928.075868731277296 ], [ 446209.3491, 209928.075868731277296 ], [ 446209.8491, 209929.075868731277296 ], [ 446215.8491, 209930.075868731277296 ], [ 446216.8491, 209931.575868731277296 ], [ 446221.3491, 209932.575868731277296 ], [ 446222.8491, 209934.075868731277296 ], [ 446237.3491, 209934.575868731277296 ], [ 446247.8491, 209936.075868731277296 ], [ 446264.3491, 209936.075868731277296 ], [ 446265.3491, 209937.575868731277296 ] ] ] } },
{ "type": "Feature", "properties": { "mainhabs": "Lowland meadows", "habcodes": "LMEAD", "featdesc": null, "featcodes": null, "otherclass": null, "addhabs": null, "primsource": "Feedback from Natural England adviser or specialist 2021 (LMEAD)", "areaha": "0.06", "version": "Sep_25", "uid": "PHID44622185_020969343", "shape_length": null, "shape_area": null, "site": "northfieldfarm", "pid": 21, "method": "grabcut2" }, "geometry": { "type": "Polygon", "coordinates": [ [ [ 446171.8491, 209774.575868731277296 ], [ 446174.8491, 209772.075868731277296 ], [ 446176.3491, 209768.575868731277296 ], [ 446177.8491, 209767.575868731277296 ], [ 446180.8491, 209760.075868731277296 ], [ 446184.3491, 209755.575868731277296 ], [ 446184.8491, 209753.075868731277296 ], [ 446186.3491, 209752.075868731277296 ], [ 446186.3491, 209750.075868731277296 ], [ 446187.3491, 209750.075868731277296 ], [ 446190.8491, 209742.575868731277296 ], [ 446192.3491, 209741.575868731277296 ], [ 446192.8491, 209739.075868731277296 ], [ 446194.3491, 209738.075868731277296 ], [ 446194.3491, 209736.575868731277296 ], [ 446195.8491, 209735.575868731277296 ], [ 446197.3491, 209732.075868731277296 ], [ 446198.3491, 209732.075868731277296 ], [ 446198.3491, 209730.575868731277296 ], [ 446200.3491, 209729.075868731277296 ], [ 446204.8491, 209721.075868731277296 ], [ 446206.3491, 209720.075868731277296 ], [ 446206.3491, 209718.575868731277296 ], [ 446210.3491, 209714.075868731277296 ], [ 446210.3491, 209712.575868731277296 ], [ 446214.3491, 209708.075868731277296 ], [ 446214.3491, 209706.575868731277296 ], [ 446218.3491, 209702.075868731277296 ], [ 446218.3491, 209700.575868731277296 ], [ 446222.3491, 209696.075868731277296 ], [ 446222.3491, 209694.575868731277296 ], [ 446226.3491, 209690.075868731277296 ], [ 446226.3491, 209688.575868731277296 ], [ 446230.3491, 209684.075868731277296 ], [ 446230.3491, 209682.575868731277296 ], [ 446231.8491, 209681.575868731277296 ], [ 446233.3491, 209678.075868731277296 ], [ 446234.3491, 209678.075868731277296 ], [ 446234.3491, 209676.575868731277296 ], [ 446235.8491, 209675.575868731277296 ], [ 446237.3491, 209672.075868731277296 ], [ 446238.3491, 209672.075868731277296 ], [ 446238.3491, 209670.575868731277296 ], [ 446239.8491, 209669.575868731277296 ], [ 446241.3491, 209666.075868731277296 ], [ 446242.3491, 209666.075868731277296 ], [ 446242.3491, 209664.575868731277296 ], [ 446243.8491, 209663.575868731277296 ], [ 446245.3491, 209660.075868731277296 ], [ 446246.3491, 209660.075868731277296 ], [ 446246.3491, 209658.575868731277296 ], [ 446250.3491, 209653.575868731277296 ], [ 446250.3491, 209652.075868731277296 ], [ 446251.3491, 209652.075868731277296 ], [ 446252.8491, 209648.575868731277296 ], [ 446254.3491, 209647.575868731277296 ], [ 446254.3491, 209646.075868731277296 ], [ 446255.3491, 209646.075868731277296 ], [ 446256.8491, 209642.575868731277296 ], [ 446258.3491, 209641.575868731277296 ], [ 446258.3491, 209640.075868731277296 ], [ 446259.3491, 209640.075868731277296 ], [ 446260.8491, 209636.575868731277296 ], [ 446262.3491, 209635.575868731277296 ], [ 446262.3491, 209634.075868731277296 ], [ 446263.3491, 209634.075868731277296 ], [ 446264.8491, 209630.575868731277296 ], [ 446266.3491, 209629.575868731277296 ], [ 446266.3491, 209628.075868731277296 ], [ 446267.3491, 209628.075868731277296 ], [ 446274.8491, 209610.575868731277296 ], [ 446270.3491, 209610.575868731277296 ], [ 446269.3491, 209615.575868731277296 ], [ 446268.3491, 209616.075868731277296 ], [ 446268.3491, 209619.075868731277296 ], [ 446263.8491, 209628.075868731277296 ], [ 446262.8491, 209628.075868731277296 ], [ 446259.8491, 209634.075868731277296 ], [ 446258.8491, 209634.075868731277296 ], [ 446255.8491, 209640.075868731277296 ], [ 446254.8491, 209640.075868731277296 ], [ 446251.8491, 209646.075868731277296 ], [ 446250.8491, 209646.075868731277296 ], [ 446250.3491, 209648.075868731277296 ], [ 446248.3491, 209650.075868731277296 ], [ 446247.8491, 209652.075868731277296 ], [ 446246.8491, 209652.075868731277296 ], [ 446246.8491, 209653.575868731277296 ], [ 446244.3491, 209656.075868731277296 ], [ 446244.3491, 209657.575868731277296 ], [ 446242.3491, 209659.075868731277296 ], [ 446241.8491, 209661.075868731277296 ], [ 446240.3491, 209662.075868731277296 ], [ 446240.3491, 209663.575868731277296 ], [ 446236.3491, 209668.075868731277296 ], [ 446236.3491, 209670.075868731277296 ], [ 446235.3491, 209670.075868731277296 ], [ 446233.8491, 209673.575868731277296 ], [ 446232.3491, 209674.075868731277296 ], [ 446232.3491, 209675.575868731277296 ], [ 446228.3491, 209680.075868731277296 ], [ 446228.3491, 209682.075868731277296 ], [ 446227.3491, 209682.075868731277296 ], [ 446226.3491, 209685.575868731277296 ], [ 446224.3491, 209687.075868731277296 ], [ 446222.3491, 209692.075868731277296 ], [ 446218.8491, 209694.575868731277296 ], [ 446218.3491, 209696.575868731277296 ], [ 446216.3491, 209698.075868731277296 ], [ 446216.3491, 209699.575868731277296 ], [ 446214.8491, 209700.575868731277296 ], [ 446213.3491, 209704.075868731277296 ], [ 446212.3491, 209704.075868731277296 ], [ 446212.3491, 209705.575868731277296 ], [ 446210.8491, 209706.575868731277296 ], [ 446209.3491, 209710.075868731277296 ], [ 446208.3491, 209710.075868731277296 ], [ 446208.3491, 209711.575868731277296 ], [ 446205.3491, 209715.075868731277296 ], [ 446203.8491, 209719.575868731277296 ], [ 446202.3491, 209720.075868731277296 ], [ 446202.3491, 209722.075868731277296 ], [ 446200.8491, 209722.575868731277296 ], [ 446199.8491, 209725.575868731277296 ], [ 446198.3491, 209726.575868731277296 ], [ 446198.3491, 209728.075868731277296 ], [ 446194.3491, 209731.075868731277296 ], [ 446194.3491, 209733.575868731277296 ], [ 446190.8491, 209736.575868731277296 ], [ 446187.3491, 209744.075868731277296 ], [ 446186.3491, 209744.075868731277296 ], [ 446186.3491, 209746.075868731277296 ], [ 446184.3491, 209748.075868731277296 ], [ 446184.3491, 209749.575868731277296 ], [ 446182.8491, 209750.575868731277296 ], [ 446179.3491, 209758.075868731277296 ], [ 446178.3491, 209758.075868731277296 ], [ 446178.3491, 209760.075868731277296 ], [ 446176.3491, 209762.575868731277296 ], [ 446175.8491, 209765.075868731277296 ], [ 446169.8491, 209772.575868731277296 ], [ 446170.3491, 209774.075868731277296 ], [ 446171.8491, 209774.575868731277296 ] ] ] } },
{ "type": "Feature", "properties": { "mainhabs": "Lowland meadows", "habcodes": "LMEAD", "featdesc": null, "featcodes": null, "otherclass": null, "addhabs": null, "primsource": "Feedback from Natural England adviser or specialist 2021 (LMEAD)", "areaha": "0.04", "version": "Sep_25", "uid": "PHID44775356_020931808", "shape_length": null, "shape_area": null, "site": "northfieldfarm", "pid": 22, "method": "grabcut2" }, "geometry": { "type": "MultiPolygon", "coordinates": [ [ [ [ 447757.8491, 209314.575868731277296 ], [ 447758.3491, 209312.075868731277296 ], [ 447760.3491, 209310.575868731277296 ], [ 447760.3491, 209309.075868731277296 ], [ 447761.8491, 209308.575868731277296 ], [ 447761.8491, 209307.575868731277296 ], [ 447763.3491, 209307.575868731277296 ], [ 447763.3491, 209306.575868731277296 ], [ 447775.8491, 209294.575868731277296 ], [ 447772.8491, 209290.575868731277296 ], [ 447769.8491, 209290.575868731277296 ], [ 447769.8491, 209291.575868731277296 ], [ 447765.8491, 209294.575868731277296 ], [ 447765.8491, 209296.075868731277296 ], [ 447763.8491, 209297.575868731277296 ], [ 447763.8491, 209298.575868731277296 ], [ 447758.3491, 209303.575868731277296 ], [ 447756.8491, 209306.075868731277296 ], [ 447755.3491, 209306.575868731277296 ], [ 447755.3491, 209308.075868731277296 ], [ 447753.8491, 209309.575868731277296 ], [ 447753.8491, 209311.075868731277296 ], [ 447754.8491, 209310.575868731277296 ], [ 447754.8491, 209311.575868731277296 ], [ 447753.3491, 209312.575868731277296 ], [ 447754.8491, 209312.575868731277296 ], [ 447755.8491, 209314.575868731277296 ], [ 447757.8491, 209314.575868731277296 ] ] ], [ [ [ 447730.3491, 209378.075868731277296 ], [ 447731.3491, 209376.575868731277296 ], [ 447733.3491, 209376.075868731277296 ], [ 447734.8491, 209371.575868731277296 ], [ 447735.8491, 209371.075868731277296 ], [ 447735.3491, 209369.575868731277296 ], [ 447736.3491, 209364.075868731277296 ], [ 447738.3491, 209362.575868731277296 ], [ 447739.8491, 209356.575868731277296 ], [ 447741.8491, 209353.575868731277296 ], [ 447742.3491, 209349.075868731277296 ], [ 447743.3491, 209348.575868731277296 ], [ 447742.3491, 209346.075868731277296 ], [ 447745.3491, 209344.575868731277296 ], [ 447745.8491, 209341.575868731277296 ], [ 447748.8491, 209335.575868731277296 ], [ 447748.8491, 209332.575868731277296 ], [ 447751.3491, 209329.575868731277296 ], [ 447750.3491, 209325.575868731277296 ], [ 447746.8491, 209324.575868731277296 ], [ 447745.8491, 209325.075868731277296 ], [ 447745.3491, 209328.575868731277296 ], [ 447742.8491, 209334.075868731277296 ], [ 447741.8491, 209334.575868731277296 ], [ 447741.8491, 209336.575868731277296 ], [ 447736.3491, 209348.575868731277296 ], [ 447735.8491, 209352.075868731277296 ], [ 447733.8491, 209355.075868731277296 ], [ 447733.8491, 209358.075868731277296 ], [ 447731.8491, 209361.075868731277296 ], [ 447729.3491, 209370.075868731277296 ], [ 447727.8491, 209371.075868731277296 ], [ 447727.8491, 209372.575868731277296 ], [ 447725.3491, 209375.575868731277296 ], [ 447725.3491, 209377.075868731277296 ], [ 447727.3491, 209376.575868731277296 ], [ 447727.8491, 209377.575868731277296 ], [ 447730.3491, 209378.075868731277296 ] ] ] ] } },
{ "type": "Feature", "properties": { "mainhabs": "Lowland meadows", "habcodes": "LMEAD", "featdesc": null, "featcodes": null, "otherclass": null, "addhabs": "CFPGM", "primsource": "Feedback from Natural England adviser or specialist 2021 (LMEAD)", "areaha": "0.11", "version": "Sep_25", "uid": "PHID44776583_020904426", "shape_length": null, "shape_area": null, "site": "northfieldfarm", "pid": 23, "method": "grabcut2" }, "geometry": { "type": "MultiPolygon", "coordinates": [ [ [ [ 447781.3491, 209065.075868731277296 ], [ 447782.3491, 209065.575868731277296 ], [ 447785.8491, 209062.575868731277296 ], [ 447785.8491, 209060.075868731277296 ], [ 447787.8491, 209058.575868731277296 ], [ 447788.3491, 209056.575868731277296 ], [ 447787.8491, 209053.075868731277296 ], [ 447784.8491, 209050.575868731277296 ], [ 447783.3491, 209050.575868731277296 ], [ 447782.3491, 209049.075868731277296 ], [ 447777.8491, 209050.075868731277296 ], [ 447776.3491, 209048.575868731277296 ], [ 447771.8491, 209048.575868731277296 ], [ 447768.8491, 209045.575868731277296 ], [ 447769.8491, 209044.075868731277296 ], [ 447766.3491, 209041.075868731277296 ], [ 447765.3491, 209036.075868731277296 ], [ 447762.3491, 209034.575868731277296 ], [ 447761.8491, 209030.575868731277296 ], [ 447760.8491, 209030.575868731277296 ], [ 447759.8491, 209028.575868731277296 ], [ 447757.8491, 209029.075868731277296 ], [ 447756.8491, 209027.575868731277296 ], [ 447753.8491, 209029.075868731277296 ], [ 447751.8491, 209028.575868731277296 ], [ 447751.3491, 209024.575868731277296 ], [ 447750.3491, 209024.575868731277296 ], [ 447751.8491, 209022.575868731277296 ], [ 447747.3491, 209021.075868731277296 ], [ 447745.8491, 209023.075868731277296 ], [ 447746.3491, 209026.575868731277296 ], [ 447747.3491, 209027.075868731277296 ], [ 447747.3491, 209034.575868731277296 ], [ 447749.8491, 209034.575868731277296 ], [ 447751.3491, 209038.575868731277296 ], [ 447754.3491, 209038.575868731277296 ], [ 447759.8491, 209049.075868731277296 ], [ 447763.3491, 209051.075868731277296 ], [ 447763.8491, 209056.575868731277296 ], [ 447764.8491, 209056.575868731277296 ], [ 447767.3491, 209060.575868731277296 ], [ 447769.3491, 209060.575868731277296 ], [ 447771.8491, 209062.575868731277296 ], [ 447774.8491, 209061.075868731277296 ], [ 447777.8491, 209062.575868731277296 ], [ 447777.8491, 209064.575868731277296 ], [ 447779.3491, 209065.575868731277296 ], [ 447781.3491, 209065.075868731277296 ] ] ], [ [ [ 447774.8491, 209042.075868731277296 ], [ 447775.3491, 209041.575868731277296 ], [ 447773.8491, 209040.575868731277296 ], [ 447773.3491, 209038.075868731277296 ], [ 447771.8491, 209038.575868731277296 ], [ 447771.8491, 209037.575868731277296 ], [ 447769.8491, 209036.575868731277296 ], [ 447768.3491, 209040.575868731277296 ], [ 447769.8491, 209041.075868731277296 ], [ 447770.8491, 209042.575868731277296 ], [ 447770.3491, 209043.575868731277296 ], [ 447772.3491, 209046.075868731277296 ], [ 447773.8491, 209044.575868731277296 ], [ 447775.8491, 209044.575868731277296 ], [ 447778.8491, 209046.575868731277296 ], [ 447781.8491, 209045.075868731277296 ], [ 447779.3491, 209043.075868731277296 ], [ 447775.8491, 209043.075868731277296 ], [ 447774.8491, 209042.075868731277296 ] ], [ [ 447774.8491, 209042.075868731277296 ], [ 447774.8491, 209042.575868731277296 ], [ 447774.3491, 209042.575868731277296 ], [ 447774.3491, 209042.075868731277296 ], [ 447774.8491, 209042.075868731277296 ] ], [ [ 447773.8491, 209042.075868731277296 ], [ 447773.8491, 209043.075868731277296 ], [ 447772.8491, 209043.075868731277296 ], [ 447772.8491, 209042.075868731277296 ], [ 447773.8491, 209042.075868731277296 ] ] ], [ [ [ 447752.8491, 209026.575868731277296 ], [ 447753.3491, 209027.575868731277296 ], [ 447754.8491, 209026.575868731277296 ], [ 447756.3491, 209027.075868731277296 ], [ 447756.3491, 209024.075868731277296 ], [ 447757.3491, 209023.575868731277296 ], [ 447757.3491, 209022.575868731277296 ], [ 447753.8491, 209019.575868731277296 ], [ 447752.8491, 209019.575868731277296 ], [ 447753.8491, 209021.075868731277296 ], [ 447751.8491, 209022.075868731277296 ], [ 447754.3491, 209024.575868731277296 ], [ 447751.8491, 209026.075868731277296 ], [ 447752.8491, 209026.575868731277296 ] ] ] ] } },
{ "type": "Feature", "properties": { "mainhabs": "Lowland meadows", "habcodes": "LMEAD", "featdesc": null, "featcodes": null, "otherclass": null, "addhabs": null, "primsource": "Feedback from Natural England adviser or specialist 2021 (LMEAD)", "areaha": "0.03", "version": "Sep_25", "uid": "PHID44782577_020910244", "shape_length": null, "shape_area": null, "site": "northfieldfarm", "pid": 24, "method": "grabcut2" }, "geometry": { "type": "MultiPolygon", "coordinates": [ [ [ [ 447817.8491, 209087.575868731277296 ], [ 447815.8491, 209090.075868731277296 ], [ 447815.8491, 209098.575868731277296 ], [ 447816.8491, 209098.575868731277296 ], [ 447817.8491, 209100.575868731277296 ], [ 447823.3491, 209102.575868731277296 ], [ 447824.8491, 209104.575868731277296 ], [ 447831.3491, 209108.575868731277296 ], [ 447832.3491, 209110.575868731277296 ], [ 447847.8491, 209116.575868731277296 ], [ 447851.8491, 209122.575868731277296 ], [ 447853.8491, 209122.075868731277296 ], [ 447852.8491, 209119.075868731277296 ], [ 447851.8491, 209118.575868731277296 ], [ 447851.3491, 209115.075868731277296 ], [ 447848.3491, 209114.575868731277296 ], [ 447841.8491, 209110.575868731277296 ], [ 447839.8491, 209110.575868731277296 ], [ 447838.8491, 209109.075868731277296 ], [ 447833.3491, 209106.575868731277296 ], [ 447833.3491, 209105.575868731277296 ], [ 447827.3491, 209100.575868731277296 ], [ 447819.8491, 209097.575868731277296 ], [ 447819.8491, 209088.575868731277296 ], [ 447822.3491, 209074.575868731277296 ], [ 447819.8491, 209068.075868731277296 ], [ 447818.8491, 209070.575868731277296 ], [ 447820.3491, 209072.075868731277296 ], [ 447818.8491, 209072.575868731277296 ], [ 447817.8491, 209078.575868731277296 ], [ 447818.3491, 209083.575868731277296 ], [ 447816.8491, 209085.575868731277296 ], [ 447817.8491, 209087.575868731277296 ] ], [ [ 447817.8491, 209085.575868731277296 ], [ 447818.3491, 209085.575868731277296 ], [ 447818.8491, 209086.575868731277296 ], [ 447817.8491, 209086.575868731277296 ], [ 447817.8491, 209085.575868731277296 ] ] ], [ [ [ 447819.8491, 209056.075868731277296 ], [ 447821.3491, 209054.575868731277296 ], [ 447819.8491, 209052.575868731277296 ], [ 447820.3491, 209049.075868731277296 ], [ 447817.8491, 209047.575868731277296 ], [ 447815.8491, 209047.575868731277296 ], [ 447815.8491, 209048.575868731277296 ], [ 447814.3491, 209048.075868731277296 ], [ 447813.8491, 209049.075868731277296 ], [ 447814.8491, 209050.075868731277296 ], [ 447816.3491, 209049.075868731277296 ], [ 447816.3491, 209052.075868731277296 ], [ 447818.8491, 209054.575868731277296 ], [ 447818.8491, 209056.075868731277296 ], [ 447819.8491, 209056.075868731277296 ] ] ] ] } },
{ "type": "Feature", "properties": { "mainhabs": "Lowland meadows", "habcodes": "LMEAD", "featdesc": null, "featcodes": null, "otherclass": null, "addhabs": null, "primsource": "Feedback from Natural England adviser or specialist 2021 (LMEAD)", "areaha": "0.04", "version": "Sep_25", "uid": "PHID44785352_020924385", "shape_length": null, "shape_area": null, "site": "northfieldfarm", "pid": 25, "method": "grabcut2" }, "geometry": { "type": "MultiPolygon", "coordinates": [ [ [ [ 447872.3491, 209300.575868731277296 ], [ 447875.3491, 209300.575868731277296 ], [ 447875.3491, 209284.575868731277296 ], [ 447873.8491, 209283.575868731277296 ], [ 447870.3491, 209295.575868731277296 ], [ 447870.3491, 209298.575868731277296 ], [ 447871.3491, 209300.575868731277296 ], [ 447872.3491, 209300.575868731277296 ] ] ], [ [ [ 447869.8491, 209266.075868731277296 ], [ 447872.3491, 209266.575868731277296 ], [ 447874.8491, 209267.075868731277296 ], [ 447873.8491, 209264.575868731277296 ], [ 447870.8491, 209262.575868731277296 ], [ 447853.3491, 209269.575868731277296 ], [ 447855.3491, 209241.575868731277296 ], [ 447853.3491, 209242.575868731277296 ], [ 447851.3491, 209246.075868731277296 ], [ 447851.3491, 209250.575868731277296 ], [ 447849.3491, 209259.075868731277296 ], [ 447848.8491, 209266.075868731277296 ], [ 447849.8491, 209269.575868731277296 ], [ 447851.8491, 209270.575868731277296 ], [ 447851.8491, 209271.575868731277296 ], [ 447855.8491, 209272.075868731277296 ], [ 447856.8491, 209270.575868731277296 ], [ 447859.3491, 209270.575868731277296 ], [ 447860.3491, 209268.575868731277296 ], [ 447864.3491, 209268.575868731277296 ], [ 447869.8491, 209266.075868731277296 ] ], [ [ 447869.3491, 209266.075868731277296 ], [ 447869.3491, 209265.575868731277296 ], [ 447869.8491, 209265.575868731277296 ], [ 447869.8491, 209266.075868731277296 ], [ 447869.3491, 209266.075868731277296 ] ] ], [ [ [ 447853.3491, 209228.575868731277296 ], [ 447853.3491, 209229.575868731277296 ], [ 447853.3491, 209232.575868731277296 ], [ 447854.8491, 209233.575868731277296 ], [ 447855.8491, 209232.575868731277296 ], [ 447856.8491, 209219.075868731277296 ], [ 447858.3491, 209217.075868731277296 ], [ 447856.8491, 209215.075868731277296 ], [ 447854.8491, 209217.575868731277296 ], [ 447855.8491, 209219.075868731277296 ], [ 447854.3491, 209220.575868731277296 ], [ 447852.8491, 209220.575868731277296 ], [ 447852.3491, 209222.075868731277296 ], [ 447852.3491, 209225.075868731277296 ], [ 447853.8491, 209224.575868731277296 ], [ 447853.8491, 209226.575868731277296 ], [ 447852.3491, 209226.575868731277296 ], [ 447852.3491, 209228.575868731277296 ], [ 447853.3491, 209228.575868731277296 ] ], [ [ 447853.3491, 209228.075868731277296 ], [ 447853.8491, 209228.075868731277296 ], [ 447853.8491, 209228.575868731277296 ], [ 447853.3491, 209228.575868731277296 ], [ 447853.3491, 209228.075868731277296 ] ], [ [ 447855.8491, 209219.575868731277296 ], [ 447856.3491, 209219.575868731277296 ], [ 447856.3491, 209220.075868731277296 ], [ 447855.8491, 209220.075868731277296 ], [ 447855.8491, 209219.575868731277296 ] ], [ [ 447854.8491, 209224.075868731277296 ], [ 447855.8491, 209224.075868731277296 ], [ 447855.8491, 209224.575868731277296 ], [ 447854.8491, 209224.575868731277296 ], [ 447854.8491, 209224.075868731277296 ] ], [ [ 447852.8491, 209222.575868731277296 ], [ 447853.8491, 209222.575868731277296 ], [ 447853.8491, 209223.075868731277296 ], [ 447852.8491, 209223.075868731277296 ], [ 447852.8491, 209222.575868731277296 ] ] ] ] } },
{ "type": "Feature", "properties": { "mainhabs": "Lowland meadows", "habcodes": "LMEAD", "featdesc": null, "featcodes": null, "otherclass": null, "addhabs": null, "primsource": "Feedback from Natural England adviser or specialist 2021 (LMEAD)", "areaha": "0.03", "version": "Sep_25", "uid": "PHID44791603_020936693", "shape_length": null, "shape_area": null, "site": "northfieldfarm", "pid": 26, "method": "grabcut2" }, "geometry": { "type": "Polygon", "coordinates": [ [ [ 447943.8491, 209402.575868731277296 ], [ 447945.8491, 209402.075868731277296 ], [ 447947.3491, 209399.575868731277296 ], [ 447939.3491, 209394.575868731277296 ], [ 447937.8491, 209394.575868731277296 ], [ 447937.8491, 209393.575868731277296 ], [ 447936.8491, 209393.575868731277296 ], [ 447932.8491, 209389.575868731277296 ], [ 447932.8491, 209388.575868731277296 ], [ 447931.8491, 209388.575868731277296 ], [ 447929.3491, 209382.575868731277296 ], [ 447928.3491, 209382.575868731277296 ], [ 447927.3491, 209379.575868731277296 ], [ 447925.8491, 209378.575868731277296 ], [ 447925.8491, 209377.075868731277296 ], [ 447920.8491, 209372.075868731277296 ], [ 447919.8491, 209369.075868731277296 ], [ 447918.3491, 209368.075868731277296 ], [ 447917.8491, 209365.575868731277296 ], [ 447915.8491, 209363.075868731277296 ], [ 447915.3491, 209360.575868731277296 ], [ 447913.8491, 209359.575868731277296 ], [ 447913.8491, 209358.075868731277296 ], [ 447912.3491, 209356.575868731277296 ], [ 447908.3491, 209347.575868731277296 ], [ 447904.3491, 209346.075868731277296 ], [ 447903.8491, 209345.075868731277296 ], [ 447902.3491, 209345.575868731277296 ], [ 447901.8491, 209346.575868731277296 ], [ 447905.3491, 209349.075868731277296 ], [ 447906.3491, 209352.075868731277296 ], [ 447907.3491, 209352.575868731277296 ], [ 447907.8491, 209355.575868731277296 ], [ 447909.8491, 209358.075868731277296 ], [ 447909.8491, 209360.075868731277296 ], [ 447913.8491, 209366.575868731277296 ], [ 447913.8491, 209368.075868731277296 ], [ 447915.8491, 209370.075868731277296 ], [ 447915.8491, 209371.575868731277296 ], [ 447921.8491, 209378.075868731277296 ], [ 447922.8491, 209380.575868731277296 ], [ 447923.8491, 209380.575868731277296 ], [ 447923.8491, 209382.075868731277296 ], [ 447925.8491, 209383.075868731277296 ], [ 447930.3491, 209392.575868731277296 ], [ 447936.3491, 209396.575868731277296 ], [ 447937.8491, 209398.575868731277296 ], [ 447939.3491, 209398.575868731277296 ], [ 447940.8491, 209400.575868731277296 ], [ 447942.8491, 209401.075868731277296 ], [ 447943.8491, 209402.575868731277296 ] ] ] } },
{ "type": "Feature", "properties": { "mainhabs": "Lowland meadows", "habcodes": "LMEAD", "featdesc": null, "featcodes": null, "otherclass": null, "addhabs": null, "primsource": "Feedback from Natural England adviser or specialist 2021 (LMEAD)", "areaha": "0.08", "version": "Sep_25", "uid": "PHID44792944_020945548", "shape_length": null, "shape_area": null, "site": "northfieldfarm", "pid": 27, "method": "grabcut2" }, "geometry": { "type": "MultiPolygon", "coordinates": [ [ [ [ 447927.3491, 209459.575868731277296 ], [ 447927.8491, 209458.575868731277296 ], [ 447929.8491, 209458.575868731277296 ], [ 447930.3491, 209456.575868731277296 ], [ 447931.8491, 209456.575868731277296 ], [ 447932.3491, 209453.075868731277296 ], [ 447934.8491, 209451.575868731277296 ], [ 447934.8491, 209448.575868731277296 ], [ 447935.8491, 209448.575868731277296 ], [ 447935.8491, 209447.075868731277296 ], [ 447937.8491, 209445.575868731277296 ], [ 447937.8491, 209444.575868731277296 ], [ 447939.8491, 209444.075868731277296 ], [ 447940.8491, 209440.575868731277296 ], [ 447941.8491, 209440.575868731277296 ], [ 447941.8491, 209435.575868731277296 ], [ 447943.3491, 209432.575868731277296 ], [ 447943.8491, 209422.575868731277296 ], [ 447944.8491, 209422.075868731277296 ], [ 447944.8491, 209419.075868731277296 ], [ 447945.8491, 209418.575868731277296 ], [ 447945.8491, 209416.575868731277296 ], [ 447947.8491, 209413.575868731277296 ], [ 447948.8491, 209408.575868731277296 ], [ 447949.8491, 209408.575868731277296 ], [ 447949.8491, 209406.575868731277296 ], [ 447948.8491, 209406.575868731277296 ], [ 447949.3491, 209404.575868731277296 ], [ 447947.8491, 209403.075868731277296 ], [ 447946.3491, 209404.075868731277296 ], [ 447946.8491, 209405.575868731277296 ], [ 447945.8491, 209407.075868731277296 ], [ 447945.8491, 209409.575868731277296 ], [ 447943.8491, 209412.075868731277296 ], [ 447939.8491, 209422.575868731277296 ], [ 447937.3491, 209439.575868731277296 ], [ 447933.3491, 209446.075868731277296 ], [ 447931.8491, 209447.075868731277296 ], [ 447931.8491, 209448.575868731277296 ], [ 447930.8491, 209448.575868731277296 ], [ 447929.8491, 209452.075868731277296 ], [ 447928.3491, 209453.075868731277296 ], [ 447927.8491, 209458.075868731277296 ], [ 447926.8491, 209458.575868731277296 ], [ 447927.3491, 209459.575868731277296 ] ] ], [ [ [ 447889.3491, 209502.075868731277296 ], [ 447891.8491, 209500.575868731277296 ], [ 447891.8491, 209497.575868731277296 ], [ 447893.8491, 209494.575868731277296 ], [ 447894.3491, 209486.575868731277296 ], [ 447894.3491, 209478.575868731277296 ], [ 447893.8491, 209476.575868731277296 ], [ 447891.8491, 209475.075868731277296 ], [ 447891.8491, 209473.075868731277296 ], [ 447890.3491, 209472.075868731277296 ], [ 447889.8491, 209465.075868731277296 ], [ 447897.8491, 209465.575868731277296 ], [ 447897.8491, 209464.575868731277296 ], [ 447899.3491, 209464.075868731277296 ], [ 447897.8491, 209462.075868731277296 ], [ 447896.3491, 209462.075868731277296 ], [ 447893.8491, 209460.075868731277296 ], [ 447888.8491, 209460.075868731277296 ], [ 447885.8491, 209461.575868731277296 ], [ 447886.3491, 209464.075868731277296 ], [ 447885.8491, 209467.075868731277296 ], [ 447884.8491, 209467.575868731277296 ], [ 447885.8491, 209469.575868731277296 ], [ 447884.8491, 209470.575868731277296 ], [ 447885.8491, 209470.575868731277296 ], [ 447886.3491, 209475.075868731277296 ], [ 447887.3491, 209475.575868731277296 ], [ 447889.8491, 209481.075868731277296 ], [ 447888.8491, 209492.575868731277296 ], [ 447887.8491, 209493.575868731277296 ], [ 447886.8491, 209498.575868731277296 ], [ 447871.3491, 209498.075868731277296 ], [ 447871.3491, 209499.075868731277296 ], [ 447869.8491, 209499.075868731277296 ], [ 447871.3491, 209500.575868731277296 ], [ 447875.8491, 209500.075868731277296 ], [ 447878.8491, 209502.075868731277296 ], [ 447889.3491, 209502.075868731277296 ] ] ] ] } },
{ "type": "Feature", "properties": { "mainhabs": "Deciduous woodland", "habcodes": "DWOOD", "featdesc": null, "featcodes": null, "otherclass": null, "addhabs": null, "primsource": "National Forest Inventory 2023 (DWOOD)", "areaha": "0.04", "version": "Sep_25", "uid": "PHID49953761_023956823", "shape_length": null, "shape_area": null, "site": "millbrook", "pid": 0, "method": "grabcut2" }, "geometry": { "type": "Polygon", "coordinates": [ [ [ 499542.729999999981374, 239589.79 ], [ 499545.729999999981374, 239589.79 ], [ 499549.229999999981374, 239588.29 ], [ 499547.229999999981374, 239582.29 ], [ 499546.229999999981374, 239581.79 ], [ 499546.729999999981374, 239577.29 ], [ 499546.229999999981374, 239574.29 ], [ 499544.729999999981374, 239572.79 ], [ 499544.729999999981374, 239568.79 ], [ 499543.229999999981374, 239567.29 ], [ 499542.729999999981374, 239564.79 ], [ 499540.229999999981374, 239564.29 ], [ 499539.729999999981374, 239559.29 ], [ 499534.229999999981374, 239552.29 ], [ 499534.229999999981374, 239546.29 ], [ 499532.729999999981374, 239542.79 ], [ 499531.229999999981374, 239541.79 ], [ 499530.729999999981374, 239536.79 ], [ 499529.229999999981374, 239535.29 ], [ 499527.729999999981374, 239535.29 ], [ 499527.229999999981374, 239536.29 ], [ 499525.729999999981374, 239535.79 ], [ 499524.729999999981374, 239539.29 ], [ 499523.729999999981374, 239539.79 ], [ 499523.729999999981374, 239545.79 ], [ 499525.229999999981374, 239551.79 ], [ 499526.729999999981374, 239553.79 ], [ 499526.729999999981374, 239556.79 ], [ 499528.729999999981374, 239559.79 ], [ 499530.729999999981374, 239559.79 ], [ 499531.729999999981374, 239561.29 ], [ 499532.729999999981374, 239567.29 ], [ 499535.229999999981374, 239568.29 ], [ 499536.229999999981374, 239572.29 ], [ 499538.229999999981374, 239574.29 ], [ 499539.229999999981374, 239578.79 ], [ 499537.229999999981374, 239580.29 ], [ 499537.229999999981374, 239581.29 ], [ 499539.229999999981374, 239584.29 ], [ 499540.729999999981374, 239584.29 ], [ 499542.229999999981374, 239585.79 ], [ 499541.729999999981374, 239587.79 ], [ 499542.729999999981374, 239589.79 ] ] ] } },
{ "type": "Feature", "properties": { "mainhabs": "Deciduous woodland", "habcodes": "DWOOD", "featdesc": null, "featcodes": null, "otherclass": null, "addhabs": null, "primsource": "National Forest Inventory 2023 (DWOOD)", "areaha": "0.67", "version": "Sep_25", "uid": "PHID49958641_023955940", "shape_length": null, "shape_area": null, "site": "millbrook", "pid": 1, "method": "grabcut2" }, "geometry": { "type": "Polygon", "coordinates": [ [ [ 499695.729999999981374, 239635.79 ], [ 499700.729999999981374, 239635.29 ], [ 499701.729999999981374, 239633.29 ], [ 499703.729999999981374, 239633.29 ], [ 499703.729999999981374, 239634.29 ], [ 499708.229999999981374, 239634.29 ], [ 499711.229999999981374, 239630.29 ], [ 499711.229999999981374, 239627.79 ], [ 499712.729999999981374, 239626.79 ], [ 499712.729999999981374, 239624.29 ], [ 499714.229999999981374, 239622.79 ], [ 499714.229999999981374, 239621.29 ], [ 499715.229999999981374, 239621.29 ], [ 499714.229999999981374, 239618.79 ], [ 499712.729999999981374, 239618.79 ], [ 499711.229999999981374, 239617.29 ], [ 499710.729999999981374, 239613.79 ], [ 499709.229999999981374, 239613.29 ], [ 499709.229999999981374, 239610.29 ], [ 499712.729999999981374, 239607.79 ], [ 499712.729999999981374, 239605.79 ], [ 499711.729999999981374, 239605.29 ], [ 499712.229999999981374, 239602.79 ], [ 499711.229999999981374, 239602.79 ], [ 499711.229999999981374, 239596.79 ], [ 499708.729999999981374, 239595.29 ], [ 499706.729999999981374, 239595.29 ], [ 499706.229999999981374, 239592.29 ], [ 499703.229999999981374, 239589.79 ], [ 499698.729999999981374, 239590.29 ], [ 499694.729999999981374, 239584.79 ], [ 499691.729999999981374, 239584.79 ], [ 499690.729999999981374, 239583.79 ], [ 499690.229999999981374, 239584.79 ], [ 499688.229999999981374, 239585.29 ], [ 499685.729999999981374, 239584.79 ], [ 499685.729999999981374, 239583.79 ], [ 499680.229999999981374, 239578.79 ], [ 499677.729999999981374, 239578.79 ], [ 499674.229999999981374, 239576.29 ], [ 499670.729999999981374, 239576.29 ], [ 499669.729999999981374, 239577.79 ], [ 499668.229999999981374, 239577.29 ], [ 499667.229999999981374, 239573.29 ], [ 499665.729999999981374, 239572.79 ], [ 499664.729999999981374, 239570.29 ], [ 499654.229999999981374, 239565.79 ], [ 499651.729999999981374, 239563.29 ], [ 499651.229999999981374, 239561.29 ], [ 499647.729999999981374, 239561.29 ], [ 499646.229999999981374, 239560.29 ], [ 499643.229999999981374, 239561.79 ], [ 499640.729999999981374, 239561.29 ], [ 499638.729999999981374, 239558.29 ], [ 499637.729999999981374, 239558.29 ], [ 499638.229999999981374, 239555.29 ], [ 499636.229999999981374, 239553.79 ], [ 499636.229999999981374, 239552.29 ], [ 499633.229999999981374, 239550.29 ], [ 499632.729999999981374, 239547.79 ], [ 499629.229999999981374, 239546.29 ], [ 499628.229999999981374, 239543.29 ], [ 499627.229999999981374, 239543.29 ], [ 499627.229999999981374, 239541.79 ], [ 499625.729999999981374, 239541.29 ], [ 499625.229999999981374, 239539.29 ], [ 499623.229999999981374, 239537.29 ], [ 499622.229999999981374, 239537.79 ], [ 499620.229999999981374, 239536.29 ], [ 499619.729999999981374, 239533.79 ], [ 499616.229999999981374, 239529.79 ], [ 499613.229999999981374, 239529.29 ], [ 499610.729999999981374, 239526.29 ], [ 499604.229999999981374, 239526.29 ], [ 499602.229999999981374, 239527.79 ], [ 499598.729999999981374, 239528.29 ], [ 499598.729999999981374, 239529.29 ], [ 499595.729999999981374, 239531.79 ], [ 499595.729999999981374, 239533.79 ], [ 499594.229999999981374, 239535.79 ], [ 499592.729999999981374, 239536.29 ], [ 499592.729999999981374, 239539.29 ], [ 499590.729999999981374, 239540.79 ], [ 499590.729999999981374, 239544.29 ], [ 499589.729999999981374, 239544.29 ], [ 499589.229999999981374, 239548.29 ], [ 499589.729999999981374, 239549.79 ], [ 499591.229999999981374, 239550.29 ], [ 499590.229999999981374, 239551.79 ], [ 499587.729999999981374, 239549.29 ], [ 499586.729999999981374, 239549.29 ], [ 499586.229999999981374, 239550.79 ], [ 499583.729999999981374, 239550.29 ], [ 499583.229999999981374, 239545.79 ], [ 499582.229999999981374, 239545.79 ], [ 499582.229999999981374, 239544.79 ], [ 499580.229999999981374, 239543.29 ], [ 499579.229999999981374, 239543.29 ], [ 499579.229999999981374, 239544.29 ], [ 499577.229999999981374, 239543.29 ], [ 499577.229999999981374, 239544.29 ], [ 499575.729999999981374, 239544.29 ], [ 499574.229999999981374, 239540.29 ], [ 499573.229999999981374, 239540.29 ], [ 499572.729999999981374, 239537.29 ], [ 499568.729999999981374, 239537.29 ], [ 499566.729999999981374, 239534.29 ], [ 499563.729999999981374, 239533.29 ], [ 499560.729999999981374, 239532.79 ], [ 499560.729999999981374, 239533.79 ], [ 499558.229999999981374, 239534.29 ], [ 499554.729999999981374, 239529.29 ], [ 499551.729999999981374, 239529.79 ], [ 499550.229999999981374, 239526.79 ], [ 499548.729999999981374, 239527.29 ], [ 499546.229999999981374, 239523.79 ], [ 499544.729999999981374, 239518.79 ], [ 499541.729999999981374, 239515.79 ], [ 499540.729999999981374, 239513.29 ], [ 499538.229999999981374, 239512.29 ], [ 499535.729999999981374, 239512.79 ], [ 499535.729999999981374, 239511.79 ], [ 499530.729999999981374, 239511.79 ], [ 499528.729999999981374, 239513.29 ], [ 499528.229999999981374, 239515.79 ], [ 499526.729999999981374, 239516.29 ], [ 499526.229999999981374, 239517.79 ], [ 499524.229999999981374, 239518.29 ], [ 499525.229999999981374, 239519.79 ], [ 499524.729999999981374, 239525.29 ], [ 499526.729999999981374, 239526.79 ], [ 499528.229999999981374, 239534.79 ], [ 499530.729999999981374, 239536.29 ], [ 499531.229999999981374, 239541.79 ], [ 499532.729999999981374, 239542.79 ], [ 499534.229999999981374, 239546.29 ], [ 499534.229999999981374, 239552.29 ], [ 499539.729999999981374, 239559.29 ], [ 499540.229999999981374, 239564.29 ], [ 499543.229999999981374, 239565.29 ], [ 499544.729999999981374, 239570.79 ], [ 499547.729999999981374, 239572.79 ], [ 499548.229999999981374, 239574.29 ], [ 499550.229999999981374, 239574.79 ], [ 499550.729999999981374, 239576.29 ], [ 499551.729999999981374, 239576.29 ], [ 499552.229999999981374, 239578.29 ], [ 499554.729999999981374, 239581.29 ], [ 499559.729999999981374, 239582.29 ], [ 499559.729999999981374, 239583.29 ], [ 499562.229999999981374, 239583.79 ], [ 499563.729999999981374, 239586.79 ], [ 499563.729999999981374, 239589.79 ], [ 499565.729999999981374, 239591.29 ], [ 499566.729999999981374, 239593.79 ], [ 499569.229999999981374, 239594.79 ], [ 499570.229999999981374, 239593.79 ], [ 499573.729999999981374, 239593.79 ], [ 499575.229999999981374, 239595.79 ], [ 499576.729999999981374, 239595.79 ], [ 499578.229999999981374, 239597.29 ], [ 499578.729999999981374, 239598.79 ], [ 499581.229999999981374, 239598.79 ], [ 499585.229999999981374, 239602.29 ], [ 499594.729999999981374, 239601.79 ], [ 499597.229999999981374, 239599.79 ], [ 499598.729999999981374, 239599.79 ], [ 499600.729999999981374, 239597.29 ], [ 499607.729999999981374, 239596.79 ], [ 499608.229999999981374, 239595.29 ], [ 499609.229999999981374, 239595.29 ], [ 499610.229999999981374, 239598.29 ], [ 499611.729999999981374, 239598.79 ], [ 499611.729999999981374, 239599.79 ], [ 499613.729999999981374, 239599.29 ], [ 499614.729999999981374, 239601.29 ], [ 499617.729999999981374, 239600.29 ], [ 499619.229999999981374, 239601.29 ], [ 499620.729999999981374, 239598.29 ], [ 499622.229999999981374, 239598.29 ], [ 499622.229999999981374, 239600.29 ], [ 499623.229999999981374, 239600.79 ], [ 499625.729999999981374, 239598.29 ], [ 499626.729999999981374, 239599.79 ], [ 499629.729999999981374, 239599.29 ], [ 499630.229999999981374, 239600.29 ], [ 499637.729999999981374, 239600.29 ], [ 499639.729999999981374, 239603.29 ], [ 499641.229999999981374, 239602.79 ], [ 499642.229999999981374, 239603.79 ], [ 499643.729999999981374, 239602.79 ], [ 499645.229999999981374, 239606.29 ], [ 499646.729999999981374, 239605.79 ], [ 499647.229999999981374, 239604.29 ], [ 499649.229999999981374, 239605.79 ], [ 499651.229999999981374, 239604.29 ], [ 499654.729999999981374, 239604.29 ], [ 499655.229999999981374, 239605.29 ], [ 499654.229999999981374, 239606.79 ], [ 499655.229999999981374, 239607.29 ], [ 499655.229999999981374, 239609.79 ], [ 499656.729999999981374, 239610.29 ], [ 499658.729999999981374, 239609.29 ], [ 499660.229999999981374, 239613.79 ], [ 499662.729999999981374, 239613.29 ], [ 499663.229999999981374, 239615.29 ], [ 499665.729999999981374, 239615.29 ], [ 499666.729999999981374, 239613.79 ], [ 499669.729999999981374, 239613.79 ], [ 499671.229999999981374, 239616.29 ], [ 499672.729999999981374, 239616.29 ], [ 499673.229999999981374, 239618.29 ], [ 499675.229999999981374, 239617.29 ], [ 499675.729999999981374, 239615.29 ], [ 499676.729999999981374, 239615.29 ], [ 499677.729999999981374, 239617.29 ], [ 499678.729999999981374, 239616.79 ], [ 499680.729999999981374, 239618.79 ], [ 499681.229999999981374, 239624.79 ], [ 499684.229999999981374, 239627.79 ], [ 499687.729999999981374, 239628.29 ], [ 499690.729999999981374, 239631.79 ], [ 499694.229999999981374, 239632.79 ], [ 499694.229999999981374, 239634.29 ], [ 499695.729999999981374, 239635.79 ] ] ] } },
{ "type": "Feature", "properties": { "mainhabs": "Deciduous woodland", "habcodes": "DWOOD", "featdesc": null, "featcodes": null, "otherclass": null, "addhabs": null, "primsource": "National Forest Inventory 2023 (DWOOD)", "areaha": "7.24", "version": "Sep_25", "uid": "PHID49958793_023941651", "shape_length": null, "shape_area": null, "site": "millbrook", "pid": 2, "method": "grabcut2" }, "geometry": { "type": "MultiPolygon", "coordinates": [ [ [ [ 500106.729999999981374, 239844.29 ], [ 500107.729999999981374, 239841.79 ], [ 500109.229999999981374, 239841.29 ], [ 500108.729999999981374, 239837.29 ], [ 500107.729999999981374, 239837.29 ], [ 500107.729999999981374, 239835.79 ], [ 500106.729999999981374, 239835.29 ], [ 500106.729999999981374, 239831.79 ], [ 500107.229999999981374, 239830.29 ], [ 500109.229999999981374, 239829.29 ], [ 500109.229999999981374, 239826.79 ], [ 500110.229999999981374, 239826.29 ], [ 500109.729999999981374, 239823.79 ], [ 500108.729999999981374, 239822.79 ], [ 500106.229999999981374, 239822.79 ], [ 500105.729999999981374, 239821.29 ], [ 500104.729999999981374, 239821.29 ], [ 500102.729999999981374, 239818.29 ], [ 500101.229999999981374, 239818.29 ], [ 500099.729999999981374, 239816.29 ], [ 500094.729999999981374, 239816.29 ], [ 500091.229999999981374, 239819.79 ], [ 500091.229999999981374, 239825.29 ], [ 500089.729999999981374, 239825.79 ], [ 500089.729999999981374, 239828.79 ], [ 500090.729999999981374, 239828.79 ], [ 500090.729999999981374, 239830.29 ], [ 500089.729999999981374, 239830.29 ], [ 500089.729999999981374, 239831.79 ], [ 500090.729999999981374, 239831.79 ], [ 500092.729999999981374, 239834.79 ], [ 500094.729999999981374, 239834.79 ], [ 500096.729999999981374, 239836.29 ], [ 500097.229999999981374, 239839.29 ], [ 500098.729999999981374, 239841.29 ], [ 500100.229999999981374, 239842.29 ], [ 500102.729999999981374, 239841.79 ], [ 500103.729999999981374, 239843.79 ], [ 500105.729999999981374, 239843.29 ], [ 500106.729999999981374, 239844.29 ] ] ], [ [ [ 500032.729999999981374, 239783.79 ], [ 500035.229999999981374, 239781.29 ], [ 500035.229999999981374, 239777.79 ], [ 500032.229999999981374, 239775.29 ], [ 500032.229999999981374, 239766.29 ], [ 500030.729999999981374, 239761.29 ], [ 500029.229999999981374, 239760.79 ], [ 500029.229999999981374, 239757.79 ], [ 500027.729999999981374, 239756.29 ], [ 500025.729999999981374, 239756.29 ], [ 500022.729999999981374, 239752.29 ], [ 500019.229999999981374, 239750.29 ], [ 500018.729999999981374, 239747.79 ], [ 500017.229999999981374, 239747.29 ], [ 500016.729999999981374, 239744.29 ], [ 500014.729999999981374, 239742.79 ], [ 500012.729999999981374, 239737.29 ], [ 500011.229999999981374, 239737.29 ], [ 500010.229999999981374, 239735.79 ], [ 500007.229999999981374, 239735.79 ], [ 500006.729999999981374, 239734.29 ], [ 500005.729999999981374, 239734.29 ], [ 500006.729999999981374, 239733.79 ], [ 500006.729999999981374, 239732.29 ], [ 500005.729999999981374, 239732.29 ], [ 500004.729999999981374, 239730.29 ], [ 500000.729999999981374, 239730.29 ], [ 499999.229999999981374, 239728.29 ], [ 499993.729999999981374, 239726.29 ], [ 499992.729999999981374, 239724.79 ], [ 499992.729999999981374, 239719.29 ], [ 499989.229999999981374, 239717.29 ], [ 499988.729999999981374, 239715.79 ], [ 499987.229999999981374, 239716.29 ], [ 499984.229999999981374, 239714.79 ], [ 499984.229999999981374, 239711.79 ], [ 499981.229999999981374, 239709.29 ], [ 499980.229999999981374, 239706.29 ], [ 499978.729999999981374, 239706.29 ], [ 499978.229999999981374, 239707.79 ], [ 499975.729999999981374, 239706.29 ], [ 499976.729999999981374, 239705.79 ], [ 499976.729999999981374, 239704.79 ], [ 499975.729999999981374, 239704.79 ], [ 499975.729999999981374, 239702.79 ], [ 499974.729999999981374, 239702.29 ], [ 499974.729999999981374, 239697.79 ], [ 499975.729999999981374, 239696.79 ], [ 499974.229999999981374, 239695.79 ], [ 499973.729999999981374, 239693.29 ], [ 499972.729999999981374, 239693.29 ], [ 499970.729999999981374, 239690.29 ], [ 499968.229999999981374, 239690.29 ], [ 499965.229999999981374, 239685.29 ], [ 499959.729999999981374, 239683.79 ], [ 499958.729999999981374, 239681.79 ], [ 499956.229999999981374, 239681.29 ], [ 499955.729999999981374, 239679.79 ], [ 499951.729999999981374, 239678.29 ], [ 499949.729999999981374, 239672.79 ], [ 499945.229999999981374, 239671.79 ], [ 499943.729999999981374, 239669.29 ], [ 499940.229999999981374, 239669.79 ], [ 499937.729999999981374, 239666.79 ], [ 499934.729999999981374, 239667.29 ], [ 499934.229999999981374, 239666.29 ], [ 499931.729999999981374, 239666.29 ], [ 499928.729999999981374, 239662.79 ], [ 499928.229999999981374, 239658.79 ], [ 499925.229999999981374, 239656.79 ], [ 499923.729999999981374, 239656.79 ], [ 499923.729999999981374, 239655.79 ], [ 499921.229999999981374, 239654.79 ], [ 499919.729999999981374, 239652.29 ], [ 499917.729999999981374, 239652.29 ], [ 499916.229999999981374, 239649.79 ], [ 499913.229999999981374, 239647.79 ], [ 499913.229999999981374, 239645.29 ], [ 499912.229999999981374, 239645.29 ], [ 499910.729999999981374, 239642.79 ], [ 499908.229999999981374, 239643.29 ], [ 499906.229999999981374, 239641.79 ], [ 499904.729999999981374, 239638.79 ], [ 499900.229999999981374, 239638.79 ], [ 499898.229999999981374, 239634.79 ], [ 499896.229999999981374, 239633.29 ], [ 499893.229999999981374, 239633.29 ], [ 499892.229999999981374, 239631.79 ], [ 499892.229999999981374, 239628.79 ], [ 499890.729999999981374, 239628.29 ], [ 499890.229999999981374, 239625.79 ], [ 499889.229999999981374, 239624.79 ], [ 499885.229999999981374, 239624.29 ], [ 499884.229999999981374, 239621.79 ], [ 499882.229999999981374, 239620.79 ], [ 499880.229999999981374, 239617.79 ], [ 499879.229999999981374, 239617.79 ], [ 499877.229999999981374, 239613.29 ], [ 499874.229999999981374, 239613.29 ], [ 499873.229999999981374, 239612.29 ], [ 499869.729999999981374, 239612.79 ], [ 499868.729999999981374, 239610.79 ], [ 499867.229999999981374, 239610.29 ], [ 499866.229999999981374, 239607.79 ], [ 499865.229999999981374, 239607.79 ], [ 499865.229999999981374, 239608.79 ], [ 499863.229999999981374, 239608.79 ], [ 499862.229999999981374, 239607.29 ], [ 499862.229999999981374, 239600.29 ], [ 499861.229999999981374, 239600.29 ], [ 499859.729999999981374, 239597.79 ], [ 499856.729999999981374, 239597.79 ], [ 499854.729999999981374, 239595.29 ], [ 499852.229999999981374, 239594.79 ], [ 499851.229999999981374, 239592.79 ], [ 499848.729999999981374, 239591.29 ], [ 499848.729999999981374, 239588.79 ], [ 499847.229999999981374, 239587.79 ], [ 499847.229999999981374, 239583.79 ], [ 499846.229999999981374, 239583.79 ], [ 499846.229999999981374, 239580.29 ], [ 499841.729999999981374, 239575.79 ], [ 499841.729999999981374, 239570.29 ], [ 499840.229999999981374, 239569.79 ], [ 499840.229999999981374, 239566.79 ], [ 499838.229999999981374, 239561.79 ], [ 499833.729999999981374, 239562.79 ], [ 499832.729999999981374, 239561.29 ], [ 499831.229999999981374, 239562.29 ], [ 499829.229999999981374, 239560.79 ], [ 499825.229999999981374, 239561.29 ], [ 499823.229999999981374, 239558.29 ], [ 499820.229999999981374, 239557.79 ], [ 499820.229999999981374, 239556.79 ], [ 499818.229999999981374, 239555.29 ], [ 499813.229999999981374, 239555.79 ], [ 499811.729999999981374, 239552.79 ], [ 499808.729999999981374, 239551.79 ], [ 499808.729999999981374, 239550.79 ], [ 499807.229999999981374, 239550.79 ], [ 499805.229999999981374, 239547.79 ], [ 499802.729999999981374, 239546.29 ], [ 499802.729999999981374, 239544.29 ], [ 499800.229999999981374, 239543.29 ], [ 499797.729999999981374, 239540.29 ], [ 499792.229999999981374, 239541.29 ], [ 499791.729999999981374, 239540.29 ], [ 499787.729999999981374, 239539.79 ], [ 499784.229999999981374, 239529.79 ], [ 499781.729999999981374, 239528.29 ], [ 499782.229999999981374, 239520.79 ], [ 499780.229999999981374, 239519.79 ], [ 499780.229999999981374, 239517.29 ], [ 499781.229999999981374, 239517.29 ], [ 499783.229999999981374, 239514.79 ], [ 499782.729999999981374, 239507.79 ], [ 499777.229999999981374, 239504.29 ], [ 499776.729999999981374, 239501.79 ], [ 499772.229999999981374, 239497.79 ], [ 499772.229999999981374, 239496.29 ], [ 499769.729999999981374, 239494.79 ], [ 499769.229999999981374, 239492.79 ], [ 499767.729999999981374, 239492.29 ], [ 499767.729999999981374, 239489.79 ], [ 499763.229999999981374, 239485.79 ], [ 499763.229999999981374, 239484.29 ], [ 499761.229999999981374, 239482.79 ], [ 499757.729999999981374, 239483.29 ], [ 499757.229999999981374, 239481.79 ], [ 499756.229999999981374, 239481.79 ], [ 499755.729999999981374, 239478.79 ], [ 499753.229999999981374, 239477.29 ], [ 499752.229999999981374, 239475.29 ], [ 499751.229999999981374, 239475.79 ], [ 499748.229999999981374, 239473.79 ], [ 499748.229999999981374, 239472.79 ], [ 499745.729999999981374, 239472.79 ], [ 499744.229999999981374, 239471.79 ], [ 499744.229999999981374, 239469.79 ], [ 499742.229999999981374, 239466.79 ], [ 499743.229999999981374, 239463.29 ], [ 499740.729999999981374, 239461.79 ], [ 499740.229999999981374, 239457.79 ], [ 499738.229999999981374, 239457.29 ], [ 499736.229999999981374, 239453.79 ], [ 499734.229999999981374, 239453.29 ], [ 499733.229999999981374, 239454.79 ], [ 499731.729999999981374, 239453.79 ], [ 499728.729999999981374, 239454.29 ], [ 499726.229999999981374, 239452.79 ], [ 499726.229999999981374, 239451.79 ], [ 499721.229999999981374, 239447.29 ], [ 499716.729999999981374, 239446.79 ], [ 499716.729999999981374, 239445.79 ], [ 499714.229999999981374, 239445.29 ], [ 499712.729999999981374, 239442.79 ], [ 499710.229999999981374, 239442.79 ], [ 499709.229999999981374, 239441.29 ], [ 499707.729999999981374, 239441.29 ], [ 499707.229999999981374, 239439.79 ], [ 499705.229999999981374, 239439.29 ], [ 499703.729999999981374, 239437.79 ], [ 499703.729999999981374, 239432.79 ], [ 499701.229999999981374, 239431.79 ], [ 499701.229999999981374, 239430.79 ], [ 499699.229999999981374, 239430.79 ], [ 499697.229999999981374, 239428.79 ], [ 499697.229999999981374, 239427.29 ], [ 499696.229999999981374, 239427.29 ], [ 499695.729999999981374, 239421.79 ], [ 499693.229999999981374, 239420.29 ], [ 499692.229999999981374, 239418.29 ], [ 499689.229999999981374, 239418.29 ], [ 499687.229999999981374, 239416.79 ], [ 499685.229999999981374, 239411.29 ], [ 499683.229999999981374, 239411.29 ], [ 499682.229999999981374, 239409.79 ], [ 499678.229999999981374, 239408.29 ], [ 499675.229999999981374, 239408.79 ], [ 499673.229999999981374, 239405.29 ], [ 499667.729999999981374, 239405.29 ], [ 499667.229999999981374, 239403.79 ], [ 499663.229999999981374, 239400.79 ], [ 499663.229999999981374, 239399.79 ], [ 499664.729999999981374, 239399.29 ], [ 499664.229999999981374, 239397.79 ], [ 499660.229999999981374, 239395.79 ], [ 499660.229999999981374, 239394.79 ], [ 499657.229999999981374, 239392.79 ], [ 499656.229999999981374, 239388.79 ], [ 499653.729999999981374, 239387.29 ], [ 499652.729999999981374, 239382.79 ], [ 499651.229999999981374, 239382.29 ], [ 499649.229999999981374, 239378.79 ], [ 499648.229999999981374, 239378.79 ], [ 499648.229999999981374, 239376.29 ], [ 499646.229999999981374, 239374.79 ], [ 499646.229999999981374, 239373.79 ], [ 499644.229999999981374, 239372.29 ], [ 499641.729999999981374, 239373.29 ], [ 499640.229999999981374, 239370.79 ], [ 499639.229999999981374, 239370.79 ], [ 499639.229999999981374, 239367.79 ], [ 499636.229999999981374, 239365.79 ], [ 499636.229999999981374, 239364.79 ], [ 499634.729999999981374, 239366.79 ], [ 499632.729999999981374, 239366.79 ], [ 499631.729999999981374, 239365.79 ], [ 499632.229999999981374, 239364.29 ], [ 499629.229999999981374, 239362.79 ], [ 499628.229999999981374, 239360.79 ], [ 499625.729999999981374, 239360.79 ], [ 499625.229999999981374, 239359.79 ], [ 499623.729999999981374, 239359.79 ], [ 499622.729999999981374, 239357.79 ], [ 499620.729999999981374, 239357.79 ], [ 499619.229999999981374, 239354.79 ], [ 499617.229999999981374, 239353.79 ], [ 499616.229999999981374, 239349.79 ], [ 499615.229999999981374, 239349.79 ], [ 499615.229999999981374, 239347.79 ], [ 499613.729999999981374, 239345.79 ], [ 499609.229999999981374, 239346.29 ], [ 499607.229999999981374, 239348.79 ], [ 499607.229999999981374, 239350.79 ], [ 499604.229999999981374, 239352.29 ], [ 499600.229999999981374, 239349.29 ], [ 499601.229999999981374, 239347.79 ], [ 499600.229999999981374, 239347.79 ], [ 499598.229999999981374, 239343.79 ], [ 499597.229999999981374, 239343.79 ], [ 499595.729999999981374, 239340.79 ], [ 499592.729999999981374, 239339.29 ], [ 499592.229999999981374, 239337.79 ], [ 499575.229999999981374, 239336.79 ], [ 499572.729999999981374, 239331.29 ], [ 499572.729999999981374, 239325.29 ], [ 499577.229999999981374, 239307.29 ], [ 499577.229999999981374, 239302.29 ], [ 499574.729999999981374, 239296.29 ], [ 499571.729999999981374, 239292.29 ], [ 499565.729999999981374, 239286.79 ], [ 499558.229999999981374, 239282.29 ], [ 499548.229999999981374, 239280.79 ], [ 499529.729999999981374, 239259.29 ], [ 499517.229999999981374, 239250.29 ], [ 499499.729999999981374, 239234.29 ], [ 499498.729999999981374, 239234.29 ], [ 499483.229999999981374, 239218.29 ], [ 499476.729999999981374, 239206.79 ], [ 499477.729999999981374, 239203.29 ], [ 499469.229999999981374, 239194.29 ], [ 499466.229999999981374, 239189.79 ], [ 499454.729999999981374, 239152.79 ], [ 499447.229999999981374, 239137.29 ], [ 499405.229999999981374, 239093.29 ], [ 499391.229999999981374, 239068.29 ], [ 499385.229999999981374, 239050.79 ], [ 499376.729999999981374, 239050.29 ], [ 499376.229999999981374, 239049.29 ], [ 499368.229999999981374, 239015.79 ], [ 499359.729999999981374, 238935.29 ], [ 499359.229999999981374, 238914.29 ], [ 499360.229999999981374, 238895.79 ], [ 499364.729999999981374, 238867.29 ], [ 499362.229999999981374, 238852.29 ], [ 499358.729999999981374, 238846.79 ], [ 499355.229999999981374, 238843.29 ], [ 499351.229999999981374, 238841.29 ], [ 499342.229999999981374, 238839.29 ], [ 499336.729999999981374, 238839.29 ], [ 499317.729999999981374, 238849.79 ], [ 499311.229999999981374, 238857.79 ], [ 499308.229999999981374, 238863.79 ], [ 499306.229999999981374, 238871.79 ], [ 499306.229999999981374, 238880.79 ], [ 499309.229999999981374, 238905.79 ], [ 499316.729999999981374, 238937.29 ], [ 499324.729999999981374, 238957.29 ], [ 499332.729999999981374, 238984.79 ], [ 499338.229999999981374, 239008.79 ], [ 499341.729999999981374, 239031.29 ], [ 499345.229999999981374, 239041.79 ], [ 499347.229999999981374, 239053.79 ], [ 499350.729999999981374, 239064.79 ], [ 499361.729999999981374, 239109.79 ], [ 499343.229999999981374, 239091.79 ], [ 499342.229999999981374, 239091.79 ], [ 499341.729999999981374, 239093.29 ], [ 499343.229999999981374, 239093.79 ], [ 499364.229999999981374, 239115.29 ], [ 499365.229999999981374, 239115.29 ], [ 499371.229999999981374, 239121.29 ], [ 499371.229999999981374, 239122.29 ], [ 499390.729999999981374, 239142.29 ], [ 499390.729999999981374, 239143.29 ], [ 499394.229999999981374, 239145.79 ], [ 499394.229999999981374, 239146.79 ], [ 499396.729999999981374, 239148.79 ], [ 499405.229999999981374, 239160.29 ], [ 499411.729999999981374, 239166.79 ], [ 499434.729999999981374, 239199.79 ], [ 499445.729999999981374, 239221.29 ], [ 499458.729999999981374, 239251.79 ], [ 499475.229999999981374, 239294.29 ], [ 499478.229999999981374, 239299.79 ], [ 499483.729999999981374, 239316.79 ], [ 499486.729999999981374, 239330.79 ], [ 499489.729999999981374, 239331.29 ], [ 499488.729999999981374, 239331.79 ], [ 499488.729999999981374, 239333.29 ], [ 499490.229999999981374, 239333.79 ], [ 499490.229999999981374, 239337.79 ], [ 499489.729999999981374, 239340.29 ], [ 499488.729999999981374, 239340.29 ], [ 499488.229999999981374, 239345.29 ], [ 499489.729999999981374, 239345.79 ], [ 499491.729999999981374, 239348.79 ], [ 499492.729999999981374, 239348.79 ], [ 499492.729999999981374, 239351.29 ], [ 499493.729999999981374, 239352.29 ], [ 499493.229999999981374, 239358.29 ], [ 499491.729999999981374, 239358.79 ], [ 499491.729999999981374, 239364.29 ], [ 499490.729999999981374, 239365.79 ], [ 499494.729999999981374, 239369.29 ], [ 499493.729999999981374, 239371.79 ], [ 499494.229999999981374, 239376.79 ], [ 499491.229999999981374, 239379.29 ], [ 499491.229999999981374, 239380.79 ], [ 499492.729999999981374, 239381.29 ], [ 499492.729999999981374, 239384.29 ], [ 499491.729999999981374, 239384.29 ], [ 499491.729999999981374, 239385.29 ], [ 499493.229999999981374, 239385.79 ], [ 499494.729999999981374, 239387.79 ], [ 499494.729999999981374, 239389.79 ], [ 499496.229999999981374, 239390.29 ], [ 499496.229999999981374, 239395.79 ], [ 499492.729999999981374, 239397.79 ], [ 499492.729999999981374, 239408.79 ], [ 499496.229999999981374, 239412.79 ], [ 499496.229999999981374, 239417.29 ], [ 499494.729999999981374, 239417.79 ], [ 499494.729999999981374, 239421.29 ], [ 499495.729999999981374, 239421.29 ], [ 499496.729999999981374, 239428.79 ], [ 499499.729999999981374, 239430.79 ], [ 499500.729999999981374, 239437.79 ], [ 499505.729999999981374, 239438.79 ], [ 499507.229999999981374, 239436.79 ], [ 499508.729999999981374, 239436.79 ], [ 499509.729999999981374, 239439.29 ], [ 499511.229999999981374, 239439.79 ], [ 499512.729999999981374, 239442.29 ], [ 499514.729999999981374, 239441.79 ], [ 499515.729999999981374, 239442.79 ], [ 499516.229999999981374, 239444.79 ], [ 499517.729999999981374, 239445.29 ], [ 499520.229999999981374, 239444.29 ], [ 499521.729999999981374, 239445.79 ], [ 499521.229999999981374, 239448.29 ], [ 499522.229999999981374, 239449.79 ], [ 499524.229999999981374, 239449.79 ], [ 499526.229999999981374, 239451.29 ], [ 499526.729999999981374, 239452.79 ], [ 499529.729999999981374, 239454.79 ], [ 499529.729999999981374, 239455.79 ], [ 499532.729999999981374, 239455.79 ], [ 499534.229999999981374, 239457.79 ], [ 499539.729999999981374, 239457.79 ], [ 499540.229999999981374, 239459.29 ], [ 499542.229999999981374, 239457.79 ], [ 499542.229999999981374, 239458.79 ], [ 499544.229999999981374, 239459.79 ], [ 499545.729999999981374, 239462.29 ], [ 499550.729999999981374, 239462.29 ], [ 499551.729999999981374, 239463.29 ], [ 499552.229999999981374, 239466.79 ], [ 499553.229999999981374, 239466.79 ], [ 499554.229999999981374, 239468.79 ], [ 499557.229999999981374, 239468.79 ], [ 499558.229999999981374, 239470.79 ], [ 499560.729999999981374, 239471.79 ], [ 499563.229999999981374, 239471.29 ], [ 499566.229999999981374, 239474.79 ], [ 499571.229999999981374, 239475.79 ], [ 499572.229999999981374, 239477.29 ], [ 499571.729999999981374, 239481.29 ], [ 499573.229999999981374, 239483.29 ], [ 499574.729999999981374, 239483.29 ], [ 499575.229999999981374, 239484.29 ], [ 499577.229999999981374, 239484.79 ], [ 499577.229999999981374, 239485.79 ], [ 499580.229999999981374, 239486.29 ], [ 499580.729999999981374, 239487.29 ], [ 499584.229999999981374, 239487.29 ], [ 499585.229999999981374, 239488.79 ], [ 499589.229999999981374, 239489.79 ], [ 499591.229999999981374, 239492.29 ], [ 499595.229999999981374, 239493.79 ], [ 499595.729999999981374, 239495.29 ], [ 499598.229999999981374, 239495.29 ], [ 499598.729999999981374, 239496.29 ], [ 499604.229999999981374, 239495.79 ], [ 499607.229999999981374, 239496.79 ], [ 499607.229999999981374, 239497.79 ], [ 499608.729999999981374, 239499.29 ], [ 499610.229999999981374, 239499.29 ], [ 499610.729999999981374, 239500.79 ], [ 499613.729999999981374, 239500.79 ], [ 499614.729999999981374, 239501.79 ], [ 499615.229999999981374, 239503.79 ], [ 499616.729999999981374, 239504.29 ], [ 499616.729999999981374, 239507.29 ], [ 499618.229999999981374, 239508.79 ], [ 499621.229999999981374, 239508.79 ], [ 499621.229999999981374, 239509.79 ], [ 499623.229999999981374, 239511.29 ], [ 499625.729999999981374, 239511.79 ], [ 499628.229999999981374, 239511.29 ], [ 499629.729999999981374, 239508.79 ], [ 499632.729999999981374, 239508.79 ], [ 499632.729999999981374, 239509.79 ], [ 499635.229999999981374, 239511.29 ], [ 499635.229999999981374, 239513.29 ], [ 499636.229999999981374, 239514.29 ], [ 499637.729999999981374, 239514.79 ], [ 499638.229999999981374, 239513.79 ], [ 499640.729999999981374, 239513.79 ], [ 499644.729999999981374, 239517.29 ], [ 499646.729999999981374, 239517.29 ], [ 499650.729999999981374, 239522.29 ], [ 499653.229999999981374, 239522.79 ], [ 499654.229999999981374, 239523.79 ], [ 499654.229999999981374, 239525.79 ], [ 499655.729999999981374, 239526.79 ], [ 499659.229999999981374, 239526.29 ], [ 499660.229999999981374, 239528.29 ], [ 499664.229999999981374, 239528.79 ], [ 499665.729999999981374, 239530.79 ], [ 499667.229999999981374, 239530.79 ], [ 499669.229999999981374, 239533.79 ], [ 499672.229999999981374, 239535.79 ], [ 499672.229999999981374, 239536.79 ], [ 499676.229999999981374, 239537.29 ], [ 499677.229999999981374, 239538.29 ], [ 499676.729999999981374, 239539.79 ], [ 499679.229999999981374, 239541.29 ], [ 499680.229999999981374, 239543.29 ], [ 499685.229999999981374, 239544.79 ], [ 499685.229999999981374, 239545.79 ], [ 499686.729999999981374, 239545.79 ], [ 499693.229999999981374, 239550.29 ], [ 499698.229999999981374, 239549.29 ], [ 499699.229999999981374, 239550.79 ], [ 499700.729999999981374, 239550.79 ], [ 499701.729999999981374, 239552.29 ], [ 499701.729999999981374, 239554.79 ], [ 499703.229999999981374, 239555.29 ], [ 499704.229999999981374, 239557.79 ], [ 499709.229999999981374, 239559.29 ], [ 499710.229999999981374, 239561.29 ], [ 499712.229999999981374, 239561.29 ], [ 499714.229999999981374, 239564.29 ], [ 499718.729999999981374, 239565.79 ], [ 499719.729999999981374, 239567.79 ], [ 499721.729999999981374, 239567.79 ], [ 499723.229999999981374, 239569.79 ], [ 499728.229999999981374, 239571.29 ], [ 499728.729999999981374, 239572.79 ], [ 499733.229999999981374, 239573.79 ], [ 499734.729999999981374, 239576.29 ], [ 499739.229999999981374, 239577.79 ], [ 499740.229999999981374, 239579.79 ], [ 499743.229999999981374, 239579.79 ], [ 499744.229999999981374, 239581.79 ], [ 499746.229999999981374, 239581.79 ], [ 499748.729999999981374, 239583.79 ], [ 499748.729999999981374, 239584.79 ], [ 499751.229999999981374, 239584.79 ], [ 499751.729999999981374, 239585.79 ], [ 499755.229999999981374, 239586.79 ], [ 499755.229999999981374, 239587.79 ], [ 499757.729999999981374, 239588.79 ], [ 499759.229999999981374, 239591.29 ], [ 499760.729999999981374, 239591.29 ], [ 499761.729999999981374, 239592.79 ], [ 499764.229999999981374, 239592.79 ], [ 499764.229999999981374, 239593.79 ], [ 499766.229999999981374, 239594.79 ], [ 499767.729999999981374, 239597.29 ], [ 499772.729999999981374, 239598.79 ], [ 499773.229999999981374, 239600.29 ], [ 499775.229999999981374, 239601.29 ], [ 499776.729999999981374, 239600.79 ], [ 499779.229999999981374, 239603.79 ], [ 499781.729999999981374, 239604.29 ], [ 499783.229999999981374, 239606.79 ], [ 499786.229999999981374, 239607.79 ], [ 499786.229999999981374, 239608.79 ], [ 499788.229999999981374, 239609.29 ], [ 499789.229999999981374, 239610.79 ], [ 499791.229999999981374, 239610.79 ], [ 499791.229999999981374, 239611.79 ], [ 499793.229999999981374, 239612.29 ], [ 499793.729999999981374, 239613.29 ], [ 499796.729999999981374, 239610.79 ], [ 499796.729999999981374, 239611.79 ], [ 499801.229999999981374, 239615.29 ], [ 499801.229999999981374, 239618.79 ], [ 499804.229999999981374, 239619.79 ], [ 499804.229999999981374, 239620.79 ], [ 499806.229999999981374, 239621.29 ], [ 499806.729999999981374, 239622.29 ], [ 499808.229999999981374, 239622.29 ], [ 499810.229999999981374, 239625.29 ], [ 499812.229999999981374, 239625.79 ], [ 499812.229999999981374, 239626.79 ], [ 499817.229999999981374, 239628.29 ], [ 499819.229999999981374, 239631.29 ], [ 499821.729999999981374, 239631.79 ], [ 499821.729999999981374, 239632.79 ], [ 499823.729999999981374, 239634.29 ], [ 499826.229999999981374, 239634.29 ], [ 499826.729999999981374, 239635.79 ], [ 499829.229999999981374, 239636.29 ], [ 499831.229999999981374, 239637.79 ], [ 499831.229999999981374, 239638.79 ], [ 499836.229999999981374, 239640.79 ], [ 499836.229999999981374, 239641.79 ], [ 499838.729999999981374, 239643.79 ], [ 499840.229999999981374, 239643.79 ], [ 499840.229999999981374, 239644.79 ], [ 499842.229999999981374, 239645.29 ], [ 499842.729999999981374, 239643.79 ], [ 499844.229999999981374, 239643.79 ], [ 499845.729999999981374, 239645.79 ], [ 499845.729999999981374, 239647.79 ], [ 499848.229999999981374, 239648.79 ], [ 499849.229999999981374, 239650.79 ], [ 499850.729999999981374, 239650.79 ], [ 499852.229999999981374, 239652.29 ], [ 499858.229999999981374, 239652.79 ], [ 499858.229999999981374, 239653.79 ], [ 499859.729999999981374, 239654.29 ], [ 499859.729999999981374, 239657.29 ], [ 499861.229999999981374, 239658.79 ], [ 499862.729999999981374, 239658.79 ], [ 499863.729999999981374, 239660.79 ], [ 499866.229999999981374, 239661.29 ], [ 499866.729999999981374, 239662.79 ], [ 499868.229999999981374, 239662.79 ], [ 499871.229999999981374, 239664.79 ], [ 499871.229999999981374, 239665.79 ], [ 499873.229999999981374, 239667.29 ], [ 499875.729999999981374, 239667.79 ], [ 499875.729999999981374, 239668.79 ], [ 499878.229999999981374, 239669.79 ], [ 499879.229999999981374, 239671.79 ], [ 499884.229999999981374, 239673.29 ], [ 499885.229999999981374, 239675.29 ], [ 499888.229999999981374, 239676.79 ], [ 499888.229999999981374, 239677.79 ], [ 499893.229999999981374, 239679.79 ], [ 499893.729999999981374, 239681.29 ], [ 499896.229999999981374, 239681.79 ], [ 499897.229999999981374, 239683.79 ], [ 499901.229999999981374, 239685.79 ], [ 499901.229999999981374, 239686.79 ], [ 499903.229999999981374, 239687.79 ], [ 499907.229999999981374, 239687.79 ], [ 499908.229999999981374, 239688.79 ], [ 499908.229999999981374, 239692.79 ], [ 499909.229999999981374, 239693.79 ], [ 499914.229999999981374, 239694.79 ], [ 499914.229999999981374, 239695.79 ], [ 499917.729999999981374, 239697.29 ], [ 499918.229999999981374, 239698.79 ], [ 499922.229999999981374, 239700.29 ], [ 499923.229999999981374, 239702.29 ], [ 499926.229999999981374, 239703.79 ], [ 499926.229999999981374, 239705.79 ], [ 499927.229999999981374, 239706.79 ], [ 499930.229999999981374, 239706.79 ], [ 499931.729999999981374, 239708.79 ], [ 499934.229999999981374, 239709.29 ], [ 499934.729999999981374, 239710.79 ], [ 499938.729999999981374, 239712.79 ], [ 499938.729999999981374, 239713.79 ], [ 499941.729999999981374, 239716.29 ], [ 499943.229999999981374, 239716.29 ], [ 499943.229999999981374, 239717.29 ], [ 499946.229999999981374, 239718.29 ], [ 499947.229999999981374, 239720.29 ], [ 499950.729999999981374, 239721.79 ], [ 499951.729999999981374, 239723.79 ], [ 499955.729999999981374, 239725.29 ], [ 499955.729999999981374, 239726.29 ], [ 499958.729999999981374, 239727.79 ], [ 499960.729999999981374, 239730.29 ], [ 499963.229999999981374, 239730.79 ], [ 499963.729999999981374, 239729.79 ], [ 499965.729999999981374, 239729.79 ], [ 499966.229999999981374, 239730.79 ], [ 499968.229999999981374, 239730.79 ], [ 499968.729999999981374, 239729.79 ], [ 499972.229999999981374, 239729.29 ], [ 499972.229999999981374, 239728.29 ], [ 499974.229999999981374, 239728.29 ], [ 499975.229999999981374, 239730.29 ], [ 499977.729999999981374, 239731.29 ], [ 499977.729999999981374, 239733.29 ], [ 499979.729999999981374, 239734.29 ], [ 499979.729999999981374, 239735.29 ], [ 499982.729999999981374, 239737.29 ], [ 499983.729999999981374, 239739.29 ], [ 499985.729999999981374, 239739.29 ], [ 499986.229999999981374, 239738.29 ], [ 499987.229999999981374, 239739.29 ], [ 499992.229999999981374, 239738.79 ], [ 499996.729999999981374, 239742.79 ], [ 500000.729999999981374, 239743.29 ], [ 500002.729999999981374, 239747.29 ], [ 500002.729999999981374, 239749.29 ], [ 500003.729999999981374, 239749.29 ], [ 500003.729999999981374, 239750.29 ], [ 500005.729999999981374, 239751.79 ], [ 500005.729999999981374, 239758.29 ], [ 500004.229999999981374, 239761.29 ], [ 500005.229999999981374, 239765.29 ], [ 500010.229999999981374, 239766.79 ], [ 500011.229999999981374, 239768.79 ], [ 500016.729999999981374, 239768.79 ], [ 500017.229999999981374, 239769.79 ], [ 500018.729999999981374, 239769.79 ], [ 500019.229999999981374, 239771.29 ], [ 500021.729999999981374, 239771.79 ], [ 500025.229999999981374, 239774.79 ], [ 500024.729999999981374, 239777.79 ], [ 500026.229999999981374, 239779.29 ], [ 500028.229999999981374, 239779.29 ], [ 500029.229999999981374, 239781.79 ], [ 500032.729999999981374, 239783.79 ] ], [ [ 499697.729999999981374, 239501.29 ], [ 499698.229999999981374, 239501.29 ], [ 499698.229999999981374, 239501.79 ], [ 499697.729999999981374, 239501.79 ], [ 499697.729999999981374, 239501.29 ] ], [ [ 499697.229999999981374, 239500.79 ], [ 499697.229999999981374, 239501.29 ], [ 499696.229999999981374, 239501.29 ], [ 499696.229999999981374, 239500.79 ], [ 499697.229999999981374, 239500.79 ] ], [ [ 499695.729999999981374, 239500.79 ], [ 499695.229999999981374, 239501.79 ], [ 499692.729999999981374, 239502.29 ], [ 499685.229999999981374, 239501.79 ], [ 499683.729999999981374, 239500.79 ], [ 499682.729999999981374, 239498.29 ], [ 499678.229999999981374, 239498.79 ], [ 499676.229999999981374, 239494.79 ], [ 499675.229999999981374, 239494.79 ], [ 499673.229999999981374, 239491.79 ], [ 499671.729999999981374, 239491.79 ], [ 499671.229999999981374, 239490.29 ], [ 499665.229999999981374, 239490.29 ], [ 499664.729999999981374, 239491.79 ], [ 499664.229999999981374, 239490.79 ], [ 499662.229999999981374, 239490.79 ], [ 499662.229999999981374, 239491.79 ], [ 499660.229999999981374, 239492.29 ], [ 499656.729999999981374, 239491.79 ], [ 499656.729999999981374, 239490.79 ], [ 499653.729999999981374, 239488.79 ], [ 499653.729999999981374, 239486.79 ], [ 499652.229999999981374, 239485.79 ], [ 499652.229999999981374, 239484.29 ], [ 499646.229999999981374, 239480.29 ], [ 499646.229999999981374, 239478.29 ], [ 499644.729999999981374, 239477.79 ], [ 499643.229999999981374, 239474.79 ], [ 499636.229999999981374, 239473.79 ], [ 499635.729999999981374, 239472.29 ], [ 499634.729999999981374, 239473.79 ], [ 499633.229999999981374, 239473.79 ], [ 499632.729999999981374, 239472.29 ], [ 499629.229999999981374, 239471.29 ], [ 499628.729999999981374, 239469.79 ], [ 499626.729999999981374, 239468.79 ], [ 499627.229999999981374, 239466.79 ], [ 499624.229999999981374, 239464.79 ], [ 499622.229999999981374, 239460.79 ], [ 499621.229999999981374, 239460.79 ], [ 499619.229999999981374, 239455.79 ], [ 499618.229999999981374, 239455.79 ], [ 499617.729999999981374, 239454.29 ], [ 499614.729999999981374, 239454.29 ], [ 499613.229999999981374, 239451.79 ], [ 499610.229999999981374, 239449.79 ], [ 499611.729999999981374, 239441.79 ], [ 499614.229999999981374, 239440.79 ], [ 499614.229999999981374, 239439.79 ], [ 499617.229999999981374, 239439.79 ], [ 499617.729999999981374, 239441.29 ], [ 499619.729999999981374, 239441.79 ], [ 499620.229999999981374, 239440.79 ], [ 499622.229999999981374, 239440.79 ], [ 499624.229999999981374, 239437.79 ], [ 499628.229999999981374, 239439.29 ], [ 499633.229999999981374, 239438.79 ], [ 499636.229999999981374, 239441.79 ], [ 499637.229999999981374, 239447.79 ], [ 499640.229999999981374, 239450.29 ], [ 499641.229999999981374, 239448.79 ], [ 499642.229999999981374, 239450.29 ], [ 499643.729999999981374, 239450.29 ], [ 499644.729999999981374, 239451.29 ], [ 499644.729999999981374, 239455.79 ], [ 499646.229999999981374, 239456.29 ], [ 499649.729999999981374, 239460.29 ], [ 499652.729999999981374, 239460.29 ], [ 499653.229999999981374, 239461.79 ], [ 499657.229999999981374, 239461.79 ], [ 499658.729999999981374, 239462.79 ], [ 499661.729999999981374, 239461.79 ], [ 499665.729999999981374, 239462.29 ], [ 499666.229999999981374, 239463.29 ], [ 499670.229999999981374, 239463.79 ], [ 499673.229999999981374, 239467.79 ], [ 499676.729999999981374, 239466.79 ], [ 499676.729999999981374, 239467.79 ], [ 499680.229999999981374, 239469.79 ], [ 499679.729999999981374, 239474.79 ], [ 499680.729999999981374, 239475.29 ], [ 499680.729999999981374, 239476.79 ], [ 499682.229999999981374, 239477.29 ], [ 499684.229999999981374, 239482.79 ], [ 499688.229999999981374, 239484.79 ], [ 499689.729999999981374, 239488.79 ], [ 499691.729999999981374, 239489.79 ], [ 499691.729999999981374, 239493.29 ], [ 499692.729999999981374, 239494.79 ], [ 499694.729999999981374, 239494.79 ], [ 499695.729999999981374, 239495.79 ], [ 499695.729999999981374, 239500.79 ] ] ] ] } },
{ "type": "Feature", "properties": { "mainhabs": "Deciduous woodland", "habcodes": "DWOOD", "featdesc": null, "featcodes": null, "otherclass": null, "addhabs": null, "primsource": "National Forest Inventory 2023 (DWOOD)", "areaha": "0.47", "version": "Sep_25", "uid": "PHID49974486_024048890", "shape_length": null, "shape_area": null, "site": "millbrook", "pid": 3, "method": "grabcut2" }, "geometry": { "type": "Polygon", "coordinates": [ [ [ 499740.729999999981374, 240543.79 ], [ 499746.229999999981374, 240541.79 ], [ 499749.729999999981374, 240537.29 ], [ 499751.729999999981374, 240537.29 ], [ 499752.729999999981374, 240536.29 ], [ 499754.229999999981374, 240536.79 ], [ 499756.229999999981374, 240534.79 ], [ 499756.229999999981374, 240532.79 ], [ 499757.729999999981374, 240531.79 ], [ 499757.729999999981374, 240529.79 ], [ 499758.729999999981374, 240529.79 ], [ 499759.229999999981374, 240528.29 ], [ 499761.729999999981374, 240529.79 ], [ 499767.729999999981374, 240529.79 ], [ 499770.229999999981374, 240527.29 ], [ 499773.729999999981374, 240526.29 ], [ 499775.729999999981374, 240523.29 ], [ 499776.729999999981374, 240523.29 ], [ 499777.229999999981374, 240520.79 ], [ 499779.229999999981374, 240520.29 ], [ 499780.229999999981374, 240517.79 ], [ 499781.729999999981374, 240516.79 ], [ 499784.229999999981374, 240517.29 ], [ 499785.729999999981374, 240519.29 ], [ 499787.729999999981374, 240519.29 ], [ 499789.229999999981374, 240517.79 ], [ 499791.729999999981374, 240517.29 ], [ 499794.729999999981374, 240513.79 ], [ 499793.729999999981374, 240511.29 ], [ 499795.229999999981374, 240510.29 ], [ 499795.229999999981374, 240506.79 ], [ 499791.729999999981374, 240502.29 ], [ 499791.729999999981374, 240500.79 ], [ 499789.729999999981374, 240499.29 ], [ 499788.729999999981374, 240496.29 ], [ 499786.729999999981374, 240494.79 ], [ 499786.229999999981374, 240491.79 ], [ 499783.229999999981374, 240489.79 ], [ 499783.229999999981374, 240484.79 ], [ 499778.729999999981374, 240482.29 ], [ 499775.729999999981374, 240475.29 ], [ 499773.229999999981374, 240474.29 ], [ 499772.729999999981374, 240475.29 ], [ 499771.229999999981374, 240475.29 ], [ 499771.229999999981374, 240473.79 ], [ 499768.229999999981374, 240471.29 ], [ 499768.229999999981374, 240470.29 ], [ 499762.229999999981374, 240465.29 ], [ 499752.729999999981374, 240464.79 ], [ 499748.729999999981374, 240468.29 ], [ 499745.229999999981374, 240468.29 ], [ 499744.729999999981374, 240470.79 ], [ 499743.729999999981374, 240470.79 ], [ 499743.729999999981374, 240469.79 ], [ 499741.229999999981374, 240469.79 ], [ 499739.729999999981374, 240470.79 ], [ 499740.229999999981374, 240473.29 ], [ 499737.729999999981374, 240474.29 ], [ 499736.229999999981374, 240476.29 ], [ 499731.729999999981374, 240474.29 ], [ 499729.229999999981374, 240475.79 ], [ 499725.729999999981374, 240472.29 ], [ 499720.729999999981374, 240472.29 ], [ 499720.229999999981374, 240471.29 ], [ 499717.229999999981374, 240471.29 ], [ 499716.229999999981374, 240469.79 ], [ 499713.729999999981374, 240469.29 ], [ 499712.229999999981374, 240469.79 ], [ 499712.229999999981374, 240472.29 ], [ 499711.229999999981374, 240472.29 ], [ 499712.729999999981374, 240473.79 ], [ 499713.229999999981374, 240476.29 ], [ 499711.229999999981374, 240478.29 ], [ 499711.229999999981374, 240480.29 ], [ 499712.229999999981374, 240480.29 ], [ 499713.229999999981374, 240482.79 ], [ 499711.229999999981374, 240483.29 ], [ 499710.729999999981374, 240485.79 ], [ 499707.729999999981374, 240487.29 ], [ 499706.729999999981374, 240493.29 ], [ 499709.229999999981374, 240495.29 ], [ 499709.729999999981374, 240498.29 ], [ 499710.729999999981374, 240498.29 ], [ 499712.729999999981374, 240502.29 ], [ 499715.729999999981374, 240503.79 ], [ 499715.729999999981374, 240506.79 ], [ 499716.729999999981374, 240506.79 ], [ 499716.729999999981374, 240508.29 ], [ 499718.729999999981374, 240509.29 ], [ 499718.729999999981374, 240511.29 ], [ 499721.229999999981374, 240513.29 ], [ 499721.229999999981374, 240515.29 ], [ 499722.729999999981374, 240516.29 ], [ 499723.229999999981374, 240518.79 ], [ 499724.729999999981374, 240519.29 ], [ 499724.729999999981374, 240520.79 ], [ 499728.729999999981374, 240523.79 ], [ 499729.229999999981374, 240525.29 ], [ 499730.229999999981374, 240525.29 ], [ 499732.229999999981374, 240530.79 ], [ 499733.729999999981374, 240531.79 ], [ 499733.729999999981374, 240534.29 ], [ 499734.729999999981374, 240534.29 ], [ 499735.729999999981374, 240536.79 ], [ 499738.229999999981374, 240538.79 ], [ 499738.229999999981374, 240540.79 ], [ 499740.729999999981374, 240543.79 ] ] ] } },
{ "type": "Feature", "properties": { "mainhabs": "Deciduous woodland", "habcodes": "DWOOD", "featdesc": null, "featcodes": null, "otherclass": null, "addhabs": null, "primsource": "National Forest Inventory 2023 (DWOOD)", "areaha": "0.09", "version": "Sep_25", "uid": "PHID49979087_024012330", "shape_length": null, "shape_area": null, "site": "millbrook", "pid": 4, "method": "grabcut2" }, "geometry": { "type": "Polygon", "coordinates": [ [ [ 499823.729999999981374, 240172.79 ], [ 499825.229999999981374, 240172.79 ], [ 499826.229999999981374, 240171.29 ], [ 499825.229999999981374, 240167.79 ], [ 499826.229999999981374, 240167.79 ], [ 499826.229999999981374, 240163.79 ], [ 499825.229999999981374, 240163.29 ], [ 499825.229999999981374, 240158.29 ], [ 499824.229999999981374, 240157.79 ], [ 499824.729999999981374, 240153.79 ], [ 499822.729999999981374, 240151.29 ], [ 499823.729999999981374, 240147.79 ], [ 499823.229999999981374, 240144.29 ], [ 499820.729999999981374, 240141.79 ], [ 499816.229999999981374, 240140.79 ], [ 499814.729999999981374, 240138.79 ], [ 499812.229999999981374, 240139.29 ], [ 499810.729999999981374, 240135.79 ], [ 499806.729999999981374, 240135.79 ], [ 499805.229999999981374, 240133.79 ], [ 499805.229999999981374, 240128.79 ], [ 499799.729999999981374, 240125.29 ], [ 499799.229999999981374, 240123.29 ], [ 499797.729999999981374, 240123.29 ], [ 499796.229999999981374, 240121.79 ], [ 499796.229999999981374, 240119.29 ], [ 499795.229999999981374, 240119.29 ], [ 499795.229999999981374, 240118.29 ], [ 499792.729999999981374, 240118.29 ], [ 499791.729999999981374, 240115.29 ], [ 499789.729999999981374, 240114.79 ], [ 499789.229999999981374, 240113.79 ], [ 499786.229999999981374, 240113.79 ], [ 499783.729999999981374, 240110.79 ], [ 499781.729999999981374, 240110.29 ], [ 499781.229999999981374, 240107.29 ], [ 499780.229999999981374, 240107.29 ], [ 499779.729999999981374, 240104.29 ], [ 499778.729999999981374, 240103.79 ], [ 499778.229999999981374, 240100.29 ], [ 499774.729999999981374, 240100.79 ], [ 499773.729999999981374, 240099.79 ], [ 499773.729999999981374, 240096.79 ], [ 499772.729999999981374, 240096.79 ], [ 499773.229999999981374, 240093.29 ], [ 499769.729999999981374, 240091.79 ], [ 499767.729999999981374, 240089.79 ], [ 499769.229999999981374, 240085.79 ], [ 499767.729999999981374, 240084.79 ], [ 499767.229999999981374, 240082.29 ], [ 499765.229999999981374, 240080.79 ], [ 499765.229999999981374, 240078.79 ], [ 499764.229999999981374, 240077.79 ], [ 499764.729999999981374, 240076.79 ], [ 499761.229999999981374, 240075.29 ], [ 499759.729999999981374, 240073.29 ], [ 499758.229999999981374, 240073.29 ], [ 499757.729999999981374, 240074.79 ], [ 499755.729999999981374, 240075.79 ], [ 499756.229999999981374, 240078.79 ], [ 499757.729999999981374, 240080.29 ], [ 499757.729999999981374, 240081.79 ], [ 499758.729999999981374, 240081.79 ], [ 499760.229999999981374, 240086.29 ], [ 499763.729999999981374, 240088.29 ], [ 499763.729999999981374, 240090.29 ], [ 499767.729999999981374, 240094.29 ], [ 499767.729999999981374, 240097.29 ], [ 499769.229999999981374, 240098.29 ], [ 499769.229999999981374, 240099.79 ], [ 499772.229999999981374, 240101.79 ], [ 499771.729999999981374, 240104.29 ], [ 499772.729999999981374, 240104.79 ], [ 499772.729999999981374, 240107.29 ], [ 499776.729999999981374, 240109.29 ], [ 499776.729999999981374, 240110.29 ], [ 499778.729999999981374, 240111.79 ], [ 499779.729999999981374, 240116.79 ], [ 499781.729999999981374, 240116.79 ], [ 499783.729999999981374, 240120.29 ], [ 499786.729999999981374, 240120.29 ], [ 499789.229999999981374, 240123.79 ], [ 499790.229999999981374, 240123.79 ], [ 499791.229999999981374, 240127.79 ], [ 499793.229999999981374, 240128.29 ], [ 499794.229999999981374, 240129.79 ], [ 499796.729999999981374, 240129.79 ], [ 499799.229999999981374, 240132.29 ], [ 499799.229999999981374, 240134.79 ], [ 499801.229999999981374, 240134.79 ], [ 499803.729999999981374, 240138.79 ], [ 499805.229999999981374, 240138.79 ], [ 499808.229999999981374, 240141.29 ], [ 499809.729999999981374, 240145.29 ], [ 499811.729999999981374, 240147.29 ], [ 499813.229999999981374, 240146.79 ], [ 499813.729999999981374, 240150.79 ], [ 499818.729999999981374, 240154.29 ], [ 499818.729999999981374, 240156.79 ], [ 499820.729999999981374, 240157.79 ], [ 499819.229999999981374, 240163.29 ], [ 499820.729999999981374, 240163.79 ], [ 499820.729999999981374, 240165.29 ], [ 499821.729999999981374, 240165.29 ], [ 499822.229999999981374, 240167.29 ], [ 499823.229999999981374, 240167.79 ], [ 499822.229999999981374, 240170.29 ], [ 499823.729999999981374, 240172.79 ] ] ] } },
{ "type": "Feature", "properties": { "mainhabs": "Deciduous woodland", "habcodes": "DWOOD", "featdesc": null, "featcodes": null, "otherclass": null, "addhabs": null, "primsource": "National Forest Inventory 2023 (DWOOD)", "areaha": "1.69", "version": "Sep_25", "uid": "PHID49979204_023991317", "shape_length": null, "shape_area": null, "site": "millbrook", "pid": 5, "method": "grabcut2" }, "geometry": { "type": "Polygon", "coordinates": [ [ [ 499725.729999999981374, 239974.29 ], [ 499727.229999999981374, 239973.79 ], [ 499727.229999999981374, 239972.79 ], [ 499728.229999999981374, 239973.29 ], [ 499729.729999999981374, 239971.29 ], [ 499732.229999999981374, 239971.29 ], [ 499732.229999999981374, 239972.29 ], [ 499733.229999999981374, 239972.29 ], [ 499734.729999999981374, 239971.29 ], [ 499735.729999999981374, 239968.29 ], [ 499737.729999999981374, 239968.29 ], [ 499739.229999999981374, 239966.29 ], [ 499741.729999999981374, 239966.29 ], [ 499744.229999999981374, 239963.29 ], [ 499746.729999999981374, 239963.29 ], [ 499748.229999999981374, 239964.79 ], [ 499750.729999999981374, 239962.29 ], [ 499752.229999999981374, 239963.29 ], [ 499753.229999999981374, 239960.79 ], [ 499754.229999999981374, 239960.79 ], [ 499752.729999999981374, 239954.29 ], [ 499755.729999999981374, 239951.79 ], [ 499755.729999999981374, 239948.79 ], [ 499757.229999999981374, 239947.29 ], [ 499757.729999999981374, 239948.29 ], [ 499759.729999999981374, 239948.29 ], [ 499760.729999999981374, 239945.79 ], [ 499765.229999999981374, 239945.79 ], [ 499765.229999999981374, 239942.79 ], [ 499766.229999999981374, 239942.29 ], [ 499769.229999999981374, 239942.29 ], [ 499769.729999999981374, 239943.79 ], [ 499772.229999999981374, 239943.79 ], [ 499773.729999999981374, 239940.79 ], [ 499779.729999999981374, 239940.29 ], [ 499780.229999999981374, 239939.29 ], [ 499782.729999999981374, 239939.79 ], [ 499786.229999999981374, 239943.79 ], [ 499787.729999999981374, 239943.79 ], [ 499788.229999999981374, 239942.29 ], [ 499792.229999999981374, 239941.79 ], [ 499793.229999999981374, 239939.79 ], [ 499794.229999999981374, 239939.79 ], [ 499797.729999999981374, 239941.29 ], [ 499798.729999999981374, 239943.79 ], [ 499802.229999999981374, 239946.79 ], [ 499803.729999999981374, 239946.79 ], [ 499804.229999999981374, 239945.79 ], [ 499806.729999999981374, 239946.29 ], [ 499808.729999999981374, 239943.79 ], [ 499811.729999999981374, 239942.29 ], [ 499812.729999999981374, 239939.79 ], [ 499815.229999999981374, 239938.79 ], [ 499818.229999999981374, 239938.29 ], [ 499821.729999999981374, 239941.29 ], [ 499823.229999999981374, 239941.29 ], [ 499823.729999999981374, 239939.79 ], [ 499825.229999999981374, 239939.79 ], [ 499826.729999999981374, 239937.29 ], [ 499830.729999999981374, 239938.29 ], [ 499831.229999999981374, 239936.79 ], [ 499835.729999999981374, 239936.79 ], [ 499835.729999999981374, 239937.79 ], [ 499836.729999999981374, 239937.79 ], [ 499836.729999999981374, 239941.29 ], [ 499835.729999999981374, 239941.29 ], [ 499835.729999999981374, 239943.29 ], [ 499837.229999999981374, 239944.29 ], [ 499837.229999999981374, 239945.79 ], [ 499838.229999999981374, 239945.79 ], [ 499839.729999999981374, 239949.79 ], [ 499841.229999999981374, 239951.29 ], [ 499844.729999999981374, 239951.29 ], [ 499848.729999999981374, 239955.79 ], [ 499858.229999999981374, 239955.79 ], [ 499859.229999999981374, 239954.29 ], [ 499864.229999999981374, 239954.79 ], [ 499867.229999999981374, 239954.29 ], [ 499867.229999999981374, 239953.29 ], [ 499868.229999999981374, 239953.29 ], [ 499868.729999999981374, 239954.79 ], [ 499870.229999999981374, 239954.79 ], [ 499871.229999999981374, 239953.29 ], [ 499871.229999999981374, 239950.79 ], [ 499872.729999999981374, 239950.29 ], [ 499872.729999999981374, 239948.79 ], [ 499874.229999999981374, 239947.79 ], [ 499872.729999999981374, 239946.79 ], [ 499872.729999999981374, 239944.29 ], [ 499871.229999999981374, 239943.29 ], [ 499871.729999999981374, 239937.29 ], [ 499874.729999999981374, 239933.29 ], [ 499875.729999999981374, 239933.29 ], [ 499875.729999999981374, 239927.29 ], [ 499877.229999999981374, 239926.29 ], [ 499876.229999999981374, 239925.79 ], [ 499875.729999999981374, 239923.79 ], [ 499876.229999999981374, 239921.29 ], [ 499874.229999999981374, 239918.79 ], [ 499876.729999999981374, 239916.79 ], [ 499876.729999999981374, 239915.29 ], [ 499874.229999999981374, 239911.29 ], [ 499873.229999999981374, 239911.29 ], [ 499873.229999999981374, 239909.79 ], [ 499875.729999999981374, 239906.79 ], [ 499877.729999999981374, 239906.29 ], [ 499877.729999999981374, 239905.29 ], [ 499879.229999999981374, 239905.79 ], [ 499880.229999999981374, 239904.79 ], [ 499877.729999999981374, 239900.79 ], [ 499878.729999999981374, 239899.29 ], [ 499878.729999999981374, 239896.79 ], [ 499876.729999999981374, 239894.79 ], [ 499877.229999999981374, 239893.29 ], [ 499875.729999999981374, 239892.79 ], [ 499876.729999999981374, 239888.79 ], [ 499873.729999999981374, 239885.79 ], [ 499874.229999999981374, 239882.79 ], [ 499872.229999999981374, 239881.79 ], [ 499871.229999999981374, 239878.29 ], [ 499868.229999999981374, 239874.79 ], [ 499867.229999999981374, 239874.79 ], [ 499867.229999999981374, 239873.79 ], [ 499862.229999999981374, 239873.79 ], [ 499861.229999999981374, 239872.29 ], [ 499857.229999999981374, 239871.79 ], [ 499854.229999999981374, 239868.79 ], [ 499851.229999999981374, 239868.79 ], [ 499850.729999999981374, 239865.79 ], [ 499844.229999999981374, 239862.79 ], [ 499844.229999999981374, 239861.79 ], [ 499843.229999999981374, 239861.79 ], [ 499841.729999999981374, 239859.79 ], [ 499841.229999999981374, 239857.29 ], [ 499840.229999999981374, 239857.29 ], [ 499837.729999999981374, 239854.29 ], [ 499834.229999999981374, 239854.29 ], [ 499833.729999999981374, 239852.29 ], [ 499829.729999999981374, 239850.79 ], [ 499829.229999999981374, 239846.79 ], [ 499827.729999999981374, 239845.29 ], [ 499828.229999999981374, 239843.29 ], [ 499823.229999999981374, 239837.29 ], [ 499817.729999999981374, 239836.29 ], [ 499814.729999999981374, 239833.79 ], [ 499811.229999999981374, 239834.29 ], [ 499810.229999999981374, 239832.79 ], [ 499804.729999999981374, 239832.79 ], [ 499804.229999999981374, 239831.79 ], [ 499802.229999999981374, 239831.79 ], [ 499800.229999999981374, 239834.79 ], [ 499798.729999999981374, 239834.79 ], [ 499798.229999999981374, 239835.79 ], [ 499795.729999999981374, 239834.29 ], [ 499791.229999999981374, 239834.29 ], [ 499789.229999999981374, 239836.29 ], [ 499786.729999999981374, 239835.79 ], [ 499785.229999999981374, 239838.29 ], [ 499784.229999999981374, 239838.29 ], [ 499780.729999999981374, 239837.79 ], [ 499776.729999999981374, 239834.29 ], [ 499776.729999999981374, 239833.29 ], [ 499775.229999999981374, 239833.29 ], [ 499774.229999999981374, 239835.79 ], [ 499772.729999999981374, 239835.79 ], [ 499766.729999999981374, 239839.29 ], [ 499766.729999999981374, 239842.29 ], [ 499765.229999999981374, 239843.29 ], [ 499764.229999999981374, 239846.29 ], [ 499762.229999999981374, 239845.79 ], [ 499760.729999999981374, 239846.79 ], [ 499758.729999999981374, 239850.79 ], [ 499756.729999999981374, 239852.29 ], [ 499752.229999999981374, 239853.29 ], [ 499751.229999999981374, 239855.29 ], [ 499749.229999999981374, 239855.79 ], [ 499748.229999999981374, 239857.29 ], [ 499748.229999999981374, 239859.79 ], [ 499747.229999999981374, 239859.79 ], [ 499745.729999999981374, 239861.79 ], [ 499743.729999999981374, 239861.79 ], [ 499742.729999999981374, 239863.79 ], [ 499739.229999999981374, 239863.79 ], [ 499737.729999999981374, 239865.79 ], [ 499738.229999999981374, 239867.29 ], [ 499737.229999999981374, 239869.79 ], [ 499735.729999999981374, 239868.79 ], [ 499733.229999999981374, 239868.79 ], [ 499730.229999999981374, 239873.29 ], [ 499723.229999999981374, 239874.29 ], [ 499722.229999999981374, 239879.29 ], [ 499718.729999999981374, 239880.79 ], [ 499718.729999999981374, 239883.29 ], [ 499720.229999999981374, 239884.79 ], [ 499720.229999999981374, 239886.79 ], [ 499716.229999999981374, 239890.29 ], [ 499712.729999999981374, 239889.79 ], [ 499710.729999999981374, 239892.29 ], [ 499711.729999999981374, 239894.29 ], [ 499709.729999999981374, 239894.79 ], [ 499709.229999999981374, 239895.79 ], [ 499710.229999999981374, 239897.79 ], [ 499709.729999999981374, 239899.29 ], [ 499711.229999999981374, 239900.29 ], [ 499711.729999999981374, 239902.79 ], [ 499713.729999999981374, 239905.29 ], [ 499713.729999999981374, 239909.79 ], [ 499715.229999999981374, 239910.79 ], [ 499713.729999999981374, 239912.29 ], [ 499713.729999999981374, 239914.29 ], [ 499712.729999999981374, 239914.29 ], [ 499712.229999999981374, 239915.79 ], [ 499710.729999999981374, 239915.79 ], [ 499709.229999999981374, 239917.79 ], [ 499707.229999999981374, 239917.79 ], [ 499706.229999999981374, 239919.79 ], [ 499703.229999999981374, 239919.79 ], [ 499700.729999999981374, 239923.79 ], [ 499698.229999999981374, 239923.29 ], [ 499697.229999999981374, 239924.29 ], [ 499697.229999999981374, 239927.29 ], [ 499695.729999999981374, 239927.79 ], [ 499696.229999999981374, 239931.79 ], [ 499698.729999999981374, 239932.29 ], [ 499699.229999999981374, 239934.29 ], [ 499700.729999999981374, 239935.29 ], [ 499700.729999999981374, 239939.79 ], [ 499699.229999999981374, 239940.79 ], [ 499699.229999999981374, 239944.29 ], [ 499700.729999999981374, 239945.29 ], [ 499700.229999999981374, 239947.29 ], [ 499701.229999999981374, 239947.79 ], [ 499701.229999999981374, 239949.79 ], [ 499703.229999999981374, 239951.79 ], [ 499705.729999999981374, 239951.29 ], [ 499706.729999999981374, 239952.29 ], [ 499706.229999999981374, 239953.79 ], [ 499708.229999999981374, 239955.79 ], [ 499710.229999999981374, 239955.79 ], [ 499711.229999999981374, 239954.79 ], [ 499712.229999999981374, 239956.29 ], [ 499711.729999999981374, 239957.79 ], [ 499715.729999999981374, 239959.29 ], [ 499717.229999999981374, 239961.79 ], [ 499718.229999999981374, 239961.79 ], [ 499718.229999999981374, 239965.29 ], [ 499717.229999999981374, 239966.29 ], [ 499718.729999999981374, 239967.79 ], [ 499718.729999999981374, 239969.29 ], [ 499720.229999999981374, 239971.29 ], [ 499721.729999999981374, 239970.79 ], [ 499723.729999999981374, 239971.79 ], [ 499725.729999999981374, 239974.29 ] ] ] } },
{ "type": "Feature", "properties": { "mainhabs": "Deciduous woodland", "habcodes": "DWOOD", "featdesc": null, "featcodes": null, "otherclass": null, "addhabs": null, "primsource": "National Forest Inventory 2023 (DWOOD)", "areaha": "0.04", "version": "Sep_25", "uid": "PHID49985653_024020921", "shape_length": null, "shape_area": null, "site": "millbrook", "pid": 6, "method": "grabcut2" }, "geometry": { "type": "Polygon", "coordinates": [ [ [ 499866.729999999981374, 240239.79 ], [ 499868.229999999981374, 240239.79 ], [ 499870.229999999981374, 240236.79 ], [ 499871.729999999981374, 240231.29 ], [ 499868.729999999981374, 240229.29 ], [ 499869.229999999981374, 240224.79 ], [ 499868.229999999981374, 240222.29 ], [ 499866.729999999981374, 240221.79 ], [ 499866.229999999981374, 240216.29 ], [ 499862.229999999981374, 240214.79 ], [ 499861.729999999981374, 240211.29 ], [ 499862.729999999981374, 240210.79 ], [ 499862.729999999981374, 240209.29 ], [ 499860.729999999981374, 240206.79 ], [ 499860.729999999981374, 240203.79 ], [ 499861.729999999981374, 240202.29 ], [ 499858.229999999981374, 240197.79 ], [ 499856.729999999981374, 240197.29 ], [ 499856.229999999981374, 240194.79 ], [ 499851.729999999981374, 240193.29 ], [ 499851.729999999981374, 240190.79 ], [ 499850.229999999981374, 240188.79 ], [ 499849.229999999981374, 240188.79 ], [ 499848.229999999981374, 240184.79 ], [ 499845.729999999981374, 240184.29 ], [ 499845.229999999981374, 240186.29 ], [ 499846.729999999981374, 240189.29 ], [ 499845.229999999981374, 240193.29 ], [ 499846.229999999981374, 240193.79 ], [ 499846.229999999981374, 240195.79 ], [ 499848.729999999981374, 240197.79 ], [ 499849.229999999981374, 240201.29 ], [ 499850.729999999981374, 240202.79 ], [ 499850.229999999981374, 240209.29 ], [ 499855.729999999981374, 240217.79 ], [ 499854.729999999981374, 240220.79 ], [ 499855.229999999981374, 240224.29 ], [ 499856.729999999981374, 240225.29 ], [ 499856.729999999981374, 240227.29 ], [ 499858.229999999981374, 240228.29 ], [ 499858.229999999981374, 240229.79 ], [ 499862.729999999981374, 240232.79 ], [ 499862.729999999981374, 240236.79 ], [ 499863.729999999981374, 240238.29 ], [ 499866.229999999981374, 240238.79 ], [ 499866.729999999981374, 240239.79 ] ] ] } },
{ "type": "Feature", "properties": { "mainhabs": "Deciduous woodland", "habcodes": "DWOOD", "featdesc": null, "featcodes": null, "otherclass": null, "addhabs": null, "primsource": "National Forest Inventory 2023 (DWOOD)", "areaha": "1.97", "version": "Sep_25", "uid": "PHID49989039_023975417", "shape_length": null, "shape_area": null, "site": "millbrook", "pid": 7, "method": "grabcut2" }, "geometry": { "type": "Polygon", "coordinates": [ [ [ 500005.229999999981374, 239867.79 ], [ 500007.229999999981374, 239866.29 ], [ 500011.229999999981374, 239865.79 ], [ 500012.729999999981374, 239862.79 ], [ 500014.229999999981374, 239863.29 ], [ 500013.729999999981374, 239858.29 ], [ 500014.229999999981374, 239857.29 ], [ 500016.229999999981374, 239856.79 ], [ 500016.229999999981374, 239853.79 ], [ 500018.729999999981374, 239851.29 ], [ 500020.729999999981374, 239851.29 ], [ 500020.729999999981374, 239847.79 ], [ 500021.729999999981374, 239847.79 ], [ 500021.729999999981374, 239846.79 ], [ 500023.729999999981374, 239846.79 ], [ 500024.229999999981374, 239844.29 ], [ 500026.729999999981374, 239842.29 ], [ 500025.729999999981374, 239837.29 ], [ 500027.229999999981374, 239836.29 ], [ 500028.729999999981374, 239837.29 ], [ 500031.229999999981374, 239835.29 ], [ 500031.229999999981374, 239834.29 ], [ 500032.229999999981374, 239834.29 ], [ 500032.729999999981374, 239830.29 ], [ 500034.229999999981374, 239828.29 ], [ 500033.729999999981374, 239826.29 ], [ 500032.229999999981374, 239825.29 ], [ 500031.729999999981374, 239821.29 ], [ 500029.729999999981374, 239819.79 ], [ 500030.229999999981374, 239818.79 ], [ 500029.229999999981374, 239818.29 ], [ 500029.229999999981374, 239816.79 ], [ 500027.729999999981374, 239815.79 ], [ 500027.729999999981374, 239812.29 ], [ 500026.229999999981374, 239811.79 ], [ 500026.229999999981374, 239810.29 ], [ 500023.729999999981374, 239808.79 ], [ 500023.229999999981374, 239806.29 ], [ 500022.229999999981374, 239806.29 ], [ 500023.729999999981374, 239799.29 ], [ 500021.729999999981374, 239798.29 ], [ 500021.729999999981374, 239797.29 ], [ 500019.729999999981374, 239796.79 ], [ 500015.729999999981374, 239792.29 ], [ 500014.729999999981374, 239792.29 ], [ 500013.229999999981374, 239789.79 ], [ 500010.229999999981374, 239789.29 ], [ 500009.729999999981374, 239787.79 ], [ 500005.729999999981374, 239785.79 ], [ 500000.229999999981374, 239779.29 ], [ 499998.229999999981374, 239778.79 ], [ 499997.729999999981374, 239773.29 ], [ 499995.729999999981374, 239772.79 ], [ 499993.729999999981374, 239770.79 ], [ 499992.229999999981374, 239770.79 ], [ 499991.729999999981374, 239772.79 ], [ 499990.229999999981374, 239773.29 ], [ 499984.729999999981374, 239771.29 ], [ 499984.729999999981374, 239770.29 ], [ 499981.729999999981374, 239770.29 ], [ 499981.229999999981374, 239768.79 ], [ 499978.729999999981374, 239768.79 ], [ 499976.229999999981374, 239767.29 ], [ 499970.729999999981374, 239767.79 ], [ 499970.229999999981374, 239766.79 ], [ 499968.729999999981374, 239766.79 ], [ 499966.729999999981374, 239765.29 ], [ 499966.729999999981374, 239764.29 ], [ 499965.729999999981374, 239764.29 ], [ 499964.229999999981374, 239762.29 ], [ 499962.229999999981374, 239762.29 ], [ 499961.729999999981374, 239760.79 ], [ 499959.229999999981374, 239759.79 ], [ 499958.229999999981374, 239758.29 ], [ 499957.729999999981374, 239755.29 ], [ 499958.729999999981374, 239754.79 ], [ 499959.229999999981374, 239749.79 ], [ 499958.729999999981374, 239744.29 ], [ 499955.729999999981374, 239743.29 ], [ 499954.229999999981374, 239741.29 ], [ 499952.729999999981374, 239741.29 ], [ 499951.229999999981374, 239738.79 ], [ 499946.729999999981374, 239736.79 ], [ 499946.729999999981374, 239735.79 ], [ 499944.229999999981374, 239735.29 ], [ 499942.229999999981374, 239732.79 ], [ 499940.729999999981374, 239733.29 ], [ 499940.729999999981374, 239734.29 ], [ 499937.729999999981374, 239733.79 ], [ 499936.229999999981374, 239731.29 ], [ 499934.229999999981374, 239730.79 ], [ 499933.229999999981374, 239724.29 ], [ 499928.729999999981374, 239722.29 ], [ 499928.229999999981374, 239720.79 ], [ 499924.229999999981374, 239721.79 ], [ 499923.729999999981374, 239723.79 ], [ 499922.229999999981374, 239724.29 ], [ 499919.729999999981374, 239720.29 ], [ 499917.229999999981374, 239719.79 ], [ 499916.229999999981374, 239717.79 ], [ 499915.229999999981374, 239717.79 ], [ 499915.229999999981374, 239716.29 ], [ 499910.729999999981374, 239712.79 ], [ 499910.229999999981374, 239708.29 ], [ 499907.229999999981374, 239706.29 ], [ 499905.229999999981374, 239706.29 ], [ 499903.729999999981374, 239702.79 ], [ 499900.229999999981374, 239700.29 ], [ 499900.229999999981374, 239699.29 ], [ 499896.729999999981374, 239698.29 ], [ 499894.229999999981374, 239698.79 ], [ 499892.729999999981374, 239700.29 ], [ 499890.729999999981374, 239700.29 ], [ 499887.729999999981374, 239698.29 ], [ 499883.229999999981374, 239698.29 ], [ 499882.229999999981374, 239697.29 ], [ 499878.729999999981374, 239697.79 ], [ 499875.729999999981374, 239691.79 ], [ 499872.729999999981374, 239691.29 ], [ 499872.229999999981374, 239689.79 ], [ 499870.229999999981374, 239688.79 ], [ 499869.729999999981374, 239686.79 ], [ 499867.229999999981374, 239686.79 ], [ 499867.229999999981374, 239685.79 ], [ 499864.229999999981374, 239685.29 ], [ 499864.229999999981374, 239684.29 ], [ 499861.229999999981374, 239683.79 ], [ 499860.729999999981374, 239680.29 ], [ 499857.229999999981374, 239679.79 ], [ 499854.229999999981374, 239676.29 ], [ 499850.729999999981374, 239675.79 ], [ 499848.229999999981374, 239673.79 ], [ 499844.229999999981374, 239673.29 ], [ 499842.729999999981374, 239670.29 ], [ 499837.229999999981374, 239670.29 ], [ 499835.729999999981374, 239671.29 ], [ 499834.229999999981374, 239670.29 ], [ 499834.229999999981374, 239667.79 ], [ 499829.729999999981374, 239667.29 ], [ 499828.229999999981374, 239664.79 ], [ 499826.729999999981374, 239664.29 ], [ 499826.229999999981374, 239661.29 ], [ 499824.729999999981374, 239658.79 ], [ 499823.729999999981374, 239658.79 ], [ 499823.229999999981374, 239656.79 ], [ 499817.229999999981374, 239656.79 ], [ 499809.729999999981374, 239655.29 ], [ 499809.729999999981374, 239654.29 ], [ 499808.729999999981374, 239654.29 ], [ 499805.729999999981374, 239650.79 ], [ 499799.229999999981374, 239651.29 ], [ 499799.229999999981374, 239648.29 ], [ 499793.729999999981374, 239645.29 ], [ 499792.229999999981374, 239643.79 ], [ 499792.229999999981374, 239642.29 ], [ 499790.229999999981374, 239641.79 ], [ 499790.229999999981374, 239640.79 ], [ 499786.729999999981374, 239640.79 ], [ 499785.729999999981374, 239641.79 ], [ 499785.229999999981374, 239644.79 ], [ 499786.229999999981374, 239646.29 ], [ 499784.229999999981374, 239648.29 ], [ 499782.729999999981374, 239647.79 ], [ 499778.229999999981374, 239648.79 ], [ 499774.729999999981374, 239651.29 ], [ 499774.729999999981374, 239652.79 ], [ 499773.729999999981374, 239653.29 ], [ 499774.229999999981374, 239657.29 ], [ 499772.229999999981374, 239659.79 ], [ 499769.229999999981374, 239658.79 ], [ 499765.229999999981374, 239661.29 ], [ 499761.729999999981374, 239660.29 ], [ 499760.729999999981374, 239661.29 ], [ 499761.229999999981374, 239662.79 ], [ 499760.229999999981374, 239664.79 ], [ 499758.229999999981374, 239664.29 ], [ 499757.229999999981374, 239666.29 ], [ 499754.729999999981374, 239666.79 ], [ 499755.729999999981374, 239669.29 ], [ 499751.729999999981374, 239671.79 ], [ 499751.729999999981374, 239673.29 ], [ 499754.729999999981374, 239674.79 ], [ 499754.729999999981374, 239678.79 ], [ 499758.229999999981374, 239681.29 ], [ 499757.229999999981374, 239686.79 ], [ 499759.229999999981374, 239687.29 ], [ 499760.229999999981374, 239688.79 ], [ 499763.729999999981374, 239688.79 ], [ 499764.729999999981374, 239691.29 ], [ 499766.229999999981374, 239691.29 ], [ 499766.729999999981374, 239692.29 ], [ 499768.229999999981374, 239691.79 ], [ 499769.229999999981374, 239693.29 ], [ 499772.229999999981374, 239693.29 ], [ 499772.729999999981374, 239695.29 ], [ 499772.229999999981374, 239699.29 ], [ 499771.229999999981374, 239699.29 ], [ 499771.229999999981374, 239702.79 ], [ 499772.729999999981374, 239704.29 ], [ 499775.729999999981374, 239704.79 ], [ 499779.229999999981374, 239708.29 ], [ 499781.229999999981374, 239708.29 ], [ 499782.729999999981374, 239709.79 ], [ 499785.729999999981374, 239709.79 ], [ 499787.229999999981374, 239712.29 ], [ 499790.229999999981374, 239713.29 ], [ 499791.729999999981374, 239712.79 ], [ 499792.229999999981374, 239713.79 ], [ 499794.229999999981374, 239713.79 ], [ 499797.729999999981374, 239716.29 ], [ 499799.229999999981374, 239716.29 ], [ 499801.229999999981374, 239719.29 ], [ 499803.729999999981374, 239719.29 ], [ 499805.729999999981374, 239722.79 ], [ 499807.229999999981374, 239722.29 ], [ 499808.229999999981374, 239723.79 ], [ 499811.229999999981374, 239724.29 ], [ 499814.729999999981374, 239729.79 ], [ 499817.229999999981374, 239729.79 ], [ 499817.229999999981374, 239730.79 ], [ 499820.229999999981374, 239732.79 ], [ 499820.729999999981374, 239734.29 ], [ 499824.729999999981374, 239735.79 ], [ 499824.729999999981374, 239747.79 ], [ 499823.729999999981374, 239747.79 ], [ 499821.229999999981374, 239756.29 ], [ 499822.229999999981374, 239760.79 ], [ 499823.729999999981374, 239761.29 ], [ 499824.229999999981374, 239762.79 ], [ 499820.729999999981374, 239766.29 ], [ 499816.229999999981374, 239765.29 ], [ 499816.229999999981374, 239769.79 ], [ 499814.229999999981374, 239771.29 ], [ 499814.229999999981374, 239773.29 ], [ 499811.729999999981374, 239776.79 ], [ 499812.729999999981374, 239778.79 ], [ 499810.729999999981374, 239779.29 ], [ 499810.229999999981374, 239780.29 ], [ 499807.729999999981374, 239780.29 ], [ 499807.729999999981374, 239785.29 ], [ 499809.729999999981374, 239789.29 ], [ 499808.229999999981374, 239790.29 ], [ 499807.229999999981374, 239793.29 ], [ 499802.729999999981374, 239793.79 ], [ 499801.729999999981374, 239796.29 ], [ 499799.229999999981374, 239795.29 ], [ 499798.229999999981374, 239796.29 ], [ 499798.229999999981374, 239798.79 ], [ 499800.229999999981374, 239800.79 ], [ 499799.729999999981374, 239803.29 ], [ 499801.729999999981374, 239808.79 ], [ 499801.229999999981374, 239813.29 ], [ 499804.229999999981374, 239817.79 ], [ 499804.229999999981374, 239819.29 ], [ 499805.729999999981374, 239820.79 ], [ 499807.229999999981374, 239820.79 ], [ 499807.229999999981374, 239823.79 ], [ 499808.729999999981374, 239824.79 ], [ 499808.729999999981374, 239826.79 ], [ 499812.729999999981374, 239827.29 ], [ 499813.229999999981374, 239828.79 ], [ 499814.729999999981374, 239828.79 ], [ 499815.729999999981374, 239831.29 ], [ 499820.729999999981374, 239831.29 ], [ 499821.729999999981374, 239832.79 ], [ 499824.729999999981374, 239833.29 ], [ 499825.229999999981374, 239834.29 ], [ 499830.229999999981374, 239834.79 ], [ 499833.729999999981374, 239838.29 ], [ 499836.729999999981374, 239838.29 ], [ 499839.229999999981374, 239840.79 ], [ 499841.729999999981374, 239840.79 ], [ 499842.729999999981374, 239839.29 ], [ 499844.729999999981374, 239839.29 ], [ 499846.729999999981374, 239837.29 ], [ 499849.229999999981374, 239837.29 ], [ 499850.229999999981374, 239838.29 ], [ 499855.229999999981374, 239836.29 ], [ 499856.729999999981374, 239836.79 ], [ 499859.229999999981374, 239833.29 ], [ 499859.229999999981374, 239829.29 ], [ 499860.229999999981374, 239826.79 ], [ 499862.729999999981374, 239827.29 ], [ 499864.229999999981374, 239825.29 ], [ 499867.229999999981374, 239825.29 ], [ 499869.229999999981374, 239822.29 ], [ 499869.229999999981374, 239819.79 ], [ 499870.229999999981374, 239818.29 ], [ 499872.229999999981374, 239817.79 ], [ 499871.729999999981374, 239815.29 ], [ 499872.729999999981374, 239814.79 ], [ 499874.229999999981374, 239810.79 ], [ 499874.229999999981374, 239807.79 ], [ 499877.229999999981374, 239807.79 ], [ 499877.729999999981374, 239806.79 ], [ 499878.729999999981374, 239807.29 ], [ 499880.729999999981374, 239803.79 ], [ 499880.729999999981374, 239801.29 ], [ 499883.229999999981374, 239800.29 ], [ 499884.229999999981374, 239798.29 ], [ 499886.229999999981374, 239797.79 ], [ 499886.229999999981374, 239796.29 ], [ 499887.729999999981374, 239794.79 ], [ 499887.729999999981374, 239792.29 ], [ 499886.729999999981374, 239792.29 ], [ 499887.229999999981374, 239788.79 ], [ 499889.229999999981374, 239788.29 ], [ 499889.229999999981374, 239789.29 ], [ 499890.729999999981374, 239789.29 ], [ 499890.729999999981374, 239788.29 ], [ 499892.729999999981374, 239786.79 ], [ 499897.229999999981374, 239790.79 ], [ 499901.229999999981374, 239791.29 ], [ 499903.729999999981374, 239795.29 ], [ 499904.729999999981374, 239794.29 ], [ 499906.229999999981374, 239795.79 ], [ 499909.229999999981374, 239795.79 ], [ 499909.229999999981374, 239796.79 ], [ 499910.729999999981374, 239796.79 ], [ 499914.729999999981374, 239799.79 ], [ 499914.729999999981374, 239804.29 ], [ 499913.729999999981374, 239804.29 ], [ 499913.729999999981374, 239806.29 ], [ 499917.729999999981374, 239810.29 ], [ 499919.229999999981374, 239814.79 ], [ 499922.229999999981374, 239816.79 ], [ 499922.229999999981374, 239819.29 ], [ 499925.229999999981374, 239823.79 ], [ 499926.729999999981374, 239825.29 ], [ 499928.229999999981374, 239825.29 ], [ 499928.729999999981374, 239826.79 ], [ 499929.729999999981374, 239826.79 ], [ 499930.229999999981374, 239828.29 ], [ 499931.229999999981374, 239828.29 ], [ 499933.729999999981374, 239831.29 ], [ 499936.229999999981374, 239830.29 ], [ 499936.729999999981374, 239831.29 ], [ 499938.729999999981374, 239831.29 ], [ 499939.229999999981374, 239833.79 ], [ 499941.229999999981374, 239835.79 ], [ 499944.729999999981374, 239836.29 ], [ 499945.229999999981374, 239838.79 ], [ 499944.229999999981374, 239839.79 ], [ 499946.229999999981374, 239840.79 ], [ 499946.229999999981374, 239841.79 ], [ 499949.729999999981374, 239841.79 ], [ 499952.229999999981374, 239844.29 ], [ 499954.229999999981374, 239843.79 ], [ 499955.729999999981374, 239845.29 ], [ 499958.729999999981374, 239845.29 ], [ 499958.729999999981374, 239846.29 ], [ 499964.729999999981374, 239845.29 ], [ 499965.229999999981374, 239846.29 ], [ 499966.729999999981374, 239846.29 ], [ 499969.729999999981374, 239850.79 ], [ 499970.729999999981374, 239850.79 ], [ 499969.729999999981374, 239854.29 ], [ 499971.229999999981374, 239855.79 ], [ 499973.229999999981374, 239854.29 ], [ 499974.229999999981374, 239855.29 ], [ 499976.229999999981374, 239855.29 ], [ 499977.729999999981374, 239859.79 ], [ 499979.729999999981374, 239857.29 ], [ 499981.729999999981374, 239857.29 ], [ 499982.229999999981374, 239861.79 ], [ 499984.229999999981374, 239863.29 ], [ 499984.229999999981374, 239864.29 ], [ 499986.229999999981374, 239863.79 ], [ 499987.729999999981374, 239864.29 ], [ 499988.229999999981374, 239865.79 ], [ 499989.729999999981374, 239865.79 ], [ 499990.229999999981374, 239864.29 ], [ 499991.229999999981374, 239864.29 ], [ 499992.229999999981374, 239865.29 ], [ 499993.229999999981374, 239864.79 ], [ 499993.729999999981374, 239866.29 ], [ 499995.729999999981374, 239864.79 ], [ 499998.729999999981374, 239864.79 ], [ 499999.229999999981374, 239865.79 ], [ 500002.729999999981374, 239865.79 ], [ 500005.229999999981374, 239867.79 ] ] ] } },
{ "type": "Feature", "properties": { "mainhabs": "Deciduous woodland", "habcodes": "DWOOD", "featdesc": null, "featcodes": null, "otherclass": null, "addhabs": null, "primsource": "National Forest Inventory 2023 (DWOOD)", "areaha": "0.96", "version": "Sep_25", "uid": "PHID49996649_024001087", "shape_length": null, "shape_area": null, "site": "millbrook", "pid": 8, "method": "grabcut2" }, "geometry": { "type": "Polygon", "coordinates": [ [ [ 500076.229999999981374, 240068.79 ], [ 500079.229999999981374, 240068.79 ], [ 500081.229999999981374, 240067.79 ], [ 500081.729999999981374, 240066.29 ], [ 500087.729999999981374, 240065.29 ], [ 500088.229999999981374, 240063.79 ], [ 500089.729999999981374, 240063.79 ], [ 500091.229999999981374, 240059.29 ], [ 500092.729999999981374, 240059.79 ], [ 500092.729999999981374, 240061.29 ], [ 500093.729999999981374, 240061.29 ], [ 500093.729999999981374, 240062.29 ], [ 500096.229999999981374, 240064.29 ], [ 500101.229999999981374, 240064.29 ], [ 500103.229999999981374, 240062.29 ], [ 500103.229999999981374, 240058.79 ], [ 500101.729999999981374, 240057.79 ], [ 500102.729999999981374, 240055.29 ], [ 500099.229999999981374, 240053.79 ], [ 500097.229999999981374, 240050.79 ], [ 500092.729999999981374, 240050.29 ], [ 500092.229999999981374, 240049.29 ], [ 500087.229999999981374, 240048.29 ], [ 500084.229999999981374, 240046.29 ], [ 500080.229999999981374, 240045.29 ], [ 500065.729999999981374, 240038.29 ], [ 500062.729999999981374, 240037.79 ], [ 500044.729999999981374, 240029.79 ], [ 500044.229999999981374, 240028.79 ], [ 500039.229999999981374, 240026.79 ], [ 500033.229999999981374, 240022.79 ], [ 500031.729999999981374, 240022.79 ], [ 500026.229999999981374, 240018.29 ], [ 500022.729999999981374, 240016.79 ], [ 500022.229999999981374, 240013.29 ], [ 500020.729999999981374, 240011.79 ], [ 500019.229999999981374, 240011.79 ], [ 500018.729999999981374, 240010.29 ], [ 500017.229999999981374, 240011.29 ], [ 500017.729999999981374, 240013.29 ], [ 500016.729999999981374, 240014.79 ], [ 500014.729999999981374, 240013.29 ], [ 500011.729999999981374, 240012.79 ], [ 500011.229999999981374, 240010.79 ], [ 500008.729999999981374, 240008.79 ], [ 500007.229999999981374, 240005.29 ], [ 500002.729999999981374, 240005.29 ], [ 499995.729999999981374, 239997.79 ], [ 499993.729999999981374, 239997.29 ], [ 499993.229999999981374, 239995.29 ], [ 499992.229999999981374, 239995.29 ], [ 499993.229999999981374, 239992.29 ], [ 499992.229999999981374, 239992.29 ], [ 499992.229999999981374, 239990.79 ], [ 499988.229999999981374, 239990.29 ], [ 499986.229999999981374, 239988.29 ], [ 499986.229999999981374, 239986.79 ], [ 499984.229999999981374, 239985.79 ], [ 499984.229999999981374, 239983.29 ], [ 499981.229999999981374, 239981.29 ], [ 499981.229999999981374, 239978.79 ], [ 499980.229999999981374, 239978.79 ], [ 499979.729999999981374, 239975.79 ], [ 499978.729999999981374, 239975.79 ], [ 499977.729999999981374, 239973.79 ], [ 499972.229999999981374, 239973.79 ], [ 499970.729999999981374, 239975.29 ], [ 499962.729999999981374, 239968.29 ], [ 499960.729999999981374, 239969.29 ], [ 499960.229999999981374, 239971.29 ], [ 499956.229999999981374, 239969.29 ], [ 499956.229999999981374, 239968.29 ], [ 499949.229999999981374, 239968.79 ], [ 499947.729999999981374, 239967.79 ], [ 499944.729999999981374, 239967.79 ], [ 499943.729999999981374, 239969.29 ], [ 499940.729999999981374, 239968.29 ], [ 499939.229999999981374, 239969.29 ], [ 499938.729999999981374, 239967.79 ], [ 499936.229999999981374, 239967.79 ], [ 499935.229999999981374, 239966.79 ], [ 499935.229999999981374, 239964.79 ], [ 499931.729999999981374, 239963.29 ], [ 499931.729999999981374, 239962.29 ], [ 499927.229999999981374, 239961.29 ], [ 499924.229999999981374, 239961.79 ], [ 499923.229999999981374, 239960.79 ], [ 499923.729999999981374, 239959.29 ], [ 499921.229999999981374, 239957.29 ], [ 499921.229999999981374, 239956.29 ], [ 499923.229999999981374, 239954.79 ], [ 499923.729999999981374, 239951.79 ], [ 499920.729999999981374, 239951.29 ], [ 499919.229999999981374, 239948.79 ], [ 499918.229999999981374, 239948.79 ], [ 499918.229999999981374, 239946.79 ], [ 499917.229999999981374, 239945.79 ], [ 499914.729999999981374, 239946.79 ], [ 499911.729999999981374, 239943.79 ], [ 499910.229999999981374, 239943.79 ], [ 499909.229999999981374, 239944.79 ], [ 499909.229999999981374, 239946.79 ], [ 499907.729999999981374, 239946.79 ], [ 499906.229999999981374, 239944.29 ], [ 499904.229999999981374, 239944.79 ], [ 499903.729999999981374, 239943.79 ], [ 499902.229999999981374, 239943.79 ], [ 499898.229999999981374, 239946.29 ], [ 499895.229999999981374, 239946.29 ], [ 499894.729999999981374, 239951.29 ], [ 499892.229999999981374, 239954.29 ], [ 499892.229999999981374, 239955.79 ], [ 499894.229999999981374, 239957.29 ], [ 499894.229999999981374, 239958.29 ], [ 499890.729999999981374, 239959.29 ], [ 499889.229999999981374, 239961.79 ], [ 499889.229999999981374, 239968.79 ], [ 499891.729999999981374, 239971.79 ], [ 499892.229999999981374, 239975.29 ], [ 499893.229999999981374, 239974.29 ], [ 499895.229999999981374, 239974.29 ], [ 499895.729999999981374, 239975.79 ], [ 499896.729999999981374, 239975.79 ], [ 499896.729999999981374, 239977.29 ], [ 499895.229999999981374, 239978.29 ], [ 499896.229999999981374, 239980.79 ], [ 499895.729999999981374, 239984.79 ], [ 499894.229999999981374, 239985.79 ], [ 499895.229999999981374, 239990.29 ], [ 499894.229999999981374, 239990.29 ], [ 499894.229999999981374, 239992.29 ], [ 499895.229999999981374, 239992.79 ], [ 499895.229999999981374, 239994.29 ], [ 499893.729999999981374, 239994.29 ], [ 499893.229999999981374, 239995.79 ], [ 499896.729999999981374, 240000.79 ], [ 499900.229999999981374, 240001.29 ], [ 499901.229999999981374, 240002.29 ], [ 499901.229999999981374, 240004.29 ], [ 499902.729999999981374, 240005.29 ], [ 499906.229999999981374, 240005.29 ], [ 499909.229999999981374, 240006.79 ], [ 499910.729999999981374, 240006.79 ], [ 499910.729999999981374, 240005.79 ], [ 499914.229999999981374, 240005.79 ], [ 499915.229999999981374, 240006.79 ], [ 499914.729999999981374, 240008.79 ], [ 499918.729999999981374, 240011.79 ], [ 499920.229999999981374, 240015.79 ], [ 499922.229999999981374, 240016.79 ], [ 499924.229999999981374, 240020.29 ], [ 499925.729999999981374, 240020.29 ], [ 499927.229999999981374, 240023.29 ], [ 499929.229999999981374, 240024.79 ], [ 499931.229999999981374, 240024.29 ], [ 499931.729999999981374, 240025.29 ], [ 499934.729999999981374, 240025.29 ], [ 499937.229999999981374, 240022.29 ], [ 499938.729999999981374, 240023.79 ], [ 499941.229999999981374, 240023.29 ], [ 499943.229999999981374, 240025.79 ], [ 499943.229999999981374, 240030.79 ], [ 499944.229999999981374, 240030.79 ], [ 499945.729999999981374, 240032.79 ], [ 499948.229999999981374, 240032.79 ], [ 499949.229999999981374, 240034.29 ], [ 499951.729999999981374, 240034.29 ], [ 499954.729999999981374, 240037.29 ], [ 499957.729999999981374, 240037.29 ], [ 499957.729999999981374, 240038.29 ], [ 499959.229999999981374, 240038.79 ], [ 499959.229999999981374, 240040.79 ], [ 499962.229999999981374, 240043.29 ], [ 499962.229999999981374, 240044.29 ], [ 499963.729999999981374, 240044.79 ], [ 499965.229999999981374, 240042.79 ], [ 499969.729999999981374, 240041.79 ], [ 499971.229999999981374, 240044.79 ], [ 499975.229999999981374, 240044.29 ], [ 499975.729999999981374, 240047.29 ], [ 499977.729999999981374, 240047.79 ], [ 499978.229999999981374, 240048.79 ], [ 499984.729999999981374, 240050.29 ], [ 499984.729999999981374, 240049.29 ], [ 499988.729999999981374, 240048.79 ], [ 499990.229999999981374, 240050.79 ], [ 499993.229999999981374, 240050.79 ], [ 499996.229999999981374, 240054.79 ], [ 500002.729999999981374, 240053.79 ], [ 500002.729999999981374, 240054.79 ], [ 500004.729999999981374, 240054.79 ], [ 500006.729999999981374, 240056.29 ], [ 500007.229999999981374, 240057.79 ], [ 500010.229999999981374, 240057.29 ], [ 500011.229999999981374, 240059.79 ], [ 500013.229999999981374, 240059.29 ], [ 500014.729999999981374, 240057.29 ], [ 500016.229999999981374, 240059.29 ], [ 500018.729999999981374, 240060.29 ], [ 500019.729999999981374, 240059.79 ], [ 500021.229999999981374, 240061.29 ], [ 500023.729999999981374, 240058.29 ], [ 500025.229999999981374, 240058.29 ], [ 500026.729999999981374, 240060.29 ], [ 500027.729999999981374, 240060.29 ], [ 500034.229999999981374, 240057.79 ], [ 500036.229999999981374, 240058.29 ], [ 500039.229999999981374, 240062.29 ], [ 500042.229999999981374, 240061.29 ], [ 500042.729999999981374, 240062.29 ], [ 500044.729999999981374, 240062.29 ], [ 500046.729999999981374, 240059.79 ], [ 500050.229999999981374, 240059.79 ], [ 500050.729999999981374, 240060.79 ], [ 500050.729999999981374, 240059.79 ], [ 500052.229999999981374, 240059.79 ], [ 500053.229999999981374, 240060.79 ], [ 500053.229999999981374, 240059.79 ], [ 500054.229999999981374, 240059.79 ], [ 500055.229999999981374, 240065.29 ], [ 500056.729999999981374, 240065.29 ], [ 500057.729999999981374, 240066.79 ], [ 500058.229999999981374, 240065.79 ], [ 500064.229999999981374, 240065.79 ], [ 500065.229999999981374, 240064.79 ], [ 500065.729999999981374, 240066.79 ], [ 500066.729999999981374, 240067.29 ], [ 500068.229999999981374, 240066.29 ], [ 500073.229999999981374, 240065.79 ], [ 500076.229999999981374, 240068.79 ] ] ] } },
{ "type": "Feature", "properties": { "mainhabs": "Deciduous woodland", "habcodes": "DWOOD", "featdesc": null, "featcodes": null, "otherclass": null, "addhabs": null, "primsource": "National Forest Inventory 2023 (DWOOD)", "areaha": "0.16", "version": "Sep_25", "uid": "PHID50007102_024002973", "shape_length": null, "shape_area": null, "site": "millbrook", "pid": 9, "method": "grabcut2" }, "geometry": { "type": "Polygon", "coordinates": [ [ [ 500102.729999999981374, 240055.79 ], [ 500107.229999999981374, 240054.79 ], [ 500108.729999999981374, 240052.29 ], [ 500110.229999999981374, 240052.29 ], [ 500112.229999999981374, 240050.29 ], [ 500112.229999999981374, 240048.79 ], [ 500114.229999999981374, 240047.29 ], [ 500114.229999999981374, 240043.29 ], [ 500113.229999999981374, 240041.29 ], [ 500112.229999999981374, 240041.29 ], [ 500111.729999999981374, 240038.29 ], [ 500110.229999999981374, 240036.29 ], [ 500108.729999999981374, 240034.79 ], [ 500106.729999999981374, 240034.79 ], [ 500102.729999999981374, 240029.29 ], [ 500100.229999999981374, 240030.29 ], [ 500100.229999999981374, 240032.29 ], [ 500095.229999999981374, 240030.79 ], [ 500094.229999999981374, 240032.29 ], [ 500090.729999999981374, 240032.79 ], [ 500088.729999999981374, 240030.29 ], [ 500085.229999999981374, 240030.79 ], [ 500085.229999999981374, 240029.79 ], [ 500084.229999999981374, 240029.79 ], [ 500082.229999999981374, 240027.29 ], [ 500078.729999999981374, 240027.79 ], [ 500075.729999999981374, 240025.29 ], [ 500074.729999999981374, 240018.29 ], [ 500073.729999999981374, 240017.79 ], [ 500073.229999999981374, 240015.79 ], [ 500070.729999999981374, 240015.29 ], [ 500070.229999999981374, 240014.29 ], [ 500067.229999999981374, 240014.79 ], [ 500066.729999999981374, 240013.29 ], [ 500058.229999999981374, 240014.79 ], [ 500057.229999999981374, 240013.29 ], [ 500056.729999999981374, 240015.79 ], [ 500055.229999999981374, 240016.79 ], [ 500050.729999999981374, 240011.79 ], [ 500047.229999999981374, 240010.79 ], [ 500044.729999999981374, 240011.29 ], [ 500043.229999999981374, 240013.29 ], [ 500040.229999999981374, 240011.29 ], [ 500037.229999999981374, 240011.29 ], [ 500035.229999999981374, 240013.29 ], [ 500034.229999999981374, 240010.79 ], [ 500034.229999999981374, 240005.79 ], [ 500031.229999999981374, 240004.29 ], [ 500029.229999999981374, 240001.29 ], [ 500025.229999999981374, 240000.79 ], [ 500020.729999999981374, 239997.29 ], [ 500017.229999999981374, 239998.29 ], [ 500015.729999999981374, 239997.29 ], [ 500014.729999999981374, 239999.29 ], [ 500012.229999999981374, 239999.29 ], [ 500009.229999999981374, 240001.29 ], [ 500008.729999999981374, 240002.79 ], [ 500009.729999999981374, 240002.79 ], [ 500010.229999999981374, 240007.29 ], [ 500011.229999999981374, 240008.29 ], [ 500012.729999999981374, 240007.29 ], [ 500013.229999999981374, 240008.79 ], [ 500014.229999999981374, 240008.79 ], [ 500014.229999999981374, 240010.29 ], [ 500018.729999999981374, 240010.29 ], [ 500019.229999999981374, 240011.79 ], [ 500020.729999999981374, 240011.79 ], [ 500022.229999999981374, 240013.29 ], [ 500022.729999999981374, 240016.79 ], [ 500030.729999999981374, 240021.29 ], [ 500031.729999999981374, 240022.79 ], [ 500034.229999999981374, 240023.29 ], [ 500044.729999999981374, 240029.79 ], [ 500047.229999999981374, 240030.29 ], [ 500047.729999999981374, 240031.29 ], [ 500062.729999999981374, 240037.79 ], [ 500065.729999999981374, 240038.29 ], [ 500087.229999999981374, 240048.29 ], [ 500092.229999999981374, 240049.29 ], [ 500092.729999999981374, 240050.29 ], [ 500097.229999999981374, 240050.79 ], [ 500099.229999999981374, 240053.79 ], [ 500102.729999999981374, 240055.79 ] ] ] } },
{ "type": "Feature", "properties": { "mainhabs": "Deciduous woodland", "habcodes": "DWOOD", "featdesc": null, "featcodes": null, "otherclass": null, "addhabs": null, "primsource": "National Forest Inventory 2023 (DWOOD)", "areaha": "1.33", "version": "Sep_25", "uid": "PHID50028970_024013829", "shape_length": null, "shape_area": null, "site": "millbrook", "pid": 10, "method": "grabcut2" }, "geometry": { "type": "Polygon", "coordinates": [ [ [ 500263.729999999981374, 240224.79 ], [ 500265.229999999981374, 240224.79 ], [ 500268.229999999981374, 240219.29 ], [ 500271.229999999981374, 240217.79 ], [ 500270.729999999981374, 240214.29 ], [ 500271.729999999981374, 240212.79 ], [ 500275.729999999981374, 240212.79 ], [ 500278.229999999981374, 240214.29 ], [ 500279.729999999981374, 240214.29 ], [ 500279.729999999981374, 240213.29 ], [ 500285.229999999981374, 240213.79 ], [ 500286.229999999981374, 240215.79 ], [ 500290.729999999981374, 240216.29 ], [ 500290.729999999981374, 240217.29 ], [ 500295.229999999981374, 240216.29 ], [ 500296.729999999981374, 240217.79 ], [ 500298.229999999981374, 240217.79 ], [ 500298.229999999981374, 240218.79 ], [ 500299.729999999981374, 240218.79 ], [ 500302.229999999981374, 240217.79 ], [ 500302.729999999981374, 240214.79 ], [ 500305.729999999981374, 240214.29 ], [ 500305.729999999981374, 240213.29 ], [ 500308.229999999981374, 240212.79 ], [ 500309.229999999981374, 240211.29 ], [ 500314.229999999981374, 240211.29 ], [ 500315.729999999981374, 240208.79 ], [ 500317.229999999981374, 240210.29 ], [ 500319.729999999981374, 240209.29 ], [ 500322.229999999981374, 240213.79 ], [ 500324.729999999981374, 240213.29 ], [ 500327.729999999981374, 240216.29 ], [ 500329.229999999981374, 240216.29 ], [ 500329.729999999981374, 240214.79 ], [ 500331.729999999981374, 240215.79 ], [ 500332.229999999981374, 240214.79 ], [ 500336.729999999981374, 240214.29 ], [ 500338.729999999981374, 240211.29 ], [ 500340.229999999981374, 240211.29 ], [ 500341.229999999981374, 240209.79 ], [ 500343.729999999981374, 240210.29 ], [ 500348.229999999981374, 240204.29 ], [ 500346.729999999981374, 240201.29 ], [ 500348.229999999981374, 240197.79 ], [ 500347.729999999981374, 240195.79 ], [ 500350.729999999981374, 240193.29 ], [ 500352.229999999981374, 240189.29 ], [ 500352.229999999981374, 240186.29 ], [ 500353.229999999981374, 240186.29 ], [ 500353.729999999981374, 240184.79 ], [ 500352.229999999981374, 240180.79 ], [ 500353.729999999981374, 240179.79 ], [ 500353.729999999981374, 240174.29 ], [ 500353.229999999981374, 240172.29 ], [ 500350.729999999981374, 240170.79 ], [ 500351.229999999981374, 240168.79 ], [ 500352.229999999981374, 240168.29 ], [ 500351.729999999981374, 240161.79 ], [ 500352.729999999981374, 240161.29 ], [ 500352.229999999981374, 240155.79 ], [ 500350.229999999981374, 240152.79 ], [ 500351.729999999981374, 240147.79 ], [ 500350.729999999981374, 240147.79 ], [ 500350.229999999981374, 240144.29 ], [ 500348.229999999981374, 240143.29 ], [ 500346.229999999981374, 240141.29 ], [ 500345.729999999981374, 240139.29 ], [ 500343.229999999981374, 240137.79 ], [ 500342.729999999981374, 240134.79 ], [ 500341.729999999981374, 240134.29 ], [ 500341.229999999981374, 240128.79 ], [ 500339.729999999981374, 240126.79 ], [ 500340.229999999981374, 240117.29 ], [ 500342.229999999981374, 240113.79 ], [ 500341.229999999981374, 240110.79 ], [ 500341.729999999981374, 240109.29 ], [ 500344.229999999981374, 240107.79 ], [ 500344.729999999981374, 240105.29 ], [ 500343.229999999981374, 240101.29 ], [ 500337.729999999981374, 240095.79 ], [ 500333.229999999981374, 240093.79 ], [ 500326.229999999981374, 240088.29 ], [ 500320.229999999981374, 240077.29 ], [ 500317.229999999981374, 240075.29 ], [ 500315.229999999981374, 240072.29 ], [ 500312.229999999981374, 240064.29 ], [ 500310.729999999981374, 240063.79 ], [ 500307.729999999981374, 240059.79 ], [ 500306.729999999981374, 240059.79 ], [ 500301.729999999981374, 240054.79 ], [ 500293.729999999981374, 240050.29 ], [ 500293.229999999981374, 240047.79 ], [ 500289.229999999981374, 240044.79 ], [ 500289.229999999981374, 240041.29 ], [ 500287.729999999981374, 240040.79 ], [ 500287.729999999981374, 240038.79 ], [ 500285.729999999981374, 240036.79 ], [ 500283.229999999981374, 240036.79 ], [ 500282.229999999981374, 240034.29 ], [ 500280.229999999981374, 240033.79 ], [ 500280.229999999981374, 240032.79 ], [ 500277.229999999981374, 240032.29 ], [ 500277.229999999981374, 240031.29 ], [ 500271.229999999981374, 240026.29 ], [ 500270.729999999981374, 240024.79 ], [ 500269.729999999981374, 240024.79 ], [ 500269.229999999981374, 240023.29 ], [ 500267.229999999981374, 240023.29 ], [ 500260.229999999981374, 240017.79 ], [ 500254.229999999981374, 240017.29 ], [ 500252.729999999981374, 240018.29 ], [ 500251.229999999981374, 240016.29 ], [ 500248.729999999981374, 240015.79 ], [ 500248.729999999981374, 240014.79 ], [ 500246.229999999981374, 240014.79 ], [ 500243.729999999981374, 240017.79 ], [ 500242.729999999981374, 240017.79 ], [ 500242.229999999981374, 240021.29 ], [ 500241.229999999981374, 240022.29 ], [ 500236.229999999981374, 240022.29 ], [ 500235.729999999981374, 240023.29 ], [ 500233.729999999981374, 240023.79 ], [ 500233.229999999981374, 240030.29 ], [ 500236.729999999981374, 240030.79 ], [ 500240.729999999981374, 240033.79 ], [ 500240.729999999981374, 240037.29 ], [ 500239.729999999981374, 240037.29 ], [ 500238.729999999981374, 240041.29 ], [ 500241.229999999981374, 240043.29 ], [ 500241.229999999981374, 240044.29 ], [ 500242.229999999981374, 240044.29 ], [ 500242.229999999981374, 240050.29 ], [ 500248.729999999981374, 240056.79 ], [ 500250.229999999981374, 240056.79 ], [ 500250.229999999981374, 240057.79 ], [ 500254.729999999981374, 240058.29 ], [ 500256.229999999981374, 240056.79 ], [ 500256.229999999981374, 240057.79 ], [ 500257.729999999981374, 240057.79 ], [ 500258.729999999981374, 240059.29 ], [ 500260.729999999981374, 240059.29 ], [ 500262.229999999981374, 240061.29 ], [ 500266.229999999981374, 240061.79 ], [ 500269.729999999981374, 240066.29 ], [ 500273.729999999981374, 240065.79 ], [ 500275.229999999981374, 240067.29 ], [ 500275.729999999981374, 240071.29 ], [ 500274.229999999981374, 240072.29 ], [ 500272.729999999981374, 240077.79 ], [ 500275.229999999981374, 240079.79 ], [ 500275.229999999981374, 240081.79 ], [ 500270.729999999981374, 240084.29 ], [ 500269.729999999981374, 240092.29 ], [ 500268.229999999981374, 240092.79 ], [ 500266.729999999981374, 240095.79 ], [ 500266.729999999981374, 240101.29 ], [ 500265.229999999981374, 240103.29 ], [ 500264.729999999981374, 240107.29 ], [ 500263.729999999981374, 240107.29 ], [ 500263.229999999981374, 240111.29 ], [ 500262.229999999981374, 240111.79 ], [ 500261.229999999981374, 240118.29 ], [ 500257.729999999981374, 240122.29 ], [ 500258.729999999981374, 240122.79 ], [ 500258.729999999981374, 240125.79 ], [ 500260.229999999981374, 240126.79 ], [ 500261.229999999981374, 240129.29 ], [ 500262.729999999981374, 240129.79 ], [ 500262.729999999981374, 240131.29 ], [ 500261.729999999981374, 240132.79 ], [ 500256.229999999981374, 240131.79 ], [ 500255.729999999981374, 240133.79 ], [ 500254.729999999981374, 240134.29 ], [ 500253.729999999981374, 240139.29 ], [ 500252.729999999981374, 240139.79 ], [ 500252.729999999981374, 240141.79 ], [ 500251.729999999981374, 240142.29 ], [ 500250.229999999981374, 240147.29 ], [ 500250.229999999981374, 240152.29 ], [ 500247.229999999981374, 240154.79 ], [ 500247.229999999981374, 240159.79 ], [ 500244.229999999981374, 240162.29 ], [ 500243.229999999981374, 240166.29 ], [ 500240.729999999981374, 240168.79 ], [ 500241.229999999981374, 240172.79 ], [ 500238.729999999981374, 240175.29 ], [ 500239.729999999981374, 240181.79 ], [ 500237.229999999981374, 240184.79 ], [ 500236.729999999981374, 240187.79 ], [ 500234.729999999981374, 240188.29 ], [ 500232.729999999981374, 240190.79 ], [ 500232.729999999981374, 240193.79 ], [ 500236.229999999981374, 240196.79 ], [ 500237.229999999981374, 240199.29 ], [ 500240.729999999981374, 240201.79 ], [ 500241.229999999981374, 240204.29 ], [ 500242.229999999981374, 240204.29 ], [ 500242.729999999981374, 240206.79 ], [ 500243.729999999981374, 240207.29 ], [ 500243.229999999981374, 240210.29 ], [ 500244.729999999981374, 240212.79 ], [ 500246.229999999981374, 240213.29 ], [ 500246.729999999981374, 240216.29 ], [ 500250.229999999981374, 240216.29 ], [ 500252.229999999981374, 240217.79 ], [ 500254.229999999981374, 240217.79 ], [ 500255.229999999981374, 240219.79 ], [ 500259.229999999981374, 240220.29 ], [ 500260.729999999981374, 240223.79 ], [ 500263.729999999981374, 240223.79 ], [ 500263.729999999981374, 240224.79 ] ] ] } },
{ "type": "Feature", "properties": { "mainhabs": "Deciduous woodland", "habcodes": "DWOOD", "featdesc": null, "featcodes": null, "otherclass": null, "addhabs": null, "primsource": "National Forest Inventory 2023 (DWOOD)", "areaha": "0.21", "version": "Sep_25", "uid": "PHID50032665_024007378", "shape_length": null, "shape_area": null, "site": "millbrook", "pid": 11, "method": "grabcut2" }, "geometry": { "type": "Polygon", "coordinates": [ [ [ 500354.229999999981374, 240128.79 ], [ 500356.229999999981374, 240128.29 ], [ 500356.729999999981374, 240126.79 ], [ 500359.229999999981374, 240126.29 ], [ 500360.729999999981374, 240124.79 ], [ 500366.729999999981374, 240125.79 ], [ 500367.729999999981374, 240124.79 ], [ 500367.729999999981374, 240122.29 ], [ 500370.229999999981374, 240119.79 ], [ 500369.729999999981374, 240110.29 ], [ 500365.729999999981374, 240107.29 ], [ 500365.729999999981374, 240106.29 ], [ 500363.229999999981374, 240105.79 ], [ 500359.729999999981374, 240101.29 ], [ 500358.229999999981374, 240101.29 ], [ 500356.229999999981374, 240093.79 ], [ 500353.729999999981374, 240091.29 ], [ 500351.229999999981374, 240090.79 ], [ 500348.729999999981374, 240088.29 ], [ 500345.229999999981374, 240087.79 ], [ 500343.729999999981374, 240085.29 ], [ 500341.729999999981374, 240084.29 ], [ 500340.729999999981374, 240081.79 ], [ 500337.229999999981374, 240080.29 ], [ 500336.229999999981374, 240078.29 ], [ 500337.229999999981374, 240077.79 ], [ 500337.229999999981374, 240075.79 ], [ 500333.729999999981374, 240072.79 ], [ 500333.729999999981374, 240071.79 ], [ 500332.229999999981374, 240071.29 ], [ 500332.229999999981374, 240070.29 ], [ 500329.729999999981374, 240069.79 ], [ 500328.729999999981374, 240067.29 ], [ 500326.229999999981374, 240065.29 ], [ 500326.229999999981374, 240064.29 ], [ 500325.229999999981374, 240064.29 ], [ 500325.229999999981374, 240062.79 ], [ 500323.729999999981374, 240062.79 ], [ 500321.729999999981374, 240059.79 ], [ 500320.229999999981374, 240059.29 ], [ 500320.229999999981374, 240058.29 ], [ 500318.729999999981374, 240057.79 ], [ 500318.729999999981374, 240056.79 ], [ 500317.729999999981374, 240056.79 ], [ 500317.229999999981374, 240053.29 ], [ 500316.229999999981374, 240053.29 ], [ 500314.729999999981374, 240051.29 ], [ 500314.229999999981374, 240049.29 ], [ 500308.729999999981374, 240046.29 ], [ 500308.229999999981374, 240044.79 ], [ 500305.729999999981374, 240044.29 ], [ 500305.729999999981374, 240043.29 ], [ 500302.729999999981374, 240041.29 ], [ 500302.229999999981374, 240039.29 ], [ 500298.729999999981374, 240035.29 ], [ 500295.229999999981374, 240034.79 ], [ 500294.729999999981374, 240032.79 ], [ 500293.229999999981374, 240032.29 ], [ 500292.729999999981374, 240030.79 ], [ 500290.729999999981374, 240030.79 ], [ 500288.729999999981374, 240033.79 ], [ 500288.729999999981374, 240038.79 ], [ 500287.729999999981374, 240039.29 ], [ 500287.729999999981374, 240040.79 ], [ 500289.229999999981374, 240041.29 ], [ 500289.229999999981374, 240044.79 ], [ 500293.229999999981374, 240047.79 ], [ 500294.229999999981374, 240050.79 ], [ 500301.729999999981374, 240054.79 ], [ 500308.229999999981374, 240060.29 ], [ 500310.729999999981374, 240063.79 ], [ 500312.229999999981374, 240064.29 ], [ 500315.229999999981374, 240072.29 ], [ 500318.229999999981374, 240076.29 ], [ 500320.229999999981374, 240077.29 ], [ 500326.229999999981374, 240088.29 ], [ 500333.229999999981374, 240093.79 ], [ 500337.729999999981374, 240095.79 ], [ 500343.229999999981374, 240101.29 ], [ 500344.729999999981374, 240103.79 ], [ 500344.229999999981374, 240106.29 ], [ 500346.729999999981374, 240109.79 ], [ 500340.729999999981374, 240116.29 ], [ 500340.229999999981374, 240120.79 ], [ 500344.229999999981374, 240123.79 ], [ 500346.729999999981374, 240123.29 ], [ 500347.229999999981374, 240124.29 ], [ 500348.729999999981374, 240124.29 ], [ 500348.729999999981374, 240125.29 ], [ 500350.229999999981374, 240125.29 ], [ 500350.729999999981374, 240126.79 ], [ 500353.229999999981374, 240127.29 ], [ 500354.229999999981374, 240128.79 ] ] ] } },
{ "type": "Feature", "properties": { "mainhabs": "Deciduous woodland", "habcodes": "DWOOD", "featdesc": null, "featcodes": null, "otherclass": null, "addhabs": null, "primsource": "National Forest Inventory 2023 (DWOOD)", "areaha": "1.1", "version": "Sep_25", "uid": "PHID50052509_024034309", "shape_length": null, "shape_area": null, "site": "millbrook", "pid": 12, "method": "grabcut2" }, "geometry": { "type": "Polygon", "coordinates": [ [ [ 500445.229999999981374, 240403.29 ], [ 500446.229999999981374, 240402.29 ], [ 500448.229999999981374, 240402.79 ], [ 500449.729999999981374, 240400.79 ], [ 500452.229999999981374, 240400.79 ], [ 500454.229999999981374, 240399.29 ], [ 500453.729999999981374, 240392.29 ], [ 500454.229999999981374, 240390.29 ], [ 500455.729999999981374, 240389.79 ], [ 500454.729999999981374, 240379.79 ], [ 500455.729999999981374, 240376.79 ], [ 500455.729999999981374, 240364.79 ], [ 500454.729999999981374, 240362.79 ], [ 500454.729999999981374, 240353.79 ], [ 500453.229999999981374, 240351.29 ], [ 500452.729999999981374, 240347.29 ], [ 500452.729999999981374, 240340.79 ], [ 500454.229999999981374, 240335.29 ], [ 500457.229999999981374, 240336.29 ], [ 500457.229999999981374, 240337.29 ], [ 500462.729999999981374, 240338.79 ], [ 500463.729999999981374, 240337.29 ], [ 500466.229999999981374, 240337.29 ], [ 500466.229999999981374, 240336.29 ], [ 500468.229999999981374, 240337.29 ], [ 500468.229999999981374, 240336.29 ], [ 500470.729999999981374, 240335.79 ], [ 500471.229999999981374, 240334.29 ], [ 500476.229999999981374, 240335.29 ], [ 500476.729999999981374, 240340.29 ], [ 500477.729999999981374, 240341.29 ], [ 500477.229999999981374, 240343.79 ], [ 500481.229999999981374, 240345.29 ], [ 500482.229999999981374, 240347.29 ], [ 500482.229999999981374, 240348.79 ], [ 500480.229999999981374, 240350.29 ], [ 500479.729999999981374, 240352.29 ], [ 500480.229999999981374, 240361.29 ], [ 500481.229999999981374, 240361.29 ], [ 500479.729999999981374, 240367.79 ], [ 500480.229999999981374, 240372.29 ], [ 500481.229999999981374, 240372.29 ], [ 500479.729999999981374, 240374.29 ], [ 500480.229999999981374, 240380.29 ], [ 500483.229999999981374, 240383.29 ], [ 500488.229999999981374, 240381.79 ], [ 500489.229999999981374, 240383.29 ], [ 500491.729999999981374, 240383.29 ], [ 500492.229999999981374, 240388.29 ], [ 500498.229999999981374, 240395.29 ], [ 500497.729999999981374, 240397.29 ], [ 500499.229999999981374, 240397.29 ], [ 500500.229999999981374, 240399.29 ], [ 500504.229999999981374, 240400.79 ], [ 500504.229999999981374, 240401.79 ], [ 500505.729999999981374, 240400.79 ], [ 500507.229999999981374, 240402.79 ], [ 500508.229999999981374, 240402.79 ], [ 500509.729999999981374, 240400.79 ], [ 500509.729999999981374, 240397.29 ], [ 500514.229999999981374, 240397.29 ], [ 500515.229999999981374, 240398.29 ], [ 500516.229999999981374, 240397.29 ], [ 500515.729999999981374, 240396.29 ], [ 500517.729999999981374, 240394.79 ], [ 500521.729999999981374, 240394.29 ], [ 500522.229999999981374, 240390.29 ], [ 500523.729999999981374, 240389.29 ], [ 500523.229999999981374, 240385.79 ], [ 500522.229999999981374, 240385.79 ], [ 500523.229999999981374, 240383.29 ], [ 500525.229999999981374, 240383.29 ], [ 500527.229999999981374, 240385.29 ], [ 500529.229999999981374, 240383.79 ], [ 500529.229999999981374, 240382.79 ], [ 500531.229999999981374, 240382.79 ], [ 500532.729999999981374, 240381.29 ], [ 500536.729999999981374, 240380.79 ], [ 500539.229999999981374, 240381.79 ], [ 500541.229999999981374, 240379.79 ], [ 500543.229999999981374, 240380.29 ], [ 500543.729999999981374, 240379.29 ], [ 500546.229999999981374, 240379.29 ], [ 500546.229999999981374, 240378.29 ], [ 500549.229999999981374, 240377.79 ], [ 500549.229999999981374, 240376.79 ], [ 500551.229999999981374, 240376.79 ], [ 500551.729999999981374, 240375.79 ], [ 500555.229999999981374, 240375.79 ], [ 500556.729999999981374, 240373.79 ], [ 500562.229999999981374, 240374.79 ], [ 500566.729999999981374, 240371.79 ], [ 500567.229999999981374, 240370.29 ], [ 500574.229999999981374, 240370.29 ], [ 500574.229999999981374, 240369.29 ], [ 500576.229999999981374, 240369.29 ], [ 500577.229999999981374, 240368.29 ], [ 500578.729999999981374, 240368.79 ], [ 500579.729999999981374, 240366.79 ], [ 500582.229999999981374, 240366.29 ], [ 500585.229999999981374, 240361.79 ], [ 500583.729999999981374, 240360.29 ], [ 500583.229999999981374, 240357.29 ], [ 500581.229999999981374, 240355.79 ], [ 500580.229999999981374, 240361.29 ], [ 500576.229999999981374, 240361.79 ], [ 500572.229999999981374, 240358.29 ], [ 500571.229999999981374, 240356.29 ], [ 500569.729999999981374, 240356.79 ], [ 500568.229999999981374, 240354.29 ], [ 500567.229999999981374, 240354.29 ], [ 500565.229999999981374, 240350.79 ], [ 500555.229999999981374, 240339.79 ], [ 500555.229999999981374, 240338.79 ], [ 500553.729999999981374, 240338.29 ], [ 500553.729999999981374, 240337.29 ], [ 500549.729999999981374, 240333.29 ], [ 500537.729999999981374, 240328.29 ], [ 500536.729999999981374, 240325.79 ], [ 500535.229999999981374, 240325.29 ], [ 500535.229999999981374, 240323.79 ], [ 500533.729999999981374, 240322.79 ], [ 500530.729999999981374, 240314.79 ], [ 500529.729999999981374, 240314.29 ], [ 500526.229999999981374, 240302.79 ], [ 500525.229999999981374, 240302.29 ], [ 500524.729999999981374, 240299.29 ], [ 500522.729999999981374, 240295.79 ], [ 500519.229999999981374, 240291.79 ], [ 500517.729999999981374, 240291.29 ], [ 500517.229999999981374, 240289.29 ], [ 500511.229999999981374, 240287.79 ], [ 500507.229999999981374, 240284.29 ], [ 500508.229999999981374, 240282.29 ], [ 500510.229999999981374, 240281.79 ], [ 500509.229999999981374, 240277.79 ], [ 500508.729999999981374, 240278.79 ], [ 500506.229999999981374, 240278.79 ], [ 500505.729999999981374, 240277.79 ], [ 500502.729999999981374, 240277.29 ], [ 500502.729999999981374, 240279.29 ], [ 500501.229999999981374, 240279.79 ], [ 500500.729999999981374, 240278.79 ], [ 500499.229999999981374, 240278.79 ], [ 500499.229999999981374, 240277.79 ], [ 500497.729999999981374, 240277.79 ], [ 500497.729999999981374, 240278.79 ], [ 500495.729999999981374, 240280.29 ], [ 500492.229999999981374, 240280.29 ], [ 500491.729999999981374, 240287.29 ], [ 500488.729999999981374, 240289.79 ], [ 500488.729999999981374, 240291.29 ], [ 500487.229999999981374, 240292.79 ], [ 500483.729999999981374, 240294.29 ], [ 500481.229999999981374, 240290.79 ], [ 500478.729999999981374, 240290.79 ], [ 500477.729999999981374, 240289.29 ], [ 500475.729999999981374, 240288.79 ], [ 500475.729999999981374, 240285.79 ], [ 500472.229999999981374, 240283.29 ], [ 500472.229999999981374, 240282.29 ], [ 500469.729999999981374, 240281.29 ], [ 500465.229999999981374, 240281.79 ], [ 500465.229999999981374, 240280.79 ], [ 500463.229999999981374, 240279.29 ], [ 500456.229999999981374, 240278.79 ], [ 500450.729999999981374, 240276.79 ], [ 500448.229999999981374, 240277.79 ], [ 500447.729999999981374, 240276.79 ], [ 500446.729999999981374, 240277.29 ], [ 500445.729999999981374, 240276.29 ], [ 500439.229999999981374, 240277.29 ], [ 500439.229999999981374, 240276.29 ], [ 500438.229999999981374, 240276.29 ], [ 500437.229999999981374, 240277.79 ], [ 500434.729999999981374, 240278.29 ], [ 500433.729999999981374, 240277.29 ], [ 500431.729999999981374, 240277.29 ], [ 500428.229999999981374, 240278.29 ], [ 500424.229999999981374, 240276.79 ], [ 500423.229999999981374, 240277.79 ], [ 500423.729999999981374, 240279.79 ], [ 500421.729999999981374, 240280.29 ], [ 500420.729999999981374, 240282.79 ], [ 500421.229999999981374, 240286.79 ], [ 500418.229999999981374, 240286.79 ], [ 500417.729999999981374, 240287.79 ], [ 500415.729999999981374, 240288.29 ], [ 500415.729999999981374, 240293.79 ], [ 500412.729999999981374, 240295.79 ], [ 500411.229999999981374, 240295.79 ], [ 500411.229999999981374, 240296.79 ], [ 500409.729999999981374, 240296.79 ], [ 500407.229999999981374, 240300.79 ], [ 500405.229999999981374, 240301.29 ], [ 500406.229999999981374, 240304.79 ], [ 500405.229999999981374, 240308.79 ], [ 500408.229999999981374, 240311.79 ], [ 500408.229999999981374, 240316.29 ], [ 500411.729999999981374, 240319.79 ], [ 500411.229999999981374, 240325.79 ], [ 500406.229999999981374, 240330.29 ], [ 500405.729999999981374, 240333.29 ], [ 500406.729999999981374, 240334.79 ], [ 500406.729999999981374, 240338.29 ], [ 500407.729999999981374, 240339.29 ], [ 500406.729999999981374, 240339.29 ], [ 500406.229999999981374, 240340.79 ], [ 500406.229999999981374, 240346.29 ], [ 500405.229999999981374, 240346.79 ], [ 500405.229999999981374, 240348.29 ], [ 500406.229999999981374, 240348.29 ], [ 500406.729999999981374, 240358.79 ], [ 500408.229999999981374, 240359.79 ], [ 500408.229999999981374, 240361.29 ], [ 500405.229999999981374, 240362.79 ], [ 500405.229999999981374, 240366.29 ], [ 500406.729999999981374, 240368.29 ], [ 500406.729999999981374, 240370.79 ], [ 500407.729999999981374, 240370.79 ], [ 500407.729999999981374, 240372.29 ], [ 500410.729999999981374, 240373.29 ], [ 500410.729999999981374, 240375.29 ], [ 500409.729999999981374, 240375.79 ], [ 500409.729999999981374, 240380.29 ], [ 500408.229999999981374, 240381.29 ], [ 500407.729999999981374, 240384.79 ], [ 500406.729999999981374, 240385.79 ], [ 500411.729999999981374, 240389.79 ], [ 500411.729999999981374, 240397.79 ], [ 500412.729999999981374, 240398.79 ], [ 500420.229999999981374, 240397.79 ], [ 500420.229999999981374, 240398.79 ], [ 500423.229999999981374, 240399.29 ], [ 500427.229999999981374, 240398.79 ], [ 500427.229999999981374, 240397.79 ], [ 500430.229999999981374, 240398.79 ], [ 500431.729999999981374, 240397.29 ], [ 500436.229999999981374, 240398.29 ], [ 500439.729999999981374, 240397.79 ], [ 500442.729999999981374, 240402.29 ], [ 500445.229999999981374, 240403.29 ] ] ] } },
{ "type": "Feature", "properties": { "mainhabs": "Deciduous woodland", "habcodes": "DWOOD", "featdesc": null, "featcodes": null, "otherclass": null, "addhabs": null, "primsource": "National Forest Inventory 2023 (DWOOD)", "areaha": "0.12", "version": "Sep_25", "uid": "PHID50054571_024032001", "shape_length": null, "shape_area": null, "site": "millbrook", "pid": 13, "method": "grabcut2" }, "geometry": { "type": "Polygon", "coordinates": [ [ [ 500576.229999999981374, 240361.79 ], [ 500580.229999999981374, 240361.29 ], [ 500581.229999999981374, 240356.79 ], [ 500580.729999999981374, 240354.79 ], [ 500577.729999999981374, 240352.79 ], [ 500577.229999999981374, 240350.79 ], [ 500576.229999999981374, 240350.79 ], [ 500572.729999999981374, 240345.29 ], [ 500570.229999999981374, 240344.79 ], [ 500569.729999999981374, 240342.29 ], [ 500568.729999999981374, 240342.29 ], [ 500568.729999999981374, 240339.79 ], [ 500566.729999999981374, 240337.29 ], [ 500565.729999999981374, 240337.29 ], [ 500565.229999999981374, 240335.79 ], [ 500564.229999999981374, 240335.79 ], [ 500564.229999999981374, 240334.29 ], [ 500561.729999999981374, 240332.29 ], [ 500560.729999999981374, 240329.79 ], [ 500555.229999999981374, 240324.29 ], [ 500555.229999999981374, 240322.79 ], [ 500548.729999999981374, 240316.79 ], [ 500547.229999999981374, 240312.29 ], [ 500545.729999999981374, 240311.79 ], [ 500544.729999999981374, 240309.29 ], [ 500542.729999999981374, 240307.79 ], [ 500541.729999999981374, 240304.79 ], [ 500538.729999999981374, 240302.79 ], [ 500535.229999999981374, 240297.29 ], [ 500529.729999999981374, 240292.29 ], [ 500529.729999999981374, 240290.79 ], [ 500528.229999999981374, 240289.79 ], [ 500528.229999999981374, 240287.79 ], [ 500525.729999999981374, 240286.79 ], [ 500523.229999999981374, 240283.79 ], [ 500519.729999999981374, 240281.79 ], [ 500520.229999999981374, 240277.79 ], [ 500517.729999999981374, 240276.29 ], [ 500517.729999999981374, 240274.79 ], [ 500510.729999999981374, 240272.79 ], [ 500510.229999999981374, 240281.79 ], [ 500508.229999999981374, 240282.29 ], [ 500507.229999999981374, 240284.29 ], [ 500512.229999999981374, 240288.29 ], [ 500517.229999999981374, 240289.29 ], [ 500517.729999999981374, 240291.29 ], [ 500519.229999999981374, 240291.79 ], [ 500522.729999999981374, 240295.79 ], [ 500524.729999999981374, 240299.29 ], [ 500525.229999999981374, 240302.29 ], [ 500526.229999999981374, 240302.79 ], [ 500529.729999999981374, 240314.29 ], [ 500530.729999999981374, 240314.79 ], [ 500533.729999999981374, 240322.79 ], [ 500535.229999999981374, 240323.79 ], [ 500535.229999999981374, 240325.29 ], [ 500536.729999999981374, 240325.79 ], [ 500537.729999999981374, 240328.29 ], [ 500539.229999999981374, 240329.29 ], [ 500549.729999999981374, 240333.29 ], [ 500565.229999999981374, 240350.79 ], [ 500567.229999999981374, 240354.29 ], [ 500568.229999999981374, 240354.29 ], [ 500569.729999999981374, 240356.79 ], [ 500571.229999999981374, 240356.29 ], [ 500572.229999999981374, 240358.29 ], [ 500576.229999999981374, 240361.79 ] ] ] } },
{ "type": "Feature", "properties": { "mainhabs": "Deciduous woodland", "habcodes": "DWOOD", "featdesc": null, "featcodes": null, "otherclass": null, "addhabs": "LCGRA, RBEDS", "primsource": "National Forest Inventory 2023 (DWOOD)", "areaha": "0.06", "version": "Sep_25", "uid": "PHID50068128_024107921", "shape_length": null, "shape_area": null, "site": "millbrook", "pid": 14, "method": "grabcut2" }, "geometry": { "type": "Polygon", "coordinates": [ [ [ 500676.229999999981374, 241088.79 ], [ 500682.229999999981374, 241088.29 ], [ 500684.229999999981374, 241086.79 ], [ 500689.229999999981374, 241086.79 ], [ 500692.229999999981374, 241081.29 ], [ 500696.229999999981374, 241082.29 ], [ 500699.729999999981374, 241079.29 ], [ 500699.729999999981374, 241076.79 ], [ 500696.229999999981374, 241071.79 ], [ 500693.229999999981374, 241069.29 ], [ 500686.729999999981374, 241068.79 ], [ 500684.229999999981374, 241069.79 ], [ 500682.729999999981374, 241068.79 ], [ 500675.229999999981374, 241068.79 ], [ 500673.729999999981374, 241070.29 ], [ 500670.729999999981374, 241069.79 ], [ 500668.729999999981374, 241070.79 ], [ 500667.729999999981374, 241072.29 ], [ 500664.729999999981374, 241073.29 ], [ 500667.229999999981374, 241077.29 ], [ 500666.729999999981374, 241082.29 ], [ 500668.229999999981374, 241082.79 ], [ 500670.729999999981374, 241085.79 ], [ 500673.729999999981374, 241085.79 ], [ 500676.229999999981374, 241088.79 ] ] ] } },
{ "type": "Feature", "properties": { "mainhabs": "Deciduous woodland", "habcodes": "DWOOD", "featdesc": null, "featcodes": null, "otherclass": null, "addhabs": "LCGRA, RBEDS", "primsource": "National Forest Inventory 2023 (DWOOD)", "areaha": "0.95", "version": "Sep_25", "uid": "PHID50084710_024107445", "shape_length": null, "shape_area": null, "site": "millbrook", "pid": 15, "method": "grabcut2" }, "geometry": { "type": "MultiPolygon", "coordinates": [ [ [ [ 500882.229999999981374, 241127.29 ], [ 500883.229999999981374, 241125.79 ], [ 500892.729999999981374, 241125.79 ], [ 500892.729999999981374, 241124.79 ], [ 500895.729999999981374, 241123.29 ], [ 500896.229999999981374, 241121.79 ], [ 500897.229999999981374, 241122.79 ], [ 500902.229999999981374, 241122.79 ], [ 500902.729999999981374, 241121.79 ], [ 500906.229999999981374, 241121.29 ], [ 500906.229999999981374, 241120.29 ], [ 500908.229999999981374, 241119.29 ], [ 500906.729999999981374, 241112.29 ], [ 500907.229999999981374, 241108.29 ], [ 500906.229999999981374, 241106.79 ], [ 500905.229999999981374, 241099.29 ], [ 500905.229999999981374, 241096.29 ], [ 500906.229999999981374, 241096.29 ], [ 500906.229999999981374, 241094.79 ], [ 500904.229999999981374, 241094.29 ], [ 500903.229999999981374, 241093.29 ], [ 500903.229999999981374, 241091.29 ], [ 500901.729999999981374, 241090.29 ], [ 500900.729999999981374, 241082.79 ], [ 500897.729999999981374, 241081.79 ], [ 500895.729999999981374, 241079.29 ], [ 500894.729999999981374, 241073.29 ], [ 500893.229999999981374, 241072.29 ], [ 500893.729999999981374, 241069.29 ], [ 500892.729999999981374, 241068.79 ], [ 500892.729999999981374, 241064.79 ], [ 500891.229999999981374, 241063.79 ], [ 500891.229999999981374, 241059.79 ], [ 500889.729999999981374, 241058.79 ], [ 500888.729999999981374, 241054.79 ], [ 500885.729999999981374, 241053.79 ], [ 500885.229999999981374, 241050.29 ], [ 500884.229999999981374, 241050.29 ], [ 500883.229999999981374, 241036.79 ], [ 500881.229999999981374, 241035.79 ], [ 500880.729999999981374, 241034.29 ], [ 500876.729999999981374, 241034.29 ], [ 500876.229999999981374, 241031.29 ], [ 500874.729999999981374, 241030.79 ], [ 500873.229999999981374, 241028.29 ], [ 500867.729999999981374, 241028.29 ], [ 500867.229999999981374, 241032.79 ], [ 500865.729999999981374, 241033.29 ], [ 500865.229999999981374, 241031.29 ], [ 500863.229999999981374, 241030.79 ], [ 500862.729999999981374, 241029.29 ], [ 500857.729999999981374, 241029.29 ], [ 500856.229999999981374, 241028.29 ], [ 500855.729999999981374, 241025.79 ], [ 500854.729999999981374, 241024.79 ], [ 500852.729999999981374, 241024.79 ], [ 500852.729999999981374, 241023.79 ], [ 500851.229999999981374, 241024.29 ], [ 500850.729999999981374, 241026.29 ], [ 500843.229999999981374, 241026.29 ], [ 500840.729999999981374, 241028.29 ], [ 500837.229999999981374, 241028.29 ], [ 500835.229999999981374, 241026.79 ], [ 500833.729999999981374, 241026.79 ], [ 500833.729999999981374, 241027.79 ], [ 500830.229999999981374, 241027.79 ], [ 500829.729999999981374, 241026.79 ], [ 500827.729999999981374, 241026.79 ], [ 500825.229999999981374, 241024.79 ], [ 500812.729999999981374, 241024.79 ], [ 500811.229999999981374, 241026.79 ], [ 500811.229999999981374, 241029.29 ], [ 500809.229999999981374, 241031.29 ], [ 500807.729999999981374, 241030.79 ], [ 500807.229999999981374, 241032.29 ], [ 500803.229999999981374, 241031.79 ], [ 500800.729999999981374, 241032.79 ], [ 500798.229999999981374, 241030.29 ], [ 500797.729999999981374, 241028.29 ], [ 500796.229999999981374, 241028.29 ], [ 500795.729999999981374, 241029.29 ], [ 500793.729999999981374, 241029.79 ], [ 500791.729999999981374, 241033.29 ], [ 500788.729999999981374, 241035.29 ], [ 500787.729999999981374, 241035.29 ], [ 500787.729999999981374, 241034.29 ], [ 500786.229999999981374, 241034.29 ], [ 500784.729999999981374, 241035.79 ], [ 500783.729999999981374, 241034.79 ], [ 500780.729999999981374, 241035.29 ], [ 500780.229999999981374, 241038.29 ], [ 500781.729999999981374, 241039.79 ], [ 500781.229999999981374, 241041.79 ], [ 500779.229999999981374, 241042.29 ], [ 500778.229999999981374, 241044.29 ], [ 500775.729999999981374, 241044.79 ], [ 500774.229999999981374, 241047.29 ], [ 500771.229999999981374, 241047.79 ], [ 500770.729999999981374, 241046.29 ], [ 500768.229999999981374, 241045.29 ], [ 500765.729999999981374, 241042.79 ], [ 500764.229999999981374, 241043.79 ], [ 500759.229999999981374, 241043.29 ], [ 500758.729999999981374, 241044.79 ], [ 500756.229999999981374, 241044.29 ], [ 500755.729999999981374, 241045.29 ], [ 500753.229999999981374, 241045.79 ], [ 500753.729999999981374, 241047.79 ], [ 500754.729999999981374, 241048.29 ], [ 500754.229999999981374, 241049.79 ], [ 500755.729999999981374, 241051.79 ], [ 500756.229999999981374, 241054.79 ], [ 500758.729999999981374, 241055.29 ], [ 500759.229999999981374, 241058.29 ], [ 500760.729999999981374, 241058.79 ], [ 500772.229999999981374, 241055.79 ], [ 500784.229999999981374, 241054.79 ], [ 500784.729999999981374, 241052.29 ], [ 500785.729999999981374, 241052.29 ], [ 500787.729999999981374, 241054.79 ], [ 500798.229999999981374, 241055.79 ], [ 500806.729999999981374, 241058.79 ], [ 500810.229999999981374, 241058.79 ], [ 500810.729999999981374, 241061.29 ], [ 500812.729999999981374, 241063.29 ], [ 500814.729999999981374, 241063.29 ], [ 500815.729999999981374, 241061.79 ], [ 500818.229999999981374, 241061.79 ], [ 500819.729999999981374, 241064.29 ], [ 500821.729999999981374, 241065.29 ], [ 500821.729999999981374, 241067.79 ], [ 500823.229999999981374, 241069.29 ], [ 500824.729999999981374, 241069.29 ], [ 500825.729999999981374, 241071.29 ], [ 500829.229999999981374, 241072.29 ], [ 500834.229999999981374, 241079.29 ], [ 500835.729999999981374, 241079.79 ], [ 500842.729999999981374, 241092.29 ], [ 500846.229999999981374, 241095.29 ], [ 500846.729999999981374, 241096.79 ], [ 500848.729999999981374, 241097.79 ], [ 500848.729999999981374, 241100.79 ], [ 500853.229999999981374, 241105.29 ], [ 500853.229999999981374, 241106.29 ], [ 500857.729999999981374, 241109.79 ], [ 500857.729999999981374, 241111.29 ], [ 500867.729999999981374, 241120.29 ], [ 500869.229999999981374, 241120.29 ], [ 500869.229999999981374, 241121.29 ], [ 500871.229999999981374, 241121.79 ], [ 500871.729999999981374, 241122.79 ], [ 500874.729999999981374, 241122.79 ], [ 500876.229999999981374, 241125.79 ], [ 500879.729999999981374, 241125.79 ], [ 500880.729999999981374, 241127.29 ], [ 500882.229999999981374, 241127.29 ] ], [ [ 500835.229999999981374, 241041.29 ], [ 500833.729999999981374, 241041.29 ], [ 500832.229999999981374, 241038.29 ], [ 500835.729999999981374, 241036.79 ], [ 500835.729999999981374, 241035.79 ], [ 500837.229999999981374, 241035.79 ], [ 500838.229999999981374, 241034.29 ], [ 500840.729999999981374, 241035.29 ], [ 500843.229999999981374, 241038.29 ], [ 500842.729999999981374, 241040.29 ], [ 500840.229999999981374, 241040.29 ], [ 500837.729999999981374, 241038.79 ], [ 500836.229999999981374, 241041.29 ], [ 500835.229999999981374, 241041.29 ] ] ], [ [ [ 500601.229999999981374, 241092.79 ], [ 500604.729999999981374, 241089.79 ], [ 500606.229999999981374, 241089.79 ], [ 500606.229999999981374, 241088.79 ], [ 500608.729999999981374, 241088.29 ], [ 500608.729999999981374, 241087.29 ], [ 500610.229999999981374, 241087.29 ], [ 500610.729999999981374, 241086.29 ], [ 500616.229999999981374, 241083.79 ], [ 500616.229999999981374, 241082.79 ], [ 500617.729999999981374, 241082.79 ], [ 500622.229999999981374, 241079.29 ], [ 500623.729999999981374, 241079.29 ], [ 500623.729999999981374, 241078.29 ], [ 500626.729999999981374, 241077.79 ], [ 500630.229999999981374, 241074.79 ], [ 500632.229999999981374, 241074.79 ], [ 500632.729999999981374, 241073.79 ], [ 500639.729999999981374, 241071.79 ], [ 500640.229999999981374, 241070.79 ], [ 500643.229999999981374, 241070.79 ], [ 500649.729999999981374, 241068.79 ], [ 500657.229999999981374, 241068.79 ], [ 500658.229999999981374, 241069.79 ], [ 500664.229999999981374, 241069.29 ], [ 500665.729999999981374, 241071.79 ], [ 500667.229999999981374, 241072.29 ], [ 500670.729999999981374, 241069.79 ], [ 500673.729999999981374, 241070.29 ], [ 500675.229999999981374, 241068.79 ], [ 500682.729999999981374, 241068.79 ], [ 500685.729999999981374, 241069.79 ], [ 500686.729999999981374, 241068.79 ], [ 500691.729999999981374, 241068.29 ], [ 500692.229999999981374, 241067.29 ], [ 500695.729999999981374, 241067.29 ], [ 500697.229999999981374, 241069.79 ], [ 500701.729999999981374, 241068.79 ], [ 500703.229999999981374, 241069.29 ], [ 500703.729999999981374, 241070.79 ], [ 500706.729999999981374, 241070.29 ], [ 500706.729999999981374, 241069.29 ], [ 500717.229999999981374, 241066.29 ], [ 500717.229999999981374, 241063.79 ], [ 500714.229999999981374, 241062.29 ], [ 500713.729999999981374, 241060.79 ], [ 500714.729999999981374, 241059.79 ], [ 500717.229999999981374, 241059.79 ], [ 500717.229999999981374, 241058.79 ], [ 500718.729999999981374, 241058.29 ], [ 500718.729999999981374, 241055.79 ], [ 500717.229999999981374, 241054.79 ], [ 500717.229999999981374, 241053.29 ], [ 500715.729999999981374, 241053.29 ], [ 500715.229999999981374, 241054.79 ], [ 500713.729999999981374, 241054.29 ], [ 500711.729999999981374, 241056.79 ], [ 500709.729999999981374, 241057.29 ], [ 500707.229999999981374, 241054.29 ], [ 500703.729999999981374, 241053.29 ], [ 500700.729999999981374, 241049.29 ], [ 500697.229999999981374, 241050.29 ], [ 500695.229999999981374, 241047.79 ], [ 500693.729999999981374, 241049.29 ], [ 500689.729999999981374, 241049.29 ], [ 500688.229999999981374, 241052.29 ], [ 500685.229999999981374, 241052.29 ], [ 500683.729999999981374, 241054.79 ], [ 500682.729999999981374, 241054.79 ], [ 500682.229999999981374, 241053.29 ], [ 500679.729999999981374, 241053.79 ], [ 500677.729999999981374, 241050.79 ], [ 500674.729999999981374, 241050.29 ], [ 500672.229999999981374, 241051.79 ], [ 500671.729999999981374, 241053.29 ], [ 500669.229999999981374, 241053.79 ], [ 500669.229999999981374, 241055.79 ], [ 500666.229999999981374, 241055.79 ], [ 500663.229999999981374, 241055.29 ], [ 500661.729999999981374, 241052.29 ], [ 500661.229999999981374, 241053.29 ], [ 500660.229999999981374, 241052.29 ], [ 500657.729999999981374, 241052.29 ], [ 500656.729999999981374, 241047.29 ], [ 500651.229999999981374, 241047.29 ], [ 500650.729999999981374, 241052.29 ], [ 500649.729999999981374, 241052.79 ], [ 500647.729999999981374, 241053.29 ], [ 500647.729999999981374, 241052.29 ], [ 500646.729999999981374, 241052.29 ], [ 500646.229999999981374, 241053.29 ], [ 500642.229999999981374, 241053.29 ], [ 500642.229999999981374, 241054.79 ], [ 500639.729999999981374, 241056.79 ], [ 500635.229999999981374, 241056.29 ], [ 500634.229999999981374, 241058.79 ], [ 500631.729999999981374, 241057.79 ], [ 500628.229999999981374, 241058.29 ], [ 500625.729999999981374, 241061.29 ], [ 500626.729999999981374, 241063.29 ], [ 500623.729999999981374, 241063.29 ], [ 500623.729999999981374, 241064.29 ], [ 500620.729999999981374, 241065.29 ], [ 500619.229999999981374, 241070.79 ], [ 500615.729999999981374, 241072.29 ], [ 500614.229999999981374, 241071.79 ], [ 500613.729999999981374, 241072.79 ], [ 500611.729999999981374, 241072.29 ], [ 500610.229999999981374, 241076.29 ], [ 500608.229999999981374, 241076.79 ], [ 500606.729999999981374, 241075.79 ], [ 500605.729999999981374, 241077.79 ], [ 500604.229999999981374, 241077.79 ], [ 500603.229999999981374, 241076.29 ], [ 500600.229999999981374, 241076.29 ], [ 500600.229999999981374, 241075.29 ], [ 500598.229999999981374, 241073.79 ], [ 500594.729999999981374, 241073.79 ], [ 500593.729999999981374, 241075.29 ], [ 500592.229999999981374, 241075.29 ], [ 500592.229999999981374, 241076.29 ], [ 500590.729999999981374, 241076.79 ], [ 500589.229999999981374, 241081.29 ], [ 500592.229999999981374, 241082.79 ], [ 500593.729999999981374, 241085.29 ], [ 500597.229999999981374, 241085.79 ], [ 500597.229999999981374, 241088.79 ], [ 500596.229999999981374, 241090.29 ], [ 500597.729999999981374, 241090.29 ], [ 500598.729999999981374, 241092.79 ], [ 500601.229999999981374, 241092.79 ] ] ] ] } },
{ "type": "Feature", "properties": { "mainhabs": "Deciduous woodland", "habcodes": "DWOOD", "featdesc": null, "featcodes": null, "otherclass": null, "addhabs": null, "primsource": "National Forest Inventory 2023 (DWOOD)", "areaha": "1.91", "version": "Sep_25", "uid": "PHID50086417_024122657", "shape_length": null, "shape_area": null, "site": "millbrook", "pid": 16, "method": "grabcut2" }, "geometry": { "type": "Polygon", "coordinates": [ [ [ 500831.229999999981374, 241402.79 ], [ 500832.229999999981374, 241402.29 ], [ 500832.229999999981374, 241400.29 ], [ 500834.229999999981374, 241398.79 ], [ 500834.229999999981374, 241396.29 ], [ 500836.729999999981374, 241394.79 ], [ 500837.229999999981374, 241389.79 ], [ 500840.229999999981374, 241387.79 ], [ 500838.729999999981374, 241384.79 ], [ 500839.729999999981374, 241383.79 ], [ 500839.729999999981374, 241381.79 ], [ 500843.229999999981374, 241379.29 ], [ 500844.729999999981374, 241379.29 ], [ 500844.729999999981374, 241378.29 ], [ 500850.229999999981374, 241377.79 ], [ 500851.229999999981374, 241375.79 ], [ 500854.229999999981374, 241375.79 ], [ 500855.729999999981374, 241372.29 ], [ 500856.729999999981374, 241372.29 ], [ 500856.729999999981374, 241370.79 ], [ 500860.229999999981374, 241367.79 ], [ 500861.229999999981374, 241367.79 ], [ 500862.229999999981374, 241369.79 ], [ 500865.729999999981374, 241368.29 ], [ 500867.729999999981374, 241365.79 ], [ 500867.729999999981374, 241363.29 ], [ 500866.229999999981374, 241362.79 ], [ 500866.229999999981374, 241361.79 ], [ 500867.729999999981374, 241360.79 ], [ 500867.729999999981374, 241356.79 ], [ 500869.229999999981374, 241355.29 ], [ 500869.229999999981374, 241352.79 ], [ 500871.729999999981374, 241352.29 ], [ 500872.229999999981374, 241353.79 ], [ 500873.729999999981374, 241354.29 ], [ 500875.229999999981374, 241350.79 ], [ 500876.729999999981374, 241349.29 ], [ 500881.729999999981374, 241347.29 ], [ 500887.229999999981374, 241340.29 ], [ 500891.229999999981374, 241340.29 ], [ 500890.229999999981374, 241332.29 ], [ 500892.729999999981374, 241331.79 ], [ 500892.729999999981374, 241329.29 ], [ 500893.729999999981374, 241328.29 ], [ 500896.229999999981374, 241328.29 ], [ 500896.229999999981374, 241326.79 ], [ 500898.729999999981374, 241325.29 ], [ 500899.229999999981374, 241322.79 ], [ 500900.229999999981374, 241322.79 ], [ 500902.229999999981374, 241319.79 ], [ 500903.729999999981374, 241319.29 ], [ 500903.729999999981374, 241318.29 ], [ 500905.229999999981374, 241317.79 ], [ 500905.229999999981374, 241316.79 ], [ 500907.229999999981374, 241316.29 ], [ 500909.229999999981374, 241313.79 ], [ 500909.729999999981374, 241305.79 ], [ 500907.729999999981374, 241304.79 ], [ 500906.729999999981374, 241301.79 ], [ 500906.729999999981374, 241296.29 ], [ 500909.729999999981374, 241292.79 ], [ 500908.729999999981374, 241287.79 ], [ 500909.729999999981374, 241287.29 ], [ 500909.229999999981374, 241283.29 ], [ 500910.229999999981374, 241281.79 ], [ 500909.729999999981374, 241280.29 ], [ 500910.729999999981374, 241280.29 ], [ 500910.729999999981374, 241276.79 ], [ 500908.229999999981374, 241275.29 ], [ 500908.229999999981374, 241273.29 ], [ 500909.229999999981374, 241273.29 ], [ 500909.229999999981374, 241272.29 ], [ 500907.729999999981374, 241269.29 ], [ 500908.229999999981374, 241263.29 ], [ 500907.729999999981374, 241260.79 ], [ 500906.229999999981374, 241259.79 ], [ 500906.729999999981374, 241257.29 ], [ 500902.729999999981374, 241254.79 ], [ 500899.729999999981374, 241245.29 ], [ 500894.229999999981374, 241232.79 ], [ 500892.729999999981374, 241234.29 ], [ 500890.229999999981374, 241232.29 ], [ 500890.229999999981374, 241226.79 ], [ 500889.229999999981374, 241226.29 ], [ 500885.729999999981374, 241217.79 ], [ 500884.729999999981374, 241217.29 ], [ 500881.729999999981374, 241210.29 ], [ 500880.729999999981374, 241209.79 ], [ 500880.729999999981374, 241208.29 ], [ 500879.729999999981374, 241208.29 ], [ 500877.729999999981374, 241202.79 ], [ 500876.229999999981374, 241201.29 ], [ 500876.229999999981374, 241199.29 ], [ 500875.229999999981374, 241198.79 ], [ 500873.229999999981374, 241193.79 ], [ 500873.229999999981374, 241190.79 ], [ 500872.229999999981374, 241190.29 ], [ 500871.729999999981374, 241177.79 ], [ 500875.229999999981374, 241166.29 ], [ 500875.229999999981374, 241157.79 ], [ 500877.229999999981374, 241158.29 ], [ 500877.729999999981374, 241163.29 ], [ 500877.729999999981374, 241147.79 ], [ 500878.729999999981374, 241146.79 ], [ 500880.229999999981374, 241139.79 ], [ 500883.229999999981374, 241140.79 ], [ 500883.729999999981374, 241141.79 ], [ 500885.229999999981374, 241141.29 ], [ 500881.229999999981374, 241136.79 ], [ 500879.729999999981374, 241138.29 ], [ 500878.729999999981374, 241137.79 ], [ 500877.729999999981374, 241129.29 ], [ 500872.729999999981374, 241125.79 ], [ 500874.729999999981374, 241122.79 ], [ 500871.729999999981374, 241122.79 ], [ 500871.229999999981374, 241121.79 ], [ 500869.229999999981374, 241121.29 ], [ 500869.229999999981374, 241120.29 ], [ 500867.729999999981374, 241120.29 ], [ 500857.729999999981374, 241111.29 ], [ 500857.729999999981374, 241109.79 ], [ 500853.229999999981374, 241106.29 ], [ 500853.229999999981374, 241105.29 ], [ 500848.729999999981374, 241100.79 ], [ 500848.729999999981374, 241097.79 ], [ 500846.729999999981374, 241096.79 ], [ 500846.229999999981374, 241095.29 ], [ 500842.729999999981374, 241092.29 ], [ 500839.229999999981374, 241085.79 ], [ 500834.729999999981374, 241081.29 ], [ 500834.229999999981374, 241079.29 ], [ 500831.229999999981374, 241078.29 ], [ 500828.229999999981374, 241074.79 ], [ 500827.729999999981374, 241072.29 ], [ 500824.729999999981374, 241069.79 ], [ 500822.729999999981374, 241069.29 ], [ 500821.729999999981374, 241067.29 ], [ 500819.229999999981374, 241066.79 ], [ 500814.229999999981374, 241062.79 ], [ 500811.729999999981374, 241062.79 ], [ 500810.229999999981374, 241060.79 ], [ 500810.229999999981374, 241058.79 ], [ 500806.729999999981374, 241058.79 ], [ 500798.229999999981374, 241055.79 ], [ 500787.729999999981374, 241054.79 ], [ 500785.729999999981374, 241052.29 ], [ 500784.729999999981374, 241052.79 ], [ 500784.729999999981374, 241054.79 ], [ 500785.729999999981374, 241054.79 ], [ 500785.729999999981374, 241056.79 ], [ 500783.229999999981374, 241058.29 ], [ 500782.729999999981374, 241061.79 ], [ 500780.229999999981374, 241063.29 ], [ 500778.229999999981374, 241062.79 ], [ 500775.229999999981374, 241058.29 ], [ 500771.229999999981374, 241058.29 ], [ 500764.229999999981374, 241060.79 ], [ 500759.229999999981374, 241060.79 ], [ 500757.229999999981374, 241058.29 ], [ 500755.729999999981374, 241058.29 ], [ 500754.229999999981374, 241056.79 ], [ 500754.229999999981374, 241052.29 ], [ 500752.229999999981374, 241050.79 ], [ 500745.729999999981374, 241052.79 ], [ 500743.729999999981374, 241052.29 ], [ 500743.229999999981374, 241053.29 ], [ 500739.729999999981374, 241052.29 ], [ 500739.729999999981374, 241053.29 ], [ 500738.229999999981374, 241053.79 ], [ 500735.229999999981374, 241053.79 ], [ 500734.229999999981374, 241054.79 ], [ 500734.729999999981374, 241060.29 ], [ 500733.229999999981374, 241061.29 ], [ 500733.229999999981374, 241064.29 ], [ 500728.229999999981374, 241064.29 ], [ 500726.229999999981374, 241065.79 ], [ 500721.729999999981374, 241065.79 ], [ 500720.229999999981374, 241066.79 ], [ 500718.229999999981374, 241064.29 ], [ 500717.229999999981374, 241064.29 ], [ 500717.229999999981374, 241066.29 ], [ 500709.729999999981374, 241068.29 ], [ 500706.729999999981374, 241070.29 ], [ 500704.729999999981374, 241070.29 ], [ 500703.729999999981374, 241071.79 ], [ 500696.229999999981374, 241069.79 ], [ 500695.229999999981374, 241071.29 ], [ 500699.729999999981374, 241076.79 ], [ 500699.729999999981374, 241079.29 ], [ 500696.229999999981374, 241082.29 ], [ 500692.229999999981374, 241081.29 ], [ 500689.229999999981374, 241086.79 ], [ 500684.229999999981374, 241086.79 ], [ 500682.229999999981374, 241088.29 ], [ 500676.229999999981374, 241088.79 ], [ 500673.729999999981374, 241085.79 ], [ 500669.729999999981374, 241085.29 ], [ 500668.229999999981374, 241082.79 ], [ 500666.729999999981374, 241082.29 ], [ 500667.229999999981374, 241077.29 ], [ 500664.729999999981374, 241073.79 ], [ 500666.229999999981374, 241072.79 ], [ 500665.729999999981374, 241070.79 ], [ 500664.229999999981374, 241070.29 ], [ 500662.229999999981374, 241071.79 ], [ 500660.229999999981374, 241071.79 ], [ 500659.729999999981374, 241070.29 ], [ 500655.729999999981374, 241068.79 ], [ 500652.229999999981374, 241070.79 ], [ 500642.229999999981374, 241072.29 ], [ 500641.729999999981374, 241073.29 ], [ 500637.729999999981374, 241073.79 ], [ 500637.229999999981374, 241074.79 ], [ 500630.729999999981374, 241076.79 ], [ 500602.729999999981374, 241093.79 ], [ 500601.229999999981374, 241092.79 ], [ 500598.729999999981374, 241092.79 ], [ 500597.729999999981374, 241090.29 ], [ 500591.229999999981374, 241089.79 ], [ 500586.229999999981374, 241097.79 ], [ 500583.729999999981374, 241097.79 ], [ 500583.229999999981374, 241096.79 ], [ 500581.229999999981374, 241096.29 ], [ 500579.229999999981374, 241097.79 ], [ 500576.229999999981374, 241106.29 ], [ 500573.229999999981374, 241103.79 ], [ 500571.229999999981374, 241103.79 ], [ 500569.729999999981374, 241105.79 ], [ 500566.729999999981374, 241104.79 ], [ 500564.229999999981374, 241106.79 ], [ 500560.729999999981374, 241106.29 ], [ 500557.729999999981374, 241111.79 ], [ 500557.729999999981374, 241115.29 ], [ 500558.229999999981374, 241116.79 ], [ 500559.229999999981374, 241116.79 ], [ 500559.229999999981374, 241118.29 ], [ 500557.729999999981374, 241122.29 ], [ 500559.229999999981374, 241123.29 ], [ 500559.729999999981374, 241125.79 ], [ 500561.229999999981374, 241126.29 ], [ 500561.229999999981374, 241127.29 ], [ 500565.229999999981374, 241127.79 ], [ 500566.229999999981374, 241130.79 ], [ 500567.729999999981374, 241131.79 ], [ 500568.229999999981374, 241134.79 ], [ 500569.729999999981374, 241134.79 ], [ 500569.729999999981374, 241133.29 ], [ 500576.229999999981374, 241134.29 ], [ 500577.229999999981374, 241132.29 ], [ 500578.229999999981374, 241132.29 ], [ 500581.729999999981374, 241136.79 ], [ 500583.729999999981374, 241135.79 ], [ 500585.229999999981374, 241137.79 ], [ 500586.229999999981374, 241137.79 ], [ 500587.229999999981374, 241132.79 ], [ 500588.729999999981374, 241132.29 ], [ 500591.729999999981374, 241134.79 ], [ 500592.729999999981374, 241133.29 ], [ 500597.729999999981374, 241133.29 ], [ 500601.229999999981374, 241136.79 ], [ 500601.229999999981374, 241137.79 ], [ 500604.729999999981374, 241137.79 ], [ 500607.229999999981374, 241137.29 ], [ 500607.729999999981374, 241136.29 ], [ 500609.229999999981374, 241136.79 ], [ 500612.229999999981374, 241134.29 ], [ 500613.729999999981374, 241135.29 ], [ 500613.729999999981374, 241137.29 ], [ 500615.229999999981374, 241138.79 ], [ 500617.729999999981374, 241137.79 ], [ 500618.229999999981374, 241139.29 ], [ 500620.729999999981374, 241139.29 ], [ 500621.229999999981374, 241138.29 ], [ 500625.229999999981374, 241138.29 ], [ 500625.729999999981374, 241135.29 ], [ 500628.729999999981374, 241134.29 ], [ 500628.229999999981374, 241132.29 ], [ 500629.729999999981374, 241131.29 ], [ 500631.229999999981374, 241131.79 ], [ 500631.729999999981374, 241130.79 ], [ 500633.229999999981374, 241131.79 ], [ 500641.229999999981374, 241130.79 ], [ 500641.729999999981374, 241131.79 ], [ 500643.229999999981374, 241131.79 ], [ 500646.229999999981374, 241130.29 ], [ 500646.729999999981374, 241127.29 ], [ 500649.729999999981374, 241127.29 ], [ 500653.229999999981374, 241130.29 ], [ 500656.229999999981374, 241130.79 ], [ 500656.729999999981374, 241129.29 ], [ 500658.729999999981374, 241128.79 ], [ 500658.729999999981374, 241126.79 ], [ 500657.229999999981374, 241125.79 ], [ 500658.229999999981374, 241124.29 ], [ 500654.229999999981374, 241121.29 ], [ 500654.229999999981374, 241118.79 ], [ 500655.229999999981374, 241117.29 ], [ 500663.229999999981374, 241117.29 ], [ 500667.229999999981374, 241120.29 ], [ 500670.229999999981374, 241119.79 ], [ 500672.229999999981374, 241117.29 ], [ 500670.229999999981374, 241115.79 ], [ 500670.229999999981374, 241113.79 ], [ 500673.229999999981374, 241111.79 ], [ 500673.229999999981374, 241110.29 ], [ 500676.229999999981374, 241106.79 ], [ 500679.229999999981374, 241107.29 ], [ 500680.229999999981374, 241105.79 ], [ 500682.729999999981374, 241106.79 ], [ 500687.229999999981374, 241106.29 ], [ 500689.229999999981374, 241104.79 ], [ 500689.729999999981374, 241102.79 ], [ 500693.229999999981374, 241103.29 ], [ 500693.229999999981374, 241101.79 ], [ 500697.229999999981374, 241101.79 ], [ 500697.729999999981374, 241099.29 ], [ 500700.729999999981374, 241099.29 ], [ 500701.729999999981374, 241098.29 ], [ 500703.729999999981374, 241099.29 ], [ 500705.229999999981374, 241095.79 ], [ 500707.729999999981374, 241095.79 ], [ 500709.729999999981374, 241094.29 ], [ 500709.229999999981374, 241092.79 ], [ 500708.229999999981374, 241092.79 ], [ 500708.229999999981374, 241091.79 ], [ 500706.229999999981374, 241090.29 ], [ 500706.229999999981374, 241088.29 ], [ 500708.729999999981374, 241087.29 ], [ 500710.729999999981374, 241089.29 ], [ 500710.729999999981374, 241090.79 ], [ 500712.729999999981374, 241091.79 ], [ 500714.729999999981374, 241088.29 ], [ 500717.229999999981374, 241088.29 ], [ 500717.229999999981374, 241087.29 ], [ 500719.729999999981374, 241087.79 ], [ 500721.229999999981374, 241086.79 ], [ 500721.729999999981374, 241084.29 ], [ 500720.229999999981374, 241083.79 ], [ 500720.229999999981374, 241081.79 ], [ 500723.229999999981374, 241082.79 ], [ 500729.229999999981374, 241082.79 ], [ 500730.229999999981374, 241084.29 ], [ 500735.229999999981374, 241083.79 ], [ 500736.229999999981374, 241084.79 ], [ 500738.229999999981374, 241083.29 ], [ 500739.729999999981374, 241084.29 ], [ 500741.229999999981374, 241081.29 ], [ 500743.229999999981374, 241081.79 ], [ 500743.729999999981374, 241080.79 ], [ 500745.729999999981374, 241080.79 ], [ 500747.229999999981374, 241082.79 ], [ 500749.229999999981374, 241082.79 ], [ 500750.729999999981374, 241081.29 ], [ 500749.729999999981374, 241078.79 ], [ 500751.729999999981374, 241076.29 ], [ 500754.229999999981374, 241076.79 ], [ 500754.729999999981374, 241078.79 ], [ 500756.729999999981374, 241080.79 ], [ 500759.229999999981374, 241080.79 ], [ 500759.229999999981374, 241079.79 ], [ 500762.729999999981374, 241079.79 ], [ 500763.729999999981374, 241077.79 ], [ 500765.229999999981374, 241077.29 ], [ 500768.229999999981374, 241077.79 ], [ 500768.229999999981374, 241076.79 ], [ 500769.229999999981374, 241076.79 ], [ 500769.229999999981374, 241074.79 ], [ 500773.729999999981374, 241075.29 ], [ 500774.229999999981374, 241073.29 ], [ 500788.729999999981374, 241073.29 ], [ 500790.729999999981374, 241074.79 ], [ 500792.729999999981374, 241074.79 ], [ 500793.729999999981374, 241072.79 ], [ 500794.729999999981374, 241072.79 ], [ 500795.729999999981374, 241074.29 ], [ 500797.729999999981374, 241073.79 ], [ 500803.229999999981374, 241078.29 ], [ 500805.229999999981374, 241077.29 ], [ 500808.229999999981374, 241079.29 ], [ 500808.729999999981374, 241081.29 ], [ 500809.729999999981374, 241081.29 ], [ 500808.729999999981374, 241083.79 ], [ 500809.729999999981374, 241084.29 ], [ 500809.729999999981374, 241086.79 ], [ 500814.729999999981374, 241090.79 ], [ 500814.729999999981374, 241091.79 ], [ 500811.729999999981374, 241092.29 ], [ 500811.729999999981374, 241094.29 ], [ 500813.729999999981374, 241096.79 ], [ 500817.229999999981374, 241097.79 ], [ 500817.729999999981374, 241100.29 ], [ 500820.229999999981374, 241102.79 ], [ 500818.729999999981374, 241103.79 ], [ 500818.729999999981374, 241108.79 ], [ 500822.229999999981374, 241111.79 ], [ 500817.729999999981374, 241113.79 ], [ 500817.729999999981374, 241116.29 ], [ 500819.729999999981374, 241118.29 ], [ 500821.729999999981374, 241118.79 ], [ 500822.229999999981374, 241120.79 ], [ 500823.229999999981374, 241121.29 ], [ 500823.229999999981374, 241122.79 ], [ 500822.229999999981374, 241123.29 ], [ 500823.229999999981374, 241125.29 ], [ 500822.229999999981374, 241125.79 ], [ 500822.229999999981374, 241128.79 ], [ 500823.729999999981374, 241130.29 ], [ 500823.729999999981374, 241131.79 ], [ 500824.729999999981374, 241131.79 ], [ 500824.729999999981374, 241136.29 ], [ 500827.229999999981374, 241136.79 ], [ 500829.229999999981374, 241139.29 ], [ 500829.229999999981374, 241142.29 ], [ 500827.729999999981374, 241142.79 ], [ 500827.729999999981374, 241145.29 ], [ 500825.729999999981374, 241147.29 ], [ 500825.729999999981374, 241151.79 ], [ 500828.229999999981374, 241153.29 ], [ 500828.229999999981374, 241154.29 ], [ 500829.729999999981374, 241154.29 ], [ 500829.729999999981374, 241157.29 ], [ 500830.729999999981374, 241157.29 ], [ 500830.729999999981374, 241160.29 ], [ 500828.229999999981374, 241161.29 ], [ 500828.729999999981374, 241167.29 ], [ 500827.729999999981374, 241167.79 ], [ 500827.729999999981374, 241174.79 ], [ 500829.729999999981374, 241175.79 ], [ 500829.729999999981374, 241177.29 ], [ 500830.729999999981374, 241177.29 ], [ 500831.729999999981374, 241182.79 ], [ 500829.229999999981374, 241184.29 ], [ 500828.229999999981374, 241187.79 ], [ 500828.729999999981374, 241196.79 ], [ 500825.229999999981374, 241200.29 ], [ 500825.229999999981374, 241202.29 ], [ 500823.729999999981374, 241203.79 ], [ 500823.229999999981374, 241216.29 ], [ 500825.229999999981374, 241220.79 ], [ 500824.729999999981374, 241223.29 ], [ 500827.229999999981374, 241225.29 ], [ 500828.229999999981374, 241229.79 ], [ 500830.229999999981374, 241230.79 ], [ 500831.229999999981374, 241233.29 ], [ 500832.729999999981374, 241233.79 ], [ 500832.729999999981374, 241235.29 ], [ 500838.229999999981374, 241235.29 ], [ 500838.729999999981374, 241232.79 ], [ 500839.729999999981374, 241232.79 ], [ 500841.229999999981374, 241230.79 ], [ 500842.229999999981374, 241230.79 ], [ 500844.229999999981374, 241233.29 ], [ 500845.229999999981374, 241237.29 ], [ 500846.729999999981374, 241238.29 ], [ 500844.729999999981374, 241239.79 ], [ 500845.229999999981374, 241247.29 ], [ 500847.229999999981374, 241249.79 ], [ 500846.729999999981374, 241253.79 ], [ 500847.729999999981374, 241253.79 ], [ 500849.229999999981374, 241255.79 ], [ 500848.229999999981374, 241256.79 ], [ 500848.229999999981374, 241261.79 ], [ 500846.229999999981374, 241262.79 ], [ 500845.229999999981374, 241265.79 ], [ 500847.729999999981374, 241269.79 ], [ 500847.729999999981374, 241272.79 ], [ 500851.229999999981374, 241275.79 ], [ 500852.229999999981374, 241274.79 ], [ 500853.729999999981374, 241275.29 ], [ 500853.729999999981374, 241279.79 ], [ 500855.729999999981374, 241281.29 ], [ 500855.729999999981374, 241282.29 ], [ 500856.729999999981374, 241282.29 ], [ 500857.229999999981374, 241283.79 ], [ 500858.229999999981374, 241283.79 ], [ 500858.729999999981374, 241288.29 ], [ 500860.229999999981374, 241289.29 ], [ 500859.729999999981374, 241292.79 ], [ 500861.729999999981374, 241296.29 ], [ 500864.229999999981374, 241296.29 ], [ 500865.729999999981374, 241298.29 ], [ 500868.229999999981374, 241298.29 ], [ 500868.729999999981374, 241297.29 ], [ 500873.229999999981374, 241296.29 ], [ 500873.229999999981374, 241297.79 ], [ 500874.229999999981374, 241298.29 ], [ 500873.729999999981374, 241299.29 ], [ 500875.229999999981374, 241300.29 ], [ 500874.229999999981374, 241305.79 ], [ 500869.229999999981374, 241306.29 ], [ 500868.729999999981374, 241307.79 ], [ 500866.229999999981374, 241309.29 ], [ 500866.729999999981374, 241311.79 ], [ 500865.729999999981374, 241313.29 ], [ 500862.729999999981374, 241315.29 ], [ 500863.229999999981374, 241322.29 ], [ 500862.229999999981374, 241325.29 ], [ 500859.729999999981374, 241325.79 ], [ 500857.729999999981374, 241323.29 ], [ 500854.229999999981374, 241324.79 ], [ 500852.229999999981374, 241322.79 ], [ 500851.229999999981374, 241322.79 ], [ 500850.729999999981374, 241324.29 ], [ 500845.229999999981374, 241323.79 ], [ 500840.729999999981374, 241329.29 ], [ 500841.229999999981374, 241333.79 ], [ 500842.229999999981374, 241334.29 ], [ 500841.729999999981374, 241335.79 ], [ 500838.229999999981374, 241335.79 ], [ 500837.729999999981374, 241334.79 ], [ 500835.729999999981374, 241337.29 ], [ 500832.729999999981374, 241338.29 ], [ 500832.229999999981374, 241341.79 ], [ 500833.229999999981374, 241345.29 ], [ 500832.229999999981374, 241347.79 ], [ 500828.729999999981374, 241348.29 ], [ 500826.729999999981374, 241350.29 ], [ 500826.229999999981374, 241352.29 ], [ 500824.729999999981374, 241352.79 ], [ 500823.729999999981374, 241355.29 ], [ 500817.729999999981374, 241353.79 ], [ 500817.229999999981374, 241352.79 ], [ 500814.729999999981374, 241353.79 ], [ 500815.229999999981374, 241359.29 ], [ 500814.729999999981374, 241361.29 ], [ 500812.729999999981374, 241362.79 ], [ 500812.729999999981374, 241367.29 ], [ 500811.229999999981374, 241368.29 ], [ 500811.229999999981374, 241370.79 ], [ 500812.729999999981374, 241370.79 ], [ 500814.229999999981374, 241373.79 ], [ 500816.229999999981374, 241373.79 ], [ 500820.229999999981374, 241377.29 ], [ 500820.229999999981374, 241380.79 ], [ 500819.229999999981374, 241380.79 ], [ 500818.729999999981374, 241382.79 ], [ 500817.729999999981374, 241382.79 ], [ 500817.729999999981374, 241384.79 ], [ 500818.729999999981374, 241385.29 ], [ 500818.729999999981374, 241390.29 ], [ 500820.729999999981374, 241391.79 ], [ 500819.729999999981374, 241393.29 ], [ 500819.729999999981374, 241396.29 ], [ 500820.729999999981374, 241398.79 ], [ 500824.729999999981374, 241398.79 ], [ 500827.229999999981374, 241401.79 ], [ 500829.729999999981374, 241401.79 ], [ 500831.229999999981374, 241402.79 ] ], [ [ 500836.729999999981374, 241161.79 ], [ 500836.229999999981374, 241159.29 ], [ 500837.229999999981374, 241158.79 ], [ 500837.229999999981374, 241156.79 ], [ 500839.729999999981374, 241156.29 ], [ 500840.229999999981374, 241159.29 ], [ 500841.229999999981374, 241159.79 ], [ 500838.729999999981374, 241161.79 ], [ 500836.729999999981374, 241161.79 ] ], [ [ 500743.729999999981374, 241061.79 ], [ 500742.729999999981374, 241060.29 ], [ 500743.729999999981374, 241059.79 ], [ 500752.729999999981374, 241059.79 ], [ 500752.729999999981374, 241061.29 ], [ 500743.729999999981374, 241061.79 ] ] ] } },
{ "type": "Feature", "properties": { "mainhabs": "Deciduous woodland", "habcodes": "DWOOD", "featdesc": null, "featcodes": null, "otherclass": null, "addhabs": null, "primsource": "National Forest Inventory 2023 (DWOOD)", "areaha": "0.71", "version": "Sep_25", "uid": "PHID50092431_024126108", "shape_length": null, "shape_area": null, "site": "millbrook", "pid": 17, "method": "grabcut2" }, "geometry": { "type": "Polygon", "coordinates": [ [ [ 500959.729999999981374, 241365.29 ], [ 500961.729999999981374, 241364.79 ], [ 500960.729999999981374, 241362.79 ], [ 500962.229999999981374, 241361.79 ], [ 500962.229999999981374, 241358.79 ], [ 500966.729999999981374, 241358.79 ], [ 500966.729999999981374, 241357.29 ], [ 500967.729999999981374, 241356.79 ], [ 500967.729999999981374, 241354.29 ], [ 500969.229999999981374, 241352.79 ], [ 500969.729999999981374, 241345.29 ], [ 500968.729999999981374, 241344.79 ], [ 500969.229999999981374, 241342.79 ], [ 500967.229999999981374, 241341.79 ], [ 500968.229999999981374, 241337.29 ], [ 500966.729999999981374, 241334.79 ], [ 500966.229999999981374, 241328.29 ], [ 500964.729999999981374, 241327.29 ], [ 500964.229999999981374, 241325.29 ], [ 500964.729999999981374, 241322.79 ], [ 500963.729999999981374, 241322.29 ], [ 500963.729999999981374, 241316.79 ], [ 500960.229999999981374, 241314.79 ], [ 500960.229999999981374, 241310.29 ], [ 500959.229999999981374, 241310.29 ], [ 500958.729999999981374, 241308.79 ], [ 500958.729999999981374, 241301.79 ], [ 500957.729999999981374, 241301.79 ], [ 500956.729999999981374, 241297.29 ], [ 500951.229999999981374, 241296.29 ], [ 500950.229999999981374, 241295.29 ], [ 500951.229999999981374, 241289.79 ], [ 500949.729999999981374, 241289.29 ], [ 500948.729999999981374, 241285.29 ], [ 500946.229999999981374, 241283.29 ], [ 500945.229999999981374, 241280.29 ], [ 500944.229999999981374, 241280.29 ], [ 500942.729999999981374, 241276.29 ], [ 500940.229999999981374, 241275.79 ], [ 500939.229999999981374, 241273.29 ], [ 500937.729999999981374, 241272.79 ], [ 500937.229999999981374, 241266.79 ], [ 500938.229999999981374, 241265.29 ], [ 500938.229999999981374, 241261.79 ], [ 500936.729999999981374, 241260.79 ], [ 500936.229999999981374, 241258.29 ], [ 500933.729999999981374, 241256.79 ], [ 500932.729999999981374, 241253.29 ], [ 500932.729999999981374, 241251.79 ], [ 500934.729999999981374, 241250.29 ], [ 500935.229999999981374, 241246.29 ], [ 500934.729999999981374, 241240.79 ], [ 500932.729999999981374, 241238.29 ], [ 500933.229999999981374, 241235.79 ], [ 500931.729999999981374, 241231.29 ], [ 500930.729999999981374, 241230.79 ], [ 500930.729999999981374, 241226.79 ], [ 500929.229999999981374, 241225.79 ], [ 500928.229999999981374, 241223.29 ], [ 500926.229999999981374, 241223.29 ], [ 500925.729999999981374, 241221.79 ], [ 500921.229999999981374, 241218.79 ], [ 500918.729999999981374, 241213.79 ], [ 500917.229999999981374, 241213.79 ], [ 500916.229999999981374, 241212.29 ], [ 500914.229999999981374, 241211.79 ], [ 500913.729999999981374, 241207.29 ], [ 500912.229999999981374, 241206.29 ], [ 500913.229999999981374, 241204.29 ], [ 500909.229999999981374, 241201.29 ], [ 500907.229999999981374, 241201.29 ], [ 500905.229999999981374, 241199.29 ], [ 500906.729999999981374, 241196.79 ], [ 500904.729999999981374, 241195.29 ], [ 500903.729999999981374, 241190.29 ], [ 500902.229999999981374, 241189.29 ], [ 500902.229999999981374, 241185.29 ], [ 500900.229999999981374, 241183.79 ], [ 500899.729999999981374, 241181.79 ], [ 500897.729999999981374, 241181.29 ], [ 500897.229999999981374, 241173.79 ], [ 500895.729999999981374, 241172.29 ], [ 500895.729999999981374, 241168.29 ], [ 500897.729999999981374, 241167.29 ], [ 500897.729999999981374, 241162.29 ], [ 500896.229999999981374, 241161.79 ], [ 500896.229999999981374, 241160.79 ], [ 500891.729999999981374, 241159.29 ], [ 500891.729999999981374, 241155.29 ], [ 500890.229999999981374, 241154.29 ], [ 500889.229999999981374, 241151.79 ], [ 500889.729999999981374, 241149.79 ], [ 500893.229999999981374, 241147.29 ], [ 500893.229999999981374, 241145.29 ], [ 500889.729999999981374, 241142.29 ], [ 500885.729999999981374, 241142.29 ], [ 500885.729999999981374, 241141.29 ], [ 500883.729999999981374, 241141.79 ], [ 500883.229999999981374, 241140.79 ], [ 500880.229999999981374, 241139.79 ], [ 500877.229999999981374, 241150.29 ], [ 500877.729999999981374, 241163.29 ], [ 500876.229999999981374, 241167.29 ], [ 500876.229999999981374, 241170.79 ], [ 500875.229999999981374, 241171.29 ], [ 500875.229999999981374, 241174.79 ], [ 500874.229999999981374, 241175.29 ], [ 500874.729999999981374, 241178.29 ], [ 500873.229999999981374, 241178.79 ], [ 500873.729999999981374, 241188.79 ], [ 500874.729999999981374, 241189.79 ], [ 500876.229999999981374, 241196.79 ], [ 500878.729999999981374, 241202.29 ], [ 500879.729999999981374, 241202.79 ], [ 500879.729999999981374, 241204.29 ], [ 500882.229999999981374, 241207.29 ], [ 500882.229999999981374, 241208.79 ], [ 500883.229999999981374, 241209.79 ], [ 500888.229999999981374, 241210.79 ], [ 500888.229999999981374, 241212.79 ], [ 500885.729999999981374, 241213.79 ], [ 500885.729999999981374, 241215.79 ], [ 500886.729999999981374, 241215.79 ], [ 500891.229999999981374, 241226.29 ], [ 500892.229999999981374, 241226.79 ], [ 500893.229999999981374, 241230.79 ], [ 500894.229999999981374, 241231.29 ], [ 500894.229999999981374, 241233.79 ], [ 500898.729999999981374, 241242.79 ], [ 500902.729999999981374, 241254.79 ], [ 500906.729999999981374, 241257.29 ], [ 500906.229999999981374, 241259.79 ], [ 500907.729999999981374, 241260.79 ], [ 500908.229999999981374, 241263.29 ], [ 500907.729999999981374, 241269.29 ], [ 500909.229999999981374, 241272.29 ], [ 500909.229999999981374, 241273.29 ], [ 500908.229999999981374, 241273.29 ], [ 500908.229999999981374, 241275.29 ], [ 500910.729999999981374, 241276.79 ], [ 500910.729999999981374, 241280.29 ], [ 500909.729999999981374, 241280.29 ], [ 500910.229999999981374, 241281.79 ], [ 500909.229999999981374, 241283.29 ], [ 500909.729999999981374, 241287.29 ], [ 500908.729999999981374, 241287.79 ], [ 500909.729999999981374, 241292.79 ], [ 500906.729999999981374, 241296.29 ], [ 500906.729999999981374, 241301.79 ], [ 500907.729999999981374, 241304.79 ], [ 500909.729999999981374, 241305.79 ], [ 500910.229999999981374, 241307.29 ], [ 500912.229999999981374, 241307.29 ], [ 500912.729999999981374, 241310.79 ], [ 500913.729999999981374, 241310.79 ], [ 500914.229999999981374, 241313.29 ], [ 500915.729999999981374, 241312.79 ], [ 500917.729999999981374, 241314.79 ], [ 500920.229999999981374, 241314.79 ], [ 500923.729999999981374, 241312.79 ], [ 500924.229999999981374, 241316.29 ], [ 500925.729999999981374, 241316.79 ], [ 500926.229999999981374, 241319.29 ], [ 500927.729999999981374, 241319.79 ], [ 500927.729999999981374, 241322.29 ], [ 500928.729999999981374, 241322.29 ], [ 500928.729999999981374, 241323.79 ], [ 500932.729999999981374, 241325.29 ], [ 500935.229999999981374, 241331.29 ], [ 500934.229999999981374, 241335.79 ], [ 500936.729999999981374, 241337.79 ], [ 500936.729999999981374, 241338.79 ], [ 500938.729999999981374, 241339.29 ], [ 500941.229999999981374, 241341.79 ], [ 500939.229999999981374, 241344.79 ], [ 500937.729999999981374, 241345.29 ], [ 500938.229999999981374, 241348.29 ], [ 500940.229999999981374, 241349.79 ], [ 500939.729999999981374, 241355.29 ], [ 500942.729999999981374, 241358.29 ], [ 500949.729999999981374, 241358.29 ], [ 500950.229999999981374, 241361.29 ], [ 500952.229999999981374, 241364.29 ], [ 500957.729999999981374, 241364.29 ], [ 500959.729999999981374, 241365.29 ] ] ] } },
{ "type": "Feature", "properties": { "mainhabs": "Deciduous woodland", "habcodes": "DWOOD", "featdesc": null, "featcodes": null, "otherclass": null, "addhabs": null, "primsource": "National Forest Inventory 2023 (DWOOD)", "areaha": "2.11", "version": "Sep_25", "uid": "PHID50095037_024030424", "shape_length": null, "shape_area": null, "site": "millbrook", "pid": 18, "method": "grabcut2" }, "geometry": { "type": "Polygon", "coordinates": [ [ [ 500912.729999999981374, 240466.29 ], [ 500913.729999999981374, 240466.29 ], [ 500914.229999999981374, 240464.29 ], [ 500916.729999999981374, 240462.29 ], [ 500918.729999999981374, 240461.79 ], [ 500918.229999999981374, 240460.79 ], [ 500919.729999999981374, 240460.29 ], [ 500919.729999999981374, 240459.29 ], [ 500922.729999999981374, 240459.29 ], [ 500924.229999999981374, 240460.79 ], [ 500927.729999999981374, 240460.29 ], [ 500930.229999999981374, 240462.29 ], [ 500931.229999999981374, 240464.79 ], [ 500935.229999999981374, 240464.79 ], [ 500935.229999999981374, 240463.79 ], [ 500944.229999999981374, 240462.29 ], [ 500945.229999999981374, 240460.79 ], [ 500945.729999999981374, 240461.79 ], [ 500949.729999999981374, 240461.79 ], [ 500950.229999999981374, 240460.79 ], [ 500953.229999999981374, 240460.29 ], [ 500954.229999999981374, 240458.79 ], [ 500962.229999999981374, 240457.79 ], [ 500964.729999999981374, 240455.79 ], [ 500966.229999999981374, 240455.79 ], [ 500967.229999999981374, 240453.79 ], [ 500970.729999999981374, 240452.79 ], [ 500970.729999999981374, 240451.29 ], [ 500976.729999999981374, 240451.29 ], [ 500978.229999999981374, 240447.29 ], [ 500979.229999999981374, 240448.29 ], [ 500980.229999999981374, 240446.79 ], [ 500979.729999999981374, 240442.29 ], [ 500981.229999999981374, 240441.29 ], [ 500981.229999999981374, 240437.29 ], [ 500978.729999999981374, 240436.29 ], [ 500978.229999999981374, 240431.79 ], [ 500979.729999999981374, 240429.79 ], [ 500979.729999999981374, 240425.29 ], [ 500978.229999999981374, 240421.79 ], [ 500976.729999999981374, 240421.29 ], [ 500976.229999999981374, 240414.79 ], [ 500974.729999999981374, 240413.79 ], [ 500973.229999999981374, 240406.29 ], [ 500971.229999999981374, 240403.79 ], [ 500972.229999999981374, 240401.79 ], [ 500972.229999999981374, 240399.29 ], [ 500971.229999999981374, 240399.29 ], [ 500970.729999999981374, 240397.29 ], [ 500971.729999999981374, 240388.29 ], [ 500970.229999999981374, 240385.79 ], [ 500970.229999999981374, 240378.79 ], [ 500968.729999999981374, 240376.79 ], [ 500969.729999999981374, 240363.29 ], [ 500968.229999999981374, 240361.79 ], [ 500968.229999999981374, 240360.29 ], [ 500969.229999999981374, 240359.79 ], [ 500970.229999999981374, 240360.79 ], [ 500970.729999999981374, 240358.79 ], [ 500973.729999999981374, 240356.79 ], [ 500974.229999999981374, 240354.29 ], [ 500976.729999999981374, 240352.29 ], [ 500972.229999999981374, 240344.79 ], [ 500972.229999999981374, 240343.29 ], [ 500969.729999999981374, 240340.29 ], [ 500968.729999999981374, 240336.29 ], [ 500970.229999999981374, 240336.29 ], [ 500974.229999999981374, 240344.29 ], [ 500975.729999999981374, 240343.79 ], [ 500975.729999999981374, 240344.79 ], [ 500977.229999999981374, 240345.29 ], [ 500978.729999999981374, 240343.29 ], [ 500981.729999999981374, 240343.29 ], [ 500983.229999999981374, 240343.79 ], [ 500983.229999999981374, 240347.79 ], [ 500985.729999999981374, 240346.79 ], [ 500981.229999999981374, 240339.29 ], [ 500981.229999999981374, 240337.79 ], [ 500980.229999999981374, 240337.79 ], [ 500980.229999999981374, 240336.29 ], [ 500978.729999999981374, 240334.79 ], [ 500978.729999999981374, 240331.29 ], [ 500980.229999999981374, 240329.79 ], [ 500980.729999999981374, 240322.79 ], [ 500982.729999999981374, 240322.79 ], [ 500983.729999999981374, 240324.79 ], [ 500986.729999999981374, 240323.79 ], [ 500990.729999999981374, 240321.29 ], [ 500991.729999999981374, 240317.79 ], [ 500989.729999999981374, 240315.29 ], [ 500988.729999999981374, 240316.29 ], [ 500986.729999999981374, 240316.29 ], [ 500984.729999999981374, 240314.29 ], [ 500984.729999999981374, 240310.79 ], [ 500985.729999999981374, 240310.79 ], [ 500986.229999999981374, 240308.79 ], [ 500984.729999999981374, 240308.29 ], [ 500984.729999999981374, 240306.29 ], [ 500987.229999999981374, 240307.29 ], [ 500988.729999999981374, 240304.29 ], [ 500992.229999999981374, 240302.79 ], [ 500992.229999999981374, 240301.79 ], [ 500995.729999999981374, 240301.29 ], [ 500997.729999999981374, 240298.79 ], [ 500999.729999999981374, 240300.29 ], [ 501001.229999999981374, 240299.79 ], [ 501001.229999999981374, 240297.29 ], [ 500999.729999999981374, 240296.79 ], [ 500999.729999999981374, 240294.29 ], [ 501001.229999999981374, 240293.29 ], [ 501000.229999999981374, 240292.29 ], [ 500998.229999999981374, 240292.29 ], [ 500997.729999999981374, 240290.79 ], [ 500996.729999999981374, 240290.79 ], [ 500996.729999999981374, 240289.29 ], [ 500998.729999999981374, 240287.79 ], [ 501000.729999999981374, 240287.79 ], [ 501001.229999999981374, 240289.29 ], [ 501002.229999999981374, 240289.29 ], [ 501002.729999999981374, 240284.29 ], [ 501000.729999999981374, 240281.79 ], [ 501000.729999999981374, 240278.79 ], [ 500999.229999999981374, 240277.79 ], [ 500999.229999999981374, 240275.79 ], [ 500994.729999999981374, 240272.79 ], [ 500993.729999999981374, 240270.29 ], [ 500991.729999999981374, 240270.29 ], [ 500991.729999999981374, 240271.29 ], [ 500990.729999999981374, 240271.29 ], [ 500990.229999999981374, 240268.79 ], [ 500989.229999999981374, 240268.29 ], [ 500990.229999999981374, 240266.79 ], [ 500990.229999999981374, 240263.79 ], [ 500989.229999999981374, 240261.29 ], [ 500990.229999999981374, 240261.29 ], [ 500990.229999999981374, 240259.79 ], [ 500988.729999999981374, 240258.79 ], [ 500989.229999999981374, 240255.29 ], [ 500986.229999999981374, 240253.29 ], [ 500985.729999999981374, 240251.29 ], [ 500987.229999999981374, 240250.29 ], [ 500987.229999999981374, 240247.29 ], [ 500988.729999999981374, 240246.29 ], [ 500988.729999999981374, 240244.29 ], [ 500989.729999999981374, 240243.79 ], [ 500988.729999999981374, 240241.29 ], [ 500989.229999999981374, 240237.79 ], [ 500986.229999999981374, 240234.29 ], [ 500986.229999999981374, 240232.29 ], [ 500985.229999999981374, 240231.29 ], [ 500983.229999999981374, 240231.29 ], [ 500981.229999999981374, 240229.29 ], [ 500983.229999999981374, 240226.29 ], [ 500984.229999999981374, 240226.29 ], [ 500983.229999999981374, 240219.29 ], [ 500987.729999999981374, 240219.29 ], [ 500986.229999999981374, 240211.79 ], [ 500984.229999999981374, 240210.79 ], [ 500984.729999999981374, 240208.79 ], [ 500983.229999999981374, 240207.79 ], [ 500983.229999999981374, 240206.29 ], [ 500985.729999999981374, 240205.29 ], [ 500986.729999999981374, 240203.79 ], [ 500987.729999999981374, 240194.29 ], [ 500987.229999999981374, 240191.79 ], [ 500984.729999999981374, 240189.29 ], [ 500983.229999999981374, 240178.79 ], [ 500983.229999999981374, 240161.79 ], [ 500984.229999999981374, 240157.29 ], [ 500983.229999999981374, 240154.29 ], [ 500984.229999999981374, 240153.79 ], [ 500984.729999999981374, 240148.79 ], [ 500983.229999999981374, 240147.79 ], [ 500983.229999999981374, 240146.29 ], [ 500980.229999999981374, 240145.29 ], [ 500979.229999999981374, 240143.79 ], [ 500975.229999999981374, 240145.29 ], [ 500973.729999999981374, 240144.79 ], [ 500973.729999999981374, 240143.79 ], [ 500969.729999999981374, 240143.29 ], [ 500966.729999999981374, 240145.79 ], [ 500966.229999999981374, 240147.79 ], [ 500964.729999999981374, 240148.29 ], [ 500964.729999999981374, 240151.29 ], [ 500963.729999999981374, 240151.29 ], [ 500963.729999999981374, 240152.29 ], [ 500965.729999999981374, 240154.29 ], [ 500965.229999999981374, 240157.29 ], [ 500966.729999999981374, 240158.29 ], [ 500965.729999999981374, 240159.29 ], [ 500966.729999999981374, 240160.79 ], [ 500966.229999999981374, 240165.29 ], [ 500960.729999999981374, 240169.29 ], [ 500957.229999999981374, 240173.79 ], [ 500955.729999999981374, 240174.29 ], [ 500955.729999999981374, 240175.29 ], [ 500954.229999999981374, 240175.79 ], [ 500954.229999999981374, 240176.79 ], [ 500952.729999999981374, 240176.79 ], [ 500953.229999999981374, 240180.29 ], [ 500951.729999999981374, 240183.29 ], [ 500949.729999999981374, 240183.29 ], [ 500949.229999999981374, 240184.29 ], [ 500946.229999999981374, 240185.29 ], [ 500947.229999999981374, 240186.79 ], [ 500946.729999999981374, 240190.29 ], [ 500945.729999999981374, 240190.29 ], [ 500943.229999999981374, 240193.29 ], [ 500941.229999999981374, 240193.79 ], [ 500940.729999999981374, 240196.79 ], [ 500939.729999999981374, 240196.79 ], [ 500939.229999999981374, 240199.29 ], [ 500937.729999999981374, 240200.29 ], [ 500937.729999999981374, 240207.29 ], [ 500936.229999999981374, 240211.29 ], [ 500934.729999999981374, 240213.29 ], [ 500932.229999999981374, 240214.29 ], [ 500931.729999999981374, 240215.79 ], [ 500928.729999999981374, 240216.79 ], [ 500929.229999999981374, 240218.79 ], [ 500927.729999999981374, 240220.29 ], [ 500927.729999999981374, 240221.79 ], [ 500919.729999999981374, 240227.29 ], [ 500919.229999999981374, 240232.29 ], [ 500917.229999999981374, 240234.79 ], [ 500914.729999999981374, 240235.29 ], [ 500913.229999999981374, 240237.29 ], [ 500915.229999999981374, 240242.79 ], [ 500914.229999999981374, 240243.79 ], [ 500914.229999999981374, 240246.79 ], [ 500912.229999999981374, 240247.79 ], [ 500912.729999999981374, 240252.29 ], [ 500911.229999999981374, 240253.29 ], [ 500911.229999999981374, 240255.79 ], [ 500909.729999999981374, 240256.79 ], [ 500909.229999999981374, 240262.79 ], [ 500907.729999999981374, 240263.79 ], [ 500909.729999999981374, 240268.29 ], [ 500909.729999999981374, 240271.79 ], [ 500910.729999999981374, 240272.29 ], [ 500910.729999999981374, 240276.79 ], [ 500909.729999999981374, 240277.29 ], [ 500910.229999999981374, 240289.29 ], [ 500909.229999999981374, 240289.79 ], [ 500909.229999999981374, 240292.79 ], [ 500908.229999999981374, 240292.79 ], [ 500908.229999999981374, 240293.79 ], [ 500906.229999999981374, 240295.29 ], [ 500905.729999999981374, 240298.29 ], [ 500906.729999999981374, 240302.79 ], [ 500905.729999999981374, 240304.29 ], [ 500905.729999999981374, 240309.29 ], [ 500907.229999999981374, 240310.79 ], [ 500907.229999999981374, 240312.29 ], [ 500909.229999999981374, 240313.29 ], [ 500909.229999999981374, 240314.79 ], [ 500908.229999999981374, 240315.29 ], [ 500908.229999999981374, 240319.29 ], [ 500907.229999999981374, 240319.79 ], [ 500906.729999999981374, 240322.29 ], [ 500906.729999999981374, 240326.79 ], [ 500907.729999999981374, 240327.79 ], [ 500906.729999999981374, 240328.29 ], [ 500906.729999999981374, 240333.29 ], [ 500905.229999999981374, 240334.79 ], [ 500904.729999999981374, 240337.29 ], [ 500906.729999999981374, 240343.29 ], [ 500906.229999999981374, 240345.29 ], [ 500904.729999999981374, 240346.29 ], [ 500905.729999999981374, 240352.29 ], [ 500903.729999999981374, 240358.79 ], [ 500903.729999999981374, 240373.79 ], [ 500902.729999999981374, 240375.79 ], [ 500903.229999999981374, 240382.79 ], [ 500902.229999999981374, 240382.79 ], [ 500901.729999999981374, 240385.29 ], [ 500902.729999999981374, 240387.29 ], [ 500901.729999999981374, 240389.79 ], [ 500903.229999999981374, 240391.29 ], [ 500904.729999999981374, 240395.79 ], [ 500903.729999999981374, 240395.79 ], [ 500903.729999999981374, 240397.79 ], [ 500901.229999999981374, 240400.79 ], [ 500901.729999999981374, 240404.79 ], [ 500900.229999999981374, 240405.29 ], [ 500899.729999999981374, 240407.79 ], [ 500898.729999999981374, 240408.29 ], [ 500898.729999999981374, 240412.29 ], [ 500897.729999999981374, 240412.79 ], [ 500897.729999999981374, 240418.29 ], [ 500900.229999999981374, 240419.79 ], [ 500899.729999999981374, 240423.29 ], [ 500900.729999999981374, 240425.29 ], [ 500899.229999999981374, 240426.29 ], [ 500898.729999999981374, 240432.29 ], [ 500897.729999999981374, 240432.29 ], [ 500897.729999999981374, 240434.79 ], [ 500896.229999999981374, 240436.29 ], [ 500896.229999999981374, 240451.79 ], [ 500897.229999999981374, 240451.79 ], [ 500898.729999999981374, 240455.29 ], [ 500901.729999999981374, 240456.29 ], [ 500902.729999999981374, 240458.79 ], [ 500905.229999999981374, 240459.29 ], [ 500904.229999999981374, 240462.29 ], [ 500905.729999999981374, 240464.29 ], [ 500909.729999999981374, 240462.79 ], [ 500912.729999999981374, 240466.29 ] ] ] } },
{ "type": "Feature", "properties": { "mainhabs": "Deciduous woodland", "habcodes": "DWOOD", "featdesc": null, "featcodes": null, "otherclass": null, "addhabs": null, "primsource": "National Forest Inventory 2023 (DWOOD)", "areaha": "0.63", "version": "Sep_25", "uid": "PHID50097168_024082431", "shape_length": null, "shape_area": null, "site": "millbrook", "pid": 19, "method": "grabcut2" }, "geometry": { "type": "Polygon", "coordinates": [ [ [ 500947.729999999981374, 240918.79 ], [ 500949.729999999981374, 240918.29 ], [ 500949.729999999981374, 240917.29 ], [ 500956.729999999981374, 240915.79 ], [ 500959.229999999981374, 240910.29 ], [ 500960.229999999981374, 240911.29 ], [ 500964.229999999981374, 240911.29 ], [ 500966.729999999981374, 240908.29 ], [ 500967.729999999981374, 240908.29 ], [ 500968.229999999981374, 240906.29 ], [ 500974.729999999981374, 240906.79 ], [ 500975.729999999981374, 240905.29 ], [ 500979.229999999981374, 240904.79 ], [ 500980.229999999981374, 240903.79 ], [ 500980.729999999981374, 240895.79 ], [ 500981.729999999981374, 240894.79 ], [ 500985.729999999981374, 240893.79 ], [ 500987.729999999981374, 240894.29 ], [ 500987.729999999981374, 240893.29 ], [ 500988.729999999981374, 240893.29 ], [ 500988.729999999981374, 240889.79 ], [ 500991.729999999981374, 240888.29 ], [ 500992.229999999981374, 240885.29 ], [ 501001.229999999981374, 240884.29 ], [ 501001.229999999981374, 240880.79 ], [ 501003.729999999981374, 240879.79 ], [ 501004.229999999981374, 240876.29 ], [ 501005.229999999981374, 240876.29 ], [ 501005.229999999981374, 240873.29 ], [ 501004.229999999981374, 240873.29 ], [ 501004.229999999981374, 240871.79 ], [ 501005.729999999981374, 240871.29 ], [ 501005.729999999981374, 240869.29 ], [ 501003.229999999981374, 240866.79 ], [ 501004.229999999981374, 240865.79 ], [ 501003.729999999981374, 240860.79 ], [ 501005.729999999981374, 240858.29 ], [ 501008.729999999981374, 240856.79 ], [ 501009.729999999981374, 240854.29 ], [ 501008.229999999981374, 240852.29 ], [ 501007.229999999981374, 240852.29 ], [ 501006.729999999981374, 240847.79 ], [ 501007.229999999981374, 240841.79 ], [ 501008.729999999981374, 240840.79 ], [ 501009.229999999981374, 240837.79 ], [ 501005.229999999981374, 240837.29 ], [ 501003.729999999981374, 240835.79 ], [ 501003.729999999981374, 240831.29 ], [ 501002.729999999981374, 240831.29 ], [ 501002.229999999981374, 240828.79 ], [ 501000.729999999981374, 240827.29 ], [ 500999.729999999981374, 240827.29 ], [ 500999.729999999981374, 240824.29 ], [ 500997.729999999981374, 240821.29 ], [ 500994.729999999981374, 240819.29 ], [ 500994.729999999981374, 240818.29 ], [ 500991.229999999981374, 240818.29 ], [ 500990.229999999981374, 240815.29 ], [ 500986.229999999981374, 240814.79 ], [ 500985.729999999981374, 240813.29 ], [ 500983.229999999981374, 240811.79 ], [ 500982.729999999981374, 240809.29 ], [ 500981.729999999981374, 240809.29 ], [ 500980.229999999981374, 240807.29 ], [ 500982.229999999981374, 240804.29 ], [ 500981.729999999981374, 240801.79 ], [ 500982.729999999981374, 240801.29 ], [ 500981.729999999981374, 240797.29 ], [ 500980.729999999981374, 240796.79 ], [ 500981.729999999981374, 240794.29 ], [ 500982.729999999981374, 240794.29 ], [ 500982.729999999981374, 240784.29 ], [ 500981.729999999981374, 240782.29 ], [ 500984.729999999981374, 240781.79 ], [ 500985.229999999981374, 240779.79 ], [ 500984.229999999981374, 240777.29 ], [ 500985.229999999981374, 240775.79 ], [ 500983.229999999981374, 240774.29 ], [ 500983.229999999981374, 240772.79 ], [ 500981.729999999981374, 240772.29 ], [ 500981.729999999981374, 240768.79 ], [ 500980.729999999981374, 240768.29 ], [ 500981.229999999981374, 240765.29 ], [ 500977.229999999981374, 240761.79 ], [ 500977.229999999981374, 240760.79 ], [ 500979.729999999981374, 240759.79 ], [ 500979.729999999981374, 240758.29 ], [ 500977.729999999981374, 240756.79 ], [ 500978.229999999981374, 240754.29 ], [ 500975.729999999981374, 240752.79 ], [ 500975.729999999981374, 240750.79 ], [ 500974.229999999981374, 240749.29 ], [ 500974.229999999981374, 240746.29 ], [ 500972.729999999981374, 240745.79 ], [ 500972.229999999981374, 240744.29 ], [ 500968.729999999981374, 240742.79 ], [ 500969.229999999981374, 240741.29 ], [ 500968.229999999981374, 240741.29 ], [ 500968.229999999981374, 240740.29 ], [ 500967.729999999981374, 240741.29 ], [ 500958.729999999981374, 240741.29 ], [ 500956.229999999981374, 240743.29 ], [ 500956.229999999981374, 240744.29 ], [ 500954.729999999981374, 240743.29 ], [ 500953.229999999981374, 240745.79 ], [ 500951.729999999981374, 240745.79 ], [ 500951.229999999981374, 240747.79 ], [ 500949.229999999981374, 240747.79 ], [ 500948.229999999981374, 240748.79 ], [ 500948.729999999981374, 240751.79 ], [ 500947.729999999981374, 240753.29 ], [ 500945.729999999981374, 240753.79 ], [ 500944.229999999981374, 240757.29 ], [ 500944.229999999981374, 240758.79 ], [ 500945.229999999981374, 240759.29 ], [ 500945.229999999981374, 240762.79 ], [ 500944.229999999981374, 240762.79 ], [ 500944.229999999981374, 240763.79 ], [ 500945.229999999981374, 240764.29 ], [ 500945.729999999981374, 240766.29 ], [ 500945.229999999981374, 240773.29 ], [ 500947.229999999981374, 240775.29 ], [ 500946.729999999981374, 240780.79 ], [ 500949.229999999981374, 240781.79 ], [ 500947.229999999981374, 240789.79 ], [ 500950.729999999981374, 240795.29 ], [ 500951.229999999981374, 240798.79 ], [ 500952.229999999981374, 240799.29 ], [ 500952.729999999981374, 240805.79 ], [ 500954.729999999981374, 240807.29 ], [ 500954.729999999981374, 240809.79 ], [ 500956.729999999981374, 240811.29 ], [ 500956.229999999981374, 240816.79 ], [ 500957.729999999981374, 240817.79 ], [ 500957.229999999981374, 240821.29 ], [ 500958.729999999981374, 240822.29 ], [ 500958.729999999981374, 240824.79 ], [ 500957.729999999981374, 240825.29 ], [ 500957.729999999981374, 240831.29 ], [ 500958.729999999981374, 240831.29 ], [ 500958.729999999981374, 240834.29 ], [ 500957.229999999981374, 240835.29 ], [ 500957.229999999981374, 240840.29 ], [ 500957.729999999981374, 240842.29 ], [ 500959.229999999981374, 240843.29 ], [ 500957.729999999981374, 240845.29 ], [ 500957.729999999981374, 240848.29 ], [ 500959.729999999981374, 240849.79 ], [ 500958.729999999981374, 240854.29 ], [ 500960.729999999981374, 240857.29 ], [ 500960.729999999981374, 240865.29 ], [ 500958.729999999981374, 240867.29 ], [ 500956.229999999981374, 240866.29 ], [ 500956.229999999981374, 240867.29 ], [ 500954.729999999981374, 240867.79 ], [ 500954.729999999981374, 240868.79 ], [ 500951.729999999981374, 240871.29 ], [ 500948.229999999981374, 240871.29 ], [ 500947.729999999981374, 240872.29 ], [ 500944.229999999981374, 240871.79 ], [ 500940.729999999981374, 240873.29 ], [ 500939.729999999981374, 240876.79 ], [ 500940.729999999981374, 240876.79 ], [ 500940.729999999981374, 240879.29 ], [ 500939.729999999981374, 240879.79 ], [ 500939.729999999981374, 240881.29 ], [ 500936.229999999981374, 240881.29 ], [ 500934.729999999981374, 240883.29 ], [ 500933.729999999981374, 240882.79 ], [ 500932.229999999981374, 240885.79 ], [ 500930.229999999981374, 240887.29 ], [ 500930.229999999981374, 240891.29 ], [ 500931.229999999981374, 240891.79 ], [ 500931.229999999981374, 240893.29 ], [ 500930.229999999981374, 240894.29 ], [ 500933.729999999981374, 240896.79 ], [ 500934.729999999981374, 240899.29 ], [ 500936.729999999981374, 240900.79 ], [ 500936.229999999981374, 240903.79 ], [ 500937.729999999981374, 240904.79 ], [ 500937.729999999981374, 240906.29 ], [ 500939.229999999981374, 240906.29 ], [ 500941.229999999981374, 240908.29 ], [ 500941.229999999981374, 240909.79 ], [ 500942.729999999981374, 240911.29 ], [ 500945.729999999981374, 240912.29 ], [ 500946.729999999981374, 240917.79 ], [ 500947.729999999981374, 240918.79 ] ], [ [ 500969.729999999981374, 240853.29 ], [ 500968.229999999981374, 240851.79 ], [ 500966.229999999981374, 240852.29 ], [ 500964.229999999981374, 240850.79 ], [ 500964.229999999981374, 240849.79 ], [ 500966.729999999981374, 240847.79 ], [ 500966.729999999981374, 240844.79 ], [ 500968.229999999981374, 240843.79 ], [ 500969.729999999981374, 240844.29 ], [ 500969.229999999981374, 240847.29 ], [ 500972.229999999981374, 240849.79 ], [ 500972.229999999981374, 240852.79 ], [ 500969.729999999981374, 240853.29 ] ], [ [ 500961.729999999981374, 240847.79 ], [ 500960.229999999981374, 240844.79 ], [ 500961.229999999981374, 240842.79 ], [ 500962.229999999981374, 240842.79 ], [ 500963.229999999981374, 240843.79 ], [ 500963.229999999981374, 240847.79 ], [ 500961.729999999981374, 240847.79 ] ] ] } },
{ "type": "Feature", "properties": { "mainhabs": "Deciduous woodland", "habcodes": "DWOOD", "featdesc": null, "featcodes": null, "otherclass": null, "addhabs": null, "primsource": "National Forest Inventory 2023 (DWOOD)", "areaha": "0.15", "version": "Sep_25", "uid": "PHID50101819_024087582", "shape_length": null, "shape_area": null, "site": "millbrook", "pid": 20, "method": "grabcut2" }, "geometry": { "type": "Polygon", "coordinates": [ [ [ 501013.229999999981374, 240900.79 ], [ 501025.229999999981374, 240900.29 ], [ 501025.229999999981374, 240899.29 ], [ 501026.229999999981374, 240899.29 ], [ 501026.729999999981374, 240888.79 ], [ 501027.729999999981374, 240888.29 ], [ 501028.229999999981374, 240885.79 ], [ 501031.229999999981374, 240883.79 ], [ 501034.229999999981374, 240879.29 ], [ 501034.729999999981374, 240855.79 ], [ 501035.729999999981374, 240855.29 ], [ 501035.729999999981374, 240848.29 ], [ 501032.729999999981374, 240846.29 ], [ 501032.729999999981374, 240843.79 ], [ 501031.229999999981374, 240843.29 ], [ 501028.729999999981374, 240839.79 ], [ 501024.229999999981374, 240840.29 ], [ 501022.229999999981374, 240842.29 ], [ 501017.729999999981374, 240843.79 ], [ 501013.229999999981374, 240846.79 ], [ 501013.229999999981374, 240853.29 ], [ 501014.729999999981374, 240854.79 ], [ 501016.229999999981374, 240854.79 ], [ 501017.729999999981374, 240858.29 ], [ 501018.729999999981374, 240858.29 ], [ 501018.729999999981374, 240860.29 ], [ 501017.229999999981374, 240862.79 ], [ 501017.229999999981374, 240874.29 ], [ 501015.729999999981374, 240875.29 ], [ 501016.229999999981374, 240876.79 ], [ 501017.229999999981374, 240876.79 ], [ 501017.229999999981374, 240878.29 ], [ 501016.229999999981374, 240878.79 ], [ 501015.729999999981374, 240880.79 ], [ 501014.729999999981374, 240880.79 ], [ 501014.229999999981374, 240882.79 ], [ 501009.729999999981374, 240885.79 ], [ 501007.729999999981374, 240896.29 ], [ 501013.229999999981374, 240900.79 ] ] ] } },
{ "type": "Feature", "properties": { "mainhabs": "Deciduous woodland", "habcodes": "DWOOD", "featdesc": null, "featcodes": null, "otherclass": null, "addhabs": null, "primsource": "National Forest Inventory 2023 (DWOOD)", "areaha": "0.17", "version": "Sep_25", "uid": "PHID50103951_024125875", "shape_length": null, "shape_area": null, "site": "millbrook", "pid": 21, "method": "grabcut2" }, "geometry": { "type": "Polygon", "coordinates": [ [ [ 501045.229999999981374, 241298.29 ], [ 501047.229999999981374, 241298.29 ], [ 501047.229999999981374, 241297.29 ], [ 501054.229999999981374, 241297.29 ], [ 501056.729999999981374, 241294.29 ], [ 501056.229999999981374, 241289.29 ], [ 501057.729999999981374, 241288.29 ], [ 501056.229999999981374, 241280.79 ], [ 501056.729999999981374, 241278.79 ], [ 501054.729999999981374, 241277.79 ], [ 501055.229999999981374, 241262.29 ], [ 501053.729999999981374, 241261.29 ], [ 501053.229999999981374, 241257.79 ], [ 501052.229999999981374, 241256.79 ], [ 501053.229999999981374, 241250.29 ], [ 501052.229999999981374, 241249.79 ], [ 501052.229999999981374, 241246.29 ], [ 501053.229999999981374, 241246.29 ], [ 501053.229999999981374, 241244.79 ], [ 501051.229999999981374, 241243.29 ], [ 501050.729999999981374, 241238.79 ], [ 501048.729999999981374, 241238.29 ], [ 501046.229999999981374, 241234.29 ], [ 501042.229999999981374, 241234.79 ], [ 501039.229999999981374, 241232.29 ], [ 501038.729999999981374, 241230.79 ], [ 501035.229999999981374, 241230.29 ], [ 501034.229999999981374, 241228.79 ], [ 501030.729999999981374, 241228.29 ], [ 501029.229999999981374, 241226.79 ], [ 501023.229999999981374, 241227.29 ], [ 501021.729999999981374, 241228.29 ], [ 501022.229999999981374, 241232.79 ], [ 501021.729999999981374, 241235.29 ], [ 501020.729999999981374, 241235.29 ], [ 501020.229999999981374, 241238.79 ], [ 501020.729999999981374, 241239.79 ], [ 501022.229999999981374, 241239.79 ], [ 501023.729999999981374, 241238.79 ], [ 501025.729999999981374, 241240.29 ], [ 501024.729999999981374, 241243.29 ], [ 501025.229999999981374, 241246.29 ], [ 501028.729999999981374, 241250.29 ], [ 501030.729999999981374, 241250.79 ], [ 501029.729999999981374, 241251.79 ], [ 501029.729999999981374, 241253.79 ], [ 501030.729999999981374, 241257.79 ], [ 501032.229999999981374, 241258.29 ], [ 501032.229999999981374, 241265.29 ], [ 501034.229999999981374, 241265.79 ], [ 501035.729999999981374, 241267.79 ], [ 501035.229999999981374, 241269.29 ], [ 501033.229999999981374, 241270.29 ], [ 501034.229999999981374, 241279.79 ], [ 501038.229999999981374, 241282.29 ], [ 501038.229999999981374, 241284.79 ], [ 501040.229999999981374, 241285.79 ], [ 501039.729999999981374, 241287.29 ], [ 501041.229999999981374, 241288.29 ], [ 501041.729999999981374, 241291.29 ], [ 501042.729999999981374, 241291.29 ], [ 501042.729999999981374, 241295.29 ], [ 501044.229999999981374, 241295.79 ], [ 501045.229999999981374, 241298.29 ] ] ] } },
{ "type": "Feature", "properties": { "mainhabs": "Deciduous woodland", "habcodes": "DWOOD", "featdesc": null, "featcodes": null, "otherclass": null, "addhabs": "LCGRA, RBEDS", "primsource": "National Forest Inventory 2023 (DWOOD)", "areaha": "0.14", "version": "Sep_25", "uid": "PHID50106847_024128263", "shape_length": null, "shape_area": null, "site": "millbrook", "pid": 22, "method": "grabcut2" }, "geometry": { "type": "Polygon", "coordinates": [ [ [ 501073.229999999981374, 241312.29 ], [ 501077.229999999981374, 241312.29 ], [ 501080.229999999981374, 241310.29 ], [ 501081.729999999981374, 241308.29 ], [ 501081.729999999981374, 241306.29 ], [ 501083.729999999981374, 241304.79 ], [ 501083.729999999981374, 241303.29 ], [ 501085.229999999981374, 241302.79 ], [ 501084.729999999981374, 241298.79 ], [ 501081.729999999981374, 241295.29 ], [ 501083.229999999981374, 241293.29 ], [ 501082.229999999981374, 241287.79 ], [ 501084.229999999981374, 241286.29 ], [ 501084.729999999981374, 241280.79 ], [ 501083.229999999981374, 241277.29 ], [ 501083.229999999981374, 241274.79 ], [ 501082.229999999981374, 241274.79 ], [ 501080.729999999981374, 241271.29 ], [ 501079.229999999981374, 241270.79 ], [ 501078.729999999981374, 241265.79 ], [ 501077.729999999981374, 241265.79 ], [ 501077.229999999981374, 241262.29 ], [ 501071.729999999981374, 241258.29 ], [ 501071.229999999981374, 241255.29 ], [ 501066.229999999981374, 241250.79 ], [ 501064.229999999981374, 241250.29 ], [ 501062.229999999981374, 241245.29 ], [ 501060.229999999981374, 241244.79 ], [ 501058.729999999981374, 241245.29 ], [ 501059.229999999981374, 241251.79 ], [ 501058.229999999981374, 241251.79 ], [ 501058.229999999981374, 241252.79 ], [ 501059.729999999981374, 241253.79 ], [ 501059.229999999981374, 241259.29 ], [ 501060.229999999981374, 241259.79 ], [ 501060.229999999981374, 241262.79 ], [ 501059.229999999981374, 241265.29 ], [ 501056.229999999981374, 241265.79 ], [ 501054.729999999981374, 241269.79 ], [ 501054.729999999981374, 241277.79 ], [ 501056.729999999981374, 241278.79 ], [ 501056.729999999981374, 241284.79 ], [ 501057.729999999981374, 241284.79 ], [ 501057.729999999981374, 241288.29 ], [ 501056.229999999981374, 241289.79 ], [ 501056.229999999981374, 241292.29 ], [ 501057.729999999981374, 241294.29 ], [ 501058.229999999981374, 241297.29 ], [ 501059.729999999981374, 241298.29 ], [ 501059.729999999981374, 241302.79 ], [ 501063.729999999981374, 241304.29 ], [ 501066.229999999981374, 241307.79 ], [ 501069.229999999981374, 241307.79 ], [ 501072.729999999981374, 241310.79 ], [ 501073.229999999981374, 241312.29 ] ] ] } },
{ "type": "Feature", "properties": { "mainhabs": "Deciduous woodland", "habcodes": "DWOOD", "featdesc": null, "featcodes": null, "otherclass": null, "addhabs": "GQSIG, LCGRA, RBEDS", "primsource": "National Forest Inventory 2023 (DWOOD)", "areaha": "0.55", "version": "Sep_25", "uid": "PHID50107448_024138431", "shape_length": null, "shape_area": null, "site": "millbrook", "pid": 23, "method": "grabcut2" }, "geometry": { "type": "Polygon", "coordinates": [ [ [ 501080.229999999981374, 241468.29 ], [ 501099.229999999981374, 241459.79 ], [ 501103.229999999981374, 241458.79 ], [ 501111.729999999981374, 241454.29 ], [ 501118.229999999981374, 241447.29 ], [ 501118.729999999981374, 241440.29 ], [ 501108.729999999981374, 241417.29 ], [ 501104.229999999981374, 241404.29 ], [ 501101.729999999981374, 241401.79 ], [ 501099.729999999981374, 241394.29 ], [ 501098.729999999981374, 241393.79 ], [ 501098.229999999981374, 241390.79 ], [ 501096.729999999981374, 241388.79 ], [ 501096.729999999981374, 241386.79 ], [ 501094.229999999981374, 241383.29 ], [ 501090.729999999981374, 241373.29 ], [ 501089.729999999981374, 241372.79 ], [ 501089.729999999981374, 241370.79 ], [ 501088.229999999981374, 241369.29 ], [ 501087.729999999981374, 241366.29 ], [ 501086.729999999981374, 241365.79 ], [ 501086.729999999981374, 241364.29 ], [ 501084.729999999981374, 241361.29 ], [ 501084.729999999981374, 241359.29 ], [ 501083.729999999981374, 241358.79 ], [ 501083.729999999981374, 241354.79 ], [ 501081.729999999981374, 241350.79 ], [ 501080.729999999981374, 241350.79 ], [ 501080.729999999981374, 241349.79 ], [ 501077.729999999981374, 241347.29 ], [ 501077.229999999981374, 241344.79 ], [ 501071.729999999981374, 241336.29 ], [ 501072.229999999981374, 241334.79 ], [ 501068.729999999981374, 241331.29 ], [ 501068.729999999981374, 241329.79 ], [ 501066.229999999981374, 241326.79 ], [ 501065.229999999981374, 241323.29 ], [ 501063.729999999981374, 241322.29 ], [ 501063.729999999981374, 241320.29 ], [ 501060.729999999981374, 241317.79 ], [ 501060.729999999981374, 241315.29 ], [ 501059.229999999981374, 241315.29 ], [ 501056.229999999981374, 241311.79 ], [ 501054.729999999981374, 241311.79 ], [ 501053.729999999981374, 241314.79 ], [ 501050.229999999981374, 241315.79 ], [ 501049.229999999981374, 241317.29 ], [ 501047.229999999981374, 241317.29 ], [ 501045.229999999981374, 241319.79 ], [ 501043.229999999981374, 241319.79 ], [ 501041.729999999981374, 241321.79 ], [ 501042.229999999981374, 241324.79 ], [ 501039.729999999981374, 241326.29 ], [ 501038.229999999981374, 241329.79 ], [ 501035.229999999981374, 241330.29 ], [ 501030.229999999981374, 241334.79 ], [ 501026.729999999981374, 241334.79 ], [ 501026.229999999981374, 241337.79 ], [ 501028.229999999981374, 241339.29 ], [ 501028.229999999981374, 241340.29 ], [ 501029.229999999981374, 241340.29 ], [ 501029.729999999981374, 241343.29 ], [ 501036.229999999981374, 241343.79 ], [ 501038.729999999981374, 241347.29 ], [ 501041.229999999981374, 241347.29 ], [ 501042.729999999981374, 241348.29 ], [ 501045.229999999981374, 241351.29 ], [ 501045.229999999981374, 241352.79 ], [ 501048.729999999981374, 241356.29 ], [ 501048.729999999981374, 241358.29 ], [ 501047.729999999981374, 241358.29 ], [ 501047.729999999981374, 241359.29 ], [ 501049.229999999981374, 241360.79 ], [ 501049.229999999981374, 241369.79 ], [ 501053.729999999981374, 241373.79 ], [ 501053.729999999981374, 241376.79 ], [ 501058.229999999981374, 241381.79 ], [ 501058.229999999981374, 241388.79 ], [ 501062.729999999981374, 241391.29 ], [ 501063.229999999981374, 241394.79 ], [ 501065.229999999981374, 241397.29 ], [ 501065.229999999981374, 241400.79 ], [ 501067.229999999981374, 241402.29 ], [ 501067.229999999981374, 241404.79 ], [ 501068.229999999981374, 241405.29 ], [ 501068.229999999981374, 241409.29 ], [ 501066.229999999981374, 241409.29 ], [ 501066.229999999981374, 241410.29 ], [ 501070.729999999981374, 241418.79 ], [ 501081.229999999981374, 241447.29 ], [ 501081.729999999981374, 241453.79 ], [ 501080.729999999981374, 241456.79 ], [ 501078.229999999981374, 241460.79 ], [ 501075.729999999981374, 241462.79 ], [ 501075.729999999981374, 241463.79 ], [ 501080.229999999981374, 241468.29 ] ] ] } },
{ "type": "Feature", "properties": { "mainhabs": "Deciduous woodland", "habcodes": "DWOOD", "featdesc": null, "featcodes": null, "otherclass": null, "addhabs": null, "primsource": "National Forest Inventory 2023 (DWOOD)", "areaha": "1.13", "version": "Sep_25", "uid": "PHID50179428_024036870", "shape_length": null, "shape_area": null, "site": "millbrook", "pid": 24, "method": "grabcut2" }, "geometry": { "type": "Polygon", "coordinates": [ [ [ 501673.229999999981374, 240416.79 ], [ 501675.229999999981374, 240416.79 ], [ 501675.729999999981374, 240415.79 ], [ 501677.729999999981374, 240415.29 ], [ 501694.229999999981374, 240415.29 ], [ 501694.729999999981374, 240413.79 ], [ 501700.729999999981374, 240413.79 ], [ 501703.729999999981374, 240414.29 ], [ 501703.729999999981374, 240415.29 ], [ 501706.229999999981374, 240415.29 ], [ 501708.729999999981374, 240413.79 ], [ 501712.729999999981374, 240413.79 ], [ 501713.729999999981374, 240412.79 ], [ 501718.229999999981374, 240412.29 ], [ 501718.229999999981374, 240411.29 ], [ 501724.229999999981374, 240410.79 ], [ 501728.229999999981374, 240412.29 ], [ 501728.729999999981374, 240411.29 ], [ 501750.229999999981374, 240410.79 ], [ 501755.729999999981374, 240408.29 ], [ 501760.229999999981374, 240407.79 ], [ 501763.729999999981374, 240405.29 ], [ 501772.729999999981374, 240404.79 ], [ 501773.229999999981374, 240403.79 ], [ 501776.229999999981374, 240403.29 ], [ 501780.729999999981374, 240399.79 ], [ 501780.729999999981374, 240398.79 ], [ 501783.229999999981374, 240396.79 ], [ 501784.229999999981374, 240393.29 ], [ 501785.729999999981374, 240391.79 ], [ 501787.729999999981374, 240391.79 ], [ 501791.229999999981374, 240386.79 ], [ 501793.729999999981374, 240386.79 ], [ 501795.229999999981374, 240385.29 ], [ 501796.729999999981374, 240385.29 ], [ 501797.229999999981374, 240383.79 ], [ 501800.229999999981374, 240383.79 ], [ 501800.729999999981374, 240382.79 ], [ 501802.729999999981374, 240382.79 ], [ 501804.229999999981374, 240380.79 ], [ 501811.729999999981374, 240379.29 ], [ 501811.729999999981374, 240378.29 ], [ 501818.229999999981374, 240377.79 ], [ 501820.729999999981374, 240375.79 ], [ 501823.229999999981374, 240375.29 ], [ 501825.729999999981374, 240375.29 ], [ 501827.229999999981374, 240377.79 ], [ 501828.229999999981374, 240377.79 ], [ 501828.229999999981374, 240376.79 ], [ 501834.229999999981374, 240377.29 ], [ 501836.229999999981374, 240376.29 ], [ 501836.229999999981374, 240375.29 ], [ 501838.729999999981374, 240374.79 ], [ 501847.729999999981374, 240374.79 ], [ 501848.729999999981374, 240376.29 ], [ 501852.729999999981374, 240376.79 ], [ 501855.229999999981374, 240376.29 ], [ 501855.729999999981374, 240374.79 ], [ 501858.229999999981374, 240373.79 ], [ 501858.729999999981374, 240372.29 ], [ 501860.229999999981374, 240372.29 ], [ 501861.229999999981374, 240370.79 ], [ 501865.729999999981374, 240370.29 ], [ 501865.729999999981374, 240369.29 ], [ 501876.729999999981374, 240369.79 ], [ 501878.229999999981374, 240368.79 ], [ 501890.229999999981374, 240369.29 ], [ 501891.229999999981374, 240367.79 ], [ 501896.729999999981374, 240368.29 ], [ 501897.729999999981374, 240366.79 ], [ 501899.229999999981374, 240367.29 ], [ 501899.229999999981374, 240366.29 ], [ 501901.729999999981374, 240366.29 ], [ 501902.229999999981374, 240365.29 ], [ 501905.229999999981374, 240364.79 ], [ 501906.229999999981374, 240362.79 ], [ 501909.729999999981374, 240362.79 ], [ 501910.729999999981374, 240361.29 ], [ 501912.229999999981374, 240361.29 ], [ 501913.729999999981374, 240358.29 ], [ 501915.729999999981374, 240358.29 ], [ 501915.729999999981374, 240357.29 ], [ 501917.229999999981374, 240356.79 ], [ 501917.229999999981374, 240353.79 ], [ 501919.229999999981374, 240351.29 ], [ 501920.229999999981374, 240347.79 ], [ 501919.729999999981374, 240344.29 ], [ 501922.729999999981374, 240340.29 ], [ 501920.229999999981374, 240338.79 ], [ 501919.729999999981374, 240336.29 ], [ 501918.729999999981374, 240335.79 ], [ 501919.729999999981374, 240332.29 ], [ 501917.229999999981374, 240328.29 ], [ 501915.229999999981374, 240329.79 ], [ 501910.729999999981374, 240330.29 ], [ 501907.729999999981374, 240327.29 ], [ 501903.729999999981374, 240325.79 ], [ 501903.229999999981374, 240326.79 ], [ 501899.229999999981374, 240326.79 ], [ 501897.729999999981374, 240327.29 ], [ 501897.729999999981374, 240328.29 ], [ 501893.729999999981374, 240328.29 ], [ 501884.729999999981374, 240331.79 ], [ 501882.229999999981374, 240331.79 ], [ 501881.729999999981374, 240332.79 ], [ 501878.229999999981374, 240333.29 ], [ 501878.229999999981374, 240334.29 ], [ 501870.729999999981374, 240334.79 ], [ 501870.229999999981374, 240335.79 ], [ 501867.729999999981374, 240336.29 ], [ 501867.229999999981374, 240338.79 ], [ 501866.229999999981374, 240338.79 ], [ 501866.229999999981374, 240340.79 ], [ 501864.729999999981374, 240342.29 ], [ 501859.229999999981374, 240343.29 ], [ 501855.229999999981374, 240346.29 ], [ 501854.229999999981374, 240346.29 ], [ 501854.229999999981374, 240345.29 ], [ 501852.229999999981374, 240345.29 ], [ 501852.229999999981374, 240346.29 ], [ 501850.729999999981374, 240346.29 ], [ 501849.229999999981374, 240344.79 ], [ 501849.229999999981374, 240342.29 ], [ 501847.729999999981374, 240341.79 ], [ 501842.729999999981374, 240343.79 ], [ 501839.729999999981374, 240343.79 ], [ 501839.229999999981374, 240344.79 ], [ 501834.229999999981374, 240345.29 ], [ 501833.729999999981374, 240346.29 ], [ 501830.229999999981374, 240346.29 ], [ 501826.729999999981374, 240348.29 ], [ 501816.729999999981374, 240349.79 ], [ 501816.729999999981374, 240350.79 ], [ 501814.729999999981374, 240351.29 ], [ 501811.229999999981374, 240351.29 ], [ 501809.229999999981374, 240353.29 ], [ 501804.229999999981374, 240353.29 ], [ 501801.229999999981374, 240354.29 ], [ 501800.729999999981374, 240355.29 ], [ 501795.729999999981374, 240355.79 ], [ 501795.229999999981374, 240356.79 ], [ 501792.229999999981374, 240357.79 ], [ 501789.229999999981374, 240357.79 ], [ 501786.729999999981374, 240359.29 ], [ 501778.729999999981374, 240360.79 ], [ 501778.229999999981374, 240361.79 ], [ 501770.729999999981374, 240362.79 ], [ 501768.729999999981374, 240364.29 ], [ 501764.229999999981374, 240364.79 ], [ 501764.229999999981374, 240365.79 ], [ 501755.229999999981374, 240367.79 ], [ 501753.229999999981374, 240369.29 ], [ 501749.229999999981374, 240369.29 ], [ 501748.729999999981374, 240370.29 ], [ 501739.229999999981374, 240372.29 ], [ 501738.229999999981374, 240373.79 ], [ 501730.229999999981374, 240374.79 ], [ 501723.229999999981374, 240377.79 ], [ 501720.229999999981374, 240377.79 ], [ 501718.229999999981374, 240379.29 ], [ 501714.229999999981374, 240379.79 ], [ 501713.729999999981374, 240380.79 ], [ 501708.229999999981374, 240381.29 ], [ 501706.729999999981374, 240382.79 ], [ 501697.729999999981374, 240382.79 ], [ 501695.729999999981374, 240385.29 ], [ 501693.729999999981374, 240385.29 ], [ 501691.729999999981374, 240383.79 ], [ 501688.229999999981374, 240383.79 ], [ 501688.229999999981374, 240382.79 ], [ 501686.729999999981374, 240382.29 ], [ 501686.229999999981374, 240379.29 ], [ 501649.729999999981374, 240374.79 ], [ 501649.229999999981374, 240373.79 ], [ 501646.729999999981374, 240374.79 ], [ 501643.729999999981374, 240373.79 ], [ 501642.729999999981374, 240378.79 ], [ 501640.729999999981374, 240382.29 ], [ 501636.229999999981374, 240384.29 ], [ 501635.729999999981374, 240385.29 ], [ 501635.229999999981374, 240389.29 ], [ 501636.229999999981374, 240389.79 ], [ 501636.229999999981374, 240391.29 ], [ 501640.229999999981374, 240394.29 ], [ 501640.229999999981374, 240395.79 ], [ 501642.229999999981374, 240397.29 ], [ 501642.229999999981374, 240398.79 ], [ 501644.729999999981374, 240399.29 ], [ 501646.229999999981374, 240401.79 ], [ 501648.229999999981374, 240402.29 ], [ 501649.729999999981374, 240405.29 ], [ 501650.729999999981374, 240405.29 ], [ 501651.729999999981374, 240411.29 ], [ 501664.229999999981374, 240411.29 ], [ 501666.229999999981374, 240413.29 ], [ 501672.729999999981374, 240415.79 ], [ 501673.229999999981374, 240416.79 ] ] ] } },
{ "type": "Feature", "properties": { "mainhabs": "Lowland fens", "habcodes": "LFENS", "featdesc": null, "featcodes": null, "otherclass": null, "addhabs": "RBEDS", "primsource": "Reedbeds at Marston Vale Millenium Country Park 2008 (LFENS)", "areaha": "0.04", "version": "Sep_25", "uid": "PHID50020594_024121162", "shape_length": null, "shape_area": null, "site": "millbrook", "pid": 25, "method": "grabcut2" }, "geometry": { "type": "Polygon", "coordinates": [ [ [ 500205.229999999981374, 241212.79 ], [ 500207.729999999981374, 241212.79 ], [ 500207.729999999981374, 241208.29 ], [ 500208.729999999981374, 241205.79 ], [ 500206.729999999981374, 241205.29 ], [ 500202.729999999981374, 241200.79 ], [ 500200.229999999981374, 241200.79 ], [ 500198.729999999981374, 241198.29 ], [ 500193.729999999981374, 241196.79 ], [ 500192.729999999981374, 241198.29 ], [ 500193.729999999981374, 241199.29 ], [ 500193.729999999981374, 241202.79 ], [ 500194.729999999981374, 241203.29 ], [ 500194.229999999981374, 241206.79 ], [ 500200.229999999981374, 241209.79 ], [ 500202.229999999981374, 241212.29 ], [ 500205.229999999981374, 241211.79 ], [ 500205.229999999981374, 241212.79 ] ] ] } },
{ "type": "Feature", "properties": { "mainhabs": "Lowland fens", "habcodes": "LFENS", "featdesc": null, "featcodes": null, "otherclass": null, "addhabs": "RBEDS", "primsource": "Reedbeds at Marston Vale Millenium Country Park 2008 (LFENS)", "areaha": "0.09", "version": "Sep_25", "uid": "PHID50021476_024124824", "shape_length": null, "shape_area": null, "site": "millbrook", "pid": 26, "method": "grabcut2" }, "geometry": { "type": "Polygon", "coordinates": [ [ [ 500208.229999999981374, 241264.29 ], [ 500226.229999999981374, 241264.29 ], [ 500230.229999999981374, 241262.29 ], [ 500232.229999999981374, 241259.29 ], [ 500233.229999999981374, 241259.29 ], [ 500233.229999999981374, 241253.79 ], [ 500231.729999999981374, 241251.79 ], [ 500231.729999999981374, 241249.29 ], [ 500230.729999999981374, 241249.29 ], [ 500230.229999999981374, 241245.79 ], [ 500229.229999999981374, 241245.79 ], [ 500229.229999999981374, 241242.79 ], [ 500220.729999999981374, 241233.79 ], [ 500217.229999999981374, 241235.79 ], [ 500213.729999999981374, 241235.79 ], [ 500210.729999999981374, 241239.79 ], [ 500209.229999999981374, 241240.29 ], [ 500208.729999999981374, 241242.79 ], [ 500209.729999999981374, 241243.29 ], [ 500209.729999999981374, 241250.29 ], [ 500205.729999999981374, 241253.29 ], [ 500204.229999999981374, 241253.29 ], [ 500201.729999999981374, 241256.29 ], [ 500201.729999999981374, 241258.29 ], [ 500206.229999999981374, 241258.79 ], [ 500206.729999999981374, 241262.79 ], [ 500208.229999999981374, 241264.29 ] ] ] } },
{ "type": "Feature", "properties": { "mainhabs": "Lowland fens", "habcodes": "LFENS", "featdesc": null, "featcodes": null, "otherclass": null, "addhabs": "RBEDS", "primsource": "Reedbeds at Marston Vale Millenium Country Park 2008 (LFENS)", "areaha": "0.12", "version": "Sep_25", "uid": "PHID50026832_024131655", "shape_length": null, "shape_area": null, "site": "millbrook", "pid": 27, "method": "grabcut2" }, "geometry": { "type": "Polygon", "coordinates": [ [ [ 500244.229999999981374, 241335.79 ], [ 500250.229999999981374, 241335.79 ], [ 500253.229999999981374, 241334.29 ], [ 500258.729999999981374, 241334.29 ], [ 500258.729999999981374, 241333.29 ], [ 500261.229999999981374, 241332.79 ], [ 500263.729999999981374, 241330.29 ], [ 500266.229999999981374, 241329.79 ], [ 500270.729999999981374, 241326.79 ], [ 500271.229999999981374, 241325.29 ], [ 500273.229999999981374, 241324.79 ], [ 500274.729999999981374, 241322.79 ], [ 500277.229999999981374, 241322.79 ], [ 500282.229999999981374, 241319.29 ], [ 500290.229999999981374, 241311.79 ], [ 500290.729999999981374, 241309.29 ], [ 500292.229999999981374, 241308.79 ], [ 500292.229999999981374, 241307.29 ], [ 500293.229999999981374, 241307.29 ], [ 500293.229999999981374, 241306.29 ], [ 500298.229999999981374, 241301.79 ], [ 500299.229999999981374, 241299.79 ], [ 500299.229999999981374, 241291.29 ], [ 500296.729999999981374, 241290.79 ], [ 500294.729999999981374, 241292.29 ], [ 500291.729999999981374, 241292.29 ], [ 500291.729999999981374, 241293.79 ], [ 500289.729999999981374, 241295.29 ], [ 500286.229999999981374, 241295.79 ], [ 500284.229999999981374, 241298.79 ], [ 500281.729999999981374, 241298.79 ], [ 500281.229999999981374, 241300.29 ], [ 500278.729999999981374, 241301.29 ], [ 500274.729999999981374, 241305.29 ], [ 500271.229999999981374, 241306.29 ], [ 500269.229999999981374, 241309.29 ], [ 500263.729999999981374, 241312.29 ], [ 500263.729999999981374, 241313.29 ], [ 500262.229999999981374, 241313.29 ], [ 500261.729999999981374, 241315.79 ], [ 500260.729999999981374, 241316.79 ], [ 500258.729999999981374, 241316.79 ], [ 500255.729999999981374, 241320.79 ], [ 500253.729999999981374, 241320.29 ], [ 500251.729999999981374, 241321.29 ], [ 500251.729999999981374, 241323.29 ], [ 500249.729999999981374, 241324.79 ], [ 500248.229999999981374, 241324.29 ], [ 500246.729999999981374, 241327.29 ], [ 500244.229999999981374, 241326.79 ], [ 500243.729999999981374, 241329.79 ], [ 500241.229999999981374, 241332.29 ], [ 500244.229999999981374, 241334.79 ], [ 500244.229999999981374, 241335.79 ] ] ] } },
{ "type": "Feature", "properties": { "mainhabs": "Lowland fens", "habcodes": "LFENS", "featdesc": null, "featcodes": null, "otherclass": null, "addhabs": "LCGRA, RBEDS", "primsource": "Reedbeds at Marston Vale Millenium Country Park 2008 (LFENS)", "areaha": "0.03", "version": "Sep_25", "uid": "PHID50046681_024082166", "shape_length": null, "shape_area": null, "site": "millbrook", "pid": 28, "method": "grabcut2" }, "geometry": { "type": "Polygon", "coordinates": [ [ [ 500477.729999999981374, 240831.29 ], [ 500480.229999999981374, 240831.29 ], [ 500480.229999999981374, 240830.29 ], [ 500481.729999999981374, 240830.29 ], [ 500481.729999999981374, 240831.29 ], [ 500482.729999999981374, 240831.29 ], [ 500483.229999999981374, 240829.79 ], [ 500484.229999999981374, 240829.79 ], [ 500482.729999999981374, 240827.29 ], [ 500482.729999999981374, 240822.29 ], [ 500481.729999999981374, 240822.29 ], [ 500481.229999999981374, 240819.79 ], [ 500470.729999999981374, 240808.29 ], [ 500466.729999999981374, 240809.29 ], [ 500461.729999999981374, 240815.29 ], [ 500463.229999999981374, 240816.79 ], [ 500463.229999999981374, 240817.79 ], [ 500461.729999999981374, 240818.29 ], [ 500462.229999999981374, 240822.29 ], [ 500464.729999999981374, 240822.79 ], [ 500466.229999999981374, 240825.29 ], [ 500467.729999999981374, 240824.79 ], [ 500469.229999999981374, 240827.29 ], [ 500475.229999999981374, 240828.29 ], [ 500477.729999999981374, 240831.29 ] ] ] } },
{ "type": "Feature", "properties": { "mainhabs": "Lowland fens,Reedbeds", "habcodes": "LFENS, RBEDS", "featdesc": null, "featcodes": null, "otherclass": null, "addhabs": "LCGRA", "primsource": "Reedbeds at Marston Vale Millenium Country Park 2008 (LFENS), Feedback from Natural England adviser or specialist 2023 (RBEDS)", "areaha": "6.64", "version": "Sep_25", "uid": "PHID50014457_024115202", "shape_length": null, "shape_area": null, "site": "millbrook", "pid": 29, "method": "grabcut2" }, "geometry": { "type": "Polygon", "coordinates": [ [ [ 500158.229999999981374, 241361.29 ], [ 500161.229999999981374, 241360.29 ], [ 500162.229999999981374, 241358.29 ], [ 500168.729999999981374, 241355.79 ], [ 500178.229999999981374, 241355.29 ], [ 500182.729999999981374, 241349.29 ], [ 500185.229999999981374, 241349.29 ], [ 500186.229999999981374, 241348.29 ], [ 500185.729999999981374, 241346.79 ], [ 500187.729999999981374, 241343.79 ], [ 500197.229999999981374, 241343.79 ], [ 500197.229999999981374, 241340.29 ], [ 500198.229999999981374, 241339.29 ], [ 500199.729999999981374, 241339.79 ], [ 500200.729999999981374, 241338.79 ], [ 500202.729999999981374, 241338.79 ], [ 500203.729999999981374, 241341.29 ], [ 500206.729999999981374, 241340.79 ], [ 500206.729999999981374, 241341.79 ], [ 500209.229999999981374, 241341.79 ], [ 500209.729999999981374, 241343.29 ], [ 500210.729999999981374, 241343.29 ], [ 500210.729999999981374, 241342.29 ], [ 500212.729999999981374, 241340.79 ], [ 500214.729999999981374, 241340.79 ], [ 500218.729999999981374, 241337.79 ], [ 500220.729999999981374, 241337.79 ], [ 500221.729999999981374, 241336.29 ], [ 500227.229999999981374, 241334.79 ], [ 500228.729999999981374, 241332.79 ], [ 500234.729999999981374, 241332.29 ], [ 500236.729999999981374, 241331.29 ], [ 500236.729999999981374, 241330.29 ], [ 500239.229999999981374, 241330.29 ], [ 500240.229999999981374, 241328.29 ], [ 500241.729999999981374, 241328.79 ], [ 500243.729999999981374, 241326.79 ], [ 500247.229999999981374, 241326.79 ], [ 500247.229999999981374, 241321.29 ], [ 500248.729999999981374, 241319.79 ], [ 500248.729999999981374, 241317.29 ], [ 500252.729999999981374, 241314.79 ], [ 500252.729999999981374, 241313.79 ], [ 500251.729999999981374, 241313.79 ], [ 500252.229999999981374, 241311.29 ], [ 500257.229999999981374, 241311.29 ], [ 500260.229999999981374, 241312.29 ], [ 500265.229999999981374, 241311.79 ], [ 500265.729999999981374, 241310.79 ], [ 500267.729999999981374, 241310.29 ], [ 500267.729999999981374, 241309.29 ], [ 500269.229999999981374, 241309.29 ], [ 500271.229999999981374, 241306.29 ], [ 500273.729999999981374, 241305.79 ], [ 500279.729999999981374, 241301.29 ], [ 500281.729999999981374, 241298.29 ], [ 500283.229999999981374, 241299.29 ], [ 500286.229999999981374, 241295.79 ], [ 500288.729999999981374, 241295.79 ], [ 500289.729999999981374, 241293.29 ], [ 500293.729999999981374, 241289.79 ], [ 500293.729999999981374, 241285.29 ], [ 500294.729999999981374, 241285.29 ], [ 500290.729999999981374, 241281.79 ], [ 500292.229999999981374, 241280.29 ], [ 500294.229999999981374, 241280.29 ], [ 500295.229999999981374, 241281.79 ], [ 500297.729999999981374, 241281.79 ], [ 500297.729999999981374, 241280.79 ], [ 500300.229999999981374, 241280.29 ], [ 500300.729999999981374, 241278.79 ], [ 500299.729999999981374, 241278.79 ], [ 500299.729999999981374, 241274.79 ], [ 500302.729999999981374, 241272.79 ], [ 500302.729999999981374, 241271.79 ], [ 500305.229999999981374, 241269.79 ], [ 500305.229999999981374, 241268.29 ], [ 500309.729999999981374, 241264.29 ], [ 500309.729999999981374, 241262.79 ], [ 500311.729999999981374, 241260.79 ], [ 500311.729999999981374, 241258.79 ], [ 500315.229999999981374, 241255.29 ], [ 500318.229999999981374, 241255.29 ], [ 500319.229999999981374, 241254.29 ], [ 500319.229999999981374, 241252.29 ], [ 500322.229999999981374, 241252.79 ], [ 500325.729999999981374, 241250.29 ], [ 500326.229999999981374, 241242.79 ], [ 500324.229999999981374, 241241.29 ], [ 500323.229999999981374, 241235.29 ], [ 500326.729999999981374, 241231.29 ], [ 500326.229999999981374, 241226.79 ], [ 500325.229999999981374, 241226.79 ], [ 500323.729999999981374, 241223.29 ], [ 500320.729999999981374, 241220.29 ], [ 500320.229999999981374, 241218.29 ], [ 500317.229999999981374, 241214.79 ], [ 500317.229999999981374, 241213.29 ], [ 500315.729999999981374, 241212.79 ], [ 500312.729999999981374, 241207.29 ], [ 500310.229999999981374, 241205.79 ], [ 500311.229999999981374, 241204.79 ], [ 500308.729999999981374, 241202.29 ], [ 500305.729999999981374, 241196.29 ], [ 500302.729999999981374, 241193.29 ], [ 500302.729999999981374, 241191.79 ], [ 500299.729999999981374, 241188.79 ], [ 500299.229999999981374, 241186.29 ], [ 500297.729999999981374, 241185.79 ], [ 500296.729999999981374, 241183.29 ], [ 500293.229999999981374, 241180.29 ], [ 500293.229999999981374, 241177.79 ], [ 500291.729999999981374, 241176.79 ], [ 500289.229999999981374, 241172.29 ], [ 500287.229999999981374, 241171.29 ], [ 500287.229999999981374, 241169.79 ], [ 500285.729999999981374, 241169.29 ], [ 500284.229999999981374, 241164.29 ], [ 500281.729999999981374, 241162.79 ], [ 500277.229999999981374, 241157.79 ], [ 500277.229999999981374, 241155.79 ], [ 500275.729999999981374, 241154.79 ], [ 500274.729999999981374, 241151.79 ], [ 500272.229999999981374, 241149.79 ], [ 500270.229999999981374, 241149.79 ], [ 500266.729999999981374, 241145.79 ], [ 500266.229999999981374, 241142.79 ], [ 500265.229999999981374, 241142.79 ], [ 500264.729999999981374, 241135.79 ], [ 500263.229999999981374, 241133.79 ], [ 500264.729999999981374, 241115.29 ], [ 500263.729999999981374, 241113.79 ], [ 500263.229999999981374, 241108.29 ], [ 500260.729999999981374, 241104.29 ], [ 500260.729999999981374, 241102.29 ], [ 500259.229999999981374, 241101.79 ], [ 500258.229999999981374, 241099.29 ], [ 500258.729999999981374, 241096.29 ], [ 500256.229999999981374, 241094.79 ], [ 500255.229999999981374, 241092.79 ], [ 500251.729999999981374, 241091.29 ], [ 500249.729999999981374, 241088.29 ], [ 500248.729999999981374, 241088.29 ], [ 500248.229999999981374, 241085.79 ], [ 500247.229999999981374, 241085.79 ], [ 500247.229999999981374, 241082.29 ], [ 500245.729999999981374, 241081.29 ], [ 500245.229999999981374, 241078.79 ], [ 500243.229999999981374, 241077.79 ], [ 500243.729999999981374, 241074.79 ], [ 500239.729999999981374, 241072.29 ], [ 500237.229999999981374, 241064.29 ], [ 500238.229999999981374, 241061.79 ], [ 500236.729999999981374, 241059.29 ], [ 500239.729999999981374, 241055.29 ], [ 500240.729999999981374, 241055.29 ], [ 500240.729999999981374, 241052.29 ], [ 500243.729999999981374, 241049.79 ], [ 500243.729999999981374, 241047.79 ], [ 500245.729999999981374, 241046.29 ], [ 500245.729999999981374, 241043.29 ], [ 500246.729999999981374, 241043.29 ], [ 500246.729999999981374, 241041.79 ], [ 500245.729999999981374, 241041.79 ], [ 500245.229999999981374, 241040.29 ], [ 500245.229999999981374, 241035.79 ], [ 500246.729999999981374, 241035.29 ], [ 500247.229999999981374, 241033.29 ], [ 500248.229999999981374, 241032.79 ], [ 500248.229999999981374, 241029.29 ], [ 500249.229999999981374, 241027.79 ], [ 500248.729999999981374, 241021.79 ], [ 500244.229999999981374, 241020.79 ], [ 500239.229999999981374, 241014.79 ], [ 500236.229999999981374, 241014.29 ], [ 500235.729999999981374, 241011.29 ], [ 500233.229999999981374, 241011.29 ], [ 500231.729999999981374, 241008.29 ], [ 500229.229999999981374, 241008.29 ], [ 500227.729999999981374, 241005.79 ], [ 500222.729999999981374, 241005.29 ], [ 500220.729999999981374, 241006.79 ], [ 500217.229999999981374, 241006.79 ], [ 500216.729999999981374, 241004.29 ], [ 500214.229999999981374, 241002.79 ], [ 500214.229999999981374, 241000.79 ], [ 500215.229999999981374, 241000.79 ], [ 500215.229999999981374, 240999.79 ], [ 500212.729999999981374, 240998.79 ], [ 500212.229999999981374, 240995.29 ], [ 500215.229999999981374, 240994.29 ], [ 500215.729999999981374, 240995.29 ], [ 500218.729999999981374, 240995.29 ], [ 500220.229999999981374, 240993.79 ], [ 500222.729999999981374, 240993.79 ], [ 500224.729999999981374, 240991.79 ], [ 500223.729999999981374, 240990.29 ], [ 500225.229999999981374, 240986.79 ], [ 500223.729999999981374, 240985.79 ], [ 500223.229999999981374, 240983.29 ], [ 500221.729999999981374, 240982.79 ], [ 500221.729999999981374, 240978.79 ], [ 500220.229999999981374, 240978.29 ], [ 500219.729999999981374, 240975.79 ], [ 500218.729999999981374, 240975.79 ], [ 500218.229999999981374, 240978.29 ], [ 500216.729999999981374, 240978.29 ], [ 500212.729999999981374, 240976.79 ], [ 500212.729999999981374, 240975.79 ], [ 500209.229999999981374, 240972.79 ], [ 500203.729999999981374, 240972.79 ], [ 500202.229999999981374, 240971.29 ], [ 500202.229999999981374, 240969.29 ], [ 500203.229999999981374, 240968.79 ], [ 500203.729999999981374, 240962.79 ], [ 500202.229999999981374, 240962.29 ], [ 500199.729999999981374, 240959.29 ], [ 500195.729999999981374, 240958.79 ], [ 500194.729999999981374, 240957.29 ], [ 500193.229999999981374, 240957.29 ], [ 500192.729999999981374, 240955.79 ], [ 500191.229999999981374, 240955.79 ], [ 500183.729999999981374, 240948.79 ], [ 500180.729999999981374, 240948.29 ], [ 500179.229999999981374, 240946.29 ], [ 500172.229999999981374, 240946.29 ], [ 500170.229999999981374, 240949.29 ], [ 500169.229999999981374, 240949.29 ], [ 500165.729999999981374, 240946.29 ], [ 500163.229999999981374, 240947.29 ], [ 500161.229999999981374, 240943.79 ], [ 500158.729999999981374, 240943.79 ], [ 500158.229999999981374, 240945.29 ], [ 500156.229999999981374, 240945.29 ], [ 500155.729999999981374, 240946.29 ], [ 500152.729999999981374, 240944.79 ], [ 500149.729999999981374, 240945.29 ], [ 500149.229999999981374, 240944.29 ], [ 500144.729999999981374, 240944.29 ], [ 500141.229999999981374, 240947.29 ], [ 500139.729999999981374, 240947.29 ], [ 500138.729999999981374, 240945.29 ], [ 500134.229999999981374, 240946.29 ], [ 500132.729999999981374, 240945.29 ], [ 500129.729999999981374, 240945.29 ], [ 500128.729999999981374, 240946.29 ], [ 500125.229999999981374, 240946.79 ], [ 500122.729999999981374, 240948.79 ], [ 500121.229999999981374, 240951.79 ], [ 500125.229999999981374, 240955.79 ], [ 500131.729999999981374, 240956.29 ], [ 500134.729999999981374, 240960.29 ], [ 500136.229999999981374, 240960.79 ], [ 500136.229999999981374, 240961.79 ], [ 500137.229999999981374, 240961.79 ], [ 500137.729999999981374, 240964.79 ], [ 500138.729999999981374, 240964.79 ], [ 500138.229999999981374, 240966.79 ], [ 500134.729999999981374, 240967.29 ], [ 500134.229999999981374, 240966.29 ], [ 500130.229999999981374, 240966.29 ], [ 500128.729999999981374, 240969.79 ], [ 500124.229999999981374, 240969.79 ], [ 500122.229999999981374, 240968.29 ], [ 500121.229999999981374, 240970.79 ], [ 500116.729999999981374, 240971.29 ], [ 500116.729999999981374, 240972.29 ], [ 500111.729999999981374, 240972.79 ], [ 500111.729999999981374, 240973.79 ], [ 500108.729999999981374, 240974.29 ], [ 500106.229999999981374, 240973.29 ], [ 500103.729999999981374, 240975.79 ], [ 500099.729999999981374, 240975.79 ], [ 500098.729999999981374, 240977.29 ], [ 500095.229999999981374, 240977.29 ], [ 500093.729999999981374, 240979.29 ], [ 500089.229999999981374, 240979.29 ], [ 500086.729999999981374, 240981.29 ], [ 500083.229999999981374, 240980.29 ], [ 500081.729999999981374, 240981.79 ], [ 500080.729999999981374, 240980.79 ], [ 500081.229999999981374, 240979.79 ], [ 500080.229999999981374, 240979.29 ], [ 500079.229999999981374, 240981.29 ], [ 500072.729999999981374, 240981.29 ], [ 500072.729999999981374, 240980.29 ], [ 500067.729999999981374, 240979.29 ], [ 500065.729999999981374, 240977.29 ], [ 500065.229999999981374, 240978.29 ], [ 500063.229999999981374, 240978.29 ], [ 500062.729999999981374, 240977.29 ], [ 500061.229999999981374, 240977.29 ], [ 500060.729999999981374, 240978.79 ], [ 500058.229999999981374, 240979.29 ], [ 500056.229999999981374, 240977.79 ], [ 500056.729999999981374, 240976.29 ], [ 500055.729999999981374, 240975.29 ], [ 500053.229999999981374, 240974.79 ], [ 500050.729999999981374, 240976.29 ], [ 500050.229999999981374, 240975.29 ], [ 500048.729999999981374, 240975.29 ], [ 500048.729999999981374, 240972.29 ], [ 500046.229999999981374, 240968.29 ], [ 500043.229999999981374, 240969.29 ], [ 500043.729999999981374, 240973.79 ], [ 500040.229999999981374, 240977.79 ], [ 500040.229999999981374, 240979.29 ], [ 500041.229999999981374, 240979.79 ], [ 500040.729999999981374, 240983.79 ], [ 500036.229999999981374, 240988.79 ], [ 500036.229999999981374, 240990.29 ], [ 500041.229999999981374, 240990.79 ], [ 500041.729999999981374, 240992.29 ], [ 500043.229999999981374, 240992.29 ], [ 500044.229999999981374, 240993.79 ], [ 500046.229999999981374, 240992.29 ], [ 500048.229999999981374, 240992.29 ], [ 500049.229999999981374, 240995.29 ], [ 500051.729999999981374, 240994.79 ], [ 500056.729999999981374, 240998.29 ], [ 500056.229999999981374, 240999.79 ], [ 500057.729999999981374, 241001.29 ], [ 500057.729999999981374, 241003.29 ], [ 500056.729999999981374, 241003.79 ], [ 500057.229999999981374, 241006.79 ], [ 500055.229999999981374, 241007.79 ], [ 500053.729999999981374, 241010.79 ], [ 500055.729999999981374, 241012.29 ], [ 500056.729999999981374, 241016.29 ], [ 500057.729999999981374, 241016.29 ], [ 500057.729999999981374, 241018.29 ], [ 500059.729999999981374, 241018.79 ], [ 500060.229999999981374, 241020.29 ], [ 500059.229999999981374, 241025.29 ], [ 500058.229999999981374, 241025.29 ], [ 500058.229999999981374, 241026.29 ], [ 500055.729999999981374, 241026.29 ], [ 500054.729999999981374, 241028.29 ], [ 500050.729999999981374, 241027.29 ], [ 500050.229999999981374, 241031.29 ], [ 500046.229999999981374, 241031.29 ], [ 500044.729999999981374, 241033.29 ], [ 500042.729999999981374, 241032.79 ], [ 500041.729999999981374, 241033.79 ], [ 500041.729999999981374, 241035.79 ], [ 500040.229999999981374, 241036.79 ], [ 500039.729999999981374, 241039.79 ], [ 500042.729999999981374, 241042.29 ], [ 500042.729999999981374, 241043.79 ], [ 500041.729999999981374, 241044.29 ], [ 500041.229999999981374, 241049.29 ], [ 500038.729999999981374, 241050.79 ], [ 500037.729999999981374, 241052.79 ], [ 500039.729999999981374, 241056.79 ], [ 500041.229999999981374, 241057.29 ], [ 500041.729999999981374, 241060.29 ], [ 500038.729999999981374, 241063.79 ], [ 500036.729999999981374, 241064.29 ], [ 500036.729999999981374, 241066.79 ], [ 500035.229999999981374, 241068.79 ], [ 500035.229999999981374, 241070.79 ], [ 500036.729999999981374, 241070.79 ], [ 500036.729999999981374, 241071.79 ], [ 500038.729999999981374, 241069.29 ], [ 500038.729999999981374, 241070.29 ], [ 500040.229999999981374, 241069.79 ], [ 500043.229999999981374, 241073.29 ], [ 500044.729999999981374, 241073.79 ], [ 500043.229999999981374, 241084.29 ], [ 500040.729999999981374, 241086.29 ], [ 500038.229999999981374, 241085.79 ], [ 500038.229999999981374, 241087.29 ], [ 500038.729999999981374, 241088.29 ], [ 500041.729999999981374, 241088.79 ], [ 500043.229999999981374, 241093.29 ], [ 500047.729999999981374, 241098.79 ], [ 500047.729999999981374, 241101.79 ], [ 500046.729999999981374, 241103.29 ], [ 500042.229999999981374, 241105.29 ], [ 500042.729999999981374, 241109.79 ], [ 500041.229999999981374, 241110.79 ], [ 500040.729999999981374, 241115.29 ], [ 500042.229999999981374, 241116.29 ], [ 500042.729999999981374, 241118.29 ], [ 500045.729999999981374, 241118.29 ], [ 500047.229999999981374, 241121.29 ], [ 500050.229999999981374, 241121.79 ], [ 500052.229999999981374, 241124.79 ], [ 500053.229999999981374, 241124.79 ], [ 500053.729999999981374, 241127.29 ], [ 500056.229999999981374, 241128.79 ], [ 500056.729999999981374, 241132.29 ], [ 500057.729999999981374, 241132.29 ], [ 500058.229999999981374, 241134.79 ], [ 500059.729999999981374, 241135.29 ], [ 500059.729999999981374, 241136.29 ], [ 500060.729999999981374, 241136.29 ], [ 500061.229999999981374, 241138.29 ], [ 500066.229999999981374, 241137.79 ], [ 500066.729999999981374, 241142.29 ], [ 500070.229999999981374, 241145.79 ], [ 500073.229999999981374, 241145.79 ], [ 500074.229999999981374, 241147.79 ], [ 500078.729999999981374, 241148.79 ], [ 500079.729999999981374, 241150.29 ], [ 500078.729999999981374, 241152.79 ], [ 500075.729999999981374, 241153.29 ], [ 500073.229999999981374, 241157.29 ], [ 500070.729999999981374, 241157.79 ], [ 500067.229999999981374, 241166.29 ], [ 500068.229999999981374, 241166.29 ], [ 500068.729999999981374, 241167.79 ], [ 500071.729999999981374, 241169.79 ], [ 500071.729999999981374, 241170.79 ], [ 500073.229999999981374, 241171.29 ], [ 500073.729999999981374, 241172.79 ], [ 500075.729999999981374, 241172.79 ], [ 500075.729999999981374, 241173.79 ], [ 500077.729999999981374, 241174.79 ], [ 500077.729999999981374, 241177.29 ], [ 500078.729999999981374, 241177.29 ], [ 500081.729999999981374, 241181.29 ], [ 500081.729999999981374, 241190.29 ], [ 500075.729999999981374, 241190.79 ], [ 500075.229999999981374, 241196.79 ], [ 500068.729999999981374, 241199.79 ], [ 500068.729999999981374, 241201.79 ], [ 500067.729999999981374, 241202.79 ], [ 500066.229999999981374, 241202.79 ], [ 500065.729999999981374, 241201.79 ], [ 500064.729999999981374, 241202.29 ], [ 500063.729999999981374, 241205.29 ], [ 500064.729999999981374, 241205.79 ], [ 500064.729999999981374, 241207.29 ], [ 500062.729999999981374, 241209.79 ], [ 500059.729999999981374, 241208.79 ], [ 500059.729999999981374, 241211.29 ], [ 500057.729999999981374, 241210.79 ], [ 500056.229999999981374, 241212.29 ], [ 500054.729999999981374, 241212.29 ], [ 500052.229999999981374, 241215.29 ], [ 500047.729999999981374, 241215.79 ], [ 500047.729999999981374, 241217.79 ], [ 500048.729999999981374, 241218.79 ], [ 500048.229999999981374, 241222.79 ], [ 500049.229999999981374, 241224.79 ], [ 500050.729999999981374, 241225.29 ], [ 500050.729999999981374, 241227.29 ], [ 500051.729999999981374, 241228.29 ], [ 500055.229999999981374, 241229.79 ], [ 500057.729999999981374, 241235.29 ], [ 500061.229999999981374, 241237.29 ], [ 500062.229999999981374, 241239.79 ], [ 500061.729999999981374, 241240.79 ], [ 500068.229999999981374, 241246.79 ], [ 500068.229999999981374, 241248.79 ], [ 500071.729999999981374, 241252.29 ], [ 500071.729999999981374, 241253.29 ], [ 500073.229999999981374, 241253.79 ], [ 500075.729999999981374, 241259.29 ], [ 500081.729999999981374, 241264.29 ], [ 500082.729999999981374, 241266.79 ], [ 500087.229999999981374, 241266.79 ], [ 500087.729999999981374, 241270.29 ], [ 500092.229999999981374, 241271.79 ], [ 500092.229999999981374, 241272.79 ], [ 500095.229999999981374, 241274.79 ], [ 500096.729999999981374, 241274.79 ], [ 500097.229999999981374, 241273.29 ], [ 500102.729999999981374, 241274.29 ], [ 500102.729999999981374, 241272.79 ], [ 500101.229999999981374, 241271.29 ], [ 500101.729999999981374, 241268.79 ], [ 500104.229999999981374, 241268.79 ], [ 500105.229999999981374, 241267.79 ], [ 500108.229999999981374, 241268.29 ], [ 500109.229999999981374, 241269.29 ], [ 500109.229999999981374, 241276.29 ], [ 500110.729999999981374, 241277.29 ], [ 500112.229999999981374, 241275.79 ], [ 500114.729999999981374, 241275.79 ], [ 500115.229999999981374, 241277.29 ], [ 500116.729999999981374, 241277.29 ], [ 500118.229999999981374, 241280.29 ], [ 500119.229999999981374, 241280.29 ], [ 500119.229999999981374, 241281.79 ], [ 500121.229999999981374, 241283.29 ], [ 500122.729999999981374, 241287.79 ], [ 500123.729999999981374, 241287.79 ], [ 500125.229999999981374, 241289.79 ], [ 500126.229999999981374, 241293.29 ], [ 500125.229999999981374, 241296.79 ], [ 500128.729999999981374, 241299.79 ], [ 500128.729999999981374, 241302.79 ], [ 500128.229999999981374, 241306.29 ], [ 500125.729999999981374, 241307.29 ], [ 500125.729999999981374, 241308.79 ], [ 500124.229999999981374, 241309.29 ], [ 500121.229999999981374, 241315.29 ], [ 500121.729999999981374, 241318.29 ], [ 500125.229999999981374, 241320.79 ], [ 500125.729999999981374, 241323.29 ], [ 500122.729999999981374, 241325.29 ], [ 500122.229999999981374, 241328.79 ], [ 500121.229999999981374, 241328.79 ], [ 500121.229999999981374, 241331.29 ], [ 500119.229999999981374, 241330.79 ], [ 500117.729999999981374, 241332.29 ], [ 500118.729999999981374, 241336.29 ], [ 500117.729999999981374, 241338.79 ], [ 500118.229999999981374, 241343.79 ], [ 500122.729999999981374, 241345.29 ], [ 500123.729999999981374, 241346.79 ], [ 500123.729999999981374, 241349.79 ], [ 500128.229999999981374, 241350.79 ], [ 500128.729999999981374, 241352.29 ], [ 500133.229999999981374, 241354.29 ], [ 500135.729999999981374, 241357.79 ], [ 500143.229999999981374, 241358.29 ], [ 500146.729999999981374, 241355.79 ], [ 500149.729999999981374, 241359.29 ], [ 500157.229999999981374, 241360.29 ], [ 500158.229999999981374, 241361.29 ] ], [ [ 500229.729999999981374, 241290.79 ], [ 500229.229999999981374, 241289.79 ], [ 500227.729999999981374, 241289.79 ], [ 500224.729999999981374, 241287.79 ], [ 500223.729999999981374, 241284.79 ], [ 500224.229999999981374, 241283.29 ], [ 500212.729999999981374, 241280.79 ], [ 500212.229999999981374, 241279.29 ], [ 500210.729999999981374, 241278.79 ], [ 500209.229999999981374, 241280.29 ], [ 500207.229999999981374, 241280.29 ], [ 500206.729999999981374, 241279.29 ], [ 500204.729999999981374, 241278.79 ], [ 500204.729999999981374, 241276.79 ], [ 500203.729999999981374, 241276.29 ], [ 500203.729999999981374, 241272.79 ], [ 500206.729999999981374, 241270.79 ], [ 500206.729999999981374, 241268.79 ], [ 500204.229999999981374, 241266.79 ], [ 500206.729999999981374, 241263.79 ], [ 500206.729999999981374, 241260.29 ], [ 500205.729999999981374, 241258.29 ], [ 500201.729999999981374, 241258.29 ], [ 500201.729999999981374, 241256.29 ], [ 500204.229999999981374, 241253.29 ], [ 500205.729999999981374, 241253.29 ], [ 500209.729999999981374, 241250.29 ], [ 500209.729999999981374, 241243.29 ], [ 500208.729999999981374, 241242.79 ], [ 500209.229999999981374, 241240.29 ], [ 500213.229999999981374, 241237.29 ], [ 500213.729999999981374, 241235.79 ], [ 500217.229999999981374, 241235.79 ], [ 500220.729999999981374, 241233.79 ], [ 500222.729999999981374, 241231.29 ], [ 500222.729999999981374, 241229.29 ], [ 500219.229999999981374, 241224.79 ], [ 500219.729999999981374, 241222.29 ], [ 500218.729999999981374, 241221.79 ], [ 500218.229999999981374, 241219.29 ], [ 500216.729999999981374, 241219.29 ], [ 500216.229999999981374, 241216.29 ], [ 500213.229999999981374, 241212.29 ], [ 500213.729999999981374, 241210.29 ], [ 500212.729999999981374, 241209.79 ], [ 500211.229999999981374, 241205.79 ], [ 500209.729999999981374, 241205.29 ], [ 500208.229999999981374, 241206.29 ], [ 500207.729999999981374, 241212.79 ], [ 500205.229999999981374, 241212.79 ], [ 500205.229999999981374, 241211.79 ], [ 500202.229999999981374, 241212.29 ], [ 500200.229999999981374, 241209.79 ], [ 500194.229999999981374, 241206.79 ], [ 500194.729999999981374, 241203.29 ], [ 500193.729999999981374, 241202.79 ], [ 500193.729999999981374, 241199.29 ], [ 500192.729999999981374, 241198.29 ], [ 500193.729999999981374, 241196.29 ], [ 500188.229999999981374, 241194.79 ], [ 500188.229999999981374, 241193.29 ], [ 500190.229999999981374, 241190.29 ], [ 500187.229999999981374, 241185.79 ], [ 500187.229999999981374, 241184.79 ], [ 500191.729999999981374, 241184.29 ], [ 500191.729999999981374, 241180.29 ], [ 500197.729999999981374, 241180.29 ], [ 500198.729999999981374, 241181.79 ], [ 500202.229999999981374, 241181.79 ], [ 500203.729999999981374, 241187.79 ], [ 500205.229999999981374, 241187.79 ], [ 500205.229999999981374, 241188.79 ], [ 500208.229999999981374, 241190.29 ], [ 500208.229999999981374, 241191.79 ], [ 500211.229999999981374, 241193.79 ], [ 500211.729999999981374, 241195.79 ], [ 500218.229999999981374, 241201.29 ], [ 500218.229999999981374, 241203.79 ], [ 500219.729999999981374, 241204.79 ], [ 500220.229999999981374, 241206.79 ], [ 500222.729999999981374, 241207.79 ], [ 500223.229999999981374, 241212.79 ], [ 500225.729999999981374, 241214.29 ], [ 500225.229999999981374, 241217.29 ], [ 500228.729999999981374, 241219.29 ], [ 500228.729999999981374, 241222.29 ], [ 500230.729999999981374, 241223.79 ], [ 500231.229999999981374, 241227.79 ], [ 500230.229999999981374, 241231.29 ], [ 500232.729999999981374, 241233.29 ], [ 500233.729999999981374, 241239.29 ], [ 500236.729999999981374, 241242.79 ], [ 500236.729999999981374, 241246.79 ], [ 500238.229999999981374, 241248.79 ], [ 500238.229999999981374, 241251.79 ], [ 500239.229999999981374, 241253.29 ], [ 500241.729999999981374, 241253.79 ], [ 500242.729999999981374, 241257.79 ], [ 500244.229999999981374, 241258.79 ], [ 500243.729999999981374, 241264.29 ], [ 500244.729999999981374, 241271.29 ], [ 500246.729999999981374, 241272.79 ], [ 500245.729999999981374, 241283.29 ], [ 500244.229999999981374, 241284.29 ], [ 500244.229999999981374, 241286.29 ], [ 500241.729999999981374, 241289.79 ], [ 500232.729999999981374, 241289.29 ], [ 500229.729999999981374, 241290.79 ] ], [ [ 500162.729999999981374, 241291.79 ], [ 500161.729999999981374, 241291.29 ], [ 500161.229999999981374, 241287.79 ], [ 500160.229999999981374, 241287.79 ], [ 500159.729999999981374, 241286.29 ], [ 500154.229999999981374, 241286.29 ], [ 500154.229999999981374, 241285.29 ], [ 500152.229999999981374, 241284.79 ], [ 500152.229999999981374, 241283.79 ], [ 500154.229999999981374, 241282.29 ], [ 500158.729999999981374, 241282.29 ], [ 500161.229999999981374, 241281.29 ], [ 500162.729999999981374, 241279.29 ], [ 500167.729999999981374, 241278.79 ], [ 500168.229999999981374, 241277.79 ], [ 500175.229999999981374, 241274.79 ], [ 500187.729999999981374, 241274.29 ], [ 500187.229999999981374, 241276.29 ], [ 500186.229999999981374, 241276.79 ], [ 500187.229999999981374, 241278.79 ], [ 500183.729999999981374, 241282.29 ], [ 500182.729999999981374, 241282.29 ], [ 500182.229999999981374, 241283.79 ], [ 500181.229999999981374, 241283.79 ], [ 500180.729999999981374, 241285.29 ], [ 500179.729999999981374, 241285.29 ], [ 500179.229999999981374, 241286.79 ], [ 500173.729999999981374, 241288.29 ], [ 500173.729999999981374, 241289.29 ], [ 500166.229999999981374, 241289.79 ], [ 500165.729999999981374, 241291.29 ], [ 500162.729999999981374, 241291.79 ] ], [ [ 500137.729999999981374, 241193.79 ], [ 500135.729999999981374, 241191.79 ], [ 500131.729999999981374, 241191.79 ], [ 500130.229999999981374, 241189.29 ], [ 500128.729999999981374, 241189.29 ], [ 500125.229999999981374, 241186.29 ], [ 500121.229999999981374, 241184.79 ], [ 500101.729999999981374, 241184.29 ], [ 500113.729999999981374, 241182.79 ], [ 500129.729999999981374, 241176.29 ], [ 500134.729999999981374, 241175.29 ], [ 500135.729999999981374, 241174.29 ], [ 500138.729999999981374, 241174.29 ], [ 500139.729999999981374, 241172.79 ], [ 500140.729999999981374, 241173.79 ], [ 500158.729999999981374, 241174.29 ], [ 500160.229999999981374, 241175.29 ], [ 500164.729999999981374, 241175.79 ], [ 500165.729999999981374, 241176.79 ], [ 500170.229999999981374, 241177.29 ], [ 500173.229999999981374, 241179.79 ], [ 500174.729999999981374, 241179.79 ], [ 500172.729999999981374, 241181.79 ], [ 500175.229999999981374, 241184.29 ], [ 500175.229999999981374, 241185.79 ], [ 500173.729999999981374, 241187.29 ], [ 500172.229999999981374, 241187.29 ], [ 500171.729999999981374, 241185.79 ], [ 500170.729999999981374, 241185.79 ], [ 500170.229999999981374, 241187.29 ], [ 500168.229999999981374, 241187.29 ], [ 500165.229999999981374, 241183.79 ], [ 500163.229999999981374, 241183.79 ], [ 500162.729999999981374, 241185.79 ], [ 500158.729999999981374, 241187.79 ], [ 500158.729999999981374, 241188.79 ], [ 500155.229999999981374, 241189.29 ], [ 500155.229999999981374, 241190.29 ], [ 500152.729999999981374, 241189.79 ], [ 500151.229999999981374, 241191.79 ], [ 500147.729999999981374, 241192.29 ], [ 500147.729999999981374, 241193.29 ], [ 500137.729999999981374, 241193.79 ] ] ] } },
{ "type": "Feature", "properties": { "mainhabs": "Lowland fens,Reedbeds", "habcodes": "LFENS, RBEDS", "featdesc": null, "featcodes": null, "otherclass": null, "addhabs": "LCGRA", "primsource": "Reedbeds at Marston Vale Millenium Country Park 2008 (LFENS), Feedback from Natural England adviser or specialist 2023 (RBEDS)", "areaha": "0.05", "version": "Sep_25", "uid": "PHID50015253_024118503", "shape_length": null, "shape_area": null, "site": "millbrook", "pid": 30, "method": "grabcut2" }, "geometry": { "type": "Polygon", "coordinates": [ [ [ 500137.729999999981374, 241193.79 ], [ 500147.729999999981374, 241193.29 ], [ 500147.729999999981374, 241192.29 ], [ 500151.229999999981374, 241191.79 ], [ 500152.729999999981374, 241189.79 ], [ 500155.229999999981374, 241190.29 ], [ 500155.229999999981374, 241189.29 ], [ 500158.729999999981374, 241188.79 ], [ 500158.729999999981374, 241187.79 ], [ 500162.729999999981374, 241185.79 ], [ 500162.729999999981374, 241184.79 ], [ 500161.229999999981374, 241184.29 ], [ 500161.729999999981374, 241182.79 ], [ 500163.229999999981374, 241182.79 ], [ 500164.229999999981374, 241184.29 ], [ 500165.229999999981374, 241183.79 ], [ 500168.229999999981374, 241187.29 ], [ 500168.729999999981374, 241186.29 ], [ 500169.729999999981374, 241187.29 ], [ 500171.729999999981374, 241185.79 ], [ 500173.729999999981374, 241187.29 ], [ 500173.729999999981374, 241186.29 ], [ 500175.229999999981374, 241185.79 ], [ 500175.229999999981374, 241184.29 ], [ 500169.729999999981374, 241179.29 ], [ 500164.229999999981374, 241177.29 ], [ 500161.729999999981374, 241177.29 ], [ 500161.229999999981374, 241178.29 ], [ 500159.229999999981374, 241178.29 ], [ 500156.729999999981374, 241180.29 ], [ 500156.729999999981374, 241182.29 ], [ 500149.229999999981374, 241182.79 ], [ 500146.729999999981374, 241186.29 ], [ 500128.729999999981374, 241186.29 ], [ 500131.729999999981374, 241191.79 ], [ 500135.729999999981374, 241191.79 ], [ 500137.729999999981374, 241193.79 ] ] ] } },
{ "type": "Feature", "properties": { "mainhabs": "Lowland fens,Reedbeds", "habcodes": "LFENS, RBEDS", "featdesc": null, "featcodes": null, "otherclass": null, "addhabs": "LCGRA", "primsource": "Reedbeds at Marston Vale Millenium Country Park 2008 (LFENS), Feedback from Natural England adviser or specialist 2023 (RBEDS)", "areaha": "0.03", "version": "Sep_25", "uid": "PHID50017313_024128270", "shape_length": null, "shape_area": null, "site": "millbrook", "pid": 31, "method": "grabcut2" }, "geometry": { "type": "Polygon", "coordinates": [ [ [ 500162.729999999981374, 241291.79 ], [ 500165.729999999981374, 241291.29 ], [ 500166.229999999981374, 241289.79 ], [ 500173.729999999981374, 241289.29 ], [ 500173.729999999981374, 241288.29 ], [ 500177.729999999981374, 241287.79 ], [ 500177.729999999981374, 241286.79 ], [ 500179.229999999981374, 241286.79 ], [ 500181.229999999981374, 241283.79 ], [ 500182.729999999981374, 241283.29 ], [ 500182.729999999981374, 241282.29 ], [ 500183.729999999981374, 241282.29 ], [ 500187.229999999981374, 241278.79 ], [ 500187.229999999981374, 241277.79 ], [ 500184.729999999981374, 241277.29 ], [ 500183.729999999981374, 241275.79 ], [ 500180.729999999981374, 241275.79 ], [ 500178.229999999981374, 241276.29 ], [ 500175.229999999981374, 241279.29 ], [ 500170.729999999981374, 241279.29 ], [ 500169.729999999981374, 241280.79 ], [ 500165.229999999981374, 241281.79 ], [ 500164.229999999981374, 241283.29 ], [ 500160.229999999981374, 241285.29 ], [ 500160.229999999981374, 241287.79 ], [ 500161.229999999981374, 241287.79 ], [ 500161.729999999981374, 241291.29 ], [ 500162.729999999981374, 241291.79 ] ] ] } },
{ "type": "Feature", "properties": { "mainhabs": "Lowland fens,Reedbeds", "habcodes": "LFENS, RBEDS", "featdesc": null, "featcodes": null, "otherclass": null, "addhabs": "LCGRA", "primsource": "Reedbeds at Marston Vale Millenium Country Park 2008 (LFENS), Feedback from Natural England adviser or specialist 2023 (RBEDS)", "areaha": "0.06", "version": "Sep_25", "uid": "PHID50047640_024102212", "shape_length": null, "shape_area": null, "site": "millbrook", "pid": 32, "method": "grabcut2" }, "geometry": { "type": "MultiPolygon", "coordinates": [ [ [ [ 500580.229999999981374, 240946.29 ], [ 500580.729999999981374, 240945.29 ], [ 500582.729999999981374, 240945.29 ], [ 500584.729999999981374, 240942.79 ], [ 500588.229999999981374, 240942.29 ], [ 500589.229999999981374, 240940.29 ], [ 500586.229999999981374, 240937.79 ], [ 500581.729999999981374, 240937.79 ], [ 500581.229999999981374, 240939.29 ], [ 500579.229999999981374, 240939.79 ], [ 500578.729999999981374, 240945.79 ], [ 500580.229999999981374, 240946.29 ] ] ], [ [ [ 500521.729999999981374, 240974.29 ], [ 500527.729999999981374, 240973.29 ], [ 500529.729999999981374, 240971.29 ], [ 500533.229999999981374, 240970.79 ], [ 500534.229999999981374, 240969.29 ], [ 500535.729999999981374, 240969.29 ], [ 500535.729999999981374, 240968.29 ], [ 500538.729999999981374, 240967.79 ], [ 500539.729999999981374, 240966.29 ], [ 500541.729999999981374, 240966.29 ], [ 500543.229999999981374, 240963.79 ], [ 500545.229999999981374, 240963.79 ], [ 500545.729999999981374, 240962.79 ], [ 500550.729999999981374, 240962.79 ], [ 500552.229999999981374, 240959.79 ], [ 500554.729999999981374, 240959.29 ], [ 500559.729999999981374, 240954.79 ], [ 500553.729999999981374, 240954.79 ], [ 500552.229999999981374, 240957.29 ], [ 500547.229999999981374, 240957.79 ], [ 500546.729999999981374, 240958.79 ], [ 500538.229999999981374, 240960.79 ], [ 500535.729999999981374, 240963.29 ], [ 500530.229999999981374, 240963.79 ], [ 500529.229999999981374, 240965.29 ], [ 500526.729999999981374, 240964.79 ], [ 500520.229999999981374, 240969.29 ], [ 500517.229999999981374, 240969.29 ], [ 500514.729999999981374, 240971.79 ], [ 500514.729999999981374, 240973.79 ], [ 500515.729999999981374, 240974.29 ], [ 500521.729999999981374, 240974.29 ] ] ], [ [ [ 500488.729999999981374, 241046.29 ], [ 500488.729999999981374, 241043.79 ], [ 500487.729999999981374, 241043.29 ], [ 500487.229999999981374, 241041.29 ], [ 500487.229999999981374, 241036.79 ], [ 500485.729999999981374, 241035.79 ], [ 500485.229999999981374, 241032.29 ], [ 500482.729999999981374, 241029.79 ], [ 500482.229999999981374, 241023.29 ], [ 500481.729999999981374, 241022.29 ], [ 500479.229999999981374, 241021.79 ], [ 500479.729999999981374, 241017.29 ], [ 500475.729999999981374, 241014.29 ], [ 500475.729999999981374, 241013.29 ], [ 500473.729999999981374, 241013.29 ], [ 500471.229999999981374, 241015.79 ], [ 500471.229999999981374, 241017.79 ], [ 500472.729999999981374, 241019.29 ], [ 500472.729999999981374, 241020.79 ], [ 500473.729999999981374, 241020.79 ], [ 500473.729999999981374, 241021.79 ], [ 500475.729999999981374, 241023.29 ], [ 500475.729999999981374, 241025.29 ], [ 500478.229999999981374, 241026.79 ], [ 500478.729999999981374, 241029.29 ], [ 500479.729999999981374, 241029.29 ], [ 500480.229999999981374, 241034.79 ], [ 500482.729999999981374, 241036.29 ], [ 500483.229999999981374, 241038.29 ], [ 500484.229999999981374, 241038.29 ], [ 500484.229999999981374, 241043.29 ], [ 500486.229999999981374, 241044.79 ], [ 500486.229999999981374, 241046.79 ], [ 500488.729999999981374, 241047.29 ], [ 500488.729999999981374, 241046.29 ] ] ] ] } },
{ "type": "Feature", "properties": { "mainhabs": "Lowland fens,Reedbeds", "habcodes": "LFENS, RBEDS", "featdesc": null, "featcodes": null, "otherclass": null, "addhabs": "LCGRA", "primsource": "Reedbeds at Marston Vale Millenium Country Park 2008 (LFENS), Feedback from Natural England adviser or specialist 2023 (RBEDS)", "areaha": "0.11", "version": "Sep_25", "uid": "PHID50049588_024085491", "shape_length": null, "shape_area": null, "site": "millbrook", "pid": 33, "method": "grabcut2" }, "geometry": { "type": "Polygon", "coordinates": [ [ [ 500483.229999999981374, 240876.79 ], [ 500487.229999999981374, 240876.79 ], [ 500489.229999999981374, 240873.79 ], [ 500491.729999999981374, 240873.29 ], [ 500494.729999999981374, 240869.29 ], [ 500496.729999999981374, 240869.29 ], [ 500499.229999999981374, 240865.79 ], [ 500501.729999999981374, 240864.29 ], [ 500502.229999999981374, 240862.29 ], [ 500505.229999999981374, 240859.79 ], [ 500505.729999999981374, 240858.29 ], [ 500506.729999999981374, 240858.29 ], [ 500506.729999999981374, 240857.29 ], [ 500508.229999999981374, 240857.29 ], [ 500508.229999999981374, 240855.29 ], [ 500510.229999999981374, 240852.79 ], [ 500510.229999999981374, 240849.79 ], [ 500511.229999999981374, 240849.29 ], [ 500511.229999999981374, 240846.29 ], [ 500508.229999999981374, 240841.79 ], [ 500500.729999999981374, 240841.79 ], [ 500496.729999999981374, 240840.29 ], [ 500494.729999999981374, 240842.79 ], [ 500492.729999999981374, 240843.29 ], [ 500490.229999999981374, 240845.79 ], [ 500491.729999999981374, 240849.29 ], [ 500489.229999999981374, 240849.79 ], [ 500488.729999999981374, 240851.79 ], [ 500487.729999999981374, 240852.29 ], [ 500487.729999999981374, 240858.29 ], [ 500483.229999999981374, 240861.79 ], [ 500482.729999999981374, 240863.29 ], [ 500480.229999999981374, 240864.29 ], [ 500481.229999999981374, 240865.79 ], [ 500480.229999999981374, 240867.79 ], [ 500481.229999999981374, 240867.79 ], [ 500481.729999999981374, 240874.79 ], [ 500482.729999999981374, 240874.79 ], [ 500483.229999999981374, 240876.79 ] ] ] } },
{ "type": "Feature", "properties": { "mainhabs": "Lowland fens,Reedbeds", "habcodes": "LFENS, RBEDS", "featdesc": null, "featcodes": null, "otherclass": null, "addhabs": "LCGRA", "primsource": "Reedbeds at Marston Vale Millenium Country Park 2008 (LFENS), Feedback from Natural England adviser or specialist 2023 (RBEDS)", "areaha": "0.1", "version": "Sep_25", "uid": "PHID50051354_024104829", "shape_length": null, "shape_area": null, "site": "millbrook", "pid": 34, "method": "grabcut2" }, "geometry": { "type": "Polygon", "coordinates": [ [ [ 500509.729999999981374, 241065.79 ], [ 500511.229999999981374, 241065.79 ], [ 500511.229999999981374, 241064.79 ], [ 500512.729999999981374, 241064.79 ], [ 500513.229999999981374, 241063.29 ], [ 500514.729999999981374, 241062.79 ], [ 500515.729999999981374, 241058.79 ], [ 500517.229999999981374, 241057.79 ], [ 500517.229999999981374, 241055.79 ], [ 500520.229999999981374, 241053.29 ], [ 500520.229999999981374, 241048.79 ], [ 500521.729999999981374, 241047.79 ], [ 500522.229999999981374, 241044.79 ], [ 500524.229999999981374, 241043.29 ], [ 500523.229999999981374, 241042.29 ], [ 500523.729999999981374, 241039.29 ], [ 500522.729999999981374, 241038.29 ], [ 500523.229999999981374, 241031.29 ], [ 500522.229999999981374, 241031.29 ], [ 500521.729999999981374, 241029.29 ], [ 500519.229999999981374, 241029.79 ], [ 500519.229999999981374, 241030.79 ], [ 500514.729999999981374, 241031.29 ], [ 500514.229999999981374, 241033.29 ], [ 500509.729999999981374, 241034.29 ], [ 500503.229999999981374, 241043.79 ], [ 500503.229999999981374, 241046.29 ], [ 500502.229999999981374, 241047.29 ], [ 500502.729999999981374, 241049.29 ], [ 500501.229999999981374, 241051.29 ], [ 500500.729999999981374, 241055.79 ], [ 500502.229999999981374, 241057.29 ], [ 500502.729999999981374, 241059.79 ], [ 500503.729999999981374, 241059.79 ], [ 500505.729999999981374, 241062.79 ], [ 500509.729999999981374, 241065.79 ] ] ] } },
{ "type": "Feature", "properties": { "mainhabs": "Lowland fens,Reedbeds", "habcodes": "LFENS, RBEDS", "featdesc": null, "featcodes": null, "otherclass": null, "addhabs": "LCGRA", "primsource": "Reedbeds at Marston Vale Millenium Country Park 2008 (LFENS), Feedback from Natural England adviser or specialist 2023 (RBEDS)", "areaha": "0.02", "version": "Sep_25", "uid": "PHID50053341_024110446", "shape_length": null, "shape_area": null, "site": "millbrook", "pid": 35, "method": "grabcut2" }, "geometry": { "type": "Polygon", "coordinates": [ [ [ 500515.229999999981374, 241116.79 ], [ 500520.229999999981374, 241116.79 ], [ 500520.229999999981374, 241115.79 ], [ 500522.729999999981374, 241115.79 ], [ 500524.729999999981374, 241113.79 ], [ 500530.229999999981374, 241112.29 ], [ 500531.229999999981374, 241110.79 ], [ 500531.229999999981374, 241107.29 ], [ 500532.229999999981374, 241106.29 ], [ 500536.729999999981374, 241105.79 ], [ 500538.729999999981374, 241103.29 ], [ 500541.229999999981374, 241103.79 ], [ 500542.229999999981374, 241105.29 ], [ 500545.229999999981374, 241099.79 ], [ 500550.229999999981374, 241099.29 ], [ 500552.229999999981374, 241096.29 ], [ 500535.729999999981374, 241095.79 ], [ 500529.229999999981374, 241100.29 ], [ 500526.729999999981374, 241100.79 ], [ 500526.729999999981374, 241101.79 ], [ 500524.729999999981374, 241101.79 ], [ 500522.229999999981374, 241104.79 ], [ 500518.729999999981374, 241104.79 ], [ 500517.229999999981374, 241105.29 ], [ 500517.229999999981374, 241106.29 ], [ 500513.229999999981374, 241107.29 ], [ 500512.729999999981374, 241113.79 ], [ 500511.229999999981374, 241114.29 ], [ 500511.229999999981374, 241115.29 ], [ 500515.229999999981374, 241116.79 ] ] ] } },
{ "type": "Feature", "properties": { "mainhabs": "Lowland fens,Reedbeds", "habcodes": "LFENS, RBEDS", "featdesc": null, "featcodes": null, "otherclass": null, "addhabs": "LCGRA", "primsource": "Reedbeds at Marston Vale Millenium Country Park 2008 (LFENS), Feedback from Natural England adviser or specialist 2023 (RBEDS)", "areaha": "0.07", "version": "Sep_25", "uid": "PHID50054149_024078128", "shape_length": null, "shape_area": null, "site": "millbrook", "pid": 36, "method": "grabcut2" }, "geometry": { "type": "Polygon", "coordinates": [ [ [ 500534.229999999981374, 240795.29 ], [ 500535.729999999981374, 240795.29 ], [ 500538.729999999981374, 240791.79 ], [ 500541.729999999981374, 240784.79 ], [ 500544.729999999981374, 240783.29 ], [ 500549.229999999981374, 240783.29 ], [ 500549.229999999981374, 240782.29 ], [ 500551.729999999981374, 240781.79 ], [ 500554.729999999981374, 240779.29 ], [ 500555.229999999981374, 240771.29 ], [ 500554.229999999981374, 240770.29 ], [ 500544.729999999981374, 240770.29 ], [ 500539.729999999981374, 240767.79 ], [ 500538.729999999981374, 240769.29 ], [ 500537.729999999981374, 240768.29 ], [ 500533.729999999981374, 240768.29 ], [ 500532.729999999981374, 240769.79 ], [ 500529.229999999981374, 240770.29 ], [ 500527.729999999981374, 240771.79 ], [ 500527.729999999981374, 240788.79 ], [ 500530.229999999981374, 240791.29 ], [ 500532.229999999981374, 240791.29 ], [ 500532.729999999981374, 240793.79 ], [ 500533.729999999981374, 240793.79 ], [ 500534.229999999981374, 240795.29 ] ] ] } },
{ "type": "Feature", "properties": { "mainhabs": "Lowland fens,Reedbeds", "habcodes": "LFENS, RBEDS", "featdesc": null, "featcodes": null, "otherclass": null, "addhabs": "LCGRA", "primsource": "Reedbeds at Marston Vale Millenium Country Park 2008 (LFENS), Feedback from Natural England adviser or specialist 2023 (RBEDS)", "areaha": "3.67", "version": "Sep_25", "uid": "PHID50054513_024071086", "shape_length": null, "shape_area": null, "site": "millbrook", "pid": 37, "method": "grabcut2" }, "geometry": { "type": "Polygon", "coordinates": [ [ [ 500437.229999999981374, 240950.79 ], [ 500439.229999999981374, 240949.79 ], [ 500441.229999999981374, 240950.29 ], [ 500442.229999999981374, 240948.79 ], [ 500447.229999999981374, 240947.29 ], [ 500448.729999999981374, 240948.29 ], [ 500448.729999999981374, 240945.29 ], [ 500450.729999999981374, 240942.29 ], [ 500464.729999999981374, 240940.29 ], [ 500468.229999999981374, 240939.29 ], [ 500468.729999999981374, 240938.29 ], [ 500470.729999999981374, 240937.79 ], [ 500470.729999999981374, 240936.79 ], [ 500477.229999999981374, 240936.29 ], [ 500477.229999999981374, 240935.29 ], [ 500481.229999999981374, 240934.79 ], [ 500482.729999999981374, 240933.29 ], [ 500487.229999999981374, 240932.79 ], [ 500489.229999999981374, 240930.79 ], [ 500490.729999999981374, 240930.79 ], [ 500491.729999999981374, 240928.79 ], [ 500493.229999999981374, 240928.79 ], [ 500494.229999999981374, 240927.29 ], [ 500502.229999999981374, 240922.79 ], [ 500512.729999999981374, 240912.29 ], [ 500513.229999999981374, 240910.79 ], [ 500516.229999999981374, 240908.79 ], [ 500524.729999999981374, 240909.29 ], [ 500528.229999999981374, 240906.29 ], [ 500532.729999999981374, 240906.29 ], [ 500534.229999999981374, 240905.29 ], [ 500539.229999999981374, 240904.79 ], [ 500540.229999999981374, 240903.29 ], [ 500541.729999999981374, 240903.29 ], [ 500541.729999999981374, 240902.29 ], [ 500545.729999999981374, 240902.79 ], [ 500546.729999999981374, 240905.29 ], [ 500549.729999999981374, 240907.79 ], [ 500558.229999999981374, 240906.79 ], [ 500570.729999999981374, 240902.79 ], [ 500571.729999999981374, 240901.79 ], [ 500571.729999999981374, 240898.29 ], [ 500576.229999999981374, 240892.79 ], [ 500576.229999999981374, 240890.29 ], [ 500583.229999999981374, 240880.79 ], [ 500583.729999999981374, 240878.29 ], [ 500587.729999999981374, 240874.79 ], [ 500587.729999999981374, 240873.29 ], [ 500589.229999999981374, 240872.29 ], [ 500589.729999999981374, 240870.29 ], [ 500590.729999999981374, 240870.29 ], [ 500590.729999999981374, 240868.79 ], [ 500596.229999999981374, 240863.29 ], [ 500598.229999999981374, 240862.79 ], [ 500599.729999999981374, 240860.29 ], [ 500602.729999999981374, 240859.79 ], [ 500603.229999999981374, 240858.29 ], [ 500606.229999999981374, 240856.79 ], [ 500606.229999999981374, 240855.79 ], [ 500608.229999999981374, 240855.79 ], [ 500613.729999999981374, 240852.79 ], [ 500616.229999999981374, 240852.79 ], [ 500616.729999999981374, 240851.29 ], [ 500619.229999999981374, 240850.79 ], [ 500620.729999999981374, 240849.29 ], [ 500622.729999999981374, 240849.29 ], [ 500622.729999999981374, 240848.29 ], [ 500625.229999999981374, 240847.29 ], [ 500627.229999999981374, 240844.79 ], [ 500628.229999999981374, 240844.79 ], [ 500628.729999999981374, 240843.29 ], [ 500629.729999999981374, 240843.29 ], [ 500630.229999999981374, 240841.79 ], [ 500631.229999999981374, 240841.79 ], [ 500631.729999999981374, 240840.29 ], [ 500632.729999999981374, 240840.29 ], [ 500632.729999999981374, 240839.29 ], [ 500636.229999999981374, 240835.79 ], [ 500636.729999999981374, 240833.79 ], [ 500640.229999999981374, 240831.29 ], [ 500640.729999999981374, 240828.79 ], [ 500641.729999999981374, 240828.79 ], [ 500645.729999999981374, 240823.79 ], [ 500646.729999999981374, 240823.79 ], [ 500646.729999999981374, 240822.79 ], [ 500648.229999999981374, 240822.29 ], [ 500648.229999999981374, 240821.29 ], [ 500652.729999999981374, 240820.79 ], [ 500657.229999999981374, 240817.29 ], [ 500657.229999999981374, 240816.29 ], [ 500658.229999999981374, 240816.29 ], [ 500658.229999999981374, 240815.29 ], [ 500659.729999999981374, 240815.29 ], [ 500663.229999999981374, 240810.79 ], [ 500664.729999999981374, 240810.79 ], [ 500666.729999999981374, 240813.29 ], [ 500671.229999999981374, 240812.29 ], [ 500671.729999999981374, 240810.29 ], [ 500670.729999999981374, 240810.29 ], [ 500670.729999999981374, 240808.29 ], [ 500669.229999999981374, 240807.29 ], [ 500670.229999999981374, 240804.79 ], [ 500668.729999999981374, 240804.29 ], [ 500669.229999999981374, 240801.79 ], [ 500670.729999999981374, 240802.79 ], [ 500671.729999999981374, 240800.29 ], [ 500675.729999999981374, 240800.29 ], [ 500677.229999999981374, 240798.79 ], [ 500681.229999999981374, 240801.79 ], [ 500682.229999999981374, 240800.29 ], [ 500684.729999999981374, 240799.29 ], [ 500684.229999999981374, 240797.29 ], [ 500682.729999999981374, 240796.29 ], [ 500682.729999999981374, 240793.79 ], [ 500680.729999999981374, 240790.29 ], [ 500684.729999999981374, 240786.79 ], [ 500686.729999999981374, 240786.29 ], [ 500686.729999999981374, 240784.29 ], [ 500685.729999999981374, 240783.79 ], [ 500686.229999999981374, 240780.29 ], [ 500685.229999999981374, 240779.79 ], [ 500685.229999999981374, 240777.79 ], [ 500684.229999999981374, 240777.79 ], [ 500683.229999999981374, 240775.29 ], [ 500684.229999999981374, 240771.29 ], [ 500682.729999999981374, 240770.29 ], [ 500682.229999999981374, 240765.79 ], [ 500684.229999999981374, 240760.79 ], [ 500683.729999999981374, 240759.29 ], [ 500682.729999999981374, 240759.29 ], [ 500682.229999999981374, 240753.79 ], [ 500680.729999999981374, 240752.79 ], [ 500680.729999999981374, 240750.79 ], [ 500682.729999999981374, 240749.29 ], [ 500682.229999999981374, 240746.29 ], [ 500681.229999999981374, 240746.29 ], [ 500682.229999999981374, 240744.79 ], [ 500682.229999999981374, 240741.79 ], [ 500678.229999999981374, 240739.29 ], [ 500675.229999999981374, 240739.79 ], [ 500673.229999999981374, 240736.79 ], [ 500669.729999999981374, 240737.29 ], [ 500667.729999999981374, 240734.79 ], [ 500662.729999999981374, 240734.79 ], [ 500659.729999999981374, 240729.29 ], [ 500656.729999999981374, 240729.79 ], [ 500656.729999999981374, 240730.79 ], [ 500652.229999999981374, 240730.29 ], [ 500650.729999999981374, 240731.29 ], [ 500648.229999999981374, 240728.79 ], [ 500646.229999999981374, 240729.29 ], [ 500643.729999999981374, 240725.29 ], [ 500645.729999999981374, 240723.79 ], [ 500645.229999999981374, 240722.29 ], [ 500644.229999999981374, 240722.29 ], [ 500644.729999999981374, 240718.79 ], [ 500646.229999999981374, 240717.29 ], [ 500650.229999999981374, 240717.29 ], [ 500651.229999999981374, 240716.29 ], [ 500650.729999999981374, 240714.79 ], [ 500648.229999999981374, 240714.29 ], [ 500647.729999999981374, 240713.29 ], [ 500648.729999999981374, 240709.79 ], [ 500646.729999999981374, 240708.79 ], [ 500645.229999999981374, 240705.79 ], [ 500643.729999999981374, 240705.29 ], [ 500643.729999999981374, 240703.79 ], [ 500642.229999999981374, 240703.79 ], [ 500640.729999999981374, 240701.29 ], [ 500635.729999999981374, 240700.29 ], [ 500635.729999999981374, 240697.79 ], [ 500634.229999999981374, 240696.29 ], [ 500634.229999999981374, 240694.79 ], [ 500628.229999999981374, 240694.79 ], [ 500628.229999999981374, 240693.79 ], [ 500626.729999999981374, 240693.29 ], [ 500626.729999999981374, 240691.79 ], [ 500628.229999999981374, 240690.79 ], [ 500627.729999999981374, 240687.79 ], [ 500622.729999999981374, 240686.29 ], [ 500621.229999999981374, 240683.29 ], [ 500620.729999999981374, 240684.29 ], [ 500619.229999999981374, 240684.29 ], [ 500615.229999999981374, 240677.79 ], [ 500613.229999999981374, 240678.79 ], [ 500611.729999999981374, 240675.29 ], [ 500609.229999999981374, 240675.29 ], [ 500607.229999999981374, 240673.29 ], [ 500607.229999999981374, 240670.79 ], [ 500604.729999999981374, 240670.79 ], [ 500605.729999999981374, 240672.79 ], [ 500604.229999999981374, 240673.29 ], [ 500599.729999999981374, 240667.79 ], [ 500596.729999999981374, 240666.29 ], [ 500595.229999999981374, 240663.79 ], [ 500593.729999999981374, 240664.29 ], [ 500592.729999999981374, 240663.29 ], [ 500592.229999999981374, 240659.79 ], [ 500590.229999999981374, 240658.29 ], [ 500589.229999999981374, 240658.79 ], [ 500589.229999999981374, 240661.79 ], [ 500588.229999999981374, 240661.79 ], [ 500587.729999999981374, 240663.29 ], [ 500583.229999999981374, 240663.29 ], [ 500582.229999999981374, 240666.29 ], [ 500577.229999999981374, 240665.79 ], [ 500576.729999999981374, 240664.79 ], [ 500573.229999999981374, 240665.29 ], [ 500571.729999999981374, 240666.29 ], [ 500572.729999999981374, 240669.29 ], [ 500571.729999999981374, 240670.29 ], [ 500565.729999999981374, 240671.29 ], [ 500564.729999999981374, 240669.79 ], [ 500563.229999999981374, 240670.79 ], [ 500559.229999999981374, 240670.79 ], [ 500559.229999999981374, 240669.79 ], [ 500557.229999999981374, 240669.29 ], [ 500556.229999999981374, 240666.79 ], [ 500554.229999999981374, 240666.29 ], [ 500553.229999999981374, 240663.79 ], [ 500550.729999999981374, 240661.79 ], [ 500553.729999999981374, 240657.29 ], [ 500552.229999999981374, 240656.79 ], [ 500550.229999999981374, 240657.79 ], [ 500550.229999999981374, 240659.29 ], [ 500548.729999999981374, 240660.29 ], [ 500548.729999999981374, 240662.29 ], [ 500547.229999999981374, 240663.29 ], [ 500547.229999999981374, 240666.29 ], [ 500549.229999999981374, 240669.79 ], [ 500550.229999999981374, 240669.79 ], [ 500551.729999999981374, 240671.79 ], [ 500549.229999999981374, 240675.29 ], [ 500549.229999999981374, 240676.79 ], [ 500551.729999999981374, 240679.29 ], [ 500553.229999999981374, 240683.29 ], [ 500550.729999999981374, 240684.79 ], [ 500550.229999999981374, 240686.29 ], [ 500547.729999999981374, 240686.29 ], [ 500544.729999999981374, 240690.29 ], [ 500542.229999999981374, 240690.79 ], [ 500537.229999999981374, 240697.79 ], [ 500535.729999999981374, 240697.79 ], [ 500534.229999999981374, 240700.29 ], [ 500532.229999999981374, 240699.79 ], [ 500532.229999999981374, 240700.79 ], [ 500530.229999999981374, 240701.29 ], [ 500529.729999999981374, 240703.79 ], [ 500527.729999999981374, 240705.79 ], [ 500525.229999999981374, 240705.79 ], [ 500524.729999999981374, 240707.29 ], [ 500520.729999999981374, 240709.79 ], [ 500520.229999999981374, 240712.29 ], [ 500517.229999999981374, 240714.29 ], [ 500517.229999999981374, 240718.79 ], [ 500515.729999999981374, 240720.79 ], [ 500515.729999999981374, 240724.79 ], [ 500514.229999999981374, 240725.29 ], [ 500514.229999999981374, 240726.79 ], [ 500513.229999999981374, 240726.79 ], [ 500513.229999999981374, 240728.79 ], [ 500516.729999999981374, 240731.79 ], [ 500516.229999999981374, 240736.29 ], [ 500514.229999999981374, 240735.79 ], [ 500513.229999999981374, 240737.29 ], [ 500513.729999999981374, 240738.79 ], [ 500512.229999999981374, 240739.79 ], [ 500512.229999999981374, 240743.29 ], [ 500508.229999999981374, 240744.79 ], [ 500508.229999999981374, 240749.29 ], [ 500505.729999999981374, 240750.79 ], [ 500506.729999999981374, 240752.29 ], [ 500504.729999999981374, 240754.29 ], [ 500500.729999999981374, 240753.29 ], [ 500498.229999999981374, 240753.79 ], [ 500497.729999999981374, 240755.79 ], [ 500491.729999999981374, 240759.79 ], [ 500491.729999999981374, 240760.79 ], [ 500487.729999999981374, 240761.29 ], [ 500486.229999999981374, 240765.29 ], [ 500481.729999999981374, 240765.29 ], [ 500482.729999999981374, 240768.79 ], [ 500480.229999999981374, 240770.79 ], [ 500480.229999999981374, 240772.79 ], [ 500481.729999999981374, 240774.79 ], [ 500479.729999999981374, 240775.79 ], [ 500479.729999999981374, 240777.29 ], [ 500478.229999999981374, 240778.79 ], [ 500478.229999999981374, 240781.29 ], [ 500476.229999999981374, 240783.29 ], [ 500473.729999999981374, 240783.79 ], [ 500473.729999999981374, 240786.79 ], [ 500471.229999999981374, 240788.79 ], [ 500472.229999999981374, 240791.29 ], [ 500471.229999999981374, 240791.79 ], [ 500470.729999999981374, 240793.79 ], [ 500469.229999999981374, 240793.79 ], [ 500467.729999999981374, 240799.79 ], [ 500466.229999999981374, 240800.29 ], [ 500464.729999999981374, 240803.29 ], [ 500463.729999999981374, 240803.29 ], [ 500463.729999999981374, 240804.29 ], [ 500464.729999999981374, 240804.29 ], [ 500464.729999999981374, 240806.29 ], [ 500465.729999999981374, 240806.79 ], [ 500465.229999999981374, 240808.79 ], [ 500463.229999999981374, 240809.79 ], [ 500461.229999999981374, 240813.29 ], [ 500457.229999999981374, 240813.29 ], [ 500457.229999999981374, 240815.29 ], [ 500455.229999999981374, 240816.79 ], [ 500454.229999999981374, 240820.79 ], [ 500452.229999999981374, 240822.29 ], [ 500452.729999999981374, 240824.79 ], [ 500451.229999999981374, 240828.29 ], [ 500450.229999999981374, 240828.29 ], [ 500449.729999999981374, 240832.79 ], [ 500448.729999999981374, 240832.79 ], [ 500448.729999999981374, 240834.29 ], [ 500446.729999999981374, 240835.29 ], [ 500446.729999999981374, 240837.29 ], [ 500444.229999999981374, 240839.79 ], [ 500443.729999999981374, 240842.29 ], [ 500441.729999999981374, 240844.29 ], [ 500441.229999999981374, 240846.29 ], [ 500439.729999999981374, 240846.79 ], [ 500438.229999999981374, 240851.79 ], [ 500436.729999999981374, 240852.29 ], [ 500433.729999999981374, 240855.79 ], [ 500433.729999999981374, 240858.29 ], [ 500432.229999999981374, 240858.79 ], [ 500431.729999999981374, 240861.29 ], [ 500430.229999999981374, 240861.79 ], [ 500429.229999999981374, 240865.79 ], [ 500427.729999999981374, 240866.79 ], [ 500427.229999999981374, 240870.29 ], [ 500423.229999999981374, 240874.29 ], [ 500423.229999999981374, 240876.29 ], [ 500421.229999999981374, 240878.29 ], [ 500421.229999999981374, 240880.79 ], [ 500420.229999999981374, 240882.29 ], [ 500418.229999999981374, 240882.79 ], [ 500417.229999999981374, 240884.29 ], [ 500414.229999999981374, 240884.29 ], [ 500413.729999999981374, 240885.79 ], [ 500409.729999999981374, 240887.79 ], [ 500410.729999999981374, 240889.29 ], [ 500409.729999999981374, 240889.79 ], [ 500409.229999999981374, 240894.79 ], [ 500406.729999999981374, 240896.29 ], [ 500406.229999999981374, 240898.79 ], [ 500405.229999999981374, 240899.29 ], [ 500406.229999999981374, 240904.79 ], [ 500403.729999999981374, 240906.79 ], [ 500403.229999999981374, 240920.29 ], [ 500402.229999999981374, 240920.29 ], [ 500402.229999999981374, 240923.29 ], [ 500399.729999999981374, 240927.29 ], [ 500400.729999999981374, 240929.29 ], [ 500398.729999999981374, 240930.29 ], [ 500399.729999999981374, 240936.79 ], [ 500401.229999999981374, 240939.29 ], [ 500405.229999999981374, 240939.79 ], [ 500405.729999999981374, 240940.79 ], [ 500407.729999999981374, 240941.29 ], [ 500407.729999999981374, 240942.29 ], [ 500412.229999999981374, 240941.29 ], [ 500413.229999999981374, 240945.29 ], [ 500416.729999999981374, 240945.29 ], [ 500417.229999999981374, 240946.29 ], [ 500422.729999999981374, 240945.79 ], [ 500426.229999999981374, 240948.79 ], [ 500426.729999999981374, 240950.29 ], [ 500430.729999999981374, 240949.79 ], [ 500431.729999999981374, 240947.29 ], [ 500433.229999999981374, 240947.29 ], [ 500437.229999999981374, 240950.79 ] ], [ [ 500632.729999999981374, 240783.29 ], [ 500632.229999999981374, 240782.29 ], [ 500628.229999999981374, 240781.79 ], [ 500628.229999999981374, 240780.79 ], [ 500627.229999999981374, 240780.79 ], [ 500624.229999999981374, 240777.29 ], [ 500622.729999999981374, 240777.29 ], [ 500622.729999999981374, 240776.29 ], [ 500619.729999999981374, 240774.29 ], [ 500619.229999999981374, 240772.79 ], [ 500618.229999999981374, 240772.79 ], [ 500617.229999999981374, 240770.29 ], [ 500615.229999999981374, 240768.79 ], [ 500610.729999999981374, 240768.79 ], [ 500608.729999999981374, 240771.29 ], [ 500606.229999999981374, 240770.79 ], [ 500605.729999999981374, 240771.79 ], [ 500604.229999999981374, 240771.79 ], [ 500604.229999999981374, 240772.79 ], [ 500601.229999999981374, 240772.79 ], [ 500597.229999999981374, 240768.29 ], [ 500590.729999999981374, 240766.29 ], [ 500590.729999999981374, 240760.79 ], [ 500594.729999999981374, 240759.29 ], [ 500597.229999999981374, 240756.79 ], [ 500601.229999999981374, 240756.29 ], [ 500602.229999999981374, 240754.79 ], [ 500631.729999999981374, 240754.79 ], [ 500636.729999999981374, 240759.79 ], [ 500639.729999999981374, 240767.29 ], [ 500638.229999999981374, 240779.29 ], [ 500634.729999999981374, 240782.29 ], [ 500634.729999999981374, 240783.29 ], [ 500632.729999999981374, 240783.29 ] ], [ [ 500470.229999999981374, 240895.79 ], [ 500469.229999999981374, 240890.29 ], [ 500468.229999999981374, 240890.29 ], [ 500466.229999999981374, 240887.79 ], [ 500465.229999999981374, 240875.29 ], [ 500466.229999999981374, 240875.29 ], [ 500466.729999999981374, 240871.79 ], [ 500468.229999999981374, 240870.29 ], [ 500468.229999999981374, 240867.79 ], [ 500469.729999999981374, 240866.29 ], [ 500471.729999999981374, 240859.79 ], [ 500473.729999999981374, 240858.29 ], [ 500474.229999999981374, 240855.29 ], [ 500476.229999999981374, 240854.29 ], [ 500477.229999999981374, 240851.29 ], [ 500478.229999999981374, 240851.29 ], [ 500478.229999999981374, 240849.79 ], [ 500481.229999999981374, 240847.79 ], [ 500481.729999999981374, 240846.29 ], [ 500482.729999999981374, 240846.29 ], [ 500484.729999999981374, 240840.29 ], [ 500485.729999999981374, 240840.29 ], [ 500487.729999999981374, 240836.29 ], [ 500488.729999999981374, 240836.29 ], [ 500490.229999999981374, 240834.29 ], [ 500490.729999999981374, 240831.79 ], [ 500493.729999999981374, 240828.79 ], [ 500494.229999999981374, 240824.29 ], [ 500499.729999999981374, 240818.79 ], [ 500502.729999999981374, 240818.79 ], [ 500505.729999999981374, 240815.29 ], [ 500510.729999999981374, 240813.79 ], [ 500511.729999999981374, 240810.79 ], [ 500513.229999999981374, 240810.29 ], [ 500513.229999999981374, 240808.29 ], [ 500514.729999999981374, 240807.29 ], [ 500514.729999999981374, 240805.79 ], [ 500517.229999999981374, 240803.79 ], [ 500518.229999999981374, 240800.29 ], [ 500519.229999999981374, 240799.79 ], [ 500520.229999999981374, 240790.79 ], [ 500518.729999999981374, 240789.29 ], [ 500518.729999999981374, 240785.79 ], [ 500517.729999999981374, 240785.29 ], [ 500517.229999999981374, 240773.29 ], [ 500516.229999999981374, 240772.79 ], [ 500516.229999999981374, 240769.79 ], [ 500517.729999999981374, 240768.79 ], [ 500517.729999999981374, 240766.79 ], [ 500518.729999999981374, 240766.79 ], [ 500519.229999999981374, 240764.79 ], [ 500522.229999999981374, 240762.29 ], [ 500525.229999999981374, 240762.29 ], [ 500527.229999999981374, 240760.79 ], [ 500534.729999999981374, 240759.29 ], [ 500537.729999999981374, 240755.29 ], [ 500544.729999999981374, 240753.29 ], [ 500548.229999999981374, 240753.29 ], [ 500548.729999999981374, 240752.29 ], [ 500551.229999999981374, 240751.79 ], [ 500556.729999999981374, 240751.79 ], [ 500557.729999999981374, 240750.79 ], [ 500564.229999999981374, 240750.29 ], [ 500565.229999999981374, 240753.29 ], [ 500567.729999999981374, 240754.29 ], [ 500567.229999999981374, 240756.79 ], [ 500568.229999999981374, 240756.79 ], [ 500568.729999999981374, 240762.29 ], [ 500569.729999999981374, 240762.29 ], [ 500570.229999999981374, 240770.29 ], [ 500566.729999999981374, 240773.29 ], [ 500565.229999999981374, 240778.29 ], [ 500562.729999999981374, 240781.79 ], [ 500562.729999999981374, 240783.79 ], [ 500560.729999999981374, 240786.29 ], [ 500560.729999999981374, 240787.79 ], [ 500559.229999999981374, 240788.79 ], [ 500559.229999999981374, 240790.79 ], [ 500555.729999999981374, 240793.29 ], [ 500554.729999999981374, 240795.29 ], [ 500554.729999999981374, 240798.29 ], [ 500550.229999999981374, 240801.79 ], [ 500550.229999999981374, 240802.79 ], [ 500547.229999999981374, 240804.79 ], [ 500545.729999999981374, 240804.79 ], [ 500545.729999999981374, 240805.79 ], [ 500537.229999999981374, 240808.29 ], [ 500535.229999999981374, 240810.79 ], [ 500534.229999999981374, 240810.79 ], [ 500534.229999999981374, 240817.79 ], [ 500533.229999999981374, 240819.79 ], [ 500530.729999999981374, 240822.79 ], [ 500529.729999999981374, 240822.79 ], [ 500529.729999999981374, 240823.79 ], [ 500527.729999999981374, 240823.79 ], [ 500524.729999999981374, 240826.79 ], [ 500525.229999999981374, 240830.29 ], [ 500528.229999999981374, 240834.29 ], [ 500528.729999999981374, 240837.29 ], [ 500528.729999999981374, 240840.79 ], [ 500525.729999999981374, 240847.79 ], [ 500518.729999999981374, 240855.29 ], [ 500518.729999999981374, 240856.79 ], [ 500517.229999999981374, 240857.29 ], [ 500515.729999999981374, 240860.29 ], [ 500514.729999999981374, 240860.29 ], [ 500512.729999999981374, 240864.29 ], [ 500511.229999999981374, 240864.79 ], [ 500511.229999999981374, 240865.79 ], [ 500510.229999999981374, 240865.29 ], [ 500509.729999999981374, 240867.29 ], [ 500506.729999999981374, 240868.79 ], [ 500506.729999999981374, 240870.79 ], [ 500499.229999999981374, 240878.29 ], [ 500498.229999999981374, 240878.29 ], [ 500497.729999999981374, 240879.79 ], [ 500494.729999999981374, 240880.79 ], [ 500493.229999999981374, 240882.79 ], [ 500485.729999999981374, 240882.79 ], [ 500482.729999999981374, 240884.29 ], [ 500482.729999999981374, 240885.29 ], [ 500481.729999999981374, 240885.29 ], [ 500474.729999999981374, 240892.79 ], [ 500470.229999999981374, 240895.79 ] ], [ [ 500477.729999999981374, 240831.29 ], [ 500475.229999999981374, 240828.29 ], [ 500469.229999999981374, 240827.29 ], [ 500467.729999999981374, 240824.79 ], [ 500466.229999999981374, 240825.29 ], [ 500464.729999999981374, 240822.79 ], [ 500462.229999999981374, 240822.29 ], [ 500461.729999999981374, 240821.29 ], [ 500461.729999999981374, 240818.29 ], [ 500463.229999999981374, 240817.79 ], [ 500463.229999999981374, 240816.79 ], [ 500461.729999999981374, 240815.29 ], [ 500466.729999999981374, 240809.29 ], [ 500470.729999999981374, 240808.29 ], [ 500481.229999999981374, 240819.79 ], [ 500481.729999999981374, 240822.29 ], [ 500483.229999999981374, 240823.29 ], [ 500482.729999999981374, 240827.29 ], [ 500484.229999999981374, 240829.79 ], [ 500482.729999999981374, 240830.29 ], [ 500482.729999999981374, 240831.29 ], [ 500480.229999999981374, 240830.29 ], [ 500480.229999999981374, 240831.29 ], [ 500477.729999999981374, 240831.29 ] ] ] } },
{ "type": "Feature", "properties": { "mainhabs": "Lowland fens,Reedbeds", "habcodes": "LFENS, RBEDS", "featdesc": null, "featcodes": null, "otherclass": null, "addhabs": "LCGRA", "primsource": "Reedbeds at Marston Vale Millenium Country Park 2008 (LFENS), Feedback from Natural England adviser or specialist 2023 (RBEDS)", "areaha": "0.05", "version": "Sep_25", "uid": "PHID50058136_024096452", "shape_length": null, "shape_area": null, "site": "millbrook", "pid": 38, "method": "grabcut2" }, "geometry": { "type": "Polygon", "coordinates": [ [ [ 500575.729999999981374, 240973.29 ], [ 500582.229999999981374, 240972.29 ], [ 500584.729999999981374, 240970.79 ], [ 500584.729999999981374, 240969.79 ], [ 500586.229999999981374, 240969.79 ], [ 500587.729999999981374, 240966.79 ], [ 500592.229999999981374, 240963.29 ], [ 500592.229999999981374, 240960.29 ], [ 500593.729999999981374, 240959.29 ], [ 500593.729999999981374, 240957.29 ], [ 500595.229999999981374, 240955.29 ], [ 500594.229999999981374, 240954.29 ], [ 500582.229999999981374, 240954.29 ], [ 500580.729999999981374, 240955.79 ], [ 500575.729999999981374, 240955.79 ], [ 500574.229999999981374, 240956.79 ], [ 500571.729999999981374, 240956.29 ], [ 500572.729999999981374, 240957.79 ], [ 500573.229999999981374, 240962.29 ], [ 500571.729999999981374, 240963.79 ], [ 500571.229999999981374, 240968.29 ], [ 500573.229999999981374, 240972.29 ], [ 500575.729999999981374, 240973.29 ] ] ] } },
{ "type": "Feature", "properties": { "mainhabs": "Lowland fens,Reedbeds", "habcodes": "LFENS, RBEDS", "featdesc": null, "featcodes": null, "otherclass": null, "addhabs": "LCGRA", "primsource": "Reedbeds at Marston Vale Millenium Country Park 2008 (LFENS), Feedback from Natural England adviser or specialist 2023 (RBEDS)", "areaha": "0.09", "version": "Sep_25", "uid": "PHID50060273_024105257", "shape_length": null, "shape_area": null, "site": "millbrook", "pid": 39, "method": "grabcut2" }, "geometry": { "type": "Polygon", "coordinates": [ [ [ 500646.229999999981374, 241040.79 ], [ 500648.729999999981374, 241040.29 ], [ 500647.729999999981374, 241036.29 ], [ 500648.229999999981374, 241033.29 ], [ 500646.229999999981374, 241030.79 ], [ 500646.729999999981374, 241029.29 ], [ 500644.729999999981374, 241029.29 ], [ 500643.729999999981374, 241030.79 ], [ 500642.229999999981374, 241030.79 ], [ 500642.229999999981374, 241034.79 ], [ 500643.229999999981374, 241035.29 ], [ 500643.729999999981374, 241038.79 ], [ 500646.229999999981374, 241040.79 ] ] ] } },
{ "type": "Feature", "properties": { "mainhabs": "Lowland fens,Reedbeds", "habcodes": "LFENS, RBEDS", "featdesc": null, "featcodes": null, "otherclass": null, "addhabs": "LCGRA", "primsource": "Reedbeds at Marston Vale Millenium Country Park 2008 (LFENS), Feedback from Natural England adviser or specialist 2023 (RBEDS)", "areaha": "0.04", "version": "Sep_25", "uid": "PHID50062532_024076759", "shape_length": null, "shape_area": null, "site": "millbrook", "pid": 40, "method": "grabcut2" }, "geometry": { "type": "Polygon", "coordinates": [ [ [ 500624.229999999981374, 240777.79 ], [ 500625.729999999981374, 240777.29 ], [ 500625.729999999981374, 240776.29 ], [ 500628.729999999981374, 240776.29 ], [ 500630.229999999981374, 240774.29 ], [ 500632.229999999981374, 240773.79 ], [ 500631.729999999981374, 240766.79 ], [ 500630.229999999981374, 240765.29 ], [ 500629.729999999981374, 240762.79 ], [ 500628.229999999981374, 240762.29 ], [ 500625.729999999981374, 240755.29 ], [ 500602.229999999981374, 240754.79 ], [ 500600.229999999981374, 240756.29 ], [ 500599.729999999981374, 240758.29 ], [ 500601.229999999981374, 240759.29 ], [ 500601.729999999981374, 240764.29 ], [ 500602.729999999981374, 240764.29 ], [ 500604.729999999981374, 240767.29 ], [ 500606.229999999981374, 240767.79 ], [ 500605.229999999981374, 240769.29 ], [ 500606.729999999981374, 240770.79 ], [ 500609.229999999981374, 240770.79 ], [ 500610.729999999981374, 240768.79 ], [ 500615.229999999981374, 240768.79 ], [ 500617.229999999981374, 240770.29 ], [ 500618.229999999981374, 240772.79 ], [ 500619.729999999981374, 240773.29 ], [ 500619.729999999981374, 240774.29 ], [ 500621.229999999981374, 240774.79 ], [ 500621.229999999981374, 240775.79 ], [ 500622.729999999981374, 240776.29 ], [ 500622.729999999981374, 240777.29 ], [ 500624.229999999981374, 240777.79 ] ] ] } },
{ "type": "Feature", "properties": { "mainhabs": "Lowland fens,Reedbeds", "habcodes": "LFENS, RBEDS", "featdesc": null, "featcodes": null, "otherclass": null, "addhabs": "LCGRA", "primsource": "Reedbeds at Marston Vale Millenium Country Park 2008 (LFENS), Feedback from Natural England adviser or specialist 2023 (RBEDS)", "areaha": "0.14", "version": "Sep_25", "uid": "PHID50063140_024091583", "shape_length": null, "shape_area": null, "site": "millbrook", "pid": 41, "method": "grabcut2" }, "geometry": { "type": "Polygon", "coordinates": [ [ [ 500840.229999999981374, 240958.79 ], [ 500842.729999999981374, 240958.79 ], [ 500842.729999999981374, 240957.79 ], [ 500845.229999999981374, 240955.79 ], [ 500844.229999999981374, 240950.29 ], [ 500841.729999999981374, 240951.79 ], [ 500840.729999999981374, 240950.29 ], [ 500841.229999999981374, 240948.29 ], [ 500840.229999999981374, 240948.29 ], [ 500839.729999999981374, 240946.79 ], [ 500837.229999999981374, 240946.79 ], [ 500836.729999999981374, 240945.29 ], [ 500834.229999999981374, 240945.29 ], [ 500833.729999999981374, 240943.79 ], [ 500832.229999999981374, 240943.79 ], [ 500830.729999999981374, 240942.29 ], [ 500830.729999999981374, 240940.29 ], [ 500829.229999999981374, 240938.29 ], [ 500827.729999999981374, 240938.29 ], [ 500826.729999999981374, 240939.29 ], [ 500826.729999999981374, 240942.29 ], [ 500828.229999999981374, 240943.79 ], [ 500828.229999999981374, 240946.29 ], [ 500832.229999999981374, 240948.79 ], [ 500832.729999999981374, 240950.79 ], [ 500837.229999999981374, 240954.29 ], [ 500840.229999999981374, 240958.79 ] ] ] } },
{ "type": "Feature", "properties": { "mainhabs": "Lowland fens,Reedbeds", "habcodes": "LFENS, RBEDS", "featdesc": null, "featcodes": null, "otherclass": null, "addhabs": "LCGRA", "primsource": "Reedbeds at Marston Vale Millenium Country Park 2008 (LFENS), Feedback from Natural England adviser or specialist 2023 (RBEDS)", "areaha": "0.08", "version": "Sep_25", "uid": "PHID50068185_024089013", "shape_length": null, "shape_area": null, "site": "millbrook", "pid": 42, "method": "grabcut2" }, "geometry": { "type": "Polygon", "coordinates": [ [ [ 500671.729999999981374, 240905.79 ], [ 500676.229999999981374, 240905.29 ], [ 500679.729999999981374, 240901.79 ], [ 500680.729999999981374, 240901.79 ], [ 500680.729999999981374, 240896.29 ], [ 500683.729999999981374, 240893.79 ], [ 500686.729999999981374, 240892.79 ], [ 500686.729999999981374, 240891.79 ], [ 500688.729999999981374, 240890.29 ], [ 500688.729999999981374, 240888.29 ], [ 500694.729999999981374, 240883.79 ], [ 500695.729999999981374, 240879.29 ], [ 500694.229999999981374, 240876.29 ], [ 500691.229999999981374, 240876.29 ], [ 500691.229999999981374, 240875.29 ], [ 500688.729999999981374, 240874.79 ], [ 500686.229999999981374, 240872.79 ], [ 500680.729999999981374, 240872.79 ], [ 500679.229999999981374, 240875.29 ], [ 500676.729999999981374, 240874.79 ], [ 500672.229999999981374, 240875.79 ], [ 500670.729999999981374, 240878.29 ], [ 500669.229999999981374, 240878.29 ], [ 500667.729999999981374, 240879.79 ], [ 500667.729999999981374, 240882.29 ], [ 500666.229999999981374, 240882.79 ], [ 500665.729999999981374, 240889.29 ], [ 500663.729999999981374, 240890.79 ], [ 500664.729999999981374, 240900.29 ], [ 500667.229999999981374, 240901.79 ], [ 500667.229999999981374, 240903.29 ], [ 500668.729999999981374, 240903.79 ], [ 500668.729999999981374, 240904.79 ], [ 500671.729999999981374, 240905.79 ] ] ] } },
{ "type": "Feature", "properties": { "mainhabs": "Lowland fens,Reedbeds", "habcodes": "LFENS, RBEDS", "featdesc": null, "featcodes": null, "otherclass": null, "addhabs": "LCGRA", "primsource": "Reedbeds at Marston Vale Millenium Country Park 2008 (LFENS), Feedback from Natural England adviser or specialist 2023 (RBEDS)", "areaha": "0.04", "version": "Sep_25", "uid": "PHID50069051_024094878", "shape_length": null, "shape_area": null, "site": "millbrook", "pid": 43, "method": "grabcut2" }, "geometry": { "type": "Polygon", "coordinates": [ [ [ 500680.729999999981374, 240961.79 ], [ 500682.729999999981374, 240961.79 ], [ 500684.229999999981374, 240959.29 ], [ 500686.729999999981374, 240958.79 ], [ 500687.229999999981374, 240957.29 ], [ 500688.729999999981374, 240957.29 ], [ 500689.229999999981374, 240956.29 ], [ 500691.729999999981374, 240956.29 ], [ 500693.229999999981374, 240951.79 ], [ 500695.229999999981374, 240951.29 ], [ 500695.729999999981374, 240950.29 ], [ 500701.729999999981374, 240952.79 ], [ 500701.729999999981374, 240951.79 ], [ 500706.229999999981374, 240950.29 ], [ 500706.729999999981374, 240948.79 ], [ 500708.229999999981374, 240948.29 ], [ 500708.229999999981374, 240945.79 ], [ 500710.229999999981374, 240943.79 ], [ 500710.229999999981374, 240941.29 ], [ 500708.729999999981374, 240940.29 ], [ 500708.729999999981374, 240938.79 ], [ 500707.729999999981374, 240937.79 ], [ 500699.229999999981374, 240938.29 ], [ 500697.229999999981374, 240936.29 ], [ 500693.729999999981374, 240937.29 ], [ 500693.229999999981374, 240936.29 ], [ 500691.229999999981374, 240936.29 ], [ 500689.729999999981374, 240936.79 ], [ 500688.729999999981374, 240938.79 ], [ 500686.729999999981374, 240938.29 ], [ 500685.229999999981374, 240940.79 ], [ 500684.229999999981374, 240940.29 ], [ 500683.229999999981374, 240943.79 ], [ 500681.729999999981374, 240940.79 ], [ 500679.229999999981374, 240941.79 ], [ 500678.229999999981374, 240942.79 ], [ 500678.229999999981374, 240944.79 ], [ 500679.729999999981374, 240946.79 ], [ 500676.729999999981374, 240947.29 ], [ 500676.729999999981374, 240948.29 ], [ 500674.729999999981374, 240949.79 ], [ 500672.729999999981374, 240949.79 ], [ 500671.729999999981374, 240952.79 ], [ 500673.729999999981374, 240954.29 ], [ 500673.729999999981374, 240957.29 ], [ 500677.729999999981374, 240958.29 ], [ 500680.729999999981374, 240961.79 ] ] ] } },
{ "type": "Feature", "properties": { "mainhabs": "Lowland fens,Reedbeds", "habcodes": "LFENS, RBEDS", "featdesc": null, "featcodes": null, "otherclass": null, "addhabs": "LCGRA", "primsource": "Reedbeds at Marston Vale Millenium Country Park 2008 (LFENS), Feedback from Natural England adviser or specialist 2023 (RBEDS)", "areaha": "0.07", "version": "Sep_25", "uid": "PHID50072302_024090894", "shape_length": null, "shape_area": null, "site": "millbrook", "pid": 44, "method": "grabcut2" }, "geometry": { "type": "Polygon", "coordinates": [ [ [ 500718.729999999981374, 240927.79 ], [ 500722.729999999981374, 240927.29 ], [ 500723.729999999981374, 240924.79 ], [ 500725.229999999981374, 240924.79 ], [ 500726.229999999981374, 240926.79 ], [ 500727.729999999981374, 240925.29 ], [ 500731.229999999981374, 240925.79 ], [ 500732.229999999981374, 240921.29 ], [ 500736.229999999981374, 240918.79 ], [ 500733.229999999981374, 240913.29 ], [ 500727.729999999981374, 240911.29 ], [ 500729.229999999981374, 240909.79 ], [ 500729.229999999981374, 240903.79 ], [ 500727.729999999981374, 240903.29 ], [ 500727.229999999981374, 240901.79 ], [ 500727.229999999981374, 240897.79 ], [ 500726.229999999981374, 240896.79 ], [ 500724.729999999981374, 240897.29 ], [ 500723.229999999981374, 240894.79 ], [ 500721.729999999981374, 240895.79 ], [ 500722.729999999981374, 240896.79 ], [ 500722.229999999981374, 240897.79 ], [ 500719.229999999981374, 240897.29 ], [ 500715.729999999981374, 240902.29 ], [ 500712.729999999981374, 240902.29 ], [ 500713.229999999981374, 240907.29 ], [ 500712.229999999981374, 240908.29 ], [ 500710.229999999981374, 240907.29 ], [ 500709.229999999981374, 240908.29 ], [ 500709.729999999981374, 240912.29 ], [ 500708.729999999981374, 240912.79 ], [ 500708.729999999981374, 240915.79 ], [ 500709.729999999981374, 240916.29 ], [ 500709.229999999981374, 240918.29 ], [ 500710.729999999981374, 240918.79 ], [ 500709.729999999981374, 240923.29 ], [ 500712.229999999981374, 240924.29 ], [ 500713.229999999981374, 240923.29 ], [ 500714.229999999981374, 240924.79 ], [ 500716.229999999981374, 240924.79 ], [ 500718.729999999981374, 240927.79 ] ] ] } },
{ "type": "Feature", "properties": { "mainhabs": "Lowland fens,Reedbeds", "habcodes": "LFENS, RBEDS", "featdesc": null, "featcodes": null, "otherclass": null, "addhabs": "LCGRA", "primsource": "Reedbeds at Marston Vale Millenium Country Park 2008 (LFENS), Feedback from Natural England adviser or specialist 2023 (RBEDS)", "areaha": "0.05", "version": "Sep_25", "uid": "PHID50075277_024096239", "shape_length": null, "shape_area": null, "site": "millbrook", "pid": 45, "method": "grabcut2" }, "geometry": { "type": "Polygon", "coordinates": [ [ [ 500758.229999999981374, 240974.29 ], [ 500760.729999999981374, 240974.29 ], [ 500762.229999999981374, 240972.29 ], [ 500762.229999999981374, 240966.79 ], [ 500761.229999999981374, 240965.79 ], [ 500761.729999999981374, 240963.29 ], [ 500760.729999999981374, 240963.29 ], [ 500760.229999999981374, 240960.29 ], [ 500759.229999999981374, 240960.29 ], [ 500757.729999999981374, 240955.79 ], [ 500753.229999999981374, 240952.79 ], [ 500751.229999999981374, 240947.29 ], [ 500749.729999999981374, 240946.79 ], [ 500748.729999999981374, 240948.29 ], [ 500747.229999999981374, 240948.29 ], [ 500745.729999999981374, 240946.29 ], [ 500743.229999999981374, 240946.29 ], [ 500740.729999999981374, 240949.79 ], [ 500739.729999999981374, 240949.79 ], [ 500739.729999999981374, 240954.29 ], [ 500740.729999999981374, 240955.29 ], [ 500740.729999999981374, 240957.79 ], [ 500742.229999999981374, 240958.79 ], [ 500742.229999999981374, 240961.29 ], [ 500743.729999999981374, 240962.29 ], [ 500743.729999999981374, 240963.79 ], [ 500748.229999999981374, 240966.79 ], [ 500749.729999999981374, 240969.79 ], [ 500754.729999999981374, 240970.79 ], [ 500758.229999999981374, 240974.29 ] ] ] } },
{ "type": "Feature", "properties": { "mainhabs": "Lowland fens,Reedbeds", "habcodes": "LFENS, RBEDS", "featdesc": null, "featcodes": null, "otherclass": null, "addhabs": "LCGRA", "primsource": "Reedbeds at Marston Vale Millenium Country Park 2008 (LFENS), Feedback from Natural England adviser or specialist 2023 (RBEDS)", "areaha": "0.03", "version": "Sep_25", "uid": "PHID50078605_024098962", "shape_length": null, "shape_area": null, "site": "millbrook", "pid": 46, "method": "grabcut2" }, "geometry": { "type": "Polygon", "coordinates": [ [ [ 500787.229999999981374, 240995.29 ], [ 500788.729999999981374, 240994.29 ], [ 500790.729999999981374, 240994.79 ], [ 500791.729999999981374, 240993.29 ], [ 500793.229999999981374, 240993.79 ], [ 500793.729999999981374, 240990.79 ], [ 500790.729999999981374, 240989.29 ], [ 500791.729999999981374, 240986.79 ], [ 500790.729999999981374, 240985.79 ], [ 500789.229999999981374, 240985.79 ], [ 500789.229999999981374, 240984.79 ], [ 500786.229999999981374, 240984.79 ], [ 500785.229999999981374, 240983.29 ], [ 500783.229999999981374, 240982.79 ], [ 500782.729999999981374, 240984.79 ], [ 500781.229999999981374, 240985.79 ], [ 500781.229999999981374, 240989.29 ], [ 500783.229999999981374, 240989.29 ], [ 500783.229999999981374, 240990.79 ], [ 500786.229999999981374, 240992.29 ], [ 500787.229999999981374, 240995.29 ] ] ] } },
{ "type": "Feature", "properties": { "mainhabs": "Lowland fens,Reedbeds", "habcodes": "LFENS, RBEDS", "featdesc": null, "featcodes": null, "otherclass": null, "addhabs": "LCGRA", "primsource": "Reedbeds at Marston Vale Millenium Country Park 2008 (LFENS), Feedback from Natural England adviser or specialist 2023 (RBEDS)", "areaha": "0.11", "version": "Sep_25", "uid": "PHID50078873_024093430", "shape_length": null, "shape_area": null, "site": "millbrook", "pid": 47, "method": "grabcut2" }, "geometry": { "type": "Polygon", "coordinates": [ [ [ 500800.729999999981374, 240949.79 ], [ 500804.229999999981374, 240948.29 ], [ 500804.229999999981374, 240947.29 ], [ 500807.229999999981374, 240945.29 ], [ 500807.229999999981374, 240943.79 ], [ 500808.229999999981374, 240943.79 ], [ 500807.729999999981374, 240936.79 ], [ 500808.729999999981374, 240936.29 ], [ 500809.729999999981374, 240933.29 ], [ 500809.729999999981374, 240930.29 ], [ 500807.229999999981374, 240926.79 ], [ 500802.229999999981374, 240926.79 ], [ 500801.229999999981374, 240924.29 ], [ 500796.229999999981374, 240923.29 ], [ 500794.729999999981374, 240920.79 ], [ 500792.729999999981374, 240919.79 ], [ 500785.729999999981374, 240920.29 ], [ 500785.729999999981374, 240921.29 ], [ 500782.229999999981374, 240923.79 ], [ 500779.729999999981374, 240923.29 ], [ 500778.729999999981374, 240924.79 ], [ 500772.229999999981374, 240924.79 ], [ 500771.229999999981374, 240925.79 ], [ 500770.229999999981374, 240928.79 ], [ 500772.229999999981374, 240929.79 ], [ 500772.729999999981374, 240931.79 ], [ 500774.729999999981374, 240931.79 ], [ 500775.729999999981374, 240932.79 ], [ 500775.729999999981374, 240934.29 ], [ 500772.729999999981374, 240937.29 ], [ 500772.729999999981374, 240939.79 ], [ 500773.729999999981374, 240940.79 ], [ 500778.729999999981374, 240940.79 ], [ 500779.229999999981374, 240939.79 ], [ 500780.229999999981374, 240941.79 ], [ 500782.229999999981374, 240941.29 ], [ 500782.729999999981374, 240942.29 ], [ 500784.729999999981374, 240942.29 ], [ 500786.229999999981374, 240941.29 ], [ 500786.729999999981374, 240942.29 ], [ 500789.229999999981374, 240942.79 ], [ 500790.729999999981374, 240946.79 ], [ 500794.229999999981374, 240947.29 ], [ 500795.729999999981374, 240949.29 ], [ 500799.229999999981374, 240948.79 ], [ 500800.729999999981374, 240949.79 ] ] ] } }
]
}
