{
"type": "FeatureCollection",
"crs": { "type": "name", "properties": { "name": "urn:ogc:def:crs:EPSG::27700" } },
"features": [
{ "type": "Feature", "properties": { "mainhabs": "Coastal and floodplain grazing marsh", "habcodes": "CFPGM", "featdesc": null, "featcodes": null, "otherclass": null, "addhabs": null, "primsource": "Oxfordshire Expert Knowledge Capture 2009 (CFPGM)", "areaha": "10.14", "version": "Sep_25", "uid": "PHID44310824_021461038", "shape_length": null, "shape_area": null, "site": "blenheim", "pid": 0, "method": "sam2iter" }, "geometry": { "type": "MultiPolygon", "coordinates": [ [ [ [ 443059.099999999976717, 214827.03 ], [ 443060.599999999976717, 214827.03 ], [ 443061.099999999976717, 214825.53 ], [ 443062.099999999976717, 214825.53 ], [ 443062.599999999976717, 214824.03 ], [ 443065.599999999976717, 214822.03 ], [ 443065.599999999976717, 214820.53 ], [ 443066.599999999976717, 214820.53 ], [ 443067.099999999976717, 214818.53 ], [ 443068.099999999976717, 214818.53 ], [ 443068.599999999976717, 214816.03 ], [ 443070.099999999976717, 214815.53 ], [ 443070.599999999976717, 214811.53 ], [ 443071.599999999976717, 214811.53 ], [ 443071.599999999976717, 214805.03 ], [ 443070.599999999976717, 214805.03 ], [ 443071.599999999976717, 214802.03 ], [ 443070.599999999976717, 214802.03 ], [ 443070.599999999976717, 214797.03 ], [ 443071.599999999976717, 214797.03 ], [ 443072.099999999976717, 214791.03 ], [ 443073.099999999976717, 214791.03 ], [ 443073.599999999976717, 214787.03 ], [ 443074.599999999976717, 214787.03 ], [ 443075.099999999976717, 214783.53 ], [ 443076.099999999976717, 214783.53 ], [ 443076.599999999976717, 214779.03 ], [ 443077.599999999976717, 214779.03 ], [ 443078.099999999976717, 214777.53 ], [ 443077.599999999976717, 214774.03 ], [ 443078.099999999976717, 214772.53 ], [ 443079.099999999976717, 214772.53 ], [ 443079.599999999976717, 214768.53 ], [ 443080.599999999976717, 214768.53 ], [ 443082.599999999976717, 214763.03 ], [ 443083.599999999976717, 214763.03 ], [ 443084.099999999976717, 214758.53 ], [ 443085.099999999976717, 214758.53 ], [ 443085.099999999976717, 214755.53 ], [ 443085.599999999976717, 214754.03 ], [ 443086.599999999976717, 214754.03 ], [ 443086.599999999976717, 214749.53 ], [ 443089.099999999976717, 214745.03 ], [ 443089.099999999976717, 214738.53 ], [ 443094.599999999976717, 214735.53 ], [ 443095.099999999976717, 214731.03 ], [ 443096.099999999976717, 214731.03 ], [ 443096.599999999976717, 214725.03 ], [ 443097.599999999976717, 214725.03 ], [ 443098.099999999976717, 214717.03 ], [ 443099.099999999976717, 214717.03 ], [ 443099.099999999976717, 214713.53 ], [ 443099.599999999976717, 214712.03 ], [ 443100.599999999976717, 214712.03 ], [ 443101.099999999976717, 214706.03 ], [ 443102.099999999976717, 214706.03 ], [ 443102.599999999976717, 214703.03 ], [ 443103.599999999976717, 214703.03 ], [ 443102.599999999976717, 214701.53 ], [ 443103.599999999976717, 214701.53 ], [ 443104.599999999976717, 214699.03 ], [ 443106.099999999976717, 214698.53 ], [ 443107.099999999976717, 214690.53 ], [ 443107.599999999976717, 214689.03 ], [ 443108.599999999976717, 214689.03 ], [ 443109.099999999976717, 214686.03 ], [ 443110.099999999976717, 214686.03 ], [ 443109.099999999976717, 214683.53 ], [ 443110.099999999976717, 214683.53 ], [ 443110.599999999976717, 214678.03 ], [ 443113.099999999976717, 214676.53 ], [ 443113.599999999976717, 214674.03 ], [ 443115.099999999976717, 214673.53 ], [ 443115.099999999976717, 214671.03 ], [ 443116.099999999976717, 214671.03 ], [ 443116.099999999976717, 214669.53 ], [ 443113.099999999976717, 214667.53 ], [ 443113.099999999976717, 214664.53 ], [ 443111.599999999976717, 214664.03 ], [ 443112.099999999976717, 214661.03 ], [ 443110.599999999976717, 214660.03 ], [ 443110.099999999976717, 214658.03 ], [ 443110.099999999976717, 214652.53 ], [ 443111.599999999976717, 214652.03 ], [ 443113.599999999976717, 214649.03 ], [ 443114.599999999976717, 214649.03 ], [ 443116.599999999976717, 214652.03 ], [ 443118.099999999976717, 214652.03 ], [ 443118.099999999976717, 214651.03 ], [ 443120.599999999976717, 214651.03 ], [ 443121.599999999976717, 214649.53 ], [ 443121.099999999976717, 214648.03 ], [ 443119.099999999976717, 214647.03 ], [ 443118.099999999976717, 214640.03 ], [ 443117.599999999976717, 214638.53 ], [ 443116.599999999976717, 214638.53 ], [ 443117.599999999976717, 214635.53 ], [ 443116.599999999976717, 214635.53 ], [ 443116.099999999976717, 214634.03 ], [ 443117.599999999976717, 214633.53 ], [ 443117.599999999976717, 214632.03 ], [ 443122.599999999976717, 214630.53 ], [ 443122.599999999976717, 214629.03 ], [ 443118.099999999976717, 214629.03 ], [ 443118.099999999976717, 214627.53 ], [ 443119.099999999976717, 214627.53 ], [ 443120.599999999976717, 214625.53 ], [ 443125.599999999976717, 214625.53 ], [ 443126.099999999976717, 214627.03 ], [ 443127.099999999976717, 214627.03 ], [ 443127.099999999976717, 214628.53 ], [ 443124.599999999976717, 214630.03 ], [ 443124.599999999976717, 214632.53 ], [ 443123.099999999976717, 214633.53 ], [ 443122.599999999976717, 214636.53 ], [ 443122.599999999976717, 214642.53 ], [ 443124.099999999976717, 214643.03 ], [ 443124.099999999976717, 214644.03 ], [ 443125.599999999976717, 214642.53 ], [ 443127.099999999976717, 214643.03 ], [ 443126.099999999976717, 214645.53 ], [ 443124.599999999976717, 214645.53 ], [ 443125.099999999976717, 214647.53 ], [ 443127.599999999976717, 214647.53 ], [ 443127.599999999976717, 214645.03 ], [ 443128.599999999976717, 214644.53 ], [ 443128.599999999976717, 214645.53 ], [ 443130.099999999976717, 214645.53 ], [ 443130.099999999976717, 214644.53 ], [ 443132.099999999976717, 214643.03 ], [ 443132.099999999976717, 214644.03 ], [ 443133.599999999976717, 214644.53 ], [ 443133.599999999976717, 214646.03 ], [ 443131.599999999976717, 214649.53 ], [ 443133.599999999976717, 214651.03 ], [ 443133.599999999976717, 214652.03 ], [ 443136.599999999976717, 214652.53 ], [ 443139.099999999976717, 214651.03 ], [ 443139.099999999976717, 214652.03 ], [ 443141.099999999976717, 214652.53 ], [ 443141.099999999976717, 214653.53 ], [ 443142.599999999976717, 214653.53 ], [ 443143.099999999976717, 214652.53 ], [ 443143.099999999976717, 214653.53 ], [ 443144.599999999976717, 214654.03 ], [ 443144.599999999976717, 214655.03 ], [ 443143.099999999976717, 214655.53 ], [ 443143.099999999976717, 214656.53 ], [ 443141.599999999976717, 214657.03 ], [ 443141.599999999976717, 214658.03 ], [ 443139.099999999976717, 214660.03 ], [ 443139.099999999976717, 214662.53 ], [ 443140.099999999976717, 214664.03 ], [ 443144.599999999976717, 214665.03 ], [ 443146.099999999976717, 214663.03 ], [ 443149.099999999976717, 214663.03 ], [ 443147.599999999976717, 214662.53 ], [ 443147.599999999976717, 214661.03 ], [ 443157.099999999976717, 214658.03 ], [ 443153.099999999976717, 214661.03 ], [ 443151.599999999976717, 214661.03 ], [ 443151.599999999976717, 214662.53 ], [ 443154.599999999976717, 214662.53 ], [ 443154.599999999976717, 214661.53 ], [ 443156.099999999976717, 214661.53 ], [ 443157.099999999976717, 214659.53 ], [ 443160.099999999976717, 214659.53 ], [ 443160.099999999976717, 214658.53 ], [ 443163.099999999976717, 214658.03 ], [ 443163.099999999976717, 214657.03 ], [ 443168.599999999976717, 214656.53 ], [ 443171.599999999976717, 214652.53 ], [ 443181.099999999976717, 214649.53 ], [ 443184.599999999976717, 214644.53 ], [ 443187.599999999976717, 214644.03 ], [ 443187.599999999976717, 214643.03 ], [ 443192.099999999976717, 214642.53 ], [ 443192.099999999976717, 214641.53 ], [ 443193.599999999976717, 214641.03 ], [ 443195.599999999976717, 214635.53 ], [ 443198.599999999976717, 214635.03 ], [ 443198.599999999976717, 214634.03 ], [ 443204.599999999976717, 214633.53 ], [ 443204.599999999976717, 214632.53 ], [ 443205.599999999976717, 214632.53 ], [ 443206.099999999976717, 214631.03 ], [ 443207.099999999976717, 214631.03 ], [ 443208.099999999976717, 214629.03 ], [ 443210.599999999976717, 214627.53 ], [ 443210.599999999976717, 214625.53 ], [ 443212.599999999976717, 214624.03 ], [ 443212.599999999976717, 214623.03 ], [ 443213.599999999976717, 214623.03 ], [ 443213.599999999976717, 214621.53 ], [ 443215.099999999976717, 214621.03 ], [ 443215.599999999976717, 214619.53 ], [ 443217.099999999976717, 214619.53 ], [ 443217.099999999976717, 214618.53 ], [ 443220.099999999976717, 214616.53 ], [ 443220.099999999976717, 214615.03 ], [ 443221.099999999976717, 214615.03 ], [ 443221.599999999976717, 214612.53 ], [ 443222.599999999976717, 214612.53 ], [ 443221.099999999976717, 214610.53 ], [ 443221.099999999976717, 214604.53 ], [ 443222.599999999976717, 214604.03 ], [ 443222.599999999976717, 214603.03 ], [ 443226.599999999976717, 214603.03 ], [ 443226.599999999976717, 214604.03 ], [ 443227.599999999976717, 214604.03 ], [ 443227.599999999976717, 214603.03 ], [ 443229.099999999976717, 214603.03 ], [ 443229.599999999976717, 214601.53 ], [ 443231.099999999976717, 214601.03 ], [ 443231.099999999976717, 214598.53 ], [ 443232.099999999976717, 214598.53 ], [ 443232.599999999976717, 214597.03 ], [ 443232.599999999976717, 214591.53 ], [ 443233.599999999976717, 214591.53 ], [ 443233.599999999976717, 214590.03 ], [ 443232.599999999976717, 214590.03 ], [ 443232.599999999976717, 214587.53 ], [ 443233.599999999976717, 214587.53 ], [ 443234.099999999976717, 214586.03 ], [ 443242.599999999976717, 214585.53 ], [ 443245.099999999976717, 214578.03 ], [ 443248.099999999976717, 214576.03 ], [ 443248.099999999976717, 214574.53 ], [ 443249.099999999976717, 214574.53 ], [ 443249.599999999976717, 214573.03 ], [ 443252.099999999976717, 214573.03 ], [ 443252.099999999976717, 214572.03 ], [ 443253.599999999976717, 214571.53 ], [ 443255.599999999976717, 214568.53 ], [ 443256.599999999976717, 214568.53 ], [ 443257.099999999976717, 214564.03 ], [ 443258.099999999976717, 214564.03 ], [ 443258.599999999976717, 214562.53 ], [ 443258.099999999976717, 214559.53 ], [ 443260.099999999976717, 214558.03 ], [ 443258.599999999976717, 214556.03 ], [ 443260.599999999976717, 214554.53 ], [ 443263.599999999976717, 214558.03 ], [ 443264.599999999976717, 214558.03 ], [ 443265.099999999976717, 214556.53 ], [ 443266.599999999976717, 214556.03 ], [ 443266.599999999976717, 214554.53 ], [ 443267.599999999976717, 214554.53 ], [ 443268.099999999976717, 214553.03 ], [ 443269.599999999976717, 214553.03 ], [ 443269.599999999976717, 214552.03 ], [ 443277.599999999976717, 214551.53 ], [ 443277.599999999976717, 214550.53 ], [ 443280.099999999976717, 214549.03 ], [ 443280.599999999976717, 214546.03 ], [ 443281.599999999976717, 214546.03 ], [ 443282.099999999976717, 214544.53 ], [ 443292.599999999976717, 214544.53 ], [ 443297.099999999976717, 214543.53 ], [ 443297.099999999976717, 214542.53 ], [ 443303.599999999976717, 214542.03 ], [ 443303.599999999976717, 214541.03 ], [ 443306.099999999976717, 214540.53 ], [ 443306.099999999976717, 214539.53 ], [ 443309.599999999976717, 214539.03 ], [ 443309.599999999976717, 214538.03 ], [ 443317.099999999976717, 214537.53 ], [ 443317.099999999976717, 214536.53 ], [ 443318.599999999976717, 214536.53 ], [ 443319.099999999976717, 214535.03 ], [ 443320.599999999976717, 214534.53 ], [ 443320.599999999976717, 214533.03 ], [ 443321.599999999976717, 214533.03 ], [ 443321.599999999976717, 214532.03 ], [ 443323.099999999976717, 214531.53 ], [ 443325.099999999976717, 214528.53 ], [ 443327.599999999976717, 214528.53 ], [ 443327.599999999976717, 214527.53 ], [ 443329.599999999976717, 214527.03 ], [ 443341.599999999976717, 214527.53 ], [ 443341.599999999976717, 214528.53 ], [ 443343.099999999976717, 214528.53 ], [ 443343.599999999976717, 214530.03 ], [ 443347.099999999976717, 214530.53 ], [ 443347.099999999976717, 214531.53 ], [ 443353.099999999976717, 214532.03 ], [ 443353.099999999976717, 214533.03 ], [ 443355.599999999976717, 214533.53 ], [ 443355.599999999976717, 214534.53 ], [ 443360.099999999976717, 214534.53 ], [ 443364.099999999976717, 214536.53 ], [ 443371.599999999976717, 214536.53 ], [ 443371.599999999976717, 214537.53 ], [ 443375.599999999976717, 214538.03 ], [ 443375.599999999976717, 214539.03 ], [ 443378.599999999976717, 214539.53 ], [ 443380.099999999976717, 214542.03 ], [ 443380.599999999976717, 214541.03 ], [ 443391.099999999976717, 214540.53 ], [ 443391.099999999976717, 214539.53 ], [ 443394.599999999976717, 214539.03 ], [ 443394.599999999976717, 214538.03 ], [ 443397.099999999976717, 214538.03 ], [ 443398.099999999976717, 214536.53 ], [ 443405.599999999976717, 214536.53 ], [ 443414.099999999976717, 214534.53 ], [ 443420.599999999976717, 214534.53 ], [ 443426.099999999976717, 214536.03 ], [ 443431.599999999976717, 214536.03 ], [ 443431.599999999976717, 214535.03 ], [ 443433.099999999976717, 214535.03 ], [ 443433.099999999976717, 214536.03 ], [ 443439.599999999976717, 214536.03 ], [ 443441.099999999976717, 214536.53 ], [ 443441.099999999976717, 214537.53 ], [ 443442.099999999976717, 214537.53 ], [ 443442.099999999976717, 214536.53 ], [ 443444.099999999976717, 214536.53 ], [ 443444.099999999976717, 214537.53 ], [ 443445.099999999976717, 214537.53 ], [ 443445.599999999976717, 214539.03 ], [ 443448.599999999976717, 214541.03 ], [ 443448.599999999976717, 214542.03 ], [ 443453.099999999976717, 214544.53 ], [ 443454.599999999976717, 214547.03 ], [ 443457.599999999976717, 214547.53 ], [ 443459.099999999976717, 214550.03 ], [ 443461.099999999976717, 214550.03 ], [ 443462.599999999976717, 214552.03 ], [ 443463.599999999976717, 214552.03 ], [ 443464.099999999976717, 214557.03 ], [ 443465.099999999976717, 214556.53 ], [ 443465.099999999976717, 214557.53 ], [ 443466.099999999976717, 214557.53 ], [ 443465.599999999976717, 214559.03 ], [ 443466.599999999976717, 214559.03 ], [ 443466.599999999976717, 214560.03 ], [ 443468.599999999976717, 214559.03 ], [ 443470.599999999976717, 214560.53 ], [ 443470.599999999976717, 214561.53 ], [ 443471.599999999976717, 214561.53 ], [ 443471.599999999976717, 214562.53 ], [ 443472.099999999976717, 214561.53 ], [ 443473.599999999976717, 214561.53 ], [ 443473.599999999976717, 214562.53 ], [ 443475.099999999976717, 214563.03 ], [ 443475.099999999976717, 214564.53 ], [ 443476.099999999976717, 214564.53 ], [ 443476.599999999976717, 214567.53 ], [ 443481.099999999976717, 214570.53 ], [ 443484.599999999976717, 214570.03 ], [ 443487.099999999976717, 214572.03 ], [ 443486.099999999976717, 214573.03 ], [ 443487.099999999976717, 214574.53 ], [ 443489.599999999976717, 214574.53 ], [ 443490.599999999976717, 214576.03 ], [ 443493.599999999976717, 214576.03 ], [ 443495.099999999976717, 214578.03 ], [ 443497.599999999976717, 214578.53 ], [ 443497.599999999976717, 214580.03 ], [ 443496.599999999976717, 214580.53 ], [ 443499.099999999976717, 214581.03 ], [ 443499.599999999976717, 214582.53 ], [ 443502.599999999976717, 214584.53 ], [ 443502.599999999976717, 214585.53 ], [ 443508.599999999976717, 214586.03 ], [ 443508.599999999976717, 214587.03 ], [ 443510.099999999976717, 214587.53 ], [ 443510.599999999976717, 214590.03 ], [ 443513.099999999976717, 214590.53 ], [ 443513.599999999976717, 214593.53 ], [ 443516.099999999976717, 214594.53 ], [ 443516.099999999976717, 214597.03 ], [ 443520.099999999976717, 214597.53 ], [ 443520.099999999976717, 214598.53 ], [ 443521.099999999976717, 214598.53 ], [ 443520.599999999976717, 214600.53 ], [ 443521.599999999976717, 214603.03 ], [ 443522.599999999976717, 214603.03 ], [ 443522.599999999976717, 214604.53 ], [ 443528.099999999976717, 214607.03 ], [ 443528.599999999976717, 214608.03 ], [ 443527.099999999976717, 214609.03 ], [ 443534.099999999976717, 214615.53 ], [ 443535.099999999976717, 214615.53 ], [ 443535.599999999976717, 214617.03 ], [ 443538.599999999976717, 214618.53 ], [ 443539.099999999976717, 214620.03 ], [ 443543.099999999976717, 214622.53 ], [ 443548.599999999976717, 214630.53 ], [ 443550.099999999976717, 214631.03 ], [ 443550.099999999976717, 214632.53 ], [ 443551.099999999976717, 214632.53 ], [ 443554.099999999976717, 214637.03 ], [ 443555.599999999976717, 214641.03 ], [ 443556.599999999976717, 214641.03 ], [ 443557.099999999976717, 214643.53 ], [ 443560.099999999976717, 214646.03 ], [ 443560.099999999976717, 214647.03 ], [ 443561.099999999976717, 214647.03 ], [ 443561.599999999976717, 214650.53 ], [ 443565.599999999976717, 214652.53 ], [ 443566.599999999976717, 214659.53 ], [ 443568.599999999976717, 214662.53 ], [ 443568.599999999976717, 214665.53 ], [ 443571.099999999976717, 214667.53 ], [ 443571.099999999976717, 214669.03 ], [ 443573.599999999976717, 214669.53 ], [ 443574.099999999976717, 214672.53 ], [ 443575.099999999976717, 214672.53 ], [ 443576.599999999976717, 214675.03 ], [ 443578.599999999976717, 214673.53 ], [ 443578.599999999976717, 214672.53 ], [ 443580.099999999976717, 214672.53 ], [ 443581.599999999976717, 214670.53 ], [ 443583.099999999976717, 214670.53 ], [ 443583.099999999976717, 214669.53 ], [ 443585.599999999976717, 214669.53 ], [ 443586.099999999976717, 214668.03 ], [ 443587.599999999976717, 214667.53 ], [ 443587.599999999976717, 214666.03 ], [ 443589.099999999976717, 214665.03 ], [ 443589.599999999976717, 214663.03 ], [ 443590.599999999976717, 214663.03 ], [ 443591.099999999976717, 214661.53 ], [ 443594.099999999976717, 214661.03 ], [ 443594.099999999976717, 214660.03 ], [ 443598.099999999976717, 214657.03 ], [ 443598.599999999976717, 214654.03 ], [ 443599.599999999976717, 214654.03 ], [ 443601.599999999976717, 214651.03 ], [ 443604.599999999976717, 214650.53 ], [ 443604.599999999976717, 214649.53 ], [ 443606.099999999976717, 214649.03 ], [ 443606.099999999976717, 214648.03 ], [ 443607.599999999976717, 214647.53 ], [ 443609.599999999976717, 214644.53 ], [ 443610.599999999976717, 214644.53 ], [ 443610.599999999976717, 214643.03 ], [ 443612.099999999976717, 214642.53 ], [ 443612.099999999976717, 214640.03 ], [ 443613.599999999976717, 214639.53 ], [ 443614.099999999976717, 214638.03 ], [ 443618.099999999976717, 214636.53 ], [ 443618.099999999976717, 214635.53 ], [ 443621.099999999976717, 214635.03 ], [ 443622.099999999976717, 214632.03 ], [ 443623.099999999976717, 214632.03 ], [ 443623.599999999976717, 214630.03 ], [ 443624.599999999976717, 214630.03 ], [ 443626.599999999976717, 214627.03 ], [ 443629.599999999976717, 214627.03 ], [ 443631.099999999976717, 214624.53 ], [ 443633.599999999976717, 214624.03 ], [ 443633.599999999976717, 214623.03 ], [ 443635.099999999976717, 214622.53 ], [ 443635.599999999976717, 214618.03 ], [ 443636.599999999976717, 214618.03 ], [ 443637.099999999976717, 214615.03 ], [ 443638.099999999976717, 214615.03 ], [ 443639.099999999976717, 214612.53 ], [ 443640.599999999976717, 214611.53 ], [ 443643.099999999976717, 214611.53 ], [ 443643.099999999976717, 214610.53 ], [ 443644.599999999976717, 214610.53 ], [ 443645.099999999976717, 214609.03 ], [ 443646.599999999976717, 214608.53 ], [ 443647.599999999976717, 214604.03 ], [ 443646.599999999976717, 214604.03 ], [ 443646.099999999976717, 214602.53 ], [ 443642.099999999976717, 214602.53 ], [ 443642.099999999976717, 214601.53 ], [ 443625.099999999976717, 214601.53 ], [ 443624.599999999976717, 214600.03 ], [ 443622.099999999976717, 214599.53 ], [ 443621.599999999976717, 214597.03 ], [ 443623.099999999976717, 214596.53 ], [ 443623.599999999976717, 214593.53 ], [ 443623.099999999976717, 214586.03 ], [ 443618.599999999976717, 214585.53 ], [ 443618.599999999976717, 214584.53 ], [ 443615.599999999976717, 214584.03 ], [ 443615.599999999976717, 214583.03 ], [ 443612.599999999976717, 214581.03 ], [ 443612.099999999976717, 214575.03 ], [ 443608.099999999976717, 214572.03 ], [ 443608.099999999976717, 214570.53 ], [ 443606.599999999976717, 214570.03 ], [ 443606.099999999976717, 214568.53 ], [ 443601.599999999976717, 214568.53 ], [ 443601.599999999976717, 214567.53 ], [ 443600.099999999976717, 214567.03 ], [ 443599.599999999976717, 214562.53 ], [ 443598.599999999976717, 214562.53 ], [ 443598.599999999976717, 214561.53 ], [ 443595.099999999976717, 214559.03 ], [ 443595.099999999976717, 214557.53 ], [ 443594.099999999976717, 214557.53 ], [ 443593.599999999976717, 214556.03 ], [ 443591.099999999976717, 214556.03 ], [ 443591.099999999976717, 214555.03 ], [ 443588.099999999976717, 214554.53 ], [ 443587.099999999976717, 214552.03 ], [ 443585.599999999976717, 214551.53 ], [ 443585.599999999976717, 214550.03 ], [ 443584.599999999976717, 214550.03 ], [ 443584.599999999976717, 214549.03 ], [ 443586.099999999976717, 214548.53 ], [ 443585.599999999976717, 214539.03 ], [ 443586.599999999976717, 214539.03 ], [ 443586.099999999976717, 214540.03 ], [ 443587.599999999976717, 214542.03 ], [ 443590.099999999976717, 214539.03 ], [ 443588.099999999976717, 214537.53 ], [ 443588.099999999976717, 214536.53 ], [ 443585.599999999976717, 214536.53 ], [ 443583.099999999976717, 214530.03 ], [ 443580.599999999976717, 214528.53 ], [ 443577.099999999976717, 214529.03 ], [ 443579.099999999976717, 214532.03 ], [ 443580.599999999976717, 214531.53 ], [ 443579.599999999976717, 214533.53 ], [ 443581.599999999976717, 214535.53 ], [ 443582.599999999976717, 214535.03 ], [ 443582.599999999976717, 214536.53 ], [ 443580.099999999976717, 214536.53 ], [ 443580.099999999976717, 214535.53 ], [ 443579.099999999976717, 214535.53 ], [ 443578.099999999976717, 214537.53 ], [ 443576.599999999976717, 214537.53 ], [ 443576.599999999976717, 214536.53 ], [ 443572.599999999976717, 214535.03 ], [ 443572.099999999976717, 214533.53 ], [ 443569.099999999976717, 214533.03 ], [ 443569.099999999976717, 214532.03 ], [ 443567.599999999976717, 214531.53 ], [ 443564.099999999976717, 214531.53 ], [ 443561.099999999976717, 214527.53 ], [ 443558.599999999976717, 214527.53 ], [ 443557.099999999976717, 214526.53 ], [ 443557.099999999976717, 214524.03 ], [ 443555.599999999976717, 214523.53 ], [ 443555.599999999976717, 214521.03 ], [ 443556.599999999976717, 214520.53 ], [ 443554.099999999976717, 214519.03 ], [ 443554.099999999976717, 214517.53 ], [ 443555.599999999976717, 214516.53 ], [ 443555.099999999976717, 214514.53 ], [ 443554.099999999976717, 214514.53 ], [ 443555.099999999976717, 214512.03 ], [ 443552.099999999976717, 214510.03 ], [ 443551.599999999976717, 214505.53 ], [ 443550.599999999976717, 214505.53 ], [ 443550.099999999976717, 214496.53 ], [ 443549.099999999976717, 214496.53 ], [ 443548.599999999976717, 214495.03 ], [ 443546.099999999976717, 214494.53 ], [ 443546.099999999976717, 214493.53 ], [ 443544.599999999976717, 214493.03 ], [ 443544.599999999976717, 214491.03 ], [ 443544.099999999976717, 214489.53 ], [ 443543.099999999976717, 214489.53 ], [ 443542.599999999976717, 214487.03 ], [ 443540.099999999976717, 214486.53 ], [ 443540.099999999976717, 214485.53 ], [ 443538.599999999976717, 214485.03 ], [ 443538.599999999976717, 214478.03 ], [ 443537.099999999976717, 214477.53 ], [ 443536.599999999976717, 214474.03 ], [ 443534.599999999976717, 214472.53 ], [ 443530.099999999976717, 214476.03 ], [ 443530.099999999976717, 214475.03 ], [ 443526.099999999976717, 214472.53 ], [ 443525.599999999976717, 214464.03 ], [ 443524.599999999976717, 214464.03 ], [ 443524.099999999976717, 214462.53 ], [ 443521.599999999976717, 214462.03 ], [ 443520.099999999976717, 214462.53 ], [ 443518.599999999976717, 214465.03 ], [ 443515.099999999976717, 214465.03 ], [ 443515.099999999976717, 214464.03 ], [ 443513.099999999976717, 214462.53 ], [ 443513.099999999976717, 214460.53 ], [ 443512.099999999976717, 214460.53 ], [ 443511.599999999976717, 214457.03 ], [ 443510.599999999976717, 214457.03 ], [ 443510.599999999976717, 214456.03 ], [ 443509.099999999976717, 214455.53 ], [ 443507.099999999976717, 214452.53 ], [ 443504.599999999976717, 214452.53 ], [ 443504.599999999976717, 214451.53 ], [ 443503.099999999976717, 214451.03 ], [ 443502.599999999976717, 214449.53 ], [ 443501.099999999976717, 214449.53 ], [ 443500.599999999976717, 214448.03 ], [ 443496.099999999976717, 214448.03 ], [ 443496.099999999976717, 214447.03 ], [ 443495.099999999976717, 214447.03 ], [ 443493.599999999976717, 214445.03 ], [ 443482.099999999976717, 214443.53 ], [ 443482.099999999976717, 214442.53 ], [ 443479.099999999976717, 214442.03 ], [ 443479.099999999976717, 214441.03 ], [ 443476.099999999976717, 214440.03 ], [ 443471.599999999976717, 214440.03 ], [ 443471.599999999976717, 214439.03 ], [ 443465.599999999976717, 214438.53 ], [ 443465.599999999976717, 214437.53 ], [ 443463.599999999976717, 214437.03 ], [ 443463.599999999976717, 214436.03 ], [ 443453.099999999976717, 214436.03 ], [ 443450.099999999976717, 214432.53 ], [ 443447.099999999976717, 214431.53 ], [ 443445.099999999976717, 214428.53 ], [ 443429.599999999976717, 214428.03 ], [ 443429.599999999976717, 214427.03 ], [ 443428.099999999976717, 214426.53 ], [ 443428.099999999976717, 214425.03 ], [ 443427.099999999976717, 214425.03 ], [ 443427.099999999976717, 214423.53 ], [ 443425.599999999976717, 214423.03 ], [ 443423.599999999976717, 214420.03 ], [ 443422.099999999976717, 214420.03 ], [ 443422.099999999976717, 214419.03 ], [ 443408.599999999976717, 214419.03 ], [ 443408.599999999976717, 214420.03 ], [ 443399.099999999976717, 214420.03 ], [ 443399.099999999976717, 214419.03 ], [ 443394.099999999976717, 214419.03 ], [ 443389.599999999976717, 214412.53 ], [ 443386.599999999976717, 214412.53 ], [ 443386.599999999976717, 214411.53 ], [ 443382.599999999976717, 214411.03 ], [ 443382.599999999976717, 214410.03 ], [ 443381.099999999976717, 214410.03 ], [ 443380.099999999976717, 214408.03 ], [ 443378.599999999976717, 214408.03 ], [ 443378.599999999976717, 214407.03 ], [ 443368.099999999976717, 214407.03 ], [ 443365.099999999976717, 214404.53 ], [ 443365.099999999976717, 214403.53 ], [ 443351.599999999976717, 214403.03 ], [ 443350.099999999976717, 214403.53 ], [ 443349.599999999976717, 214405.03 ], [ 443344.599999999976717, 214404.53 ], [ 443344.599999999976717, 214403.53 ], [ 443342.099999999976717, 214402.03 ], [ 443341.599999999976717, 214399.03 ], [ 443339.099999999976717, 214397.53 ], [ 443339.099999999976717, 214398.53 ], [ 443337.099999999976717, 214398.53 ], [ 443335.599999999976717, 214400.53 ], [ 443334.599999999976717, 214400.53 ], [ 443334.599999999976717, 214401.53 ], [ 443333.099999999976717, 214401.53 ], [ 443332.599999999976717, 214403.03 ], [ 443331.599999999976717, 214403.03 ], [ 443331.599999999976717, 214405.03 ], [ 443328.599999999976717, 214407.03 ], [ 443327.599999999976717, 214405.53 ], [ 443325.099999999976717, 214404.53 ], [ 443324.599999999976717, 214402.03 ], [ 443320.099999999976717, 214401.53 ], [ 443320.099999999976717, 214403.03 ], [ 443319.099999999976717, 214403.03 ], [ 443318.599999999976717, 214404.53 ], [ 443319.099999999976717, 214409.53 ], [ 443320.099999999976717, 214409.53 ], [ 443320.099999999976717, 214412.53 ], [ 443320.599999999976717, 214414.53 ], [ 443321.599999999976717, 214414.53 ], [ 443322.099999999976717, 214419.03 ], [ 443323.099999999976717, 214419.03 ], [ 443323.599999999976717, 214422.03 ], [ 443324.599999999976717, 214422.03 ], [ 443325.099999999976717, 214425.53 ], [ 443326.099999999976717, 214425.53 ], [ 443326.599999999976717, 214428.03 ], [ 443328.099999999976717, 214428.53 ], [ 443328.099999999976717, 214430.03 ], [ 443329.599999999976717, 214431.53 ], [ 443338.599999999976717, 214431.53 ], [ 443338.599999999976717, 214432.53 ], [ 443340.099999999976717, 214433.03 ], [ 443340.599999999976717, 214437.03 ], [ 443341.599999999976717, 214437.03 ], [ 443342.099999999976717, 214443.53 ], [ 443346.099999999976717, 214445.03 ], [ 443348.599999999976717, 214451.03 ], [ 443349.599999999976717, 214451.03 ], [ 443350.099999999976717, 214452.53 ], [ 443354.099999999976717, 214455.53 ], [ 443352.599999999976717, 214459.53 ], [ 443350.099999999976717, 214461.03 ], [ 443350.099999999976717, 214466.53 ], [ 443351.099999999976717, 214466.53 ], [ 443351.099999999976717, 214470.03 ], [ 443350.099999999976717, 214470.03 ], [ 443349.599999999976717, 214476.53 ], [ 443348.599999999976717, 214476.53 ], [ 443346.599999999976717, 214482.03 ], [ 443345.099999999976717, 214482.53 ], [ 443345.099999999976717, 214483.53 ], [ 443343.599999999976717, 214482.53 ], [ 443343.599999999976717, 214483.53 ], [ 443342.099999999976717, 214484.03 ], [ 443342.099999999976717, 214486.53 ], [ 443340.599999999976717, 214487.03 ], [ 443338.599999999976717, 214490.03 ], [ 443336.099999999976717, 214490.03 ], [ 443334.099999999976717, 214493.03 ], [ 443331.099999999976717, 214493.53 ], [ 443331.099999999976717, 214494.53 ], [ 443333.099999999976717, 214496.03 ], [ 443332.599999999976717, 214497.53 ], [ 443330.099999999976717, 214498.03 ], [ 443329.599999999976717, 214496.53 ], [ 443328.599999999976717, 214496.53 ], [ 443328.599999999976717, 214495.03 ], [ 443329.599999999976717, 214495.03 ], [ 443328.599999999976717, 214494.53 ], [ 443328.599999999976717, 214493.53 ], [ 443329.599999999976717, 214493.53 ], [ 443328.599999999976717, 214493.03 ], [ 443328.599999999976717, 214491.03 ], [ 443329.599999999976717, 214491.03 ], [ 443330.099999999976717, 214489.53 ], [ 443329.599999999976717, 214487.03 ], [ 443323.599999999976717, 214487.03 ], [ 443320.599999999976717, 214491.03 ], [ 443319.099999999976717, 214491.03 ], [ 443318.599999999976717, 214490.03 ], [ 443317.599999999976717, 214491.53 ], [ 443312.599999999976717, 214492.03 ], [ 443312.599999999976717, 214493.03 ], [ 443311.099999999976717, 214493.03 ], [ 443310.599999999976717, 214494.53 ], [ 443306.599999999976717, 214496.03 ], [ 443304.599999999976717, 214499.03 ], [ 443299.099999999976717, 214499.53 ], [ 443299.099999999976717, 214500.53 ], [ 443297.599999999976717, 214501.03 ], [ 443295.599999999976717, 214504.03 ], [ 443292.599999999976717, 214505.03 ], [ 443292.099999999976717, 214506.53 ], [ 443287.599999999976717, 214507.03 ], [ 443286.099999999976717, 214509.03 ], [ 443283.099999999976717, 214509.03 ], [ 443280.099999999976717, 214513.03 ], [ 443275.599999999976717, 214515.03 ], [ 443275.099999999976717, 214518.03 ], [ 443274.099999999976717, 214518.03 ], [ 443273.599999999976717, 214519.53 ], [ 443269.599999999976717, 214519.03 ], [ 443268.099999999976717, 214519.53 ], [ 443267.599999999976717, 214521.03 ], [ 443265.099999999976717, 214521.03 ], [ 443264.599999999976717, 214522.53 ], [ 443261.599999999976717, 214522.53 ], [ 443260.599999999976717, 214521.03 ], [ 443258.599999999976717, 214521.03 ], [ 443258.099999999976717, 214519.53 ], [ 443257.099999999976717, 214519.53 ], [ 443257.099999999976717, 214510.03 ], [ 443258.099999999976717, 214510.03 ], [ 443258.099999999976717, 214507.03 ], [ 443257.099999999976717, 214507.03 ], [ 443256.599999999976717, 214499.53 ], [ 443255.599999999976717, 214499.53 ], [ 443255.099999999976717, 214496.53 ], [ 443252.599999999976717, 214496.03 ], [ 443252.099999999976717, 214494.53 ], [ 443248.099999999976717, 214493.03 ], [ 443248.099999999976717, 214492.03 ], [ 443245.099999999976717, 214490.03 ], [ 443244.599999999976717, 214484.03 ], [ 443243.599999999976717, 214484.03 ], [ 443242.599999999976717, 214479.53 ], [ 443238.599999999976717, 214479.03 ], [ 443238.599999999976717, 214478.03 ], [ 443234.099999999976717, 214478.03 ], [ 443233.599999999976717, 214476.53 ], [ 443232.099999999976717, 214476.03 ], [ 443230.599999999976717, 214464.03 ], [ 443229.599999999976717, 214464.03 ], [ 443228.099999999976717, 214462.03 ], [ 443221.599999999976717, 214462.03 ], [ 443221.599999999976717, 214461.03 ], [ 443220.099999999976717, 214460.53 ], [ 443219.599999999976717, 214451.53 ], [ 443218.599999999976717, 214451.53 ], [ 443218.099999999976717, 214448.53 ], [ 443214.099999999976717, 214448.03 ], [ 443213.599999999976717, 214449.53 ], [ 443211.099999999976717, 214451.03 ], [ 443211.099999999976717, 214450.03 ], [ 443208.099999999976717, 214448.03 ], [ 443207.099999999976717, 214437.53 ], [ 443206.099999999976717, 214437.53 ], [ 443204.099999999976717, 214434.53 ], [ 443202.599999999976717, 214434.53 ], [ 443202.599999999976717, 214435.53 ], [ 443201.099999999976717, 214436.03 ], [ 443196.599999999976717, 214436.03 ], [ 443195.099999999976717, 214438.53 ], [ 443188.599999999976717, 214441.03 ], [ 443188.599999999976717, 214443.53 ], [ 443191.099999999976717, 214445.53 ], [ 443190.099999999976717, 214448.53 ], [ 443188.599999999976717, 214448.53 ], [ 443187.599999999976717, 214450.03 ], [ 443181.099999999976717, 214450.03 ], [ 443180.099999999976717, 214448.53 ], [ 443178.099999999976717, 214448.53 ], [ 443176.599999999976717, 214451.03 ], [ 443172.099999999976717, 214453.03 ], [ 443169.099999999976717, 214457.03 ], [ 443164.599999999976717, 214457.53 ], [ 443164.099999999976717, 214459.03 ], [ 443161.599999999976717, 214460.53 ], [ 443161.099999999976717, 214463.53 ], [ 443158.099999999976717, 214464.03 ], [ 443158.099999999976717, 214465.03 ], [ 443156.599999999976717, 214465.53 ], [ 443153.599999999976717, 214465.53 ], [ 443153.599999999976717, 214466.53 ], [ 443152.099999999976717, 214467.03 ], [ 443151.599999999976717, 214469.53 ], [ 443149.099999999976717, 214470.03 ], [ 443149.099999999976717, 214471.03 ], [ 443147.599999999976717, 214471.03 ], [ 443147.099999999976717, 214472.53 ], [ 443143.099999999976717, 214473.03 ], [ 443143.099999999976717, 214474.03 ], [ 443141.099999999976717, 214474.03 ], [ 443138.099999999976717, 214476.53 ], [ 443133.599999999976717, 214476.53 ], [ 443133.599999999976717, 214477.53 ], [ 443124.099999999976717, 214477.53 ], [ 443120.599999999976717, 214478.03 ], [ 443120.599999999976717, 214479.03 ], [ 443116.599999999976717, 214479.03 ], [ 443115.099999999976717, 214479.53 ], [ 443115.099999999976717, 214480.53 ], [ 443112.099999999976717, 214480.53 ], [ 443111.599999999976717, 214482.03 ], [ 443110.099999999976717, 214482.53 ], [ 443110.099999999976717, 214485.03 ], [ 443109.099999999976717, 214485.03 ], [ 443108.599999999976717, 214486.53 ], [ 443104.099999999976717, 214486.53 ], [ 443099.599999999976717, 214488.03 ], [ 443099.099999999976717, 214489.53 ], [ 443098.099999999976717, 214489.53 ], [ 443096.099999999976717, 214500.53 ], [ 443095.099999999976717, 214500.53 ], [ 443094.599999999976717, 214502.03 ], [ 443092.099999999976717, 214502.53 ], [ 443090.099999999976717, 214505.53 ], [ 443087.099999999976717, 214506.53 ], [ 443086.599999999976717, 214508.03 ], [ 443084.099999999976717, 214509.03 ], [ 443083.599999999976717, 214510.53 ], [ 443080.599999999976717, 214510.53 ], [ 443080.599999999976717, 214511.53 ], [ 443074.599999999976717, 214513.53 ], [ 443074.599999999976717, 214514.53 ], [ 443073.099999999976717, 214515.03 ], [ 443073.099999999976717, 214516.53 ], [ 443072.099999999976717, 214516.53 ], [ 443071.599999999976717, 214519.03 ], [ 443069.599999999976717, 214519.53 ], [ 443068.599999999976717, 214521.03 ], [ 443067.099999999976717, 214521.03 ], [ 443067.099999999976717, 214522.03 ], [ 443065.099999999976717, 214522.53 ], [ 443065.099999999976717, 214523.53 ], [ 443059.599999999976717, 214525.53 ], [ 443059.099999999976717, 214527.03 ], [ 443056.599999999976717, 214527.53 ], [ 443056.599999999976717, 214528.53 ], [ 443055.099999999976717, 214529.03 ], [ 443054.599999999976717, 214531.53 ], [ 443053.099999999976717, 214532.03 ], [ 443052.599999999976717, 214534.53 ], [ 443051.599999999976717, 214534.53 ], [ 443049.599999999976717, 214537.53 ], [ 443044.099999999976717, 214539.53 ], [ 443044.099999999976717, 214540.53 ], [ 443042.599999999976717, 214541.03 ], [ 443040.599999999976717, 214544.03 ], [ 443038.099999999976717, 214544.03 ], [ 443037.599999999976717, 214545.53 ], [ 443036.599999999976717, 214545.53 ], [ 443035.599999999976717, 214552.03 ], [ 443034.599999999976717, 214552.03 ], [ 443034.599999999976717, 214553.03 ], [ 443033.099999999976717, 214553.53 ], [ 443031.099999999976717, 214556.53 ], [ 443030.099999999976717, 214556.53 ], [ 443030.099999999976717, 214559.03 ], [ 443026.599999999976717, 214561.53 ], [ 443025.099999999976717, 214565.53 ], [ 443024.099999999976717, 214565.53 ], [ 443022.599999999976717, 214576.53 ], [ 443019.599999999976717, 214578.53 ], [ 443019.099999999976717, 214580.03 ], [ 443018.099999999976717, 214580.03 ], [ 443017.099999999976717, 214585.53 ], [ 443016.099999999976717, 214585.53 ], [ 443015.599999999976717, 214587.03 ], [ 443014.599999999976717, 214587.03 ], [ 443014.599999999976717, 214588.53 ], [ 443013.099999999976717, 214589.03 ], [ 443012.599999999976717, 214593.03 ], [ 443011.599999999976717, 214593.03 ], [ 443011.099999999976717, 214602.53 ], [ 443010.099999999976717, 214602.53 ], [ 443010.099999999976717, 214605.53 ], [ 443009.599999999976717, 214607.03 ], [ 443008.599999999976717, 214607.03 ], [ 443008.099999999976717, 214613.53 ], [ 443007.099999999976717, 214613.53 ], [ 443006.599999999976717, 214616.53 ], [ 443005.599999999976717, 214616.53 ], [ 443005.099999999976717, 214638.03 ], [ 443004.099999999976717, 214638.03 ], [ 443004.099999999976717, 214639.53 ], [ 443002.599999999976717, 214640.03 ], [ 443000.099999999976717, 214644.03 ], [ 442998.599999999976717, 214644.53 ], [ 442998.599999999976717, 214647.03 ], [ 442996.099999999976717, 214648.03 ], [ 442996.099999999976717, 214649.03 ], [ 442993.099999999976717, 214651.03 ], [ 442992.599999999976717, 214653.53 ], [ 442991.599999999976717, 214653.53 ], [ 442991.599999999976717, 214655.03 ], [ 442990.099999999976717, 214655.53 ], [ 442990.099999999976717, 214658.03 ], [ 442988.599999999976717, 214658.53 ], [ 442988.099999999976717, 214661.03 ], [ 442987.099999999976717, 214661.03 ], [ 442986.599999999976717, 214670.53 ], [ 442985.599999999976717, 214670.53 ], [ 442985.599999999976717, 214684.53 ], [ 442984.099999999976717, 214685.03 ], [ 442983.099999999976717, 214687.53 ], [ 442980.599999999976717, 214689.03 ], [ 442980.599999999976717, 214690.53 ], [ 442979.099999999976717, 214691.03 ], [ 442979.099999999976717, 214692.03 ], [ 442977.599999999976717, 214692.53 ], [ 442975.599999999976717, 214695.53 ], [ 442974.599999999976717, 214695.53 ], [ 442974.599999999976717, 214717.53 ], [ 442973.099999999976717, 214720.03 ], [ 442974.099999999976717, 214720.03 ], [ 442974.099999999976717, 214722.03 ], [ 442975.599999999976717, 214723.03 ], [ 442975.599999999976717, 214724.53 ], [ 442974.599999999976717, 214724.53 ], [ 442974.599999999976717, 214726.03 ], [ 442973.099999999976717, 214726.53 ], [ 442973.099999999976717, 214727.53 ], [ 442970.099999999976717, 214728.03 ], [ 442969.599999999976717, 214730.53 ], [ 442968.599999999976717, 214730.53 ], [ 442968.099999999976717, 214732.03 ], [ 442968.599999999976717, 214733.53 ], [ 442966.099999999976717, 214734.53 ], [ 442966.099999999976717, 214735.53 ], [ 442962.099999999976717, 214738.53 ], [ 442962.099999999976717, 214759.03 ], [ 442961.599999999976717, 214763.03 ], [ 442960.099999999976717, 214763.53 ], [ 442960.099999999976717, 214772.53 ], [ 442959.099999999976717, 214772.53 ], [ 442958.599999999976717, 214774.53 ], [ 442957.599999999976717, 214774.53 ], [ 442957.599999999976717, 214780.03 ], [ 442958.599999999976717, 214780.03 ], [ 442958.599999999976717, 214781.53 ], [ 442960.099999999976717, 214782.03 ], [ 442961.599999999976717, 214784.53 ], [ 442964.599999999976717, 214785.03 ], [ 442965.099999999976717, 214786.53 ], [ 442966.099999999976717, 214786.53 ], [ 442966.099999999976717, 214789.53 ], [ 442968.599999999976717, 214791.53 ], [ 442968.599999999976717, 214792.53 ], [ 442977.599999999976717, 214793.03 ], [ 442977.599999999976717, 214794.03 ], [ 442980.099999999976717, 214794.53 ], [ 442980.599999999976717, 214799.03 ], [ 442981.599999999976717, 214799.03 ], [ 442982.099999999976717, 214800.53 ], [ 442988.099999999976717, 214800.53 ], [ 442988.099999999976717, 214801.53 ], [ 442989.599999999976717, 214801.53 ], [ 442991.099999999976717, 214803.53 ], [ 442992.599999999976717, 214802.03 ], [ 442998.599999999976717, 214802.03 ], [ 443000.099999999976717, 214804.03 ], [ 442999.099999999976717, 214804.03 ], [ 442997.599999999976717, 214806.53 ], [ 442998.599999999976717, 214806.53 ], [ 443000.599999999976717, 214809.53 ], [ 443002.599999999976717, 214809.53 ], [ 443002.599999999976717, 214808.53 ], [ 443004.099999999976717, 214808.03 ], [ 443007.099999999976717, 214811.53 ], [ 443008.099999999976717, 214811.53 ], [ 443008.099999999976717, 214812.53 ], [ 443005.099999999976717, 214814.53 ], [ 443006.599999999976717, 214817.03 ], [ 443008.099999999976717, 214817.03 ], [ 443008.099999999976717, 214816.03 ], [ 443009.599999999976717, 214815.53 ], [ 443008.099999999976717, 214813.03 ], [ 443009.599999999976717, 214812.53 ], [ 443011.099999999976717, 214810.03 ], [ 443015.599999999976717, 214810.03 ], [ 443015.599999999976717, 214811.03 ], [ 443017.599999999976717, 214811.03 ], [ 443017.599999999976717, 214810.03 ], [ 443021.099999999976717, 214810.03 ], [ 443024.099999999976717, 214814.53 ], [ 443028.099999999976717, 214816.03 ], [ 443028.099999999976717, 214817.03 ], [ 443031.099999999976717, 214819.03 ], [ 443031.099999999976717, 214820.53 ], [ 443030.099999999976717, 214820.53 ], [ 443029.599999999976717, 214822.03 ], [ 443031.599999999976717, 214825.53 ], [ 443034.599999999976717, 214823.53 ], [ 443034.599999999976717, 214821.03 ], [ 443035.599999999976717, 214821.03 ], [ 443036.099999999976717, 214819.53 ], [ 443037.599999999976717, 214819.53 ], [ 443040.599999999976717, 214823.53 ], [ 443045.099999999976717, 214824.03 ], [ 443045.099999999976717, 214825.03 ], [ 443048.099999999976717, 214825.53 ], [ 443048.099999999976717, 214826.53 ], [ 443051.099999999976717, 214827.03 ], [ 443051.099999999976717, 214828.03 ], [ 443057.599999999976717, 214828.53 ], [ 443059.099999999976717, 214828.03 ], [ 443059.099999999976717, 214827.03 ] ], [ [ 443191.099999999976717, 214560.53 ], [ 443191.099999999976717, 214559.53 ], [ 443190.099999999976717, 214559.53 ], [ 443190.099999999976717, 214560.53 ], [ 443184.599999999976717, 214560.53 ], [ 443184.599999999976717, 214559.53 ], [ 443184.099999999976717, 214560.53 ], [ 443181.599999999976717, 214560.53 ], [ 443181.599999999976717, 214559.53 ], [ 443180.099999999976717, 214559.03 ], [ 443179.599999999976717, 214556.53 ], [ 443175.599999999976717, 214556.03 ], [ 443174.099999999976717, 214553.53 ], [ 443170.599999999976717, 214553.03 ], [ 443170.599999999976717, 214552.03 ], [ 443169.099999999976717, 214552.03 ], [ 443167.599999999976717, 214550.03 ], [ 443166.099999999976717, 214550.03 ], [ 443164.599999999976717, 214552.03 ], [ 443160.099999999976717, 214552.03 ], [ 443160.099999999976717, 214553.03 ], [ 443157.099999999976717, 214553.03 ], [ 443156.099999999976717, 214550.53 ], [ 443161.099999999976717, 214545.53 ], [ 443181.099999999976717, 214544.53 ], [ 443181.099999999976717, 214545.53 ], [ 443182.599999999976717, 214546.03 ], [ 443183.099999999976717, 214550.53 ], [ 443184.099999999976717, 214550.53 ], [ 443184.599999999976717, 214552.03 ], [ 443195.099999999976717, 214553.53 ], [ 443197.099999999976717, 214559.03 ], [ 443194.099999999976717, 214561.53 ], [ 443191.099999999976717, 214560.53 ] ] ], [ [ [ 443600.599999999976717, 214551.53 ], [ 443599.599999999976717, 214550.03 ], [ 443598.599999999976717, 214551.53 ], [ 443598.099999999976717, 214550.53 ], [ 443596.599999999976717, 214550.53 ], [ 443597.599999999976717, 214549.03 ], [ 443596.099999999976717, 214548.53 ], [ 443594.599999999976717, 214544.03 ], [ 443592.599999999976717, 214542.53 ], [ 443592.099999999976717, 214543.53 ], [ 443594.099999999976717, 214544.53 ], [ 443593.599999999976717, 214548.03 ], [ 443594.099999999976717, 214549.03 ], [ 443595.599999999976717, 214549.03 ], [ 443595.099999999976717, 214551.03 ], [ 443598.099999999976717, 214553.03 ], [ 443601.099999999976717, 214553.03 ], [ 443600.599999999976717, 214551.53 ] ] ], [ [ [ 443567.099999999976717, 214519.03 ], [ 443564.099999999976717, 214516.53 ], [ 443562.599999999976717, 214516.53 ], [ 443562.599999999976717, 214515.03 ], [ 443560.599999999976717, 214515.53 ], [ 443561.599999999976717, 214520.03 ], [ 443562.599999999976717, 214520.53 ], [ 443562.599999999976717, 214519.53 ], [ 443564.099999999976717, 214519.53 ], [ 443564.099999999976717, 214520.53 ], [ 443566.099999999976717, 214522.03 ], [ 443568.599999999976717, 214522.03 ], [ 443568.599999999976717, 214524.03 ], [ 443569.599999999976717, 214525.03 ], [ 443573.599999999976717, 214524.53 ], [ 443574.599999999976717, 214526.53 ], [ 443577.099999999976717, 214526.53 ], [ 443577.099999999976717, 214525.53 ], [ 443578.599999999976717, 214525.03 ], [ 443571.599999999976717, 214514.53 ], [ 443571.099999999976717, 214517.53 ], [ 443567.099999999976717, 214519.03 ] ], [ [ 443574.099999999976717, 214524.53 ], [ 443574.099999999976717, 214524.03 ], [ 443574.599999999976717, 214524.03 ], [ 443574.599999999976717, 214524.53 ], [ 443574.099999999976717, 214524.53 ] ], [ [ 443573.099999999976717, 214518.03 ], [ 443572.599999999976717, 214518.03 ], [ 443572.599999999976717, 214517.53 ], [ 443573.099999999976717, 214517.53 ], [ 443573.099999999976717, 214518.03 ] ], [ [ 443572.599999999976717, 214518.53 ], [ 443572.099999999976717, 214519.03 ], [ 443571.099999999976717, 214519.03 ], [ 443571.599999999976717, 214518.03 ], [ 443572.599999999976717, 214518.53 ] ], [ [ 443569.099999999976717, 214519.03 ], [ 443569.099999999976717, 214519.53 ], [ 443568.599999999976717, 214519.53 ], [ 443568.599999999976717, 214519.03 ], [ 443569.099999999976717, 214519.03 ] ] ], [ [ [ 443522.099999999976717, 214455.03 ], [ 443522.099999999976717, 214453.53 ], [ 443512.599999999976717, 214445.53 ], [ 443511.099999999976717, 214444.53 ], [ 443510.599999999976717, 214445.53 ], [ 443509.099999999976717, 214445.53 ], [ 443509.599999999976717, 214446.53 ], [ 443511.099999999976717, 214446.03 ], [ 443512.099999999976717, 214447.53 ], [ 443514.599999999976717, 214448.03 ], [ 443512.599999999976717, 214450.03 ], [ 443513.099999999976717, 214451.03 ], [ 443514.599999999976717, 214451.03 ], [ 443515.599999999976717, 214452.53 ], [ 443517.599999999976717, 214451.03 ], [ 443517.599999999976717, 214454.03 ], [ 443519.599999999976717, 214453.53 ], [ 443520.099999999976717, 214455.53 ], [ 443522.099999999976717, 214455.03 ] ], [ [ 443519.599999999976717, 214453.03 ], [ 443518.599999999976717, 214453.03 ], [ 443518.599999999976717, 214452.53 ], [ 443519.599999999976717, 214452.53 ], [ 443519.599999999976717, 214453.03 ] ] ], [ [ [ 443477.099999999976717, 214435.03 ], [ 443478.099999999976717, 214436.03 ], [ 443479.099999999976717, 214435.53 ], [ 443479.099999999976717, 214434.03 ], [ 443480.599999999976717, 214434.03 ], [ 443481.099999999976717, 214435.53 ], [ 443484.099999999976717, 214435.03 ], [ 443484.599999999976717, 214436.53 ], [ 443486.099999999976717, 214437.53 ], [ 443487.599999999976717, 214437.03 ], [ 443488.099999999976717, 214438.03 ], [ 443489.599999999976717, 214438.03 ], [ 443490.099999999976717, 214436.53 ], [ 443491.599999999976717, 214436.53 ], [ 443492.099999999976717, 214435.53 ], [ 443494.099999999976717, 214435.53 ], [ 443494.099999999976717, 214437.03 ], [ 443493.099999999976717, 214437.53 ], [ 443493.599999999976717, 214438.53 ], [ 443492.099999999976717, 214439.03 ], [ 443494.599999999976717, 214439.03 ], [ 443495.099999999976717, 214441.03 ], [ 443498.099999999976717, 214440.03 ], [ 443499.099999999976717, 214440.53 ], [ 443497.599999999976717, 214441.53 ], [ 443498.099999999976717, 214442.53 ], [ 443500.599999999976717, 214442.53 ], [ 443500.599999999976717, 214443.53 ], [ 443501.599999999976717, 214443.03 ], [ 443503.099999999976717, 214444.53 ], [ 443506.599999999976717, 214443.53 ], [ 443508.099999999976717, 214444.53 ], [ 443510.099999999976717, 214444.03 ], [ 443504.599999999976717, 214439.53 ], [ 443498.099999999976717, 214436.03 ], [ 443497.599999999976717, 214435.03 ], [ 443479.599999999976717, 214425.53 ], [ 443476.099999999976717, 214425.53 ], [ 443476.099999999976717, 214427.03 ], [ 443477.099999999976717, 214427.53 ], [ 443472.599999999976717, 214431.53 ], [ 443469.099999999976717, 214431.53 ], [ 443469.099999999976717, 214430.53 ], [ 443466.599999999976717, 214430.03 ], [ 443466.099999999976717, 214428.53 ], [ 443464.599999999976717, 214429.53 ], [ 443466.099999999976717, 214432.03 ], [ 443470.099999999976717, 214432.03 ], [ 443470.099999999976717, 214435.03 ], [ 443472.099999999976717, 214434.03 ], [ 443473.099999999976717, 214435.53 ], [ 443473.599999999976717, 214431.53 ], [ 443476.099999999976717, 214430.03 ], [ 443476.099999999976717, 214435.53 ], [ 443477.099999999976717, 214435.03 ] ], [ [ 443477.099999999976717, 214434.53 ], [ 443477.599999999976717, 214434.53 ], [ 443477.599999999976717, 214435.03 ], [ 443477.099999999976717, 214435.03 ], [ 443477.099999999976717, 214434.53 ] ], [ [ 443498.099999999976717, 214436.03 ], [ 443498.099999999976717, 214437.03 ], [ 443496.599999999976717, 214437.03 ], [ 443496.599999999976717, 214436.53 ], [ 443498.099999999976717, 214436.03 ] ], [ [ 443496.599999999976717, 214436.53 ], [ 443496.099999999976717, 214436.53 ], [ 443496.099999999976717, 214436.03 ], [ 443496.599999999976717, 214436.03 ], [ 443496.599999999976717, 214436.53 ] ], [ [ 443504.599999999976717, 214441.53 ], [ 443503.099999999976717, 214441.03 ], [ 443503.099999999976717, 214440.03 ], [ 443504.599999999976717, 214440.03 ], [ 443504.599999999976717, 214441.53 ] ], [ [ 443496.099999999976717, 214440.03 ], [ 443496.099999999976717, 214439.03 ], [ 443496.599999999976717, 214439.03 ], [ 443496.599999999976717, 214440.03 ], [ 443496.099999999976717, 214440.03 ] ], [ [ 443496.099999999976717, 214437.03 ], [ 443495.599999999976717, 214438.03 ], [ 443494.599999999976717, 214437.53 ], [ 443495.099999999976717, 214436.53 ], [ 443496.099999999976717, 214437.03 ] ], [ [ 443491.599999999976717, 214435.03 ], [ 443491.599999999976717, 214434.53 ], [ 443492.099999999976717, 214434.53 ], [ 443492.099999999976717, 214435.03 ], [ 443491.599999999976717, 214435.03 ] ], [ [ 443487.599999999976717, 214432.53 ], [ 443487.599999999976717, 214432.03 ], [ 443489.099999999976717, 214432.03 ], [ 443489.099999999976717, 214432.53 ], [ 443487.599999999976717, 214432.53 ] ], [ [ 443477.099999999976717, 214432.53 ], [ 443477.099999999976717, 214432.03 ], [ 443477.599999999976717, 214432.03 ], [ 443477.599999999976717, 214432.53 ], [ 443477.099999999976717, 214432.53 ] ] ], [ [ [ 443459.599999999976717, 214423.03 ], [ 443459.099999999976717, 214423.53 ], [ 443458.099999999976717, 214422.03 ], [ 443455.599999999976717, 214423.53 ], [ 443455.099999999976717, 214422.03 ], [ 443454.099999999976717, 214423.03 ], [ 443452.099999999976717, 214422.03 ], [ 443450.599999999976717, 214423.03 ], [ 443450.599999999976717, 214426.53 ], [ 443451.599999999976717, 214427.03 ], [ 443452.099999999976717, 214426.03 ], [ 443453.099999999976717, 214426.53 ], [ 443453.599999999976717, 214425.53 ], [ 443455.599999999976717, 214425.53 ], [ 443457.099999999976717, 214427.03 ], [ 443459.099999999976717, 214426.03 ], [ 443459.099999999976717, 214427.03 ], [ 443461.599999999976717, 214427.03 ], [ 443462.599999999976717, 214428.53 ], [ 443463.599999999976717, 214426.53 ], [ 443462.099999999976717, 214426.03 ], [ 443462.099999999976717, 214423.53 ], [ 443459.599999999976717, 214423.03 ] ], [ [ 443462.099999999976717, 214426.03 ], [ 443462.099999999976717, 214426.53 ], [ 443461.599999999976717, 214426.53 ], [ 443461.599999999976717, 214426.03 ], [ 443462.099999999976717, 214426.03 ] ], [ [ 443451.599999999976717, 214425.53 ], [ 443451.599999999976717, 214424.53 ], [ 443452.099999999976717, 214424.53 ], [ 443452.099999999976717, 214425.53 ], [ 443451.599999999976717, 214425.53 ] ] ], [ [ [ 443397.099999999976717, 214397.03 ], [ 443398.599999999976717, 214396.53 ], [ 443398.599999999976717, 214395.53 ], [ 443397.099999999976717, 214396.03 ], [ 443395.099999999976717, 214395.03 ], [ 443386.599999999976717, 214394.53 ], [ 443385.599999999976717, 214396.53 ], [ 443388.099999999976717, 214396.53 ], [ 443388.599999999976717, 214398.53 ], [ 443386.599999999976717, 214397.53 ], [ 443384.599999999976717, 214398.53 ], [ 443384.099999999976717, 214397.03 ], [ 443382.599999999976717, 214397.03 ], [ 443383.599999999976717, 214394.03 ], [ 443365.099999999976717, 214392.53 ], [ 443362.599999999976717, 214392.53 ], [ 443360.599999999976717, 214394.03 ], [ 443361.599999999976717, 214396.03 ], [ 443365.099999999976717, 214393.53 ], [ 443367.099999999976717, 214394.53 ], [ 443369.099999999976717, 214394.03 ], [ 443370.099999999976717, 214396.03 ], [ 443368.099999999976717, 214396.03 ], [ 443367.099999999976717, 214398.53 ], [ 443371.099999999976717, 214401.03 ], [ 443371.099999999976717, 214403.03 ], [ 443373.099999999976717, 214403.03 ], [ 443374.099999999976717, 214402.03 ], [ 443373.099999999976717, 214401.53 ], [ 443373.599999999976717, 214400.53 ], [ 443374.599999999976717, 214400.53 ], [ 443374.599999999976717, 214402.03 ], [ 443375.599999999976717, 214402.53 ], [ 443375.599999999976717, 214400.53 ], [ 443377.099999999976717, 214400.03 ], [ 443377.599999999976717, 214401.53 ], [ 443378.599999999976717, 214401.03 ], [ 443380.099999999976717, 214403.03 ], [ 443381.599999999976717, 214403.53 ], [ 443382.599999999976717, 214403.03 ], [ 443382.599999999976717, 214401.53 ], [ 443383.599999999976717, 214401.53 ], [ 443384.099999999976717, 214404.53 ], [ 443387.099999999976717, 214402.53 ], [ 443386.099999999976717, 214405.03 ], [ 443386.599999999976717, 214407.03 ], [ 443388.599999999976717, 214406.03 ], [ 443388.599999999976717, 214407.03 ], [ 443391.099999999976717, 214407.03 ], [ 443391.599999999976717, 214408.03 ], [ 443393.099999999976717, 214406.53 ], [ 443393.599999999976717, 214408.03 ], [ 443395.099999999976717, 214407.53 ], [ 443395.099999999976717, 214409.03 ], [ 443398.599999999976717, 214409.03 ], [ 443401.099999999976717, 214407.03 ], [ 443401.099999999976717, 214411.03 ], [ 443402.099999999976717, 214410.03 ], [ 443405.599999999976717, 214411.53 ], [ 443406.599999999976717, 214410.03 ], [ 443408.099999999976717, 214410.53 ], [ 443408.599999999976717, 214410.03 ], [ 443410.599999999976717, 214412.03 ], [ 443411.599999999976717, 214411.53 ], [ 443412.099999999976717, 214413.03 ], [ 443411.099999999976717, 214413.53 ], [ 443412.599999999976717, 214414.53 ], [ 443412.599999999976717, 214412.53 ], [ 443413.599999999976717, 214412.03 ], [ 443412.599999999976717, 214410.53 ], [ 443414.599999999976717, 214410.03 ], [ 443415.099999999976717, 214408.53 ], [ 443416.599999999976717, 214408.53 ], [ 443416.599999999976717, 214410.03 ], [ 443415.099999999976717, 214411.53 ], [ 443417.099999999976717, 214412.03 ], [ 443418.099999999976717, 214410.03 ], [ 443419.099999999976717, 214410.03 ], [ 443419.599999999976717, 214412.53 ], [ 443424.599999999976717, 214412.53 ], [ 443423.599999999976717, 214414.03 ], [ 443424.599999999976717, 214415.03 ], [ 443425.599999999976717, 214414.53 ], [ 443425.099999999976717, 214413.03 ], [ 443426.099999999976717, 214413.03 ], [ 443428.599999999976717, 214415.03 ], [ 443427.099999999976717, 214415.53 ], [ 443427.599999999976717, 214416.53 ], [ 443429.599999999976717, 214415.53 ], [ 443429.099999999976717, 214417.03 ], [ 443430.099999999976717, 214418.53 ], [ 443432.099999999976717, 214417.53 ], [ 443432.099999999976717, 214418.53 ], [ 443434.599999999976717, 214418.53 ], [ 443437.099999999976717, 214421.03 ], [ 443438.099999999976717, 214420.53 ], [ 443438.599999999976717, 214418.03 ], [ 443440.599999999976717, 214420.53 ], [ 443442.599999999976717, 214418.53 ], [ 443444.099999999976717, 214418.53 ], [ 443444.599999999976717, 214420.03 ], [ 443446.099999999976717, 214419.53 ], [ 443445.099999999976717, 214417.03 ], [ 443439.599999999976717, 214417.03 ], [ 443437.099999999976717, 214413.53 ], [ 443433.099999999976717, 214414.53 ], [ 443432.099999999976717, 214412.53 ], [ 443434.599999999976717, 214413.03 ], [ 443435.599999999976717, 214412.03 ], [ 443434.099999999976717, 214409.03 ], [ 443433.599999999976717, 214410.03 ], [ 443432.099999999976717, 214410.03 ], [ 443431.599999999976717, 214411.03 ], [ 443430.099999999976717, 214410.53 ], [ 443429.599999999976717, 214411.53 ], [ 443426.599999999976717, 214411.53 ], [ 443426.599999999976717, 214410.03 ], [ 443424.099999999976717, 214410.03 ], [ 443422.599999999976717, 214407.53 ], [ 443424.099999999976717, 214407.03 ], [ 443424.099999999976717, 214405.03 ], [ 443426.599999999976717, 214403.03 ], [ 443426.599999999976717, 214401.53 ], [ 443419.099999999976717, 214399.03 ], [ 443413.599999999976717, 214397.53 ], [ 443411.099999999976717, 214398.03 ], [ 443409.599999999976717, 214397.03 ], [ 443409.099999999976717, 214398.53 ], [ 443408.099999999976717, 214398.53 ], [ 443408.599999999976717, 214400.53 ], [ 443406.099999999976717, 214400.03 ], [ 443405.599999999976717, 214401.53 ], [ 443402.599999999976717, 214401.53 ], [ 443402.099999999976717, 214400.03 ], [ 443400.099999999976717, 214399.53 ], [ 443400.599999999976717, 214398.03 ], [ 443399.599999999976717, 214397.03 ], [ 443397.099999999976717, 214397.03 ] ], [ [ 443396.599999999976717, 214397.53 ], [ 443396.599999999976717, 214398.03 ], [ 443396.099999999976717, 214398.03 ], [ 443396.099999999976717, 214397.53 ], [ 443396.599999999976717, 214397.53 ] ], [ [ 443396.599999999976717, 214397.53 ], [ 443396.599999999976717, 214397.03 ], [ 443397.099999999976717, 214397.03 ], [ 443397.099999999976717, 214397.53 ], [ 443396.599999999976717, 214397.53 ] ], [ [ 443406.599999999976717, 214410.03 ], [ 443406.099999999976717, 214410.03 ], [ 443406.099999999976717, 214409.53 ], [ 443406.599999999976717, 214409.53 ], [ 443406.599999999976717, 214410.03 ] ], [ [ 443406.099999999976717, 214409.53 ], [ 443405.599999999976717, 214409.53 ], [ 443405.599999999976717, 214409.03 ], [ 443406.099999999976717, 214409.03 ], [ 443406.099999999976717, 214409.53 ] ], [ [ 443432.099999999976717, 214412.53 ], [ 443431.599999999976717, 214412.53 ], [ 443431.599999999976717, 214412.03 ], [ 443432.099999999976717, 214412.03 ], [ 443432.099999999976717, 214412.53 ] ], [ [ 443440.099999999976717, 214418.53 ], [ 443440.599999999976717, 214418.53 ], [ 443440.599999999976717, 214419.03 ], [ 443440.099999999976717, 214419.03 ], [ 443440.099999999976717, 214418.53 ] ], [ [ 443420.599999999976717, 214404.53 ], [ 443422.599999999976717, 214403.53 ], [ 443423.599999999976717, 214405.03 ], [ 443420.099999999976717, 214406.03 ], [ 443420.599999999976717, 214404.53 ] ], [ [ 443419.599999999976717, 214404.53 ], [ 443419.099999999976717, 214404.53 ], [ 443419.099999999976717, 214404.03 ], [ 443419.599999999976717, 214404.03 ], [ 443419.599999999976717, 214404.53 ] ], [ [ 443417.099999999976717, 214406.53 ], [ 443416.599999999976717, 214405.53 ], [ 443418.599999999976717, 214407.03 ], [ 443418.599999999976717, 214408.03 ], [ 443417.599999999976717, 214408.03 ], [ 443417.099999999976717, 214406.53 ] ], [ [ 443413.599999999976717, 214401.53 ], [ 443413.099999999976717, 214401.53 ], [ 443413.099999999976717, 214401.03 ], [ 443413.599999999976717, 214401.03 ], [ 443413.599999999976717, 214401.53 ] ], [ [ 443412.099999999976717, 214398.03 ], [ 443412.099999999976717, 214398.53 ], [ 443411.599999999976717, 214398.53 ], [ 443411.599999999976717, 214398.03 ], [ 443412.099999999976717, 214398.03 ] ], [ [ 443410.599999999976717, 214401.53 ], [ 443410.099999999976717, 214401.53 ], [ 443410.099999999976717, 214401.03 ], [ 443410.599999999976717, 214401.03 ], [ 443410.599999999976717, 214401.53 ] ], [ [ 443407.099999999976717, 214407.53 ], [ 443406.599999999976717, 214407.53 ], [ 443406.599999999976717, 214407.03 ], [ 443407.099999999976717, 214407.03 ], [ 443407.099999999976717, 214407.53 ] ], [ [ 443406.099999999976717, 214403.53 ], [ 443405.599999999976717, 214403.53 ], [ 443405.599999999976717, 214403.03 ], [ 443406.099999999976717, 214403.03 ], [ 443406.099999999976717, 214403.53 ] ], [ [ 443404.099999999976717, 214407.53 ], [ 443404.599999999976717, 214407.03 ], [ 443405.599999999976717, 214407.03 ], [ 443404.599999999976717, 214408.53 ], [ 443404.099999999976717, 214407.53 ] ], [ [ 443403.599999999976717, 214409.03 ], [ 443403.099999999976717, 214409.03 ], [ 443402.599999999976717, 214409.53 ], [ 443402.599999999976717, 214408.53 ], [ 443404.099999999976717, 214408.53 ], [ 443404.099999999976717, 214409.53 ], [ 443403.599999999976717, 214409.03 ] ], [ [ 443399.099999999976717, 214404.53 ], [ 443399.099999999976717, 214404.03 ], [ 443399.599999999976717, 214404.03 ], [ 443399.599999999976717, 214404.53 ], [ 443399.099999999976717, 214404.53 ] ], [ [ 443399.599999999976717, 214404.53 ], [ 443401.599999999976717, 214405.03 ], [ 443401.599999999976717, 214405.53 ], [ 443399.599999999976717, 214405.53 ], [ 443399.599999999976717, 214404.53 ] ], [ [ 443399.099999999976717, 214408.03 ], [ 443399.099999999976717, 214407.53 ], [ 443399.599999999976717, 214407.53 ], [ 443399.599999999976717, 214408.03 ], [ 443399.099999999976717, 214408.03 ] ], [ [ 443394.099999999976717, 214399.03 ], [ 443393.599999999976717, 214399.03 ], [ 443393.599999999976717, 214398.53 ], [ 443394.099999999976717, 214398.53 ], [ 443394.099999999976717, 214399.03 ] ], [ [ 443392.599999999976717, 214396.03 ], [ 443392.099999999976717, 214396.03 ], [ 443392.099999999976717, 214395.53 ], [ 443392.599999999976717, 214395.53 ], [ 443392.599999999976717, 214396.03 ] ], [ [ 443391.099999999976717, 214398.03 ], [ 443391.599999999976717, 214398.03 ], [ 443391.599999999976717, 214398.53 ], [ 443390.599999999976717, 214398.53 ], [ 443390.599999999976717, 214397.53 ], [ 443391.099999999976717, 214398.03 ] ], [ [ 443387.599999999976717, 214406.03 ], [ 443387.599999999976717, 214405.53 ], [ 443388.099999999976717, 214405.53 ], [ 443388.099999999976717, 214406.03 ], [ 443387.599999999976717, 214406.03 ] ], [ [ 443383.099999999976717, 214400.53 ], [ 443382.599999999976717, 214400.53 ], [ 443382.599999999976717, 214400.03 ], [ 443383.099999999976717, 214400.03 ], [ 443383.099999999976717, 214400.53 ] ], [ [ 443381.599999999976717, 214402.03 ], [ 443381.099999999976717, 214402.03 ], [ 443381.099999999976717, 214401.53 ], [ 443381.599999999976717, 214401.53 ], [ 443381.599999999976717, 214402.03 ] ], [ [ 443380.099999999976717, 214401.53 ], [ 443380.599999999976717, 214401.53 ], [ 443380.599999999976717, 214402.53 ], [ 443380.099999999976717, 214402.53 ], [ 443380.099999999976717, 214401.53 ] ], [ [ 443371.099999999976717, 214397.03 ], [ 443372.599999999976717, 214397.03 ], [ 443372.599999999976717, 214398.53 ], [ 443371.599999999976717, 214398.53 ], [ 443371.099999999976717, 214397.03 ] ] ], [ [ [ 443347.099999999976717, 214382.53 ], [ 443349.599999999976717, 214384.03 ], [ 443350.099999999976717, 214386.03 ], [ 443351.599999999976717, 214386.03 ], [ 443351.599999999976717, 214380.03 ], [ 443345.099999999976717, 214380.03 ], [ 443347.099999999976717, 214381.53 ], [ 443347.099999999976717, 214382.53 ] ], [ [ 443349.599999999976717, 214383.03 ], [ 443349.099999999976717, 214383.03 ], [ 443349.099999999976717, 214382.53 ], [ 443349.599999999976717, 214382.53 ], [ 443349.599999999976717, 214383.03 ] ], [ [ 443346.599999999976717, 214380.53 ], [ 443347.099999999976717, 214380.53 ], [ 443347.099999999976717, 214381.03 ], [ 443346.599999999976717, 214381.03 ], [ 443346.599999999976717, 214380.53 ] ] ], [ [ [ 443340.599999999976717, 214448.53 ], [ 443339.099999999976717, 214446.03 ], [ 443338.599999999976717, 214447.03 ], [ 443334.099999999976717, 214445.53 ], [ 443330.099999999976717, 214446.03 ], [ 443331.099999999976717, 214447.53 ], [ 443332.599999999976717, 214447.03 ], [ 443333.099999999976717, 214448.53 ], [ 443337.099999999976717, 214447.03 ], [ 443338.099999999976717, 214447.53 ], [ 443339.099999999976717, 214450.53 ], [ 443340.599999999976717, 214450.03 ], [ 443340.599999999976717, 214448.53 ] ] ], [ [ [ 442979.599999999976717, 214684.53 ], [ 442980.099999999976717, 214685.03 ], [ 442980.599999999976717, 214683.53 ], [ 442978.599999999976717, 214683.53 ], [ 442980.099999999976717, 214682.03 ], [ 442978.599999999976717, 214681.03 ], [ 442979.099999999976717, 214678.53 ], [ 442977.599999999976717, 214676.53 ], [ 442976.599999999976717, 214676.53 ], [ 442975.099999999976717, 214681.03 ], [ 442977.099999999976717, 214682.03 ], [ 442977.599999999976717, 214685.03 ], [ 442979.599999999976717, 214684.53 ] ] ], [ [ [ 442962.599999999976717, 214728.53 ], [ 442964.599999999976717, 214727.53 ], [ 442964.599999999976717, 214725.53 ], [ 442959.599999999976717, 214725.03 ], [ 442960.099999999976717, 214730.03 ], [ 442963.099999999976717, 214730.53 ], [ 442962.599999999976717, 214728.53 ] ], [ [ 442960.599999999976717, 214727.53 ], [ 442960.599999999976717, 214727.03 ], [ 442961.099999999976717, 214727.03 ], [ 442961.099999999976717, 214727.53 ], [ 442960.599999999976717, 214727.53 ] ] ], [ [ [ 442953.099999999976717, 214776.03 ], [ 442955.099999999976717, 214774.53 ], [ 442954.599999999976717, 214773.03 ], [ 442953.599999999976717, 214773.03 ], [ 442955.099999999976717, 214771.53 ], [ 442954.599999999976717, 214770.03 ], [ 442955.599999999976717, 214771.03 ], [ 442956.599999999976717, 214770.53 ], [ 442956.099999999976717, 214768.53 ], [ 442954.599999999976717, 214768.53 ], [ 442955.099999999976717, 214767.03 ], [ 442953.599999999976717, 214764.03 ], [ 442954.099999999976717, 214763.03 ], [ 442953.099999999976717, 214762.03 ], [ 442951.099999999976717, 214763.53 ], [ 442950.099999999976717, 214762.53 ], [ 442949.099999999976717, 214763.03 ], [ 442948.599999999976717, 214762.03 ], [ 442947.099999999976717, 214763.53 ], [ 442945.099999999976717, 214763.03 ], [ 442945.099999999976717, 214764.53 ], [ 442943.099999999976717, 214765.03 ], [ 442943.099999999976717, 214768.53 ], [ 442945.099999999976717, 214770.03 ], [ 442945.099999999976717, 214771.03 ], [ 442942.599999999976717, 214771.53 ], [ 442942.099999999976717, 214772.53 ], [ 442940.099999999976717, 214772.03 ], [ 442938.599999999976717, 214776.03 ], [ 442940.099999999976717, 214777.03 ], [ 442940.599999999976717, 214774.53 ], [ 442941.599999999976717, 214774.03 ], [ 442943.099999999976717, 214774.03 ], [ 442942.599999999976717, 214775.53 ], [ 442941.099999999976717, 214775.53 ], [ 442941.599999999976717, 214777.03 ], [ 442943.599999999976717, 214777.03 ], [ 442946.599999999976717, 214774.03 ], [ 442948.599999999976717, 214774.53 ], [ 442949.599999999976717, 214776.53 ], [ 442951.599999999976717, 214776.03 ], [ 442951.099999999976717, 214777.53 ], [ 442952.599999999976717, 214777.53 ], [ 442953.099999999976717, 214776.03 ] ], [ [ 442952.099999999976717, 214774.03 ], [ 442951.599999999976717, 214774.03 ], [ 442951.599999999976717, 214773.03 ], [ 442953.099999999976717, 214774.53 ], [ 442952.099999999976717, 214774.03 ] ], [ [ 442952.099999999976717, 214772.03 ], [ 442951.599999999976717, 214771.03 ], [ 442952.599999999976717, 214771.03 ], [ 442953.099999999976717, 214773.03 ], [ 442952.099999999976717, 214773.03 ], [ 442952.099999999976717, 214772.03 ] ], [ [ 442952.099999999976717, 214774.53 ], [ 442952.099999999976717, 214775.03 ], [ 442951.599999999976717, 214775.03 ], [ 442951.599999999976717, 214774.53 ], [ 442952.099999999976717, 214774.53 ] ], [ [ 442951.099999999976717, 214768.53 ], [ 442951.099999999976717, 214768.03 ], [ 442951.599999999976717, 214768.03 ], [ 442951.599999999976717, 214768.53 ], [ 442951.099999999976717, 214768.53 ] ], [ [ 442948.599999999976717, 214767.53 ], [ 442948.099999999976717, 214769.03 ], [ 442946.599999999976717, 214768.53 ], [ 442946.599999999976717, 214767.53 ], [ 442948.599999999976717, 214767.53 ] ] ] ] } },
{ "type": "Feature", "properties": { "mainhabs": "Coastal and floodplain grazing marsh", "habcodes": "CFPGM", "featdesc": null, "featcodes": null, "otherclass": null, "addhabs": null, "primsource": "Oxfordshire Expert Knowledge Capture 2009 (CFPGM)", "areaha": "0.64", "version": "Sep_25", "uid": "PHID44352147_021460851", "shape_length": null, "shape_area": null, "site": "blenheim", "pid": 1, "method": "sam2iter" }, "geometry": { "type": "MultiPolygon", "coordinates": [ [ [ [ 443571.099999999976717, 214686.03 ], [ 443571.099999999976717, 214684.53 ], [ 443573.599999999976717, 214683.03 ], [ 443574.099999999976717, 214681.53 ], [ 443570.099999999976717, 214679.53 ], [ 443569.099999999976717, 214680.53 ], [ 443569.099999999976717, 214686.03 ], [ 443571.099999999976717, 214686.03 ] ] ], [ [ [ 443568.099999999976717, 214676.53 ], [ 443568.099999999976717, 214674.03 ], [ 443570.099999999976717, 214671.53 ], [ 443571.099999999976717, 214667.53 ], [ 443568.599999999976717, 214665.53 ], [ 443568.599999999976717, 214662.53 ], [ 443566.599999999976717, 214659.53 ], [ 443565.599999999976717, 214652.53 ], [ 443561.599999999976717, 214650.53 ], [ 443559.599999999976717, 214646.03 ], [ 443557.099999999976717, 214643.53 ], [ 443557.099999999976717, 214642.03 ], [ 443555.599999999976717, 214641.03 ], [ 443555.599999999976717, 214639.53 ], [ 443554.099999999976717, 214638.53 ], [ 443554.099999999976717, 214637.03 ], [ 443551.099999999976717, 214632.53 ], [ 443550.099999999976717, 214632.53 ], [ 443550.099999999976717, 214631.03 ], [ 443549.099999999976717, 214631.03 ], [ 443545.599999999976717, 214626.53 ], [ 443544.599999999976717, 214624.03 ], [ 443527.099999999976717, 214609.03 ], [ 443528.599999999976717, 214608.03 ], [ 443528.099999999976717, 214607.03 ], [ 443522.599999999976717, 214604.53 ], [ 443522.599999999976717, 214603.03 ], [ 443521.599999999976717, 214603.03 ], [ 443520.599999999976717, 214600.53 ], [ 443521.099999999976717, 214598.53 ], [ 443520.099999999976717, 214598.53 ], [ 443520.099999999976717, 214597.53 ], [ 443516.099999999976717, 214597.03 ], [ 443516.099999999976717, 214594.53 ], [ 443513.599999999976717, 214593.53 ], [ 443512.599999999976717, 214590.03 ], [ 443510.099999999976717, 214590.53 ], [ 443508.099999999976717, 214589.53 ], [ 443507.599999999976717, 214590.53 ], [ 443505.099999999976717, 214590.53 ], [ 443501.599999999976717, 214587.03 ], [ 443500.599999999976717, 214587.03 ], [ 443500.599999999976717, 214586.03 ], [ 443497.599999999976717, 214584.53 ], [ 443497.599999999976717, 214581.03 ], [ 443496.599999999976717, 214580.53 ], [ 443497.599999999976717, 214580.03 ], [ 443497.599999999976717, 214578.53 ], [ 443495.099999999976717, 214578.03 ], [ 443493.599999999976717, 214576.03 ], [ 443490.599999999976717, 214576.03 ], [ 443489.599999999976717, 214574.53 ], [ 443487.099999999976717, 214574.53 ], [ 443486.099999999976717, 214573.53 ], [ 443487.099999999976717, 214572.03 ], [ 443484.599999999976717, 214570.03 ], [ 443482.599999999976717, 214570.03 ], [ 443481.599999999976717, 214571.03 ], [ 443470.599999999976717, 214563.03 ], [ 443470.599999999976717, 214560.53 ], [ 443468.599999999976717, 214559.03 ], [ 443466.599999999976717, 214560.03 ], [ 443465.099999999976717, 214556.53 ], [ 443463.099999999976717, 214557.03 ], [ 443460.599999999976717, 214555.53 ], [ 443460.599999999976717, 214554.53 ], [ 443459.099999999976717, 214554.53 ], [ 443458.599999999976717, 214553.03 ], [ 443452.099999999976717, 214549.03 ], [ 443451.099999999976717, 214543.53 ], [ 443448.599999999976717, 214542.03 ], [ 443446.599999999976717, 214542.03 ], [ 443446.099999999976717, 214541.03 ], [ 443442.599999999976717, 214541.03 ], [ 443441.599999999976717, 214542.03 ], [ 443435.099999999976717, 214538.03 ], [ 443423.599999999976717, 214535.03 ], [ 443415.099999999976717, 214535.03 ], [ 443403.599999999976717, 214538.53 ], [ 443405.599999999976717, 214539.53 ], [ 443408.099999999976717, 214538.03 ], [ 443411.099999999976717, 214538.03 ], [ 443414.099999999976717, 214539.03 ], [ 443414.099999999976717, 214540.53 ], [ 443412.599999999976717, 214540.53 ], [ 443412.599999999976717, 214541.53 ], [ 443407.599999999976717, 214540.53 ], [ 443406.599999999976717, 214542.03 ], [ 443408.099999999976717, 214543.53 ], [ 443404.599999999976717, 214544.03 ], [ 443403.099999999976717, 214545.53 ], [ 443403.099999999976717, 214547.53 ], [ 443401.099999999976717, 214548.03 ], [ 443400.099999999976717, 214549.53 ], [ 443400.099999999976717, 214552.03 ], [ 443401.099999999976717, 214552.53 ], [ 443404.099999999976717, 214550.53 ], [ 443408.099999999976717, 214544.53 ], [ 443410.599999999976717, 214544.53 ], [ 443414.099999999976717, 214541.53 ], [ 443418.599999999976717, 214542.03 ], [ 443420.099999999976717, 214543.53 ], [ 443423.599999999976717, 214544.53 ], [ 443427.599999999976717, 214544.53 ], [ 443428.099999999976717, 214546.03 ], [ 443431.099999999976717, 214545.53 ], [ 443432.099999999976717, 214546.53 ], [ 443434.599999999976717, 214546.53 ], [ 443437.099999999976717, 214549.03 ], [ 443439.599999999976717, 214549.03 ], [ 443440.099999999976717, 214550.53 ], [ 443442.099999999976717, 214550.03 ], [ 443443.599999999976717, 214552.03 ], [ 443448.099999999976717, 214553.53 ], [ 443448.099999999976717, 214554.53 ], [ 443450.599999999976717, 214554.53 ], [ 443451.599999999976717, 214556.03 ], [ 443454.599999999976717, 214556.03 ], [ 443455.099999999976717, 214557.53 ], [ 443457.599999999976717, 214558.53 ], [ 443459.599999999976717, 214561.53 ], [ 443461.599999999976717, 214562.03 ], [ 443463.599999999976717, 214563.53 ], [ 443463.599999999976717, 214564.53 ], [ 443465.599999999976717, 214564.53 ], [ 443467.599999999976717, 214568.03 ], [ 443473.599999999976717, 214570.53 ], [ 443473.599999999976717, 214571.53 ], [ 443477.599999999976717, 214573.03 ], [ 443478.099999999976717, 214574.53 ], [ 443482.099999999976717, 214576.03 ], [ 443482.099999999976717, 214577.03 ], [ 443484.099999999976717, 214578.53 ], [ 443485.599999999976717, 214578.53 ], [ 443487.599999999976717, 214581.53 ], [ 443489.099999999976717, 214581.53 ], [ 443489.099999999976717, 214582.53 ], [ 443490.599999999976717, 214583.03 ], [ 443490.599999999976717, 214584.03 ], [ 443498.599999999976717, 214591.03 ], [ 443499.099999999976717, 214593.03 ], [ 443500.599999999976717, 214593.03 ], [ 443500.599999999976717, 214594.03 ], [ 443502.099999999976717, 214594.53 ], [ 443517.599999999976717, 214610.03 ], [ 443517.599999999976717, 214611.03 ], [ 443520.099999999976717, 214612.53 ], [ 443520.099999999976717, 214613.53 ], [ 443521.599999999976717, 214614.03 ], [ 443526.599999999976717, 214619.03 ], [ 443526.599999999976717, 214620.03 ], [ 443530.099999999976717, 214622.53 ], [ 443530.599999999976717, 214624.03 ], [ 443531.599999999976717, 214624.03 ], [ 443532.099999999976717, 214625.53 ], [ 443533.099999999976717, 214625.53 ], [ 443535.599999999976717, 214629.53 ], [ 443537.599999999976717, 214630.03 ], [ 443546.099999999976717, 214639.53 ], [ 443547.099999999976717, 214639.53 ], [ 443551.099999999976717, 214644.03 ], [ 443552.599999999976717, 214644.03 ], [ 443553.099999999976717, 214645.53 ], [ 443556.099999999976717, 214647.53 ], [ 443558.599999999976717, 214653.03 ], [ 443561.599999999976717, 214656.53 ], [ 443562.599999999976717, 214659.53 ], [ 443562.599999999976717, 214665.03 ], [ 443564.099999999976717, 214665.53 ], [ 443565.599999999976717, 214671.03 ], [ 443566.599999999976717, 214671.53 ], [ 443567.099999999976717, 214677.53 ], [ 443568.099999999976717, 214676.53 ] ] ], [ [ [ 443377.599999999976717, 214547.03 ], [ 443378.099999999976717, 214546.53 ], [ 443376.599999999976717, 214545.03 ], [ 443379.099999999976717, 214544.03 ], [ 443378.599999999976717, 214542.53 ], [ 443377.099999999976717, 214542.53 ], [ 443375.599999999976717, 214541.03 ], [ 443370.099999999976717, 214542.03 ], [ 443368.599999999976717, 214540.03 ], [ 443367.099999999976717, 214540.03 ], [ 443366.599999999976717, 214539.03 ], [ 443365.099999999976717, 214539.53 ], [ 443364.099999999976717, 214544.53 ], [ 443365.599999999976717, 214545.53 ], [ 443370.599999999976717, 214546.53 ], [ 443371.599999999976717, 214547.53 ], [ 443377.599999999976717, 214547.03 ] ] ], [ [ [ 443319.099999999976717, 214550.53 ], [ 443320.599999999976717, 214550.53 ], [ 443323.099999999976717, 214547.53 ], [ 443321.599999999976717, 214546.53 ], [ 443320.099999999976717, 214547.03 ], [ 443319.099999999976717, 214545.53 ], [ 443317.599999999976717, 214546.03 ], [ 443316.099999999976717, 214542.03 ], [ 443315.099999999976717, 214541.53 ], [ 443315.099999999976717, 214540.53 ], [ 443316.099999999976717, 214540.53 ], [ 443315.099999999976717, 214539.03 ], [ 443312.099999999976717, 214541.53 ], [ 443310.599999999976717, 214540.53 ], [ 443309.599999999976717, 214542.03 ], [ 443310.599999999976717, 214546.03 ], [ 443312.099999999976717, 214545.03 ], [ 443313.599999999976717, 214547.53 ], [ 443317.099999999976717, 214547.53 ], [ 443317.599999999976717, 214549.03 ], [ 443316.599999999976717, 214549.03 ], [ 443316.599999999976717, 214550.53 ], [ 443319.099999999976717, 214550.53 ] ] ], [ [ [ 443230.099999999976717, 214609.03 ], [ 443241.099999999976717, 214603.03 ], [ 443245.099999999976717, 214596.03 ], [ 443250.599999999976717, 214589.53 ], [ 443252.099999999976717, 214586.03 ], [ 443254.599999999976717, 214585.53 ], [ 443256.599999999976717, 214587.03 ], [ 443259.599999999976717, 214587.03 ], [ 443262.099999999976717, 214583.03 ], [ 443263.099999999976717, 214583.03 ], [ 443263.599999999976717, 214581.53 ], [ 443264.599999999976717, 214581.53 ], [ 443265.099999999976717, 214580.03 ], [ 443269.099999999976717, 214577.03 ], [ 443269.099999999976717, 214576.03 ], [ 443272.099999999976717, 214574.53 ], [ 443272.099999999976717, 214573.53 ], [ 443276.599999999976717, 214571.03 ], [ 443276.599999999976717, 214570.03 ], [ 443286.099999999976717, 214566.03 ], [ 443287.599999999976717, 214564.53 ], [ 443289.599999999976717, 214564.53 ], [ 443290.599999999976717, 214563.03 ], [ 443292.599999999976717, 214563.03 ], [ 443297.599999999976717, 214560.53 ], [ 443297.099999999976717, 214559.03 ], [ 443290.599999999976717, 214558.53 ], [ 443291.099999999976717, 214557.03 ], [ 443293.599999999976717, 214556.03 ], [ 443294.599999999976717, 214553.03 ], [ 443275.099999999976717, 214559.53 ], [ 443274.599999999976717, 214560.53 ], [ 443270.599999999976717, 214561.53 ], [ 443270.099999999976717, 214562.53 ], [ 443265.599999999976717, 214564.53 ], [ 443264.599999999976717, 214566.03 ], [ 443262.099999999976717, 214566.03 ], [ 443262.099999999976717, 214567.03 ], [ 443259.599999999976717, 214567.53 ], [ 443259.599999999976717, 214568.53 ], [ 443251.599999999976717, 214576.03 ], [ 443251.099999999976717, 214578.03 ], [ 443247.099999999976717, 214582.03 ], [ 443246.599999999976717, 214584.53 ], [ 443238.099999999976717, 214595.53 ], [ 443238.099999999976717, 214597.03 ], [ 443237.099999999976717, 214597.03 ], [ 443236.599999999976717, 214599.03 ], [ 443234.099999999976717, 214601.53 ], [ 443234.099999999976717, 214603.03 ], [ 443233.099999999976717, 214603.03 ], [ 443232.099999999976717, 214605.53 ], [ 443231.099999999976717, 214605.53 ], [ 443229.599999999976717, 214609.53 ], [ 443230.099999999976717, 214609.03 ] ], [ [ 443282.099999999976717, 214561.53 ], [ 443285.599999999976717, 214559.03 ], [ 443288.599999999976717, 214559.03 ], [ 443285.099999999976717, 214562.03 ], [ 443282.099999999976717, 214561.53 ] ] ] ] } },
{ "type": "Feature", "properties": { "mainhabs": "Coastal and floodplain grazing marsh", "habcodes": "CFPGM", "featdesc": null, "featcodes": null, "otherclass": null, "addhabs": null, "primsource": "Oxfordshire Expert Knowledge Capture 2009 (CFPGM)", "areaha": "14.32", "version": "Sep_25", "uid": "PHID44385101_021479840", "shape_length": null, "shape_area": null, "site": "blenheim", "pid": 2, "method": "sam2iter" }, "geometry": { "type": "MultiPolygon", "coordinates": [ [ [ [ 444104.599999999976717, 214737.53 ], [ 444105.099999999976717, 214736.53 ], [ 444110.099999999976717, 214729.03 ], [ 444110.099999999976717, 214727.53 ], [ 444111.599999999976717, 214726.53 ], [ 444114.599999999976717, 214719.03 ], [ 444115.599999999976717, 214718.53 ], [ 444117.099999999976717, 214715.03 ], [ 444117.099999999976717, 214712.53 ], [ 444118.599999999976717, 214710.53 ], [ 444119.099999999976717, 214706.53 ], [ 444120.099999999976717, 214706.03 ], [ 444121.599999999976717, 214700.53 ], [ 444123.599999999976717, 214699.03 ], [ 444124.099999999976717, 214696.03 ], [ 444125.599999999976717, 214694.53 ], [ 444125.599999999976717, 214692.03 ], [ 444127.099999999976717, 214690.53 ], [ 444128.599999999976717, 214682.53 ], [ 444132.599999999976717, 214677.53 ], [ 444132.599999999976717, 214675.53 ], [ 444135.599999999976717, 214668.53 ], [ 444136.599999999976717, 214651.53 ], [ 444134.599999999976717, 214660.53 ], [ 444134.099999999976717, 214668.53 ], [ 444132.599999999976717, 214670.53 ], [ 444132.099999999976717, 214673.53 ], [ 444131.099999999976717, 214674.03 ], [ 444128.599999999976717, 214682.03 ], [ 444127.099999999976717, 214683.53 ], [ 444125.599999999976717, 214690.03 ], [ 444123.599999999976717, 214694.53 ], [ 444122.599999999976717, 214695.03 ], [ 444122.599999999976717, 214697.03 ], [ 444120.099999999976717, 214701.03 ], [ 444120.099999999976717, 214703.03 ], [ 444118.599999999976717, 214704.53 ], [ 444118.599999999976717, 214706.53 ], [ 444117.599999999976717, 214707.03 ], [ 444115.599999999976717, 214711.53 ], [ 444113.099999999976717, 214721.03 ], [ 444111.599999999976717, 214722.03 ], [ 444109.599999999976717, 214727.53 ], [ 444108.599999999976717, 214727.53 ], [ 444111.599999999976717, 214720.53 ], [ 444111.599999999976717, 214718.03 ], [ 444114.099999999976717, 214713.53 ], [ 444114.099999999976717, 214711.53 ], [ 444115.599999999976717, 214709.53 ], [ 444115.599999999976717, 214707.53 ], [ 444117.099999999976717, 214706.03 ], [ 444117.099999999976717, 214704.03 ], [ 444118.099999999976717, 214703.53 ], [ 444118.599999999976717, 214700.53 ], [ 444120.099999999976717, 214699.03 ], [ 444122.599999999976717, 214690.53 ], [ 444124.099999999976717, 214689.03 ], [ 444124.099999999976717, 214687.03 ], [ 444125.599999999976717, 214685.53 ], [ 444125.599999999976717, 214683.53 ], [ 444127.099999999976717, 214682.03 ], [ 444128.599999999976717, 214676.53 ], [ 444130.099999999976717, 214675.03 ], [ 444131.099999999976717, 214670.03 ], [ 444132.099999999976717, 214669.53 ], [ 444134.099999999976717, 214662.53 ], [ 444135.099999999976717, 214649.53 ], [ 444132.599999999976717, 214643.03 ], [ 444131.099999999976717, 214641.03 ], [ 444130.099999999976717, 214641.03 ], [ 444128.599999999976717, 214638.03 ], [ 444125.599999999976717, 214636.53 ], [ 444124.099999999976717, 214637.03 ], [ 444124.099999999976717, 214636.03 ], [ 444122.599999999976717, 214635.53 ], [ 444122.599999999976717, 214634.03 ], [ 444118.599999999976717, 214631.03 ], [ 444117.099999999976717, 214627.03 ], [ 444114.599999999976717, 214627.03 ], [ 444114.099999999976717, 214625.53 ], [ 444113.099999999976717, 214625.53 ], [ 444112.599999999976717, 214621.53 ], [ 444108.099999999976717, 214620.03 ], [ 444108.099999999976717, 214618.03 ], [ 444105.599999999976717, 214616.53 ], [ 444103.099999999976717, 214608.53 ], [ 444101.599999999976717, 214608.53 ], [ 444098.599999999976717, 214604.53 ], [ 444096.099999999976717, 214604.03 ], [ 444092.599999999976717, 214600.53 ], [ 444089.599999999976717, 214600.03 ], [ 444087.599999999976717, 214597.03 ], [ 444086.099999999976717, 214597.03 ], [ 444085.099999999976717, 214595.53 ], [ 444083.099999999976717, 214595.03 ], [ 444083.099999999976717, 214591.53 ], [ 444082.099999999976717, 214591.03 ], [ 444080.099999999976717, 214586.53 ], [ 444077.599999999976717, 214577.03 ], [ 444074.099999999976717, 214569.03 ], [ 444073.599999999976717, 214564.53 ], [ 444074.599999999976717, 214554.53 ], [ 444076.599999999976717, 214552.03 ], [ 444077.599999999976717, 214552.03 ], [ 444077.599999999976717, 214551.03 ], [ 444080.099999999976717, 214550.03 ], [ 444080.099999999976717, 214548.03 ], [ 444081.599999999976717, 214547.53 ], [ 444081.599999999976717, 214546.03 ], [ 444082.599999999976717, 214546.03 ], [ 444084.599999999976717, 214542.03 ], [ 444086.099999999976717, 214541.53 ], [ 444087.099999999976717, 214535.53 ], [ 444091.599999999976717, 214528.53 ], [ 444093.099999999976717, 214522.53 ], [ 444096.099999999976717, 214517.03 ], [ 444096.099999999976717, 214514.53 ], [ 444098.599999999976717, 214509.03 ], [ 444098.599999999976717, 214505.03 ], [ 444100.599999999976717, 214501.53 ], [ 444101.099999999976717, 214493.03 ], [ 444103.599999999976717, 214491.03 ], [ 444105.599999999976717, 214483.53 ], [ 444105.599999999976717, 214480.03 ], [ 444107.099999999976717, 214477.03 ], [ 444107.099999999976717, 214432.53 ], [ 444104.099999999976717, 214424.53 ], [ 444105.599999999976717, 214420.53 ], [ 444104.599999999976717, 214417.53 ], [ 444103.099999999976717, 214416.53 ], [ 444103.099999999976717, 214408.53 ], [ 444101.599999999976717, 214405.03 ], [ 444098.599999999976717, 214403.03 ], [ 444098.599999999976717, 214396.53 ], [ 444097.099999999976717, 214393.03 ], [ 444097.099999999976717, 214388.53 ], [ 444094.599999999976717, 214386.03 ], [ 444091.599999999976717, 214378.03 ], [ 444090.099999999976717, 214377.53 ], [ 444087.099999999976717, 214369.03 ], [ 444084.599999999976717, 214367.03 ], [ 444084.599999999976717, 214365.53 ], [ 444083.099999999976717, 214364.03 ], [ 444079.099999999976717, 214362.03 ], [ 444078.599999999976717, 214359.53 ], [ 444074.599999999976717, 214356.03 ], [ 444074.599999999976717, 214354.53 ], [ 444071.099999999976717, 214353.53 ], [ 444070.599999999976717, 214352.03 ], [ 444069.599999999976717, 214352.03 ], [ 444068.599999999976717, 214346.03 ], [ 444066.099999999976717, 214343.03 ], [ 444064.599999999976717, 214337.53 ], [ 444063.599999999976717, 214335.53 ], [ 444060.599999999976717, 214333.53 ], [ 444059.099999999976717, 214330.53 ], [ 444056.099999999976717, 214329.53 ], [ 444053.099999999976717, 214330.53 ], [ 444047.599999999976717, 214328.53 ], [ 444041.599999999976717, 214329.03 ], [ 444040.599999999976717, 214328.03 ], [ 444032.099999999976717, 214328.03 ], [ 444030.099999999976717, 214326.03 ], [ 444026.599999999976717, 214325.53 ], [ 444001.099999999976717, 214323.53 ], [ 443978.099999999976717, 214323.53 ], [ 443972.599999999976717, 214325.03 ], [ 443965.599999999976717, 214325.03 ], [ 443961.099999999976717, 214326.53 ], [ 443955.599999999976717, 214326.53 ], [ 443951.099999999976717, 214328.03 ], [ 443940.599999999976717, 214328.03 ], [ 443937.099999999976717, 214330.53 ], [ 443931.099999999976717, 214330.53 ], [ 443924.599999999976717, 214333.03 ], [ 443921.599999999976717, 214332.53 ], [ 443920.099999999976717, 214333.53 ], [ 443917.099999999976717, 214333.53 ], [ 443910.599999999976717, 214336.53 ], [ 443903.099999999976717, 214338.03 ], [ 443900.099999999976717, 214340.53 ], [ 443897.099999999976717, 214340.53 ], [ 443895.599999999976717, 214342.03 ], [ 443888.599999999976717, 214343.53 ], [ 443887.099999999976717, 214345.03 ], [ 443881.099999999976717, 214346.03 ], [ 443877.099999999976717, 214349.03 ], [ 443874.599999999976717, 214349.03 ], [ 443874.099999999976717, 214350.03 ], [ 443867.599999999976717, 214353.03 ], [ 443858.599999999976717, 214354.53 ], [ 443857.599999999976717, 214356.03 ], [ 443849.099999999976717, 214359.03 ], [ 443848.599999999976717, 214360.53 ], [ 443845.099999999976717, 214360.53 ], [ 443845.099999999976717, 214361.53 ], [ 443840.599999999976717, 214363.03 ], [ 443839.099999999976717, 214367.03 ], [ 443839.099999999976717, 214371.53 ], [ 443840.099999999976717, 214371.53 ], [ 443840.599999999976717, 214373.03 ], [ 443844.599999999976717, 214373.03 ], [ 443848.599999999976717, 214374.53 ], [ 443850.099999999976717, 214381.03 ], [ 443853.599999999976717, 214383.03 ], [ 443858.099999999976717, 214383.53 ], [ 443860.599999999976717, 214390.03 ], [ 443864.099999999976717, 214392.53 ], [ 443868.599999999976717, 214393.03 ], [ 443869.599999999976717, 214396.03 ], [ 443874.599999999976717, 214401.53 ], [ 443876.099999999976717, 214401.53 ], [ 443879.099999999976717, 214403.53 ], [ 443886.099999999976717, 214404.03 ], [ 443887.099999999976717, 214405.53 ], [ 443887.599999999976717, 214411.53 ], [ 443888.599999999976717, 214412.53 ], [ 443904.099999999976717, 214414.53 ], [ 443903.599999999976717, 214419.03 ], [ 443905.599999999976717, 214421.03 ], [ 443906.099999999976717, 214423.03 ], [ 443911.099999999976717, 214424.03 ], [ 443910.099999999976717, 214428.53 ], [ 443907.599999999976717, 214428.53 ], [ 443907.099999999976717, 214431.03 ], [ 443914.599999999976717, 214432.53 ], [ 443915.599999999976717, 214433.53 ], [ 443915.599999999976717, 214441.53 ], [ 443916.599999999976717, 214442.53 ], [ 443925.099999999976717, 214444.03 ], [ 443924.599999999976717, 214449.53 ], [ 443923.599999999976717, 214451.03 ], [ 443925.599999999976717, 214452.53 ], [ 443932.599999999976717, 214454.03 ], [ 443932.599999999976717, 214457.53 ], [ 443934.099999999976717, 214458.03 ], [ 443932.599999999976717, 214461.03 ], [ 443934.599999999976717, 214462.53 ], [ 443934.599999999976717, 214466.53 ], [ 443936.599999999976717, 214472.53 ], [ 443935.599999999976717, 214481.03 ], [ 443944.099999999976717, 214483.53 ], [ 443944.599999999976717, 214491.03 ], [ 443945.599999999976717, 214492.03 ], [ 443948.599999999976717, 214492.03 ], [ 443951.599999999976717, 214493.53 ], [ 443951.099999999976717, 214500.53 ], [ 443952.599999999976717, 214500.53 ], [ 443955.099999999976717, 214503.03 ], [ 443954.599999999976717, 214508.03 ], [ 443955.599999999976717, 214512.03 ], [ 443962.599999999976717, 214512.03 ], [ 443963.099999999976717, 214520.03 ], [ 443967.099999999976717, 214523.03 ], [ 443968.599999999976717, 214530.03 ], [ 443973.099999999976717, 214532.03 ], [ 443973.599999999976717, 214540.03 ], [ 443976.599999999976717, 214543.03 ], [ 443974.599999999976717, 214545.53 ], [ 443974.099999999976717, 214550.53 ], [ 443975.099999999976717, 214551.53 ], [ 443982.599999999976717, 214552.53 ], [ 443982.599999999976717, 214562.03 ], [ 443984.099999999976717, 214566.03 ], [ 443984.099999999976717, 214571.03 ], [ 443985.599999999976717, 214572.53 ], [ 443985.099999999976717, 214575.03 ], [ 443986.599999999976717, 214576.53 ], [ 443986.599999999976717, 214579.03 ], [ 443985.599999999976717, 214580.03 ], [ 443986.599999999976717, 214580.03 ], [ 443988.099999999976717, 214584.53 ], [ 443987.099999999976717, 214586.03 ], [ 443985.099999999976717, 214586.03 ], [ 443984.099999999976717, 214587.03 ], [ 443984.099999999976717, 214590.03 ], [ 443987.099999999976717, 214592.03 ], [ 443986.599999999976717, 214600.03 ], [ 443989.599999999976717, 214602.03 ], [ 443988.099999999976717, 214603.53 ], [ 443988.099999999976717, 214607.53 ], [ 443987.099999999976717, 214609.03 ], [ 443987.599999999976717, 214612.53 ], [ 443984.099999999976717, 214616.53 ], [ 443984.099999999976717, 214623.03 ], [ 443982.599999999976717, 214626.03 ], [ 443982.599999999976717, 214630.53 ], [ 443980.099999999976717, 214632.03 ], [ 443981.099999999976717, 214638.03 ], [ 443978.099999999976717, 214640.53 ], [ 443974.099999999976717, 214641.03 ], [ 443974.099999999976717, 214652.53 ], [ 443973.099999999976717, 214653.53 ], [ 443972.599999999976717, 214657.03 ], [ 443970.099999999976717, 214658.03 ], [ 443967.099999999976717, 214658.03 ], [ 443966.599999999976717, 214656.53 ], [ 443965.099999999976717, 214657.03 ], [ 443963.099999999976717, 214669.03 ], [ 443958.599999999976717, 214671.03 ], [ 443955.599999999976717, 214671.03 ], [ 443954.099999999976717, 214672.53 ], [ 443954.099999999976717, 214678.53 ], [ 443953.099999999976717, 214679.53 ], [ 443950.099999999976717, 214679.53 ], [ 443949.599999999976717, 214680.53 ], [ 443946.099999999976717, 214680.03 ], [ 443944.099999999976717, 214683.53 ], [ 443942.599999999976717, 214683.53 ], [ 443942.599999999976717, 214684.53 ], [ 443936.099999999976717, 214687.03 ], [ 443933.599999999976717, 214689.53 ], [ 443927.099999999976717, 214690.53 ], [ 443922.599999999976717, 214693.53 ], [ 443917.099999999976717, 214694.53 ], [ 443915.599999999976717, 214696.53 ], [ 443912.099999999976717, 214698.03 ], [ 443894.599999999976717, 214701.03 ], [ 443889.099999999976717, 214701.03 ], [ 443886.599999999976717, 214702.03 ], [ 443873.099999999976717, 214702.03 ], [ 443869.099999999976717, 214701.53 ], [ 443868.099999999976717, 214700.53 ], [ 443864.099999999976717, 214700.53 ], [ 443861.099999999976717, 214704.03 ], [ 443860.599999999976717, 214706.03 ], [ 443859.099999999976717, 214705.03 ], [ 443859.599999999976717, 214701.03 ], [ 443857.599999999976717, 214699.53 ], [ 443845.099999999976717, 214699.03 ], [ 443837.099999999976717, 214700.53 ], [ 443836.099999999976717, 214702.03 ], [ 443834.099999999976717, 214702.03 ], [ 443830.599999999976717, 214704.53 ], [ 443826.599999999976717, 214704.53 ], [ 443824.099999999976717, 214703.53 ], [ 443816.599999999976717, 214704.03 ], [ 443814.099999999976717, 214702.53 ], [ 443811.599999999976717, 214702.53 ], [ 443809.599999999976717, 214704.53 ], [ 443803.599999999976717, 214706.53 ], [ 443801.099999999976717, 214701.53 ], [ 443801.099999999976717, 214698.53 ], [ 443798.099999999976717, 214696.53 ], [ 443795.599999999976717, 214697.53 ], [ 443793.599999999976717, 214696.53 ], [ 443791.599999999976717, 214702.03 ], [ 443791.099999999976717, 214709.03 ], [ 443792.599999999976717, 214709.53 ], [ 443796.599999999976717, 214716.03 ], [ 443799.099999999976717, 214717.03 ], [ 443800.599999999976717, 214719.03 ], [ 443797.099999999976717, 214724.03 ], [ 443797.599999999976717, 214725.03 ], [ 443796.599999999976717, 214725.03 ], [ 443796.599999999976717, 214727.53 ], [ 443795.599999999976717, 214728.03 ], [ 443791.099999999976717, 214727.03 ], [ 443790.599999999976717, 214725.53 ], [ 443792.099999999976717, 214724.53 ], [ 443792.099999999976717, 214722.03 ], [ 443789.599999999976717, 214720.03 ], [ 443783.599999999976717, 214720.53 ], [ 443782.599999999976717, 214721.53 ], [ 443782.599999999976717, 214727.53 ], [ 443784.099999999976717, 214729.03 ], [ 443791.599999999976717, 214729.03 ], [ 443792.599999999976717, 214730.03 ], [ 443792.599999999976717, 214733.53 ], [ 443791.599999999976717, 214733.53 ], [ 443791.099999999976717, 214735.53 ], [ 443790.099999999976717, 214736.03 ], [ 443791.099999999976717, 214737.03 ], [ 443791.099999999976717, 214740.53 ], [ 443800.599999999976717, 214740.53 ], [ 443799.599999999976717, 214746.03 ], [ 443796.099999999976717, 214746.03 ], [ 443794.099999999976717, 214743.53 ], [ 443788.099999999976717, 214744.03 ], [ 443785.599999999976717, 214740.53 ], [ 443784.099999999976717, 214740.53 ], [ 443782.599999999976717, 214737.53 ], [ 443781.599999999976717, 214737.53 ], [ 443778.099999999976717, 214733.53 ], [ 443778.099999999976717, 214727.53 ], [ 443777.099999999976717, 214727.53 ], [ 443777.099999999976717, 214726.53 ], [ 443776.099999999976717, 214726.53 ], [ 443775.599999999976717, 214725.03 ], [ 443774.599999999976717, 214725.03 ], [ 443772.099999999976717, 214722.03 ], [ 443769.599999999976717, 214722.03 ], [ 443768.099999999976717, 214720.03 ], [ 443762.599999999976717, 214719.03 ], [ 443761.099999999976717, 214717.53 ], [ 443754.099999999976717, 214717.53 ], [ 443751.599999999976717, 214713.53 ], [ 443750.099999999976717, 214713.53 ], [ 443750.099999999976717, 214711.03 ], [ 443747.599999999976717, 214709.03 ], [ 443745.599999999976717, 214709.03 ], [ 443744.099999999976717, 214700.53 ], [ 443742.599999999976717, 214699.53 ], [ 443736.099999999976717, 214698.53 ], [ 443733.599999999976717, 214691.53 ], [ 443728.599999999976717, 214689.53 ], [ 443725.599999999976717, 214689.53 ], [ 443724.099999999976717, 214686.53 ], [ 443720.599999999976717, 214686.53 ], [ 443720.099999999976717, 214688.03 ], [ 443717.599999999976717, 214689.03 ], [ 443714.099999999976717, 214684.53 ], [ 443712.099999999976717, 214684.53 ], [ 443710.099999999976717, 214679.53 ], [ 443709.099999999976717, 214679.53 ], [ 443708.599999999976717, 214674.03 ], [ 443706.099999999976717, 214671.03 ], [ 443706.099999999976717, 214669.53 ], [ 443705.099999999976717, 214669.53 ], [ 443704.599999999976717, 214666.53 ], [ 443703.599999999976717, 214666.53 ], [ 443703.099999999976717, 214665.03 ], [ 443701.599999999976717, 214665.03 ], [ 443699.099999999976717, 214661.03 ], [ 443697.099999999976717, 214661.03 ], [ 443696.099999999976717, 214660.03 ], [ 443694.599999999976717, 214655.53 ], [ 443692.599999999976717, 214655.03 ], [ 443690.099999999976717, 214651.53 ], [ 443688.099999999976717, 214651.53 ], [ 443687.099999999976717, 214650.53 ], [ 443685.599999999976717, 214646.03 ], [ 443683.099999999976717, 214645.03 ], [ 443682.099999999976717, 214642.53 ], [ 443676.599999999976717, 214639.53 ], [ 443676.099999999976717, 214635.53 ], [ 443672.599999999976717, 214634.03 ], [ 443672.099999999976717, 214632.53 ], [ 443669.099999999976717, 214632.53 ], [ 443667.599999999976717, 214631.03 ], [ 443665.599999999976717, 214625.03 ], [ 443663.599999999976717, 214625.03 ], [ 443662.099999999976717, 214622.53 ], [ 443660.099999999976717, 214622.53 ], [ 443657.099999999976717, 214620.53 ], [ 443654.099999999976717, 214620.53 ], [ 443646.599999999976717, 214624.03 ], [ 443646.599999999976717, 214625.03 ], [ 443644.599999999976717, 214625.53 ], [ 443643.599999999976717, 214627.53 ], [ 443640.099999999976717, 214630.03 ], [ 443640.099999999976717, 214631.03 ], [ 443636.599999999976717, 214632.53 ], [ 443636.599999999976717, 214633.53 ], [ 443633.599999999976717, 214635.53 ], [ 443633.599999999976717, 214637.03 ], [ 443629.599999999976717, 214639.53 ], [ 443629.599999999976717, 214641.03 ], [ 443628.099999999976717, 214641.03 ], [ 443626.599999999976717, 214643.53 ], [ 443625.099999999976717, 214644.03 ], [ 443625.099999999976717, 214645.03 ], [ 443623.599999999976717, 214645.53 ], [ 443620.599999999976717, 214649.53 ], [ 443619.599999999976717, 214649.53 ], [ 443619.099999999976717, 214651.03 ], [ 443617.599999999976717, 214651.03 ], [ 443616.599999999976717, 214653.03 ], [ 443611.099999999976717, 214657.53 ], [ 443609.599999999976717, 214660.53 ], [ 443607.099999999976717, 214661.03 ], [ 443606.599999999976717, 214662.53 ], [ 443602.599999999976717, 214665.53 ], [ 443600.599999999976717, 214669.53 ], [ 443598.099999999976717, 214670.53 ], [ 443595.599999999976717, 214673.53 ], [ 443594.099999999976717, 214674.03 ], [ 443594.099999999976717, 214675.03 ], [ 443592.599999999976717, 214675.53 ], [ 443592.599999999976717, 214676.53 ], [ 443591.599999999976717, 214676.53 ], [ 443591.099999999976717, 214679.53 ], [ 443588.099999999976717, 214682.03 ], [ 443588.099999999976717, 214683.53 ], [ 443585.599999999976717, 214687.03 ], [ 443585.599999999976717, 214689.03 ], [ 443584.099999999976717, 214690.03 ], [ 443583.599999999976717, 214703.53 ], [ 443584.099999999976717, 214716.53 ], [ 443585.099999999976717, 214719.03 ], [ 443583.099999999976717, 214720.53 ], [ 443583.599999999976717, 214726.03 ], [ 443581.099999999976717, 214727.53 ], [ 443581.099999999976717, 214729.03 ], [ 443578.599999999976717, 214728.53 ], [ 443578.599999999976717, 214735.53 ], [ 443579.599999999976717, 214736.03 ], [ 443580.099999999976717, 214735.03 ], [ 443582.599999999976717, 214735.03 ], [ 443582.099999999976717, 214738.53 ], [ 443584.099999999976717, 214740.03 ], [ 443584.099999999976717, 214742.53 ], [ 443586.599999999976717, 214743.53 ], [ 443585.599999999976717, 214744.53 ], [ 443585.599999999976717, 214746.53 ], [ 443587.099999999976717, 214748.03 ], [ 443582.599999999976717, 214750.03 ], [ 443582.099999999976717, 214754.03 ], [ 443585.599999999976717, 214762.53 ], [ 443588.099999999976717, 214766.03 ], [ 443588.099999999976717, 214767.53 ], [ 443591.599999999976717, 214770.03 ], [ 443591.099999999976717, 214771.53 ], [ 443592.099999999976717, 214771.53 ], [ 443594.099999999976717, 214775.03 ], [ 443598.099999999976717, 214779.03 ], [ 443600.599999999976717, 214780.03 ], [ 443601.099999999976717, 214782.53 ], [ 443606.599999999976717, 214789.03 ], [ 443609.599999999976717, 214788.53 ], [ 443610.599999999976717, 214789.53 ], [ 443610.099999999976717, 214793.53 ], [ 443611.599999999976717, 214795.53 ], [ 443612.599999999976717, 214795.53 ], [ 443612.599999999976717, 214797.03 ], [ 443613.599999999976717, 214797.03 ], [ 443618.099999999976717, 214803.53 ], [ 443619.599999999976717, 214804.03 ], [ 443619.599999999976717, 214805.53 ], [ 443621.099999999976717, 214806.03 ], [ 443625.099999999976717, 214812.03 ], [ 443626.599999999976717, 214812.53 ], [ 443626.599999999976717, 214813.53 ], [ 443628.099999999976717, 214814.03 ], [ 443628.099999999976717, 214815.03 ], [ 443629.599999999976717, 214815.53 ], [ 443629.599999999976717, 214816.53 ], [ 443636.599999999976717, 214822.53 ], [ 443641.599999999976717, 214825.53 ], [ 443642.099999999976717, 214827.03 ], [ 443643.599999999976717, 214827.03 ], [ 443643.599999999976717, 214828.03 ], [ 443649.099999999976717, 214831.03 ], [ 443649.099999999976717, 214832.03 ], [ 443653.099999999976717, 214834.03 ], [ 443654.099999999976717, 214835.53 ], [ 443659.599999999976717, 214838.03 ], [ 443660.599999999976717, 214839.53 ], [ 443662.099999999976717, 214839.53 ], [ 443671.099999999976717, 214845.53 ], [ 443674.599999999976717, 214846.53 ], [ 443674.599999999976717, 214847.53 ], [ 443677.099999999976717, 214848.03 ], [ 443677.599999999976717, 214849.03 ], [ 443680.099999999976717, 214849.53 ], [ 443684.599999999976717, 214852.53 ], [ 443686.599999999976717, 214852.53 ], [ 443688.099999999976717, 214854.03 ], [ 443692.099999999976717, 214855.03 ], [ 443693.599999999976717, 214856.53 ], [ 443699.099999999976717, 214858.03 ], [ 443700.099999999976717, 214859.53 ], [ 443722.599999999976717, 214868.03 ], [ 443724.599999999976717, 214868.03 ], [ 443726.599999999976717, 214869.53 ], [ 443728.599999999976717, 214869.53 ], [ 443734.099999999976717, 214872.03 ], [ 443736.599999999976717, 214872.03 ], [ 443738.599999999976717, 214873.53 ], [ 443741.099999999976717, 214873.53 ], [ 443743.099999999976717, 214875.03 ], [ 443760.099999999976717, 214878.03 ], [ 443764.599999999976717, 214878.03 ], [ 443769.099999999976717, 214879.53 ], [ 443774.099999999976717, 214879.53 ], [ 443776.099999999976717, 214880.53 ], [ 443786.099999999976717, 214880.53 ], [ 443806.099999999976717, 214882.53 ], [ 443829.599999999976717, 214881.53 ], [ 443839.099999999976717, 214880.53 ], [ 443841.099999999976717, 214879.53 ], [ 443851.099999999976717, 214880.03 ], [ 443857.599999999976717, 214877.03 ], [ 443873.099999999976717, 214875.03 ], [ 443883.599999999976717, 214872.03 ], [ 443887.599999999976717, 214872.03 ], [ 443904.599999999976717, 214868.03 ], [ 443908.099999999976717, 214868.03 ], [ 443917.599999999976717, 214865.03 ], [ 443921.099999999976717, 214865.03 ], [ 443924.099999999976717, 214863.53 ], [ 443934.099999999976717, 214861.53 ], [ 443935.099999999976717, 214862.03 ], [ 443935.599999999976717, 214861.03 ], [ 443938.599999999976717, 214861.03 ], [ 443941.599999999976717, 214859.53 ], [ 443951.099999999976717, 214858.03 ], [ 443960.099999999976717, 214855.03 ], [ 443968.599999999976717, 214854.03 ], [ 443972.099999999976717, 214852.53 ], [ 443972.599999999976717, 214851.53 ], [ 443984.099999999976717, 214846.53 ], [ 443987.099999999976717, 214844.03 ], [ 443989.599999999976717, 214843.53 ], [ 443989.599999999976717, 214842.53 ], [ 443991.099999999976717, 214842.53 ], [ 443996.599999999976717, 214838.03 ], [ 444000.099999999976717, 214838.03 ], [ 444002.099999999976717, 214837.03 ], [ 444005.599999999976717, 214833.53 ], [ 444009.599999999976717, 214832.03 ], [ 444009.599999999976717, 214831.03 ], [ 444011.599999999976717, 214830.53 ], [ 444013.599999999976717, 214828.53 ], [ 444015.099999999976717, 214828.53 ], [ 444015.099999999976717, 214827.53 ], [ 444018.099999999976717, 214826.53 ], [ 444018.099999999976717, 214825.53 ], [ 444020.099999999976717, 214825.03 ], [ 444027.099999999976717, 214819.53 ], [ 444028.599999999976717, 214819.53 ], [ 444031.099999999976717, 214817.03 ], [ 444032.099999999976717, 214817.03 ], [ 444031.099999999976717, 214818.03 ], [ 444032.099999999976717, 214818.53 ], [ 444037.599999999976717, 214812.53 ], [ 444037.599999999976717, 214811.03 ], [ 444039.599999999976717, 214810.03 ], [ 444040.599999999976717, 214807.53 ], [ 444042.099999999976717, 214807.03 ], [ 444042.599999999976717, 214804.53 ], [ 444044.599999999976717, 214803.03 ], [ 444045.599999999976717, 214800.53 ], [ 444046.099999999976717, 214802.03 ], [ 444043.599999999976717, 214806.03 ], [ 444050.599999999976717, 214807.03 ], [ 444063.599999999976717, 214797.53 ], [ 444083.599999999976717, 214777.53 ], [ 444083.599999999976717, 214776.53 ], [ 444086.599999999976717, 214774.03 ], [ 444086.599999999976717, 214773.03 ], [ 444107.599999999976717, 214748.53 ], [ 444113.599999999976717, 214739.03 ], [ 444115.099999999976717, 214738.03 ], [ 444115.099999999976717, 214736.53 ], [ 444110.099999999976717, 214731.03 ], [ 444108.599999999976717, 214732.03 ], [ 444108.599999999976717, 214733.53 ], [ 444105.599999999976717, 214737.53 ], [ 444104.599999999976717, 214737.53 ] ], [ [ 444103.599999999976717, 214739.03 ], [ 444103.599999999976717, 214739.53 ], [ 444103.099999999976717, 214739.53 ], [ 444103.099999999976717, 214739.03 ], [ 444103.599999999976717, 214739.03 ] ], [ [ 444103.599999999976717, 214739.03 ], [ 444104.099999999976717, 214737.53 ], [ 444104.599999999976717, 214737.53 ], [ 444104.599999999976717, 214739.03 ], [ 444103.599999999976717, 214739.03 ] ], [ [ 444100.099999999976717, 214743.03 ], [ 444100.599999999976717, 214743.03 ], [ 444101.599999999976717, 214742.03 ], [ 444100.599999999976717, 214744.53 ], [ 444100.099999999976717, 214743.03 ] ], [ [ 444101.599999999976717, 214742.03 ], [ 444101.599999999976717, 214741.03 ], [ 444102.099999999976717, 214741.03 ], [ 444102.099999999976717, 214742.03 ], [ 444101.599999999976717, 214742.03 ] ], [ [ 444102.099999999976717, 214741.03 ], [ 444102.099999999976717, 214740.53 ], [ 444102.599999999976717, 214740.53 ], [ 444102.599999999976717, 214741.03 ], [ 444102.099999999976717, 214741.03 ] ], [ [ 444102.599999999976717, 214740.53 ], [ 444102.599999999976717, 214740.03 ], [ 444103.099999999976717, 214740.03 ], [ 444103.099999999976717, 214740.53 ], [ 444102.599999999976717, 214740.53 ] ], [ [ 444099.599999999976717, 214745.53 ], [ 444099.599999999976717, 214746.03 ], [ 444098.599999999976717, 214746.03 ], [ 444099.099999999976717, 214744.53 ], [ 444100.099999999976717, 214744.53 ], [ 444099.599999999976717, 214745.53 ] ], [ [ 444097.599999999976717, 214747.03 ], [ 444098.099999999976717, 214747.03 ], [ 444098.599999999976717, 214746.53 ], [ 444098.599999999976717, 214747.53 ], [ 444097.599999999976717, 214747.03 ] ], [ [ 444097.099999999976717, 214748.03 ], [ 444097.099999999976717, 214747.53 ], [ 444097.599999999976717, 214747.53 ], [ 444097.599999999976717, 214748.03 ], [ 444097.099999999976717, 214748.03 ] ], [ [ 444096.599999999976717, 214749.03 ], [ 444096.599999999976717, 214749.53 ], [ 444096.099999999976717, 214749.53 ], [ 444096.099999999976717, 214749.03 ], [ 444096.599999999976717, 214749.03 ] ], [ [ 444095.099999999976717, 214751.03 ], [ 444095.099999999976717, 214750.53 ], [ 444095.599999999976717, 214750.53 ], [ 444095.599999999976717, 214751.53 ], [ 444094.599999999976717, 214751.53 ], [ 444095.099999999976717, 214751.03 ] ], [ [ 444093.599999999976717, 214752.53 ], [ 444094.099999999976717, 214752.53 ], [ 444094.599999999976717, 214752.03 ], [ 444094.599999999976717, 214753.03 ], [ 444093.599999999976717, 214752.53 ] ], [ [ 444093.099999999976717, 214754.03 ], [ 444093.099999999976717, 214753.03 ], [ 444093.599999999976717, 214753.03 ], [ 444093.599999999976717, 214754.03 ], [ 444093.099999999976717, 214754.03 ] ], [ [ 444091.599999999976717, 214755.03 ], [ 444092.099999999976717, 214755.03 ], [ 444092.599999999976717, 214754.53 ], [ 444092.099999999976717, 214756.03 ], [ 444091.599999999976717, 214755.03 ] ], [ [ 444090.099999999976717, 214757.03 ], [ 444090.599999999976717, 214757.03 ], [ 444091.599999999976717, 214756.03 ], [ 444090.599999999976717, 214758.03 ], [ 444090.099999999976717, 214757.03 ] ], [ [ 444088.599999999976717, 214759.03 ], [ 444089.099999999976717, 214759.03 ], [ 444090.099999999976717, 214758.03 ], [ 444089.099999999976717, 214760.03 ], [ 444088.599999999976717, 214759.03 ] ], [ [ 444086.599999999976717, 214762.03 ], [ 444087.099999999976717, 214762.03 ], [ 444087.599999999976717, 214761.53 ], [ 444087.099999999976717, 214763.03 ], [ 444086.599999999976717, 214762.03 ] ], [ [ 444087.599999999976717, 214761.53 ], [ 444087.599999999976717, 214760.03 ], [ 444088.599999999976717, 214760.03 ], [ 444088.099999999976717, 214761.53 ], [ 444087.599999999976717, 214761.53 ] ], [ [ 444083.099999999976717, 214767.03 ], [ 444083.599999999976717, 214766.03 ], [ 444084.599999999976717, 214766.03 ], [ 444084.099999999976717, 214767.53 ], [ 444083.099999999976717, 214767.03 ] ], [ [ 444084.599999999976717, 214766.03 ], [ 444084.599999999976717, 214764.53 ], [ 444085.599999999976717, 214764.53 ], [ 444085.099999999976717, 214766.03 ], [ 444084.599999999976717, 214766.03 ] ], [ [ 444085.599999999976717, 214764.53 ], [ 444085.599999999976717, 214763.53 ], [ 444086.099999999976717, 214763.53 ], [ 444086.099999999976717, 214764.53 ], [ 444085.599999999976717, 214764.53 ] ], [ [ 444086.099999999976717, 214763.53 ], [ 444086.099999999976717, 214763.03 ], [ 444086.599999999976717, 214763.03 ], [ 444086.599999999976717, 214763.53 ], [ 444086.099999999976717, 214763.53 ] ], [ [ 444048.599999999976717, 214796.03 ], [ 444048.599999999976717, 214795.53 ], [ 444049.099999999976717, 214795.53 ], [ 444049.099999999976717, 214796.03 ], [ 444048.599999999976717, 214796.03 ] ], [ [ 444049.099999999976717, 214795.53 ], [ 444049.099999999976717, 214794.53 ], [ 444053.099999999976717, 214793.03 ], [ 444057.099999999976717, 214788.53 ], [ 444060.599999999976717, 214788.03 ], [ 444063.099999999976717, 214785.53 ], [ 444065.599999999976717, 214785.03 ], [ 444071.599999999976717, 214779.53 ], [ 444071.599999999976717, 214778.53 ], [ 444073.099999999976717, 214778.53 ], [ 444073.099999999976717, 214777.53 ], [ 444074.599999999976717, 214777.03 ], [ 444074.599999999976717, 214776.03 ], [ 444075.599999999976717, 214776.03 ], [ 444076.099999999976717, 214774.53 ], [ 444077.099999999976717, 214774.53 ], [ 444080.099999999976717, 214770.03 ], [ 444081.099999999976717, 214770.03 ], [ 444081.099999999976717, 214769.03 ], [ 444083.099999999976717, 214767.53 ], [ 444081.599999999976717, 214771.03 ], [ 444080.099999999976717, 214771.53 ], [ 444077.599999999976717, 214775.53 ], [ 444076.099999999976717, 214776.03 ], [ 444076.099999999976717, 214777.03 ], [ 444075.099999999976717, 214777.03 ], [ 444070.099999999976717, 214783.03 ], [ 444063.599999999976717, 214787.53 ], [ 444061.599999999976717, 214790.03 ], [ 444051.599999999976717, 214794.03 ], [ 444050.099999999976717, 214795.53 ], [ 444049.099999999976717, 214795.53 ] ], [ [ 444046.099999999976717, 214799.53 ], [ 444046.599999999976717, 214799.53 ], [ 444047.099999999976717, 214799.03 ], [ 444046.599999999976717, 214800.53 ], [ 444046.099999999976717, 214799.53 ] ], [ [ 444047.099999999976717, 214799.03 ], [ 444047.099999999976717, 214798.53 ], [ 444047.599999999976717, 214798.53 ], [ 444047.599999999976717, 214799.03 ], [ 444047.099999999976717, 214799.03 ] ], [ [ 444011.099999999976717, 214523.03 ], [ 443999.599999999976717, 214505.03 ], [ 443999.599999999976717, 214503.53 ], [ 443998.599999999976717, 214503.53 ], [ 443997.599999999976717, 214500.53 ], [ 443989.599999999976717, 214490.03 ], [ 443989.599999999976717, 214488.53 ], [ 443988.099999999976717, 214487.53 ], [ 443986.099999999976717, 214482.53 ], [ 443985.099999999976717, 214482.53 ], [ 443985.099999999976717, 214481.03 ], [ 443984.099999999976717, 214481.03 ], [ 443983.099999999976717, 214478.03 ], [ 443979.599999999976717, 214474.53 ], [ 443979.099999999976717, 214472.53 ], [ 443978.099999999976717, 214472.53 ], [ 443978.099999999976717, 214471.03 ], [ 443975.599999999976717, 214469.03 ], [ 443975.599999999976717, 214465.53 ], [ 443977.599999999976717, 214466.03 ], [ 443980.599999999976717, 214464.03 ], [ 443981.099999999976717, 214465.53 ], [ 443983.099999999976717, 214466.53 ], [ 443982.599999999976717, 214468.53 ], [ 443984.099999999976717, 214469.53 ], [ 443984.099999999976717, 214471.53 ], [ 443986.099999999976717, 214473.53 ], [ 443985.599999999976717, 214475.53 ], [ 443988.099999999976717, 214477.53 ], [ 443990.099999999976717, 214481.03 ], [ 443991.099999999976717, 214481.03 ], [ 443991.099999999976717, 214483.53 ], [ 443993.599999999976717, 214486.53 ], [ 443993.099999999976717, 214488.03 ], [ 443995.099999999976717, 214490.53 ], [ 443996.599999999976717, 214489.53 ], [ 443996.599999999976717, 214492.53 ], [ 443997.599999999976717, 214493.53 ], [ 444000.599999999976717, 214493.53 ], [ 444002.599999999976717, 214497.03 ], [ 444002.599999999976717, 214499.03 ], [ 444005.099999999976717, 214501.03 ], [ 444005.099999999976717, 214502.03 ], [ 444006.099999999976717, 214502.03 ], [ 444006.599999999976717, 214504.03 ], [ 444012.099999999976717, 214511.53 ], [ 444011.599999999976717, 214513.03 ], [ 444014.599999999976717, 214515.03 ], [ 444015.099999999976717, 214520.03 ], [ 444013.599999999976717, 214520.53 ], [ 444013.099999999976717, 214523.03 ], [ 444011.099999999976717, 214523.03 ] ] ], [ [ [ 444017.599999999976717, 214322.53 ], [ 444022.599999999976717, 214322.53 ], [ 444022.599999999976717, 214321.53 ], [ 444021.099999999976717, 214321.53 ], [ 444020.599999999976717, 214320.53 ], [ 444018.599999999976717, 214320.53 ], [ 444017.599999999976717, 214321.53 ], [ 444015.099999999976717, 214319.53 ], [ 444013.599999999976717, 214321.03 ], [ 444007.599999999976717, 214320.03 ], [ 444004.599999999976717, 214320.53 ], [ 444003.599999999976717, 214319.53 ], [ 444002.099999999976717, 214320.03 ], [ 444003.099999999976717, 214322.03 ], [ 444005.599999999976717, 214322.53 ], [ 444013.099999999976717, 214322.53 ], [ 444013.599999999976717, 214321.53 ], [ 444017.099999999976717, 214323.03 ], [ 444017.599999999976717, 214322.53 ] ] ], [ [ [ 443977.599999999976717, 214322.53 ], [ 443980.099999999976717, 214322.53 ], [ 443981.099999999976717, 214321.53 ], [ 443982.599999999976717, 214322.03 ], [ 443983.099999999976717, 214321.03 ], [ 443985.599999999976717, 214321.03 ], [ 443986.099999999976717, 214322.03 ], [ 443992.099999999976717, 214322.03 ], [ 443992.599999999976717, 214321.03 ], [ 443995.099999999976717, 214322.03 ], [ 443995.099999999976717, 214321.03 ], [ 443996.099999999976717, 214321.03 ], [ 443997.599999999976717, 214322.03 ], [ 444000.099999999976717, 214321.03 ], [ 444000.099999999976717, 214320.03 ], [ 443996.599999999976717, 214319.53 ], [ 443995.099999999976717, 214320.53 ], [ 443995.099999999976717, 214319.53 ], [ 443993.599999999976717, 214319.53 ], [ 443993.599999999976717, 214320.53 ], [ 443985.099999999976717, 214320.53 ], [ 443984.599999999976717, 214319.53 ], [ 443984.099999999976717, 214320.53 ], [ 443977.599999999976717, 214320.53 ], [ 443976.599999999976717, 214321.03 ], [ 443976.599999999976717, 214323.03 ], [ 443977.599999999976717, 214322.53 ] ] ], [ [ [ 443809.099999999976717, 214690.03 ], [ 443810.099999999976717, 214690.53 ], [ 443811.099999999976717, 214689.53 ], [ 443811.599999999976717, 214691.03 ], [ 443814.099999999976717, 214690.53 ], [ 443815.099999999976717, 214692.03 ], [ 443816.099999999976717, 214691.03 ], [ 443816.599999999976717, 214692.03 ], [ 443819.599999999976717, 214691.53 ], [ 443819.599999999976717, 214689.53 ], [ 443818.099999999976717, 214689.53 ], [ 443818.099999999976717, 214688.53 ], [ 443816.099999999976717, 214688.53 ], [ 443815.099999999976717, 214689.53 ], [ 443812.099999999976717, 214685.53 ], [ 443810.599999999976717, 214686.53 ], [ 443804.599999999976717, 214686.53 ], [ 443803.599999999976717, 214684.03 ], [ 443802.099999999976717, 214685.03 ], [ 443801.599999999976717, 214684.03 ], [ 443796.099999999976717, 214682.03 ], [ 443796.599999999976717, 214681.03 ], [ 443795.099999999976717, 214681.03 ], [ 443793.599999999976717, 214683.03 ], [ 443792.599999999976717, 214683.03 ], [ 443793.099999999976717, 214684.53 ], [ 443794.099999999976717, 214684.03 ], [ 443797.099999999976717, 214685.53 ], [ 443799.099999999976717, 214685.03 ], [ 443800.599999999976717, 214686.53 ], [ 443802.599999999976717, 214686.03 ], [ 443803.599999999976717, 214689.03 ], [ 443805.099999999976717, 214689.53 ], [ 443803.599999999976717, 214690.53 ], [ 443803.599999999976717, 214694.03 ], [ 443806.599999999976717, 214693.03 ], [ 443805.099999999976717, 214691.03 ], [ 443806.599999999976717, 214690.53 ], [ 443806.099999999976717, 214689.53 ], [ 443807.099999999976717, 214688.53 ], [ 443809.099999999976717, 214690.03 ] ], [ [ 443808.099999999976717, 214688.53 ], [ 443808.599999999976717, 214688.53 ], [ 443808.599999999976717, 214689.03 ], [ 443808.099999999976717, 214689.03 ], [ 443808.099999999976717, 214688.53 ] ], [ [ 443804.599999999976717, 214692.53 ], [ 443804.099999999976717, 214692.53 ], [ 443804.099999999976717, 214692.03 ], [ 443804.599999999976717, 214692.03 ], [ 443804.599999999976717, 214692.53 ] ] ], [ [ [ 443784.099999999976717, 214715.53 ], [ 443785.599999999976717, 214715.03 ], [ 443786.099999999976717, 214713.53 ], [ 443782.099999999976717, 214713.53 ], [ 443780.599999999976717, 214710.03 ], [ 443777.099999999976717, 214710.53 ], [ 443777.099999999976717, 214711.53 ], [ 443775.599999999976717, 214709.53 ], [ 443774.599999999976717, 214710.53 ], [ 443772.599999999976717, 214710.53 ], [ 443772.599999999976717, 214711.53 ], [ 443774.599999999976717, 214713.03 ], [ 443779.599999999976717, 214711.53 ], [ 443779.599999999976717, 214713.53 ], [ 443781.099999999976717, 214713.53 ], [ 443782.099999999976717, 214716.03 ], [ 443784.099999999976717, 214715.53 ] ] ] ] } },
{ "type": "Feature", "properties": { "mainhabs": "Coastal and floodplain grazing marsh", "habcodes": "CFPGM", "featdesc": null, "featcodes": null, "otherclass": null, "addhabs": null, "primsource": "Oxfordshire Expert Knowledge Capture 2009 (CFPGM)", "areaha": "0.06", "version": "Sep_25", "uid": "PHID44399375_021449368", "shape_length": null, "shape_area": null, "site": "blenheim", "pid": 3, "method": "sam2iter" }, "geometry": { "type": "Polygon", "coordinates": [ [ [ 444011.599999999976717, 214523.53 ], [ 444013.599999999976717, 214522.53 ], [ 444013.599999999976717, 214520.53 ], [ 444015.099999999976717, 214520.03 ], [ 444014.599999999976717, 214515.03 ], [ 444011.599999999976717, 214513.03 ], [ 444012.099999999976717, 214511.53 ], [ 444006.599999999976717, 214504.03 ], [ 444006.099999999976717, 214502.03 ], [ 444005.099999999976717, 214502.03 ], [ 444005.099999999976717, 214501.03 ], [ 444002.599999999976717, 214499.03 ], [ 444002.599999999976717, 214497.03 ], [ 444000.599999999976717, 214493.53 ], [ 443997.599999999976717, 214493.53 ], [ 443996.599999999976717, 214492.53 ], [ 443996.599999999976717, 214489.53 ], [ 443995.099999999976717, 214490.53 ], [ 443993.099999999976717, 214488.03 ], [ 443993.599999999976717, 214486.53 ], [ 443991.099999999976717, 214483.53 ], [ 443991.099999999976717, 214481.03 ], [ 443990.099999999976717, 214481.03 ], [ 443988.099999999976717, 214477.53 ], [ 443985.599999999976717, 214475.53 ], [ 443986.099999999976717, 214473.53 ], [ 443984.099999999976717, 214471.53 ], [ 443984.099999999976717, 214469.53 ], [ 443982.599999999976717, 214468.53 ], [ 443983.099999999976717, 214466.53 ], [ 443981.099999999976717, 214465.53 ], [ 443980.599999999976717, 214464.03 ], [ 443977.599999999976717, 214466.03 ], [ 443975.599999999976717, 214465.53 ], [ 443975.599999999976717, 214469.03 ], [ 443978.099999999976717, 214471.03 ], [ 443978.099999999976717, 214472.53 ], [ 443979.099999999976717, 214472.53 ], [ 443979.599999999976717, 214474.53 ], [ 443983.099999999976717, 214478.03 ], [ 443984.099999999976717, 214481.03 ], [ 443985.099999999976717, 214481.03 ], [ 443985.099999999976717, 214482.53 ], [ 443986.099999999976717, 214482.53 ], [ 443988.099999999976717, 214487.53 ], [ 443989.599999999976717, 214488.53 ], [ 443989.599999999976717, 214490.03 ], [ 443997.599999999976717, 214500.53 ], [ 443998.599999999976717, 214503.53 ], [ 443999.599999999976717, 214503.53 ], [ 443999.599999999976717, 214505.03 ], [ 444004.599999999976717, 214512.03 ], [ 444005.599999999976717, 214515.03 ], [ 444011.599999999976717, 214523.53 ] ] ] } },
{ "type": "Feature", "properties": { "mainhabs": "Deciduous woodland", "habcodes": "DWOOD", "featdesc": null, "featcodes": null, "otherclass": null, "addhabs": null, "primsource": "National Forest Inventory 2023 (DWOOD)", "areaha": "40.37", "version": "Sep_25", "uid": "PHID44316158_021498962", "shape_length": null, "shape_area": null, "site": "blenheim", "pid": 4, "method": "sam2iter" }, "geometry": { "type": "Polygon", "coordinates": [ [ [ 442683.099999999976717, 215791.03 ], [ 442687.599999999976717, 215790.53 ], [ 442697.599999999976717, 215785.53 ], [ 442719.599999999976717, 215764.03 ], [ 442722.599999999976717, 215762.53 ], [ 442730.099999999976717, 215756.03 ], [ 442739.099999999976717, 215751.03 ], [ 442758.599999999976717, 215746.03 ], [ 442778.099999999976717, 215742.53 ], [ 442798.599999999976717, 215742.53 ], [ 442822.599999999976717, 215740.03 ], [ 442830.599999999976717, 215738.53 ], [ 442853.099999999976717, 215731.53 ], [ 442889.599999999976717, 215715.03 ], [ 442894.599999999976717, 215713.53 ], [ 442947.099999999976717, 215687.03 ], [ 442963.599999999976717, 215677.03 ], [ 442982.099999999976717, 215663.03 ], [ 442984.599999999976717, 215662.03 ], [ 442990.099999999976717, 215656.53 ], [ 442993.099999999976717, 215650.53 ], [ 442994.599999999976717, 215643.53 ], [ 442995.099999999976717, 215629.03 ], [ 442994.099999999976717, 215617.03 ], [ 442984.099999999976717, 215618.03 ], [ 442984.599999999976717, 215624.03 ], [ 442983.599999999976717, 215630.03 ], [ 442981.099999999976717, 215634.03 ], [ 442977.099999999976717, 215634.53 ], [ 442971.099999999976717, 215630.53 ], [ 442959.599999999976717, 215612.53 ], [ 442942.599999999976717, 215597.53 ], [ 442940.099999999976717, 215592.03 ], [ 442940.099999999976717, 215589.03 ], [ 442942.099999999976717, 215583.53 ], [ 442946.099999999976717, 215579.53 ], [ 442960.599999999976717, 215574.53 ], [ 442976.099999999976717, 215572.53 ], [ 442976.099999999976717, 215570.03 ], [ 442969.099999999976717, 215571.53 ], [ 442960.099999999976717, 215572.03 ], [ 442949.599999999976717, 215575.53 ], [ 442943.099999999976717, 215579.03 ], [ 442941.099999999976717, 215578.03 ], [ 442937.599999999976717, 215578.03 ], [ 442930.599999999976717, 215580.03 ], [ 442925.599999999976717, 215555.53 ], [ 442905.599999999976717, 215558.53 ], [ 442930.099999999976717, 215489.53 ], [ 442948.599999999976717, 215489.03 ], [ 442981.599999999976717, 215490.03 ], [ 442982.099999999976717, 215447.53 ], [ 442987.099999999976717, 215443.03 ], [ 442990.599999999976717, 215435.53 ], [ 442993.099999999976717, 215432.53 ], [ 442996.099999999976717, 215431.03 ], [ 443003.599999999976717, 215430.53 ], [ 443006.099999999976717, 215427.53 ], [ 443008.599999999976717, 215426.53 ], [ 443011.599999999976717, 215427.03 ], [ 443015.599999999976717, 215430.03 ], [ 443015.599999999976717, 215431.03 ], [ 443021.599999999976717, 215433.53 ], [ 443024.099999999976717, 215433.53 ], [ 443028.099999999976717, 215436.03 ], [ 443032.599999999976717, 215441.53 ], [ 443034.599999999976717, 215447.03 ], [ 443035.599999999976717, 215447.03 ], [ 443051.099999999976717, 215431.53 ], [ 443051.099999999976717, 215430.53 ], [ 443065.599999999976717, 215415.03 ], [ 443083.599999999976717, 215391.03 ], [ 443088.599999999976717, 215380.03 ], [ 443091.099999999976717, 215362.53 ], [ 443095.099999999976717, 215350.53 ], [ 443099.599999999976717, 215343.03 ], [ 443105.599999999976717, 215337.53 ], [ 443118.099999999976717, 215329.03 ], [ 443156.099999999976717, 215316.53 ], [ 443170.099999999976717, 215302.53 ], [ 443171.099999999976717, 215302.53 ], [ 443183.599999999976717, 215291.03 ], [ 443195.599999999976717, 215288.03 ], [ 443207.599999999976717, 215282.53 ], [ 443217.599999999976717, 215271.53 ], [ 443221.099999999976717, 215269.53 ], [ 443222.599999999976717, 215267.53 ], [ 443229.599999999976717, 215262.53 ], [ 443238.599999999976717, 215258.53 ], [ 443241.099999999976717, 215256.03 ], [ 443244.099999999976717, 215249.53 ], [ 443249.099999999976717, 215244.53 ], [ 443259.099999999976717, 215238.03 ], [ 443263.099999999976717, 215236.53 ], [ 443290.099999999976717, 215218.03 ], [ 443293.599999999976717, 215216.53 ], [ 443333.599999999976717, 215186.53 ], [ 443364.099999999976717, 215161.53 ], [ 443365.099999999976717, 215161.53 ], [ 443355.599999999976717, 215161.03 ], [ 443352.099999999976717, 215159.03 ], [ 443333.099999999976717, 215154.53 ], [ 443333.099999999976717, 215153.03 ], [ 443338.099999999976717, 215146.53 ], [ 443346.599999999976717, 215147.03 ], [ 443357.099999999976717, 215150.53 ], [ 443367.599999999976717, 215152.03 ], [ 443370.599999999976717, 215149.53 ], [ 443369.099999999976717, 215141.53 ], [ 443368.099999999976717, 215140.53 ], [ 443351.099999999976717, 215132.03 ], [ 443326.099999999976717, 215130.53 ], [ 443320.599999999976717, 215130.53 ], [ 443319.099999999976717, 215131.53 ], [ 443317.099999999976717, 215133.53 ], [ 443314.599999999976717, 215140.03 ], [ 443317.099999999976717, 215146.03 ], [ 443324.099999999976717, 215155.03 ], [ 443323.599999999976717, 215158.53 ], [ 443321.599999999976717, 215159.53 ], [ 443287.599999999976717, 215160.03 ], [ 443275.099999999976717, 215159.03 ], [ 443268.099999999976717, 215156.53 ], [ 443268.599999999976717, 215151.03 ], [ 443269.599999999976717, 215150.53 ], [ 443271.599999999976717, 215145.53 ], [ 443273.599999999976717, 215144.53 ], [ 443280.599999999976717, 215137.03 ], [ 443300.099999999976717, 215136.53 ], [ 443306.599999999976717, 215131.53 ], [ 443316.599999999976717, 215128.03 ], [ 443316.099999999976717, 215124.03 ], [ 443299.099999999976717, 215118.03 ], [ 443297.599999999976717, 215116.03 ], [ 443296.599999999976717, 215116.03 ], [ 443294.099999999976717, 215113.03 ], [ 443293.099999999976717, 215113.03 ], [ 443282.599999999976717, 215104.03 ], [ 443280.599999999976717, 215100.53 ], [ 443281.099999999976717, 215099.03 ], [ 443283.099999999976717, 215099.03 ], [ 443293.099999999976717, 215104.03 ], [ 443315.599999999976717, 215110.03 ], [ 443322.599999999976717, 215114.53 ], [ 443327.599999999976717, 215116.53 ], [ 443328.099999999976717, 215117.53 ], [ 443340.599999999976717, 215122.53 ], [ 443356.099999999976717, 215126.53 ], [ 443361.599999999976717, 215130.53 ], [ 443372.599999999976717, 215133.53 ], [ 443375.099999999976717, 215136.03 ], [ 443375.599999999976717, 215138.03 ], [ 443375.599999999976717, 215153.03 ], [ 443376.599999999976717, 215153.03 ], [ 443456.599999999976717, 215094.03 ], [ 443460.599999999976717, 215098.03 ], [ 443460.599999999976717, 215099.03 ], [ 443461.599999999976717, 215099.03 ], [ 443464.599999999976717, 215095.53 ], [ 443469.099999999976717, 215092.53 ], [ 443476.099999999976717, 215085.53 ], [ 443480.599999999976717, 215082.53 ], [ 443487.599999999976717, 215075.53 ], [ 443492.099999999976717, 215072.53 ], [ 443499.099999999976717, 215065.53 ], [ 443503.599999999976717, 215062.53 ], [ 443510.599999999976717, 215055.53 ], [ 443515.099999999976717, 215052.53 ], [ 443537.099999999976717, 215032.53 ], [ 443538.099999999976717, 215032.53 ], [ 443549.099999999976717, 215022.03 ], [ 443553.599999999976717, 215019.03 ], [ 443568.099999999976717, 215005.53 ], [ 443569.099999999976717, 215005.53 ], [ 443572.099999999976717, 215002.03 ], [ 443573.099999999976717, 215002.03 ], [ 443574.599999999976717, 214999.53 ], [ 443599.099999999976717, 214975.53 ], [ 443605.599999999976717, 214971.03 ], [ 443627.099999999976717, 214952.53 ], [ 443628.099999999976717, 214952.53 ], [ 443638.599999999976717, 214943.03 ], [ 443653.599999999976717, 214935.03 ], [ 443680.599999999976717, 214907.53 ], [ 443680.599999999976717, 214906.53 ], [ 443675.599999999976717, 214905.03 ], [ 443648.599999999976717, 214892.03 ], [ 443648.099999999976717, 214891.03 ], [ 443642.099999999976717, 214888.53 ], [ 443641.599999999976717, 214887.53 ], [ 443635.599999999976717, 214885.03 ], [ 443629.599999999976717, 214881.03 ], [ 443623.599999999976717, 214878.53 ], [ 443617.599999999976717, 214874.53 ], [ 443611.599999999976717, 214872.03 ], [ 443605.599999999976717, 214868.03 ], [ 443598.599999999976717, 214865.03 ], [ 443598.099999999976717, 214864.03 ], [ 443552.599999999976717, 214840.03 ], [ 443508.599999999976717, 214824.53 ], [ 443493.099999999976717, 214817.03 ], [ 443481.099999999976717, 214809.03 ], [ 443471.099999999976717, 214799.53 ], [ 443469.599999999976717, 214799.03 ], [ 443469.599999999976717, 214798.03 ], [ 443459.099999999976717, 214787.03 ], [ 443439.599999999976717, 214756.53 ], [ 443414.099999999976717, 214710.03 ], [ 443406.599999999976717, 214700.03 ], [ 443397.099999999976717, 214690.53 ], [ 443393.599999999976717, 214688.53 ], [ 443396.599999999976717, 214684.03 ], [ 443410.099999999976717, 214674.03 ], [ 443424.599999999976717, 214661.53 ], [ 443425.599999999976717, 214661.53 ], [ 443427.599999999976717, 214659.03 ], [ 443428.599999999976717, 214659.03 ], [ 443437.599999999976717, 214648.53 ], [ 443491.599999999976717, 214683.53 ], [ 443504.599999999976717, 214662.03 ], [ 443510.099999999976717, 214666.03 ], [ 443512.099999999976717, 214668.03 ], [ 443511.599999999976717, 214670.03 ], [ 443492.099999999976717, 214700.03 ], [ 443492.099999999976717, 214701.03 ], [ 443494.599999999976717, 214702.03 ], [ 443510.099999999976717, 214705.03 ], [ 443520.599999999976717, 214705.03 ], [ 443527.099999999976717, 214704.03 ], [ 443533.099999999976717, 214702.03 ], [ 443558.599999999976717, 214688.53 ], [ 443560.099999999976717, 214690.03 ], [ 443564.099999999976717, 214689.03 ], [ 443565.099999999976717, 214690.03 ], [ 443568.099999999976717, 214687.53 ], [ 443568.599999999976717, 214685.03 ], [ 443565.599999999976717, 214670.03 ], [ 443564.099999999976717, 214668.03 ], [ 443564.099999999976717, 214665.53 ], [ 443562.599999999976717, 214665.03 ], [ 443562.599999999976717, 214659.53 ], [ 443561.599999999976717, 214656.53 ], [ 443558.599999999976717, 214653.03 ], [ 443558.099999999976717, 214651.03 ], [ 443557.099999999976717, 214651.03 ], [ 443555.599999999976717, 214649.03 ], [ 443555.099999999976717, 214647.03 ], [ 443554.099999999976717, 214647.03 ], [ 443554.099999999976717, 214645.53 ], [ 443553.099999999976717, 214645.53 ], [ 443552.599999999976717, 214644.03 ], [ 443551.099999999976717, 214644.03 ], [ 443548.599999999976717, 214641.03 ], [ 443547.099999999976717, 214641.03 ], [ 443540.099999999976717, 214632.53 ], [ 443538.599999999976717, 214632.53 ], [ 443538.599999999976717, 214631.53 ], [ 443535.599999999976717, 214630.53 ], [ 443535.099999999976717, 214628.53 ], [ 443533.099999999976717, 214627.03 ], [ 443531.599999999976717, 214624.03 ], [ 443530.099999999976717, 214623.53 ], [ 443530.099999999976717, 214622.53 ], [ 443525.099999999976717, 214620.53 ], [ 443522.599999999976717, 214617.03 ], [ 443522.599999999976717, 214615.53 ], [ 443521.599999999976717, 214615.53 ], [ 443521.599999999976717, 214614.03 ], [ 443513.099999999976717, 214608.03 ], [ 443511.599999999976717, 214604.03 ], [ 443510.099999999976717, 214603.53 ], [ 443509.099999999976717, 214601.53 ], [ 443507.099999999976717, 214600.03 ], [ 443503.599999999976717, 214599.53 ], [ 443501.599999999976717, 214594.53 ], [ 443499.099999999976717, 214593.03 ], [ 443498.599999999976717, 214591.53 ], [ 443496.099999999976717, 214591.53 ], [ 443494.599999999976717, 214589.53 ], [ 443492.099999999976717, 214588.53 ], [ 443488.099999999976717, 214581.53 ], [ 443482.599999999976717, 214578.53 ], [ 443479.599999999976717, 214575.03 ], [ 443477.099999999976717, 214574.53 ], [ 443473.599999999976717, 214571.53 ], [ 443471.599999999976717, 214571.53 ], [ 443469.099999999976717, 214570.03 ], [ 443465.099999999976717, 214564.53 ], [ 443461.099999999976717, 214563.03 ], [ 443457.599999999976717, 214563.03 ], [ 443453.599999999976717, 214556.03 ], [ 443451.599999999976717, 214556.03 ], [ 443450.599999999976717, 214554.53 ], [ 443446.599999999976717, 214554.53 ], [ 443444.599999999976717, 214552.03 ], [ 443440.099999999976717, 214550.53 ], [ 443439.599999999976717, 214549.03 ], [ 443435.099999999976717, 214548.53 ], [ 443435.099999999976717, 214547.53 ], [ 443433.599999999976717, 214547.53 ], [ 443432.099999999976717, 214546.03 ], [ 443428.099999999976717, 214546.03 ], [ 443427.599999999976717, 214544.53 ], [ 443409.099999999976717, 214544.03 ], [ 443401.099999999976717, 214553.03 ], [ 443396.599999999976717, 214553.03 ], [ 443394.099999999976717, 214554.03 ], [ 443378.599999999976717, 214553.53 ], [ 443378.599999999976717, 214555.53 ], [ 443377.599999999976717, 214555.53 ], [ 443377.099999999976717, 214554.53 ], [ 443374.099999999976717, 214554.53 ], [ 443372.599999999976717, 214553.03 ], [ 443368.599999999976717, 214552.03 ], [ 443364.099999999976717, 214549.03 ], [ 443362.099999999976717, 214549.03 ], [ 443360.599999999976717, 214547.53 ], [ 443358.599999999976717, 214547.53 ], [ 443357.099999999976717, 214546.03 ], [ 443346.099999999976717, 214544.03 ], [ 443340.599999999976717, 214546.03 ], [ 443341.599999999976717, 214544.53 ], [ 443340.599999999976717, 214544.03 ], [ 443341.599999999976717, 214543.53 ], [ 443336.099999999976717, 214544.53 ], [ 443334.599999999976717, 214546.03 ], [ 443333.099999999976717, 214546.03 ], [ 443333.099999999976717, 214547.53 ], [ 443335.099999999976717, 214546.53 ], [ 443336.099999999976717, 214548.53 ], [ 443333.099999999976717, 214549.03 ], [ 443332.599999999976717, 214550.03 ], [ 443328.099999999976717, 214552.03 ], [ 443326.099999999976717, 214552.03 ], [ 443325.599999999976717, 214553.03 ], [ 443323.599999999976717, 214553.03 ], [ 443321.599999999976717, 214554.53 ], [ 443320.099999999976717, 214553.53 ], [ 443321.099999999976717, 214552.03 ], [ 443323.099999999976717, 214552.03 ], [ 443324.599999999976717, 214550.53 ], [ 443328.599999999976717, 214549.53 ], [ 443325.599999999976717, 214549.03 ], [ 443320.099999999976717, 214552.03 ], [ 443318.099999999976717, 214552.03 ], [ 443317.599999999976717, 214553.03 ], [ 443311.599999999976717, 214554.53 ], [ 443310.099999999976717, 214556.03 ], [ 443308.099999999976717, 214556.03 ], [ 443306.599999999976717, 214557.53 ], [ 443303.099999999976717, 214558.53 ], [ 443303.099999999976717, 214560.53 ], [ 443304.099999999976717, 214560.53 ], [ 443305.599999999976717, 214559.03 ], [ 443307.599999999976717, 214559.03 ], [ 443313.099999999976717, 214556.03 ], [ 443314.099999999976717, 214558.03 ], [ 443310.599999999976717, 214559.03 ], [ 443309.099999999976717, 214560.53 ], [ 443304.599999999976717, 214561.53 ], [ 443303.099999999976717, 214563.03 ], [ 443296.599999999976717, 214565.03 ], [ 443296.099999999976717, 214566.03 ], [ 443294.099999999976717, 214566.03 ], [ 443295.099999999976717, 214563.53 ], [ 443299.099999999976717, 214562.03 ], [ 443297.599999999976717, 214560.53 ], [ 443293.599999999976717, 214563.03 ], [ 443287.599999999976717, 214564.53 ], [ 443286.099999999976717, 214566.03 ], [ 443276.599999999976717, 214570.03 ], [ 443276.599999999976717, 214571.03 ], [ 443272.099999999976717, 214573.53 ], [ 443272.099999999976717, 214574.53 ], [ 443269.099999999976717, 214576.03 ], [ 443269.099999999976717, 214577.03 ], [ 443265.099999999976717, 214580.03 ], [ 443264.599999999976717, 214581.53 ], [ 443263.599999999976717, 214581.53 ], [ 443263.099999999976717, 214583.03 ], [ 443262.099999999976717, 214583.03 ], [ 443254.599999999976717, 214593.53 ], [ 443248.099999999976717, 214594.53 ], [ 443247.599999999976717, 214601.53 ], [ 443246.599999999976717, 214602.03 ], [ 443246.599999999976717, 214604.03 ], [ 443245.599999999976717, 214604.53 ], [ 443245.099999999976717, 214606.53 ], [ 443241.099999999976717, 214607.53 ], [ 443239.599999999976717, 214610.03 ], [ 443237.599999999976717, 214608.53 ], [ 443236.599999999976717, 214609.53 ], [ 443236.599999999976717, 214612.03 ], [ 443229.599999999976717, 214617.03 ], [ 443219.599999999976717, 214631.03 ], [ 443215.099999999976717, 214634.53 ], [ 443214.099999999976717, 214637.53 ], [ 443209.599999999976717, 214640.03 ], [ 443209.599999999976717, 214641.03 ], [ 443210.599999999976717, 214641.03 ], [ 443212.099999999976717, 214639.53 ], [ 443213.599999999976717, 214639.53 ], [ 443214.099999999976717, 214641.03 ], [ 443212.599999999976717, 214642.53 ], [ 443203.599999999976717, 214642.53 ], [ 443203.599999999976717, 214645.53 ], [ 443200.599999999976717, 214646.03 ], [ 443199.099999999976717, 214645.03 ], [ 443197.599999999976717, 214646.03 ], [ 443198.599999999976717, 214649.03 ], [ 443197.099999999976717, 214648.53 ], [ 443197.099999999976717, 214650.03 ], [ 443191.099999999976717, 214655.53 ], [ 443190.099999999976717, 214655.53 ], [ 443190.099999999976717, 214656.53 ], [ 443189.099999999976717, 214656.53 ], [ 443188.599999999976717, 214658.03 ], [ 443187.599999999976717, 214658.03 ], [ 443184.099999999976717, 214662.03 ], [ 443180.599999999976717, 214662.53 ], [ 443175.599999999976717, 214665.03 ], [ 443173.099999999976717, 214665.03 ], [ 443171.099999999976717, 214666.53 ], [ 443168.599999999976717, 214666.53 ], [ 443167.099999999976717, 214668.03 ], [ 443165.099999999976717, 214668.03 ], [ 443164.599999999976717, 214669.03 ], [ 443160.099999999976717, 214670.53 ], [ 443157.599999999976717, 214672.53 ], [ 443156.099999999976717, 214672.53 ], [ 443155.099999999976717, 214674.03 ], [ 443141.599999999976717, 214697.53 ], [ 443138.599999999976717, 214701.03 ], [ 443103.099999999976717, 214771.03 ], [ 443099.099999999976717, 214781.03 ], [ 443092.099999999976717, 214806.53 ], [ 443090.099999999976717, 214818.53 ], [ 443071.599999999976717, 214882.03 ], [ 443067.099999999976717, 214901.03 ], [ 443064.099999999976717, 214919.53 ], [ 443058.099999999976717, 214934.03 ], [ 443054.099999999976717, 214947.53 ], [ 443052.099999999976717, 214960.03 ], [ 443051.099999999976717, 214976.53 ], [ 443028.099999999976717, 215008.53 ], [ 443027.599999999976717, 215010.03 ], [ 443029.099999999976717, 215012.03 ], [ 443029.599999999976717, 215015.53 ], [ 443027.099999999976717, 215019.53 ], [ 443027.099999999976717, 215021.03 ], [ 443022.599999999976717, 215027.03 ], [ 443019.599999999976717, 215029.03 ], [ 443019.599999999976717, 215030.03 ], [ 443014.099999999976717, 215035.53 ], [ 443009.599999999976717, 215038.03 ], [ 443009.599999999976717, 215039.03 ], [ 443008.599999999976717, 215039.03 ], [ 443003.099999999976717, 215044.03 ], [ 443000.599999999976717, 215045.03 ], [ 442998.599999999976717, 215048.03 ], [ 442991.599999999976717, 215052.53 ], [ 442991.599999999976717, 215053.53 ], [ 442990.099999999976717, 215053.53 ], [ 442989.599999999976717, 215055.03 ], [ 442977.099999999976717, 215064.03 ], [ 442977.099999999976717, 215065.03 ], [ 442975.599999999976717, 215065.53 ], [ 442974.599999999976717, 215064.53 ], [ 442975.599999999976717, 215062.53 ], [ 442982.599999999976717, 215058.03 ], [ 442983.099999999976717, 215056.53 ], [ 442997.099999999976717, 215046.53 ], [ 442998.599999999976717, 215044.03 ], [ 443012.599999999976717, 215034.03 ], [ 443018.599999999976717, 215027.03 ], [ 443019.599999999976717, 215027.03 ], [ 443020.099999999976717, 215025.53 ], [ 443021.099999999976717, 215025.53 ], [ 443025.599999999976717, 215019.53 ], [ 443026.099999999976717, 215017.03 ], [ 443027.099999999976717, 215017.03 ], [ 443026.599999999976717, 215014.53 ], [ 443022.599999999976717, 215021.03 ], [ 443016.599999999976717, 215028.03 ], [ 443015.599999999976717, 215028.03 ], [ 443015.099999999976717, 215029.53 ], [ 443014.099999999976717, 215029.53 ], [ 443013.599999999976717, 215031.03 ], [ 443012.599999999976717, 215031.03 ], [ 443012.099999999976717, 215032.53 ], [ 443011.099999999976717, 215032.53 ], [ 443010.599999999976717, 215034.03 ], [ 442993.099999999976717, 215046.53 ], [ 442991.099999999976717, 215049.03 ], [ 442987.099999999976717, 215051.53 ], [ 442987.099999999976717, 215052.53 ], [ 442985.599999999976717, 215052.53 ], [ 442985.599999999976717, 215053.53 ], [ 442979.099999999976717, 215058.03 ], [ 442978.599999999976717, 215059.53 ], [ 442977.099999999976717, 215059.53 ], [ 442976.599999999976717, 215061.03 ], [ 442973.599999999976717, 215062.53 ], [ 442971.599999999976717, 215065.03 ], [ 442968.599999999976717, 215066.53 ], [ 442968.099999999976717, 215068.03 ], [ 442961.599999999976717, 215072.53 ], [ 442961.599999999976717, 215073.53 ], [ 442960.099999999976717, 215073.53 ], [ 442958.599999999976717, 215076.03 ], [ 442952.099999999976717, 215080.53 ], [ 442951.599999999976717, 215082.03 ], [ 442950.099999999976717, 215082.03 ], [ 442949.099999999976717, 215084.03 ], [ 442943.099999999976717, 215088.03 ], [ 442943.099999999976717, 215089.03 ], [ 442942.099999999976717, 215089.03 ], [ 442939.599999999976717, 215092.03 ], [ 442943.099999999976717, 215091.03 ], [ 442946.099999999976717, 215087.53 ], [ 442950.099999999976717, 215085.03 ], [ 442950.099999999976717, 215084.03 ], [ 442955.599999999976717, 215080.53 ], [ 442956.099999999976717, 215079.03 ], [ 442957.599999999976717, 215079.03 ], [ 442957.599999999976717, 215078.03 ], [ 442958.599999999976717, 215078.03 ], [ 442958.599999999976717, 215077.03 ], [ 442959.599999999976717, 215077.03 ], [ 442961.099999999976717, 215075.03 ], [ 442963.099999999976717, 215074.53 ], [ 442964.099999999976717, 215075.53 ], [ 442963.599999999976717, 215076.53 ], [ 442951.599999999976717, 215085.53 ], [ 442951.599999999976717, 215086.53 ], [ 442949.099999999976717, 215087.53 ], [ 442948.599999999976717, 215089.03 ], [ 442947.599999999976717, 215089.03 ], [ 442943.099999999976717, 215093.53 ], [ 442936.599999999976717, 215095.03 ], [ 442935.599999999976717, 215096.03 ], [ 442933.099999999976717, 215096.03 ], [ 442927.099999999976717, 215099.03 ], [ 442918.099999999976717, 215107.53 ], [ 442910.599999999976717, 215113.03 ], [ 442907.599999999976717, 215116.53 ], [ 442906.599999999976717, 215116.53 ], [ 442903.599999999976717, 215120.03 ], [ 442902.599999999976717, 215120.03 ], [ 442884.099999999976717, 215138.03 ], [ 442883.099999999976717, 215138.03 ], [ 442860.599999999976717, 215161.03 ], [ 442860.599999999976717, 215162.03 ], [ 442856.099999999976717, 215166.03 ], [ 442856.099999999976717, 215167.03 ], [ 442851.599999999976717, 215171.03 ], [ 442851.599999999976717, 215172.03 ], [ 442837.599999999976717, 215187.03 ], [ 442837.599999999976717, 215188.03 ], [ 442834.099999999976717, 215191.03 ], [ 442834.099999999976717, 215192.03 ], [ 442830.599999999976717, 215195.53 ], [ 442823.099999999976717, 215210.53 ], [ 442814.099999999976717, 215237.53 ], [ 442813.099999999976717, 215247.03 ], [ 442813.599999999976717, 215256.03 ], [ 442817.099999999976717, 215267.03 ], [ 442820.099999999976717, 215282.03 ], [ 442826.599999999976717, 215299.03 ], [ 442835.099999999976717, 215316.03 ], [ 442837.099999999976717, 215324.03 ], [ 442837.099999999976717, 215335.53 ], [ 442838.599999999976717, 215342.03 ], [ 442840.099999999976717, 215345.03 ], [ 442848.099999999976717, 215344.53 ], [ 442849.599999999976717, 215346.03 ], [ 442849.099999999976717, 215356.53 ], [ 442848.099999999976717, 215362.53 ], [ 442845.599999999976717, 215368.03 ], [ 442845.599999999976717, 215374.03 ], [ 442843.099999999976717, 215387.53 ], [ 442833.099999999976717, 215408.53 ], [ 442828.599999999976717, 215422.03 ], [ 442824.099999999976717, 215445.53 ], [ 442822.099999999976717, 215450.03 ], [ 442816.099999999976717, 215457.03 ], [ 442814.599999999976717, 215461.03 ], [ 442808.599999999976717, 215457.53 ], [ 442822.599999999976717, 215477.53 ], [ 442827.099999999976717, 215487.53 ], [ 442829.599999999976717, 215491.03 ], [ 442830.599999999976717, 215494.53 ], [ 442830.599999999976717, 215501.53 ], [ 442829.599999999976717, 215506.53 ], [ 442824.599999999976717, 215520.03 ], [ 442815.599999999976717, 215552.03 ], [ 442809.599999999976717, 215566.53 ], [ 442787.099999999976717, 215609.53 ], [ 442775.599999999976717, 215627.53 ], [ 442768.599999999976717, 215641.03 ], [ 442764.599999999976717, 215645.53 ], [ 442763.599999999976717, 215648.03 ], [ 442759.099999999976717, 215652.53 ], [ 442747.599999999976717, 215668.03 ], [ 442732.599999999976717, 215683.53 ], [ 442731.599999999976717, 215683.53 ], [ 442729.099999999976717, 215686.53 ], [ 442721.599999999976717, 215691.53 ], [ 442715.599999999976717, 215697.03 ], [ 442714.599999999976717, 215697.03 ], [ 442705.599999999976717, 215705.03 ], [ 442702.599999999976717, 215706.53 ], [ 442696.099999999976717, 215712.53 ], [ 442693.099999999976717, 215714.03 ], [ 442674.099999999976717, 215730.53 ], [ 442646.599999999976717, 215751.03 ], [ 442642.599999999976717, 215755.03 ], [ 442647.599999999976717, 215759.03 ], [ 442647.599999999976717, 215760.03 ], [ 442644.599999999976717, 215762.53 ], [ 442645.099999999976717, 215764.03 ], [ 442668.599999999976717, 215780.03 ], [ 442669.599999999976717, 215781.53 ], [ 442673.599999999976717, 215783.53 ], [ 442683.099999999976717, 215791.03 ] ], [ [ 443378.599999999976717, 214555.53 ], [ 443380.099999999976717, 214555.53 ], [ 443380.099999999976717, 214556.03 ], [ 443378.599999999976717, 214556.03 ], [ 443378.599999999976717, 214555.53 ] ], [ [ 443294.099999999976717, 214566.03 ], [ 443293.099999999976717, 214567.53 ], [ 443285.099999999976717, 214570.03 ], [ 443279.599999999976717, 214573.03 ], [ 443276.599999999976717, 214576.03 ], [ 443275.099999999976717, 214576.03 ], [ 443275.099999999976717, 214577.03 ], [ 443273.099999999976717, 214577.53 ], [ 443266.599999999976717, 214584.03 ], [ 443262.599999999976717, 214590.03 ], [ 443261.099999999976717, 214590.53 ], [ 443260.599999999976717, 214588.53 ], [ 443262.099999999976717, 214586.03 ], [ 443263.099999999976717, 214586.03 ], [ 443265.099999999976717, 214582.53 ], [ 443271.599999999976717, 214576.03 ], [ 443273.599999999976717, 214575.53 ], [ 443273.599999999976717, 214574.53 ], [ 443275.099999999976717, 214574.53 ], [ 443279.599999999976717, 214570.53 ], [ 443289.099999999976717, 214567.03 ], [ 443289.599999999976717, 214566.03 ], [ 443294.099999999976717, 214566.03 ] ], [ [ 443555.099999999976717, 214667.03 ], [ 443555.099999999976717, 214665.53 ], [ 443554.099999999976717, 214665.03 ], [ 443554.099999999976717, 214662.53 ], [ 443555.599999999976717, 214665.03 ], [ 443555.099999999976717, 214667.03 ] ], [ [ 443553.599999999976717, 214662.03 ], [ 443553.599999999976717, 214661.53 ], [ 443554.099999999976717, 214661.53 ], [ 443554.099999999976717, 214662.03 ], [ 443553.599999999976717, 214662.03 ] ], [ [ 443513.099999999976717, 214926.03 ], [ 443434.099999999976717, 214892.03 ], [ 443473.599999999976717, 214813.53 ], [ 443552.599999999976717, 214848.03 ], [ 443552.599999999976717, 214849.53 ], [ 443514.599999999976717, 214925.53 ], [ 443513.099999999976717, 214926.03 ] ], [ [ 443524.099999999976717, 214678.53 ], [ 443520.599999999976717, 214677.03 ], [ 443514.599999999976717, 214672.53 ], [ 443513.099999999976717, 214666.53 ], [ 443517.599999999976717, 214660.53 ], [ 443523.099999999976717, 214656.53 ], [ 443529.599999999976717, 214655.53 ], [ 443535.099999999976717, 214658.53 ], [ 443538.099999999976717, 214662.53 ], [ 443538.599999999976717, 214675.03 ], [ 443537.099999999976717, 214677.03 ], [ 443533.599999999976717, 214678.53 ], [ 443524.099999999976717, 214678.53 ] ], [ [ 443498.099999999976717, 214604.53 ], [ 443498.099999999976717, 214604.03 ], [ 443498.599999999976717, 214604.03 ], [ 443498.599999999976717, 214604.53 ], [ 443498.099999999976717, 214604.53 ] ], [ [ 443498.599999999976717, 214604.53 ], [ 443499.099999999976717, 214604.53 ], [ 443499.099999999976717, 214605.03 ], [ 443498.599999999976717, 214605.03 ], [ 443498.599999999976717, 214604.53 ] ], [ [ 443488.599999999976717, 214595.03 ], [ 443488.599999999976717, 214594.53 ], [ 443489.099999999976717, 214594.53 ], [ 443489.099999999976717, 214595.03 ], [ 443488.599999999976717, 214595.03 ] ], [ [ 443487.599999999976717, 214594.53 ], [ 443487.599999999976717, 214594.03 ], [ 443488.099999999976717, 214594.03 ], [ 443488.099999999976717, 214594.53 ], [ 443487.599999999976717, 214594.53 ] ], [ [ 443487.099999999976717, 214593.53 ], [ 443487.099999999976717, 214593.03 ], [ 443487.599999999976717, 214593.03 ], [ 443487.599999999976717, 214593.53 ], [ 443487.099999999976717, 214593.53 ] ], [ [ 443402.599999999976717, 214554.53 ], [ 443401.599999999976717, 214553.03 ], [ 443404.599999999976717, 214551.53 ], [ 443406.599999999976717, 214552.03 ], [ 443405.099999999976717, 214554.03 ], [ 443402.599999999976717, 214554.53 ] ], [ [ 443401.099999999976717, 214556.03 ], [ 443401.099999999976717, 214555.53 ], [ 443401.599999999976717, 214555.53 ], [ 443401.599999999976717, 214556.03 ], [ 443401.099999999976717, 214556.03 ] ], [ [ 443400.099999999976717, 214556.53 ], [ 443400.099999999976717, 214556.03 ], [ 443400.599999999976717, 214556.03 ], [ 443400.599999999976717, 214556.53 ], [ 443400.099999999976717, 214556.53 ] ], [ [ 443383.599999999976717, 214556.53 ], [ 443383.599999999976717, 214556.03 ], [ 443386.599999999976717, 214556.03 ], [ 443386.599999999976717, 214556.53 ], [ 443383.599999999976717, 214556.53 ] ], [ [ 443339.099999999976717, 214547.03 ], [ 443339.099999999976717, 214546.53 ], [ 443339.599999999976717, 214546.53 ], [ 443339.599999999976717, 214547.03 ], [ 443339.099999999976717, 214547.03 ] ], [ [ 443339.599999999976717, 214546.53 ], [ 443339.599999999976717, 214546.03 ], [ 443340.099999999976717, 214546.03 ], [ 443340.099999999976717, 214546.53 ], [ 443339.599999999976717, 214546.53 ] ], [ [ 443200.099999999976717, 215153.53 ], [ 443195.099999999976717, 215146.53 ], [ 443202.599999999976717, 215136.53 ], [ 443221.099999999976717, 215129.03 ], [ 443232.099999999976717, 215120.53 ], [ 443234.599999999976717, 215119.53 ], [ 443244.099999999976717, 215109.53 ], [ 443244.099999999976717, 215103.53 ], [ 443240.099999999976717, 215099.03 ], [ 443240.099999999976717, 215097.53 ], [ 443243.599999999976717, 215093.03 ], [ 443245.099999999976717, 215088.53 ], [ 443247.099999999976717, 215087.53 ], [ 443251.599999999976717, 215087.53 ], [ 443255.599999999976717, 215089.03 ], [ 443256.099999999976717, 215092.53 ], [ 443251.599999999976717, 215096.53 ], [ 443250.599999999976717, 215103.53 ], [ 443258.099999999976717, 215111.03 ], [ 443261.599999999976717, 215119.03 ], [ 443242.599999999976717, 215129.03 ], [ 443233.599999999976717, 215139.03 ], [ 443227.599999999976717, 215138.53 ], [ 443212.099999999976717, 215148.03 ], [ 443201.599999999976717, 215153.53 ], [ 443200.099999999976717, 215153.53 ] ], [ [ 443229.599999999976717, 214623.03 ], [ 443228.599999999976717, 214621.53 ], [ 443231.099999999976717, 214618.53 ], [ 443234.099999999976717, 214616.53 ], [ 443236.099999999976717, 214617.53 ], [ 443231.099999999976717, 214621.53 ], [ 443231.099999999976717, 214622.53 ], [ 443229.599999999976717, 214623.03 ] ], [ [ 443221.099999999976717, 214632.53 ], [ 443221.099999999976717, 214630.03 ], [ 443224.599999999976717, 214627.53 ], [ 443225.099999999976717, 214629.53 ], [ 443224.099999999976717, 214631.03 ], [ 443222.599999999976717, 214631.53 ], [ 443222.599999999976717, 214632.53 ], [ 443221.099999999976717, 214632.53 ] ], [ [ 443218.599999999976717, 214637.03 ], [ 443218.599999999976717, 214636.53 ], [ 443219.099999999976717, 214636.53 ], [ 443219.099999999976717, 214637.03 ], [ 443218.599999999976717, 214637.03 ] ], [ [ 443219.099999999976717, 214636.53 ], [ 443219.099999999976717, 214636.03 ], [ 443219.599999999976717, 214636.03 ], [ 443219.599999999976717, 214636.53 ], [ 443219.099999999976717, 214636.53 ] ], [ [ 443199.099999999976717, 214648.03 ], [ 443199.099999999976717, 214647.53 ], [ 443199.599999999976717, 214647.53 ], [ 443199.599999999976717, 214648.03 ], [ 443199.099999999976717, 214648.03 ] ], [ [ 442964.599999999976717, 215075.03 ], [ 442964.099999999976717, 215073.03 ], [ 442966.099999999976717, 215071.53 ], [ 442966.099999999976717, 215070.53 ], [ 442968.599999999976717, 215069.53 ], [ 442968.599999999976717, 215068.53 ], [ 442971.099999999976717, 215067.53 ], [ 442973.099999999976717, 215065.03 ], [ 442974.599999999976717, 215065.53 ], [ 442974.599999999976717, 215067.03 ], [ 442972.599999999976717, 215069.03 ], [ 442970.099999999976717, 215070.03 ], [ 442967.099999999976717, 215072.53 ], [ 442967.099999999976717, 215073.53 ], [ 442966.099999999976717, 215073.53 ], [ 442965.599999999976717, 215075.03 ], [ 442964.599999999976717, 215075.03 ] ], [ [ 442953.099999999976717, 215360.03 ], [ 442948.099999999976717, 215347.53 ], [ 442957.099999999976717, 215344.53 ], [ 442961.099999999976717, 215355.03 ], [ 442958.599999999976717, 215358.53 ], [ 442953.099999999976717, 215360.03 ] ], [ [ 442911.099999999976717, 215698.03 ], [ 442908.099999999976717, 215693.53 ], [ 442907.099999999976717, 215689.53 ], [ 442907.099999999976717, 215683.53 ], [ 442908.599999999976717, 215681.53 ], [ 442910.599999999976717, 215681.53 ], [ 442912.599999999976717, 215683.03 ], [ 442916.599999999976717, 215690.53 ], [ 442915.599999999976717, 215696.03 ], [ 442912.599999999976717, 215698.03 ], [ 442911.099999999976717, 215698.03 ] ] ] } },
{ "type": "Feature", "properties": { "mainhabs": "Deciduous woodland", "habcodes": "DWOOD", "featdesc": null, "featcodes": null, "otherclass": null, "addhabs": "CFPGM", "primsource": "National Forest Inventory 2023 (DWOOD)", "areaha": "2.07", "version": "Sep_25", "uid": "PHID44351137_021440669", "shape_length": null, "shape_area": null, "site": "blenheim", "pid": 5, "method": "sam2iter" }, "geometry": { "type": "Polygon", "coordinates": [ [ [ 443649.099999999976717, 214605.03 ], [ 443650.599999999976717, 214603.53 ], [ 443649.099999999976717, 214603.03 ], [ 443648.099999999976717, 214600.03 ], [ 443646.599999999976717, 214599.53 ], [ 443645.099999999976717, 214596.53 ], [ 443643.099999999976717, 214595.03 ], [ 443643.099999999976717, 214593.03 ], [ 443646.599999999976717, 214595.53 ], [ 443646.599999999976717, 214597.03 ], [ 443648.099999999976717, 214597.53 ], [ 443652.099999999976717, 214604.03 ], [ 443658.099999999976717, 214598.53 ], [ 443658.099999999976717, 214597.53 ], [ 443654.599999999976717, 214594.53 ], [ 443654.599999999976717, 214593.53 ], [ 443651.099999999976717, 214590.53 ], [ 443651.099999999976717, 214589.53 ], [ 443647.599999999976717, 214586.53 ], [ 443647.599999999976717, 214585.53 ], [ 443644.099999999976717, 214582.53 ], [ 443644.099999999976717, 214581.53 ], [ 443640.099999999976717, 214578.03 ], [ 443640.099999999976717, 214577.03 ], [ 443635.099999999976717, 214571.53 ], [ 443642.599999999976717, 214563.53 ], [ 443658.099999999976717, 214569.03 ], [ 443668.599999999976717, 214570.03 ], [ 443669.099999999976717, 214575.53 ], [ 443666.599999999976717, 214580.03 ], [ 443666.599999999976717, 214582.03 ], [ 443668.099999999976717, 214582.53 ], [ 443669.599999999976717, 214581.53 ], [ 443671.099999999976717, 214574.53 ], [ 443670.099999999976717, 214560.53 ], [ 443666.099999999976717, 214547.53 ], [ 443660.099999999976717, 214535.53 ], [ 443655.099999999976717, 214527.53 ], [ 443648.099999999976717, 214519.53 ], [ 443639.099999999976717, 214506.53 ], [ 443629.099999999976717, 214495.53 ], [ 443629.099999999976717, 214494.53 ], [ 443624.599999999976717, 214490.53 ], [ 443624.599999999976717, 214489.53 ], [ 443613.599999999976717, 214479.03 ], [ 443613.599999999976717, 214478.03 ], [ 443606.599999999976717, 214471.53 ], [ 443606.599999999976717, 214470.53 ], [ 443599.599999999976717, 214464.03 ], [ 443599.599999999976717, 214463.03 ], [ 443584.599999999976717, 214448.03 ], [ 443584.599999999976717, 214447.03 ], [ 443537.099999999976717, 214401.03 ], [ 443528.599999999976717, 214388.53 ], [ 443520.099999999976717, 214370.03 ], [ 443479.599999999976717, 214363.03 ], [ 443365.099999999976717, 214340.03 ], [ 443362.599999999976717, 214340.53 ], [ 443361.599999999976717, 214339.03 ], [ 443355.599999999976717, 214339.03 ], [ 443353.599999999976717, 214340.53 ], [ 443351.599999999976717, 214356.53 ], [ 443350.099999999976717, 214361.03 ], [ 443350.099999999976717, 214368.03 ], [ 443349.099999999976717, 214368.53 ], [ 443350.599999999976717, 214370.53 ], [ 443353.099999999976717, 214370.03 ], [ 443353.099999999976717, 214371.53 ], [ 443352.599999999976717, 214374.03 ], [ 443351.099999999976717, 214375.53 ], [ 443350.099999999976717, 214374.53 ], [ 443348.599999999976717, 214375.03 ], [ 443348.599999999976717, 214377.03 ], [ 443350.099999999976717, 214377.53 ], [ 443348.599999999976717, 214378.03 ], [ 443348.599999999976717, 214379.53 ], [ 443351.599999999976717, 214380.03 ], [ 443351.599999999976717, 214386.03 ], [ 443350.599999999976717, 214386.53 ], [ 443353.099999999976717, 214388.03 ], [ 443353.599999999976717, 214389.53 ], [ 443355.599999999976717, 214390.03 ], [ 443360.099999999976717, 214394.53 ], [ 443362.599999999976717, 214392.53 ], [ 443383.599999999976717, 214394.03 ], [ 443382.599999999976717, 214397.03 ], [ 443384.099999999976717, 214397.03 ], [ 443384.599999999976717, 214398.53 ], [ 443386.099999999976717, 214397.53 ], [ 443387.599999999976717, 214398.53 ], [ 443388.599999999976717, 214398.03 ], [ 443388.099999999976717, 214396.53 ], [ 443385.599999999976717, 214396.53 ], [ 443386.599999999976717, 214394.53 ], [ 443395.099999999976717, 214395.03 ], [ 443397.099999999976717, 214396.03 ], [ 443398.599999999976717, 214395.53 ], [ 443398.599999999976717, 214396.53 ], [ 443397.099999999976717, 214397.03 ], [ 443399.599999999976717, 214397.03 ], [ 443400.599999999976717, 214398.03 ], [ 443400.099999999976717, 214399.53 ], [ 443401.099999999976717, 214400.03 ], [ 443408.599999999976717, 214400.53 ], [ 443408.099999999976717, 214398.53 ], [ 443410.599999999976717, 214397.03 ], [ 443411.099999999976717, 214398.03 ], [ 443413.599999999976717, 214397.53 ], [ 443426.599999999976717, 214401.53 ], [ 443426.599999999976717, 214403.03 ], [ 443424.599999999976717, 214405.03 ], [ 443430.599999999976717, 214407.53 ], [ 443431.099999999976717, 214408.53 ], [ 443436.099999999976717, 214410.03 ], [ 443435.599999999976717, 214409.03 ], [ 443437.099999999976717, 214408.53 ], [ 443437.099999999976717, 214410.53 ], [ 443438.099999999976717, 214411.53 ], [ 443448.599999999976717, 214415.53 ], [ 443450.099999999976717, 214417.03 ], [ 443452.099999999976717, 214417.03 ], [ 443456.599999999976717, 214420.03 ], [ 443465.099999999976717, 214423.03 ], [ 443465.599999999976717, 214424.03 ], [ 443470.599999999976717, 214425.53 ], [ 443475.099999999976717, 214428.53 ], [ 443477.099999999976717, 214427.53 ], [ 443476.099999999976717, 214427.03 ], [ 443476.099999999976717, 214425.53 ], [ 443479.599999999976717, 214425.53 ], [ 443489.599999999976717, 214430.53 ], [ 443490.099999999976717, 214431.53 ], [ 443492.599999999976717, 214432.03 ], [ 443508.099999999976717, 214442.03 ], [ 443522.099999999976717, 214453.53 ], [ 443521.599999999976717, 214455.53 ], [ 443520.099999999976717, 214455.53 ], [ 443520.099999999976717, 214454.03 ], [ 443518.599999999976717, 214453.53 ], [ 443518.599999999976717, 214456.03 ], [ 443521.599999999976717, 214458.03 ], [ 443522.099999999976717, 214459.53 ], [ 443524.599999999976717, 214458.53 ], [ 443525.099999999976717, 214459.53 ], [ 443528.099999999976717, 214460.03 ], [ 443530.599999999976717, 214462.53 ], [ 443530.599999999976717, 214467.03 ], [ 443532.099999999976717, 214466.53 ], [ 443532.599999999976717, 214467.53 ], [ 443530.599999999976717, 214467.53 ], [ 443530.099999999976717, 214468.53 ], [ 443533.599999999976717, 214471.03 ], [ 443534.099999999976717, 214473.03 ], [ 443535.599999999976717, 214473.03 ], [ 443535.599999999976717, 214474.03 ], [ 443539.599999999976717, 214474.53 ], [ 443540.599999999976717, 214475.53 ], [ 443541.599999999976717, 214478.03 ], [ 443541.599999999976717, 214482.53 ], [ 443543.099999999976717, 214483.03 ], [ 443548.599999999976717, 214491.03 ], [ 443551.599999999976717, 214491.03 ], [ 443551.599999999976717, 214492.03 ], [ 443550.099999999976717, 214492.53 ], [ 443552.099999999976717, 214495.03 ], [ 443554.099999999976717, 214495.53 ], [ 443554.599999999976717, 214499.03 ], [ 443557.099999999976717, 214501.03 ], [ 443564.099999999976717, 214511.53 ], [ 443566.099999999976717, 214512.53 ], [ 443566.599999999976717, 214515.03 ], [ 443569.099999999976717, 214516.53 ], [ 443569.099999999976717, 214518.03 ], [ 443570.599999999976717, 214518.03 ], [ 443571.099999999976717, 214514.53 ], [ 443572.099999999976717, 214515.03 ], [ 443578.599999999976717, 214524.53 ], [ 443577.099999999976717, 214525.53 ], [ 443578.099999999976717, 214528.53 ], [ 443582.099999999976717, 214529.03 ], [ 443584.099999999976717, 214531.53 ], [ 443585.599999999976717, 214536.53 ], [ 443588.099999999976717, 214536.53 ], [ 443588.099999999976717, 214537.53 ], [ 443590.099999999976717, 214539.03 ], [ 443587.599999999976717, 214542.03 ], [ 443588.099999999976717, 214543.53 ], [ 443590.099999999976717, 214545.03 ], [ 443589.599999999976717, 214543.53 ], [ 443591.599999999976717, 214543.53 ], [ 443591.099999999976717, 214546.03 ], [ 443592.599999999976717, 214547.53 ], [ 443592.599999999976717, 214549.03 ], [ 443595.099999999976717, 214550.53 ], [ 443595.599999999976717, 214549.03 ], [ 443594.099999999976717, 214549.03 ], [ 443593.599999999976717, 214548.03 ], [ 443594.099999999976717, 214544.53 ], [ 443592.099999999976717, 214543.53 ], [ 443593.099999999976717, 214542.53 ], [ 443595.599999999976717, 214546.03 ], [ 443596.099999999976717, 214548.53 ], [ 443598.099999999976717, 214548.53 ], [ 443601.099999999976717, 214552.03 ], [ 443601.099999999976717, 214553.03 ], [ 443598.099999999976717, 214553.03 ], [ 443596.599999999976717, 214552.03 ], [ 443598.099999999976717, 214555.03 ], [ 443599.599999999976717, 214554.53 ], [ 443599.599999999976717, 214557.53 ], [ 443601.099999999976717, 214558.03 ], [ 443601.099999999976717, 214559.03 ], [ 443604.099999999976717, 214561.53 ], [ 443605.099999999976717, 214564.03 ], [ 443606.599999999976717, 214564.53 ], [ 443610.099999999976717, 214569.53 ], [ 443611.099999999976717, 214569.53 ], [ 443611.099999999976717, 214567.53 ], [ 443612.599999999976717, 214568.03 ], [ 443612.599999999976717, 214570.03 ], [ 443611.099999999976717, 214571.03 ], [ 443612.599999999976717, 214573.03 ], [ 443613.599999999976717, 214572.53 ], [ 443617.099999999976717, 214574.03 ], [ 443618.599999999976717, 214573.03 ], [ 443618.599999999976717, 214574.03 ], [ 443620.599999999976717, 214575.53 ], [ 443621.099999999976717, 214578.53 ], [ 443620.099999999976717, 214578.03 ], [ 443619.599999999976717, 214576.03 ], [ 443617.599999999976717, 214577.03 ], [ 443618.099999999976717, 214580.03 ], [ 443619.099999999976717, 214580.03 ], [ 443621.599999999976717, 214583.53 ], [ 443623.599999999976717, 214584.53 ], [ 443623.599999999976717, 214586.53 ], [ 443625.099999999976717, 214588.53 ], [ 443628.099999999976717, 214590.53 ], [ 443630.599999999976717, 214594.53 ], [ 443631.599999999976717, 214594.53 ], [ 443633.599999999976717, 214597.03 ], [ 443635.099999999976717, 214595.53 ], [ 443636.599999999976717, 214595.53 ], [ 443637.599999999976717, 214597.03 ], [ 443640.599999999976717, 214596.03 ], [ 443643.599999999976717, 214600.03 ], [ 443645.099999999976717, 214600.53 ], [ 443645.099999999976717, 214601.53 ], [ 443646.599999999976717, 214601.53 ], [ 443648.099999999976717, 214604.03 ], [ 443649.099999999976717, 214604.03 ], [ 443649.099999999976717, 214605.03 ] ], [ [ 443632.099999999976717, 214592.03 ], [ 443631.099999999976717, 214591.03 ], [ 443632.599999999976717, 214590.03 ], [ 443633.599999999976717, 214591.53 ], [ 443632.099999999976717, 214592.03 ] ], [ [ 443611.599999999976717, 214567.03 ], [ 443611.099999999976717, 214565.53 ], [ 443612.099999999976717, 214565.53 ], [ 443612.599999999976717, 214566.53 ], [ 443611.599999999976717, 214567.03 ] ], [ [ 443612.599999999976717, 214566.53 ], [ 443613.099999999976717, 214566.53 ], [ 443613.099999999976717, 214567.03 ], [ 443612.599999999976717, 214567.03 ], [ 443612.599999999976717, 214566.53 ] ], [ [ 443613.099999999976717, 214567.03 ], [ 443613.599999999976717, 214567.03 ], [ 443613.599999999976717, 214567.53 ], [ 443613.099999999976717, 214567.53 ], [ 443613.099999999976717, 214567.03 ] ], [ [ 443609.599999999976717, 214567.03 ], [ 443609.599999999976717, 214564.53 ], [ 443611.099999999976717, 214564.03 ], [ 443610.599999999976717, 214566.53 ], [ 443609.599999999976717, 214567.03 ] ], [ [ 443603.599999999976717, 214559.03 ], [ 443603.599999999976717, 214557.53 ], [ 443605.099999999976717, 214558.03 ], [ 443604.599999999976717, 214559.03 ], [ 443603.599999999976717, 214559.03 ] ], [ [ 443602.099999999976717, 214555.53 ], [ 443601.599999999976717, 214554.03 ], [ 443602.599999999976717, 214553.53 ], [ 443602.599999999976717, 214555.53 ], [ 443602.099999999976717, 214555.53 ] ], [ [ 443594.099999999976717, 214535.53 ], [ 443594.099999999976717, 214535.03 ], [ 443594.599999999976717, 214535.03 ], [ 443594.599999999976717, 214535.53 ], [ 443594.099999999976717, 214535.53 ] ], [ [ 443594.599999999976717, 214535.53 ], [ 443595.099999999976717, 214535.53 ], [ 443595.099999999976717, 214536.03 ], [ 443594.599999999976717, 214536.03 ], [ 443594.599999999976717, 214535.53 ] ], [ [ 443580.599999999976717, 214528.03 ], [ 443580.599999999976717, 214527.53 ], [ 443581.099999999976717, 214527.53 ], [ 443581.099999999976717, 214528.03 ], [ 443580.599999999976717, 214528.03 ] ], [ [ 443581.099999999976717, 214528.03 ], [ 443581.599999999976717, 214528.03 ], [ 443581.599999999976717, 214528.53 ], [ 443581.099999999976717, 214528.53 ], [ 443581.099999999976717, 214528.03 ] ], [ [ 443579.099999999976717, 214527.53 ], [ 443578.599999999976717, 214527.03 ], [ 443578.599999999976717, 214525.03 ], [ 443580.599999999976717, 214527.03 ], [ 443579.099999999976717, 214527.53 ] ], [ [ 443578.099999999976717, 214515.03 ], [ 443578.099999999976717, 214514.53 ], [ 443578.599999999976717, 214514.53 ], [ 443578.599999999976717, 214515.03 ], [ 443578.099999999976717, 214515.03 ] ], [ [ 443570.599999999976717, 214514.53 ], [ 443570.099999999976717, 214514.03 ], [ 443570.099999999976717, 214513.03 ], [ 443571.099999999976717, 214513.53 ], [ 443570.599999999976717, 214514.53 ] ], [ [ 443557.099999999976717, 214500.53 ], [ 443557.099999999976717, 214498.03 ], [ 443559.099999999976717, 214497.53 ], [ 443559.599999999976717, 214498.53 ], [ 443558.599999999976717, 214500.03 ], [ 443557.099999999976717, 214500.53 ] ], [ [ 443556.099999999976717, 214494.53 ], [ 443556.099999999976717, 214494.03 ], [ 443556.599999999976717, 214494.03 ], [ 443556.599999999976717, 214494.53 ], [ 443556.099999999976717, 214494.53 ] ], [ [ 443556.599999999976717, 214494.53 ], [ 443557.099999999976717, 214494.53 ], [ 443557.099999999976717, 214495.03 ], [ 443556.599999999976717, 214495.03 ], [ 443556.599999999976717, 214494.53 ] ], [ [ 443555.099999999976717, 214494.03 ], [ 443554.099999999976717, 214493.53 ], [ 443554.599999999976717, 214492.53 ], [ 443556.099999999976717, 214493.53 ], [ 443555.099999999976717, 214494.03 ] ], [ [ 443551.599999999976717, 214489.53 ], [ 443551.599999999976717, 214488.03 ], [ 443552.099999999976717, 214488.03 ], [ 443552.599999999976717, 214489.53 ], [ 443551.599999999976717, 214489.53 ] ], [ [ 443552.599999999976717, 214489.53 ], [ 443553.099999999976717, 214489.53 ], [ 443553.099999999976717, 214490.03 ], [ 443552.599999999976717, 214490.03 ], [ 443552.599999999976717, 214489.53 ] ], [ [ 443553.099999999976717, 214490.03 ], [ 443553.599999999976717, 214490.03 ], [ 443553.599999999976717, 214490.53 ], [ 443553.099999999976717, 214490.53 ], [ 443553.099999999976717, 214490.03 ] ], [ [ 443550.099999999976717, 214486.53 ], [ 443550.099999999976717, 214486.03 ], [ 443550.599999999976717, 214486.03 ], [ 443550.599999999976717, 214486.53 ], [ 443550.099999999976717, 214486.53 ] ], [ [ 443547.099999999976717, 214483.03 ], [ 443547.099999999976717, 214482.53 ], [ 443547.599999999976717, 214482.53 ], [ 443547.599999999976717, 214483.03 ], [ 443547.099999999976717, 214483.03 ] ], [ [ 443547.599999999976717, 214483.03 ], [ 443548.099999999976717, 214483.03 ], [ 443548.099999999976717, 214483.53 ], [ 443547.599999999976717, 214483.53 ], [ 443547.599999999976717, 214483.03 ] ], [ [ 443542.599999999976717, 214478.53 ], [ 443542.599999999976717, 214477.53 ], [ 443543.599999999976717, 214477.53 ], [ 443543.599999999976717, 214478.53 ], [ 443542.599999999976717, 214478.53 ] ], [ [ 443536.099999999976717, 214470.03 ], [ 443536.099999999976717, 214469.53 ], [ 443536.599999999976717, 214469.53 ], [ 443536.599999999976717, 214470.03 ], [ 443536.099999999976717, 214470.03 ] ], [ [ 443536.599999999976717, 214470.03 ], [ 443537.099999999976717, 214470.03 ], [ 443537.099999999976717, 214470.53 ], [ 443536.599999999976717, 214470.53 ], [ 443536.599999999976717, 214470.03 ] ], [ [ 443534.599999999976717, 214470.03 ], [ 443533.099999999976717, 214469.03 ], [ 443533.599999999976717, 214466.53 ], [ 443536.099999999976717, 214468.53 ], [ 443535.599999999976717, 214470.03 ], [ 443534.599999999976717, 214470.03 ] ], [ [ 443533.099999999976717, 214458.03 ], [ 443533.099999999976717, 214457.53 ], [ 443533.599999999976717, 214457.53 ], [ 443533.599999999976717, 214458.03 ], [ 443533.099999999976717, 214458.03 ] ], [ [ 443510.099999999976717, 214437.53 ], [ 443510.099999999976717, 214437.03 ], [ 443510.599999999976717, 214437.03 ], [ 443510.599999999976717, 214437.53 ], [ 443510.099999999976717, 214437.53 ] ], [ [ 443510.599999999976717, 214437.53 ], [ 443511.099999999976717, 214437.53 ], [ 443511.099999999976717, 214438.03 ], [ 443510.599999999976717, 214438.03 ], [ 443510.599999999976717, 214437.53 ] ], [ [ 443511.099999999976717, 214438.03 ], [ 443511.599999999976717, 214438.03 ], [ 443511.599999999976717, 214438.53 ], [ 443511.099999999976717, 214438.53 ], [ 443511.099999999976717, 214438.03 ] ], [ [ 443507.599999999976717, 214436.03 ], [ 443507.599999999976717, 214435.53 ], [ 443508.599999999976717, 214435.53 ], [ 443508.599999999976717, 214436.03 ], [ 443507.599999999976717, 214436.03 ] ], [ [ 443438.099999999976717, 214408.53 ], [ 443436.599999999976717, 214407.03 ], [ 443436.599999999976717, 214406.53 ], [ 443440.099999999976717, 214407.53 ], [ 443438.099999999976717, 214408.53 ] ], [ [ 443434.599999999976717, 214408.53 ], [ 443434.599999999976717, 214407.03 ], [ 443436.099999999976717, 214407.53 ], [ 443435.599999999976717, 214408.53 ], [ 443434.599999999976717, 214408.53 ] ], [ [ 443406.599999999976717, 214399.53 ], [ 443406.599999999976717, 214397.53 ], [ 443407.099999999976717, 214397.53 ], [ 443407.599999999976717, 214399.03 ], [ 443406.599999999976717, 214399.53 ] ], [ [ 443351.599999999976717, 214377.53 ], [ 443351.599999999976717, 214376.53 ], [ 443352.099999999976717, 214376.53 ], [ 443352.099999999976717, 214377.53 ], [ 443351.599999999976717, 214377.53 ] ] ] } },
{ "type": "Feature", "properties": { "mainhabs": "Deciduous woodland", "habcodes": "DWOOD", "featdesc": null, "featcodes": null, "otherclass": null, "addhabs": "CFPGM", "primsource": "National Forest Inventory 2023 (DWOOD)", "areaha": "1.25", "version": "Sep_25", "uid": "PHID44369755_021455379", "shape_length": null, "shape_area": null, "site": "blenheim", "pid": 6, "method": "sam2iter" }, "geometry": { "type": "Polygon", "coordinates": [ [ [ 443734.099999999976717, 214683.53 ], [ 443735.099999999976717, 214683.53 ], [ 443735.599999999976717, 214685.03 ], [ 443737.099999999976717, 214685.03 ], [ 443737.099999999976717, 214695.03 ], [ 443740.099999999976717, 214696.03 ], [ 443741.099999999976717, 214697.53 ], [ 443742.599999999976717, 214697.03 ], [ 443745.099999999976717, 214698.03 ], [ 443745.099999999976717, 214699.03 ], [ 443747.099999999976717, 214700.53 ], [ 443747.599999999976717, 214704.53 ], [ 443748.599999999976717, 214705.03 ], [ 443749.099999999976717, 214707.03 ], [ 443754.599999999976717, 214711.53 ], [ 443760.599999999976717, 214713.03 ], [ 443761.099999999976717, 214712.03 ], [ 443760.099999999976717, 214712.03 ], [ 443760.099999999976717, 214710.53 ], [ 443757.099999999976717, 214711.53 ], [ 443755.599999999976717, 214710.53 ], [ 443756.599999999976717, 214709.03 ], [ 443759.099999999976717, 214709.03 ], [ 443764.099999999976717, 214712.03 ], [ 443763.599999999976717, 214713.53 ], [ 443762.599999999976717, 214713.03 ], [ 443763.099999999976717, 214716.03 ], [ 443764.099999999976717, 214716.03 ], [ 443764.599999999976717, 214717.53 ], [ 443767.099999999976717, 214717.53 ], [ 443768.099999999976717, 214719.03 ], [ 443771.599999999976717, 214719.03 ], [ 443773.599999999976717, 214717.03 ], [ 443774.099999999976717, 214715.03 ], [ 443775.599999999976717, 214714.53 ], [ 443775.599999999976717, 214713.03 ], [ 443773.099999999976717, 214712.03 ], [ 443772.599999999976717, 214710.53 ], [ 443774.599999999976717, 214710.53 ], [ 443775.599999999976717, 214709.53 ], [ 443777.099999999976717, 214711.53 ], [ 443777.099999999976717, 214710.53 ], [ 443778.099999999976717, 214710.53 ], [ 443783.599999999976717, 214703.03 ], [ 443784.099999999976717, 214701.03 ], [ 443785.599999999976717, 214700.53 ], [ 443785.599999999976717, 214699.03 ], [ 443787.099999999976717, 214698.03 ], [ 443788.099999999976717, 214695.53 ], [ 443791.099999999976717, 214692.53 ], [ 443791.099999999976717, 214688.03 ], [ 443790.099999999976717, 214687.53 ], [ 443789.599999999976717, 214682.03 ], [ 443787.599999999976717, 214680.53 ], [ 443792.099999999976717, 214678.03 ], [ 443783.599999999976717, 214674.53 ], [ 443755.599999999976717, 214655.53 ], [ 443742.599999999976717, 214644.53 ], [ 443741.599999999976717, 214644.53 ], [ 443739.599999999976717, 214642.03 ], [ 443738.599999999976717, 214642.03 ], [ 443736.599999999976717, 214639.53 ], [ 443735.599999999976717, 214639.53 ], [ 443729.599999999976717, 214633.53 ], [ 443728.599999999976717, 214633.53 ], [ 443718.599999999976717, 214623.03 ], [ 443719.099999999976717, 214609.53 ], [ 443727.099999999976717, 214573.03 ], [ 443725.599999999976717, 214571.53 ], [ 443725.599999999976717, 214570.03 ], [ 443724.599999999976717, 214570.03 ], [ 443724.099999999976717, 214567.53 ], [ 443723.099999999976717, 214567.53 ], [ 443721.599999999976717, 214563.03 ], [ 443718.599999999976717, 214559.03 ], [ 443718.599999999976717, 214557.53 ], [ 443716.599999999976717, 214556.03 ], [ 443716.099999999976717, 214553.53 ], [ 443714.599999999976717, 214552.53 ], [ 443714.599999999976717, 214551.03 ], [ 443711.599999999976717, 214547.03 ], [ 443711.599999999976717, 214545.53 ], [ 443710.099999999976717, 214544.53 ], [ 443707.599999999976717, 214538.53 ], [ 443703.099999999976717, 214536.03 ], [ 443697.099999999976717, 214535.03 ], [ 443689.099999999976717, 214532.03 ], [ 443686.099999999976717, 214529.03 ], [ 443684.599999999976717, 214529.03 ], [ 443684.599999999976717, 214528.03 ], [ 443682.599999999976717, 214526.53 ], [ 443672.599999999976717, 214526.53 ], [ 443674.599999999976717, 214525.03 ], [ 443673.099999999976717, 214518.03 ], [ 443672.099999999976717, 214516.53 ], [ 443670.599999999976717, 214517.03 ], [ 443669.099999999976717, 214515.53 ], [ 443659.099999999976717, 214501.03 ], [ 443657.599999999976717, 214500.53 ], [ 443656.599999999976717, 214498.03 ], [ 443655.599999999976717, 214498.03 ], [ 443653.099999999976717, 214493.53 ], [ 443652.099999999976717, 214493.53 ], [ 443648.099999999976717, 214488.03 ], [ 443640.599999999976717, 214481.53 ], [ 443640.599999999976717, 214480.53 ], [ 443624.599999999976717, 214465.03 ], [ 443624.599999999976717, 214464.03 ], [ 443623.599999999976717, 214464.03 ], [ 443623.099999999976717, 214462.53 ], [ 443622.099999999976717, 214462.53 ], [ 443622.099999999976717, 214461.53 ], [ 443617.599999999976717, 214457.03 ], [ 443616.599999999976717, 214457.03 ], [ 443616.099999999976717, 214455.53 ], [ 443615.099999999976717, 214455.53 ], [ 443614.599999999976717, 214454.03 ], [ 443613.599999999976717, 214454.03 ], [ 443613.599999999976717, 214453.03 ], [ 443608.099999999976717, 214448.03 ], [ 443608.099999999976717, 214447.03 ], [ 443604.099999999976717, 214444.03 ], [ 443602.599999999976717, 214441.03 ], [ 443601.599999999976717, 214441.03 ], [ 443595.099999999976717, 214434.03 ], [ 443595.099999999976717, 214433.03 ], [ 443591.099999999976717, 214430.03 ], [ 443589.599999999976717, 214427.03 ], [ 443588.599999999976717, 214427.03 ], [ 443588.099999999976717, 214425.53 ], [ 443587.099999999976717, 214425.53 ], [ 443587.099999999976717, 214424.53 ], [ 443585.599999999976717, 214424.03 ], [ 443585.599999999976717, 214423.03 ], [ 443581.099999999976717, 214419.03 ], [ 443585.599999999976717, 214416.03 ], [ 443586.599999999976717, 214413.53 ], [ 443588.099999999976717, 214390.53 ], [ 443586.599999999976717, 214388.53 ], [ 443578.599999999976717, 214388.03 ], [ 443577.099999999976717, 214389.53 ], [ 443577.099999999976717, 214392.03 ], [ 443549.099999999976717, 214392.03 ], [ 443556.599999999976717, 214396.03 ], [ 443559.599999999976717, 214401.03 ], [ 443558.599999999976717, 214407.53 ], [ 443555.099999999976717, 214413.03 ], [ 443555.099999999976717, 214414.53 ], [ 443596.099999999976717, 214455.03 ], [ 443596.099999999976717, 214456.03 ], [ 443612.099999999976717, 214471.53 ], [ 443612.099999999976717, 214472.53 ], [ 443630.599999999976717, 214492.03 ], [ 443636.099999999976717, 214500.03 ], [ 443655.099999999976717, 214523.03 ], [ 443666.099999999976717, 214542.53 ], [ 443667.099999999976717, 214543.03 ], [ 443671.599999999976717, 214553.03 ], [ 443673.599999999976717, 214560.53 ], [ 443674.599999999976717, 214567.03 ], [ 443674.599999999976717, 214577.53 ], [ 443677.099999999976717, 214579.03 ], [ 443685.099999999976717, 214580.03 ], [ 443685.099999999976717, 214581.03 ], [ 443683.599999999976717, 214583.53 ], [ 443679.599999999976717, 214585.03 ], [ 443675.599999999976717, 214588.03 ], [ 443677.599999999976717, 214591.03 ], [ 443677.099999999976717, 214592.03 ], [ 443675.099999999976717, 214593.03 ], [ 443672.599999999976717, 214590.03 ], [ 443655.099999999976717, 214607.03 ], [ 443667.599999999976717, 214619.53 ], [ 443666.099999999976717, 214620.53 ], [ 443666.099999999976717, 214624.03 ], [ 443667.599999999976717, 214624.53 ], [ 443669.099999999976717, 214623.53 ], [ 443669.099999999976717, 214626.53 ], [ 443670.599999999976717, 214627.03 ], [ 443672.099999999976717, 214624.03 ], [ 443674.599999999976717, 214627.03 ], [ 443672.099999999976717, 214627.53 ], [ 443672.099999999976717, 214630.03 ], [ 443679.099999999976717, 214631.03 ], [ 443680.599999999976717, 214634.03 ], [ 443681.599999999976717, 214634.03 ], [ 443685.099999999976717, 214638.53 ], [ 443686.099999999976717, 214638.53 ], [ 443686.099999999976717, 214639.53 ], [ 443687.599999999976717, 214640.03 ], [ 443687.599999999976717, 214641.03 ], [ 443689.099999999976717, 214641.53 ], [ 443689.099999999976717, 214642.53 ], [ 443690.599999999976717, 214643.03 ], [ 443691.599999999976717, 214645.53 ], [ 443692.599999999976717, 214645.53 ], [ 443693.099999999976717, 214647.03 ], [ 443694.099999999976717, 214647.03 ], [ 443697.099999999976717, 214650.53 ], [ 443695.599999999976717, 214654.03 ], [ 443697.599999999976717, 214657.53 ], [ 443699.599999999976717, 214658.03 ], [ 443700.099999999976717, 214659.53 ], [ 443702.599999999976717, 214660.03 ], [ 443703.599999999976717, 214659.03 ], [ 443703.599999999976717, 214656.53 ], [ 443708.599999999976717, 214661.53 ], [ 443708.599999999976717, 214662.53 ], [ 443711.599999999976717, 214664.03 ], [ 443711.099999999976717, 214667.53 ], [ 443713.099999999976717, 214669.03 ], [ 443713.099999999976717, 214670.53 ], [ 443712.599999999976717, 214672.53 ], [ 443711.099999999976717, 214673.53 ], [ 443711.099999999976717, 214676.03 ], [ 443715.599999999976717, 214681.03 ], [ 443716.599999999976717, 214680.53 ], [ 443717.599999999976717, 214682.03 ], [ 443723.099999999976717, 214682.03 ], [ 443723.099999999976717, 214681.03 ], [ 443724.599999999976717, 214680.53 ], [ 443724.599999999976717, 214678.03 ], [ 443726.599999999976717, 214676.53 ], [ 443726.599999999976717, 214681.03 ], [ 443727.599999999976717, 214683.03 ], [ 443730.599999999976717, 214683.03 ], [ 443732.099999999976717, 214685.03 ], [ 443735.099999999976717, 214685.03 ], [ 443734.099999999976717, 214683.53 ] ], [ [ 443733.599999999976717, 214683.53 ], [ 443733.599999999976717, 214683.03 ], [ 443734.099999999976717, 214683.03 ], [ 443734.099999999976717, 214683.53 ], [ 443733.599999999976717, 214683.53 ] ], [ [ 443788.099999999976717, 214690.53 ], [ 443787.599999999976717, 214689.53 ], [ 443789.599999999976717, 214688.03 ], [ 443790.099999999976717, 214689.53 ], [ 443788.099999999976717, 214690.53 ] ], [ [ 443785.599999999976717, 214683.03 ], [ 443785.599999999976717, 214682.53 ], [ 443786.099999999976717, 214682.53 ], [ 443786.099999999976717, 214683.03 ], [ 443785.599999999976717, 214683.03 ] ], [ [ 443786.099999999976717, 214682.53 ], [ 443786.099999999976717, 214682.03 ], [ 443786.599999999976717, 214682.03 ], [ 443786.599999999976717, 214682.53 ], [ 443786.099999999976717, 214682.53 ] ], [ [ 443786.599999999976717, 214682.03 ], [ 443786.599999999976717, 214681.03 ], [ 443787.599999999976717, 214681.03 ], [ 443787.099999999976717, 214682.03 ], [ 443786.599999999976717, 214682.03 ] ], [ [ 443765.599999999976717, 214715.03 ], [ 443764.599999999976717, 214714.03 ], [ 443765.099999999976717, 214713.03 ], [ 443766.599999999976717, 214713.53 ], [ 443765.599999999976717, 214715.03 ] ], [ [ 443730.099999999976717, 214680.53 ], [ 443730.099999999976717, 214680.03 ], [ 443730.599999999976717, 214680.03 ], [ 443730.599999999976717, 214680.53 ], [ 443730.099999999976717, 214680.53 ] ], [ [ 443730.599999999976717, 214680.53 ], [ 443731.099999999976717, 214680.53 ], [ 443731.099999999976717, 214681.03 ], [ 443730.599999999976717, 214681.03 ], [ 443730.599999999976717, 214680.53 ] ], [ [ 443725.099999999976717, 214676.53 ], [ 443725.099999999976717, 214676.03 ], [ 443725.599999999976717, 214676.03 ], [ 443725.599999999976717, 214676.53 ], [ 443725.099999999976717, 214676.53 ] ], [ [ 443722.099999999976717, 214674.03 ], [ 443722.099999999976717, 214673.53 ], [ 443722.599999999976717, 214673.53 ], [ 443722.599999999976717, 214674.03 ], [ 443722.099999999976717, 214674.03 ] ], [ [ 443722.599999999976717, 214674.03 ], [ 443723.099999999976717, 214674.03 ], [ 443723.099999999976717, 214674.53 ], [ 443722.599999999976717, 214674.53 ], [ 443722.599999999976717, 214674.03 ] ], [ [ 443723.099999999976717, 214674.53 ], [ 443723.599999999976717, 214674.53 ], [ 443723.599999999976717, 214675.03 ], [ 443723.099999999976717, 214675.03 ], [ 443723.099999999976717, 214674.53 ] ], [ [ 443723.599999999976717, 214675.03 ], [ 443724.599999999976717, 214675.03 ], [ 443724.599999999976717, 214676.03 ], [ 443724.099999999976717, 214676.03 ], [ 443723.599999999976717, 214675.03 ] ], [ [ 443714.599999999976717, 214667.53 ], [ 443714.599999999976717, 214667.03 ], [ 443715.099999999976717, 214667.03 ], [ 443715.099999999976717, 214667.53 ], [ 443714.599999999976717, 214667.53 ] ], [ [ 443715.099999999976717, 214667.53 ], [ 443715.599999999976717, 214667.53 ], [ 443715.599999999976717, 214668.03 ], [ 443715.099999999976717, 214668.03 ], [ 443715.099999999976717, 214667.53 ] ], [ [ 443712.599999999976717, 214666.03 ], [ 443712.099999999976717, 214665.03 ], [ 443713.099999999976717, 214665.03 ], [ 443713.099999999976717, 214666.03 ], [ 443712.599999999976717, 214666.03 ] ], [ [ 443713.099999999976717, 214666.03 ], [ 443713.599999999976717, 214666.03 ], [ 443713.599999999976717, 214666.53 ], [ 443713.099999999976717, 214666.53 ], [ 443713.099999999976717, 214666.03 ] ], [ [ 443676.099999999976717, 214629.53 ], [ 443676.099999999976717, 214629.03 ], [ 443676.599999999976717, 214629.03 ], [ 443676.599999999976717, 214629.53 ], [ 443676.099999999976717, 214629.53 ] ], [ [ 443674.599999999976717, 214628.53 ], [ 443674.599999999976717, 214627.53 ], [ 443675.599999999976717, 214628.03 ], [ 443675.599999999976717, 214628.53 ], [ 443674.599999999976717, 214628.53 ] ], [ [ 443667.599999999976717, 214527.03 ], [ 443667.599999999976717, 214526.53 ], [ 443670.599999999976717, 214526.53 ], [ 443670.599999999976717, 214527.03 ], [ 443667.599999999976717, 214527.03 ] ], [ [ 443669.099999999976717, 214622.53 ], [ 443669.099999999976717, 214622.03 ], [ 443669.599999999976717, 214622.03 ], [ 443669.599999999976717, 214622.53 ], [ 443669.099999999976717, 214622.53 ] ], [ [ 443663.599999999976717, 214524.53 ], [ 443663.599999999976717, 214524.03 ], [ 443664.099999999976717, 214524.03 ], [ 443664.099999999976717, 214524.53 ], [ 443663.599999999976717, 214524.53 ] ], [ [ 443664.099999999976717, 214524.53 ], [ 443664.599999999976717, 214524.53 ], [ 443664.599999999976717, 214525.03 ], [ 443664.099999999976717, 214525.03 ], [ 443664.099999999976717, 214524.53 ] ], [ [ 443664.599999999976717, 214525.03 ], [ 443665.099999999976717, 214525.03 ], [ 443665.099999999976717, 214525.53 ], [ 443664.599999999976717, 214525.53 ], [ 443664.599999999976717, 214525.03 ] ], [ [ 443665.099999999976717, 214525.53 ], [ 443666.599999999976717, 214526.03 ], [ 443666.599999999976717, 214526.53 ], [ 443665.599999999976717, 214526.53 ], [ 443665.099999999976717, 214525.53 ] ], [ [ 443661.599999999976717, 214521.53 ], [ 443661.599999999976717, 214521.03 ], [ 443662.099999999976717, 214521.03 ], [ 443662.099999999976717, 214521.53 ], [ 443661.599999999976717, 214521.53 ] ], [ [ 443658.599999999976717, 214517.53 ], [ 443658.599999999976717, 214517.03 ], [ 443659.099999999976717, 214517.03 ], [ 443659.099999999976717, 214517.53 ], [ 443658.599999999976717, 214517.53 ] ], [ [ 443656.599999999976717, 214515.03 ], [ 443656.599999999976717, 214514.53 ], [ 443657.099999999976717, 214514.53 ], [ 443657.099999999976717, 214515.03 ], [ 443656.599999999976717, 214515.03 ] ], [ [ 443647.099999999976717, 214502.53 ], [ 443647.099999999976717, 214502.03 ], [ 443647.599999999976717, 214502.03 ], [ 443647.599999999976717, 214502.53 ], [ 443647.099999999976717, 214502.53 ] ], [ [ 443638.099999999976717, 214492.53 ], [ 443638.099999999976717, 214492.03 ], [ 443638.599999999976717, 214492.03 ], [ 443638.599999999976717, 214492.53 ], [ 443638.099999999976717, 214492.53 ] ], [ [ 443638.599999999976717, 214492.53 ], [ 443639.099999999976717, 214492.53 ], [ 443639.099999999976717, 214493.03 ], [ 443638.599999999976717, 214493.03 ], [ 443638.599999999976717, 214492.53 ] ], [ [ 443633.599999999976717, 214488.03 ], [ 443633.599999999976717, 214487.53 ], [ 443634.099999999976717, 214487.53 ], [ 443634.099999999976717, 214488.03 ], [ 443633.599999999976717, 214488.03 ] ], [ [ 443633.099999999976717, 214487.03 ], [ 443633.099999999976717, 214486.53 ], [ 443633.599999999976717, 214486.53 ], [ 443633.599999999976717, 214487.03 ], [ 443633.099999999976717, 214487.03 ] ], [ [ 443632.099999999976717, 214486.53 ], [ 443632.099999999976717, 214486.03 ], [ 443632.599999999976717, 214486.03 ], [ 443632.599999999976717, 214486.53 ], [ 443632.099999999976717, 214486.53 ] ], [ [ 443606.599999999976717, 214460.53 ], [ 443606.599999999976717, 214460.03 ], [ 443607.099999999976717, 214460.03 ], [ 443607.099999999976717, 214460.53 ], [ 443606.599999999976717, 214460.53 ] ], [ [ 443605.099999999976717, 214459.03 ], [ 443605.099999999976717, 214458.53 ], [ 443605.599999999976717, 214458.53 ], [ 443605.599999999976717, 214459.03 ], [ 443605.099999999976717, 214459.03 ] ], [ [ 443605.599999999976717, 214459.03 ], [ 443606.099999999976717, 214459.03 ], [ 443606.099999999976717, 214459.53 ], [ 443605.599999999976717, 214459.53 ], [ 443605.599999999976717, 214459.03 ] ] ] } },
{ "type": "Feature", "properties": { "mainhabs": "Deciduous woodland", "habcodes": "DWOOD", "featdesc": null, "featcodes": null, "otherclass": null, "addhabs": null, "primsource": "National Forest Inventory 2023 (DWOOD)", "areaha": "18.03", "version": "Sep_25", "uid": "PHID44423251_021467933", "shape_length": null, "shape_area": null, "site": "blenheim", "pid": 7, "method": "sam2iter" }, "geometry": { "type": "Polygon", "coordinates": [ [ [ 443565.599999999976717, 214693.53 ], [ 443564.599999999976717, 214693.53 ], [ 443536.599999999976717, 214722.03 ], [ 443535.099999999976717, 214725.53 ], [ 443544.099999999976717, 214725.53 ], [ 443548.599999999976717, 214723.03 ], [ 443550.599999999976717, 214719.53 ], [ 443556.599999999976717, 214714.03 ], [ 443564.599999999976717, 214713.03 ], [ 443567.599999999976717, 214734.03 ], [ 443563.599999999976717, 214742.03 ], [ 443556.099999999976717, 214751.03 ], [ 443517.099999999976717, 214774.53 ], [ 443518.599999999976717, 214781.53 ], [ 443526.599999999976717, 214798.53 ], [ 443535.599999999976717, 214812.03 ], [ 443537.099999999976717, 214813.03 ], [ 443543.099999999976717, 214823.03 ], [ 443544.599999999976717, 214824.03 ], [ 443549.599999999976717, 214832.53 ], [ 443552.599999999976717, 214835.03 ], [ 443581.099999999976717, 214850.53 ], [ 443585.099999999976717, 214853.53 ], [ 443622.099999999976717, 214873.03 ], [ 443622.599999999976717, 214874.03 ], [ 443627.599999999976717, 214876.03 ], [ 443628.099999999976717, 214877.03 ], [ 443656.099999999976717, 214891.03 ], [ 443656.599999999976717, 214892.03 ], [ 443680.599999999976717, 214903.53 ], [ 443682.099999999976717, 214903.53 ], [ 443698.599999999976717, 214912.03 ], [ 443699.099999999976717, 214913.03 ], [ 443701.599999999976717, 214913.53 ], [ 443735.599999999976717, 214930.53 ], [ 443749.599999999976717, 214940.53 ], [ 443753.099999999976717, 214944.53 ], [ 443754.099999999976717, 214944.53 ], [ 443767.599999999976717, 214958.03 ], [ 443771.099999999976717, 214963.03 ], [ 443782.099999999976717, 214974.53 ], [ 443782.099999999976717, 214975.53 ], [ 443789.599999999976717, 214983.03 ], [ 443792.599999999976717, 214984.53 ], [ 443808.599999999976717, 214983.53 ], [ 443808.099999999976717, 214942.03 ], [ 443823.099999999976717, 214941.53 ], [ 443873.099999999976717, 214958.03 ], [ 443886.099999999976717, 214964.53 ], [ 443904.099999999976717, 214946.53 ], [ 443911.099999999976717, 214941.53 ], [ 443922.599999999976717, 214935.53 ], [ 443950.099999999976717, 214925.03 ], [ 443997.099999999976717, 214910.03 ], [ 444015.099999999976717, 214901.03 ], [ 444023.099999999976717, 214895.03 ], [ 444026.599999999976717, 214891.03 ], [ 444027.599999999976717, 214891.03 ], [ 444030.099999999976717, 214888.03 ], [ 444031.099999999976717, 214888.03 ], [ 444048.099999999976717, 214873.03 ], [ 444051.599999999976717, 214874.03 ], [ 444051.599999999976717, 214875.03 ], [ 444034.099999999976717, 214890.03 ], [ 444033.099999999976717, 214890.03 ], [ 444024.599999999976717, 214898.53 ], [ 444039.599999999976717, 214896.03 ], [ 444076.599999999976717, 214896.53 ], [ 444083.099999999976717, 214894.53 ], [ 444093.599999999976717, 214887.03 ], [ 444095.599999999976717, 214886.53 ], [ 444103.099999999976717, 214880.03 ], [ 444104.099999999976717, 214880.03 ], [ 444111.599999999976717, 214872.53 ], [ 444137.099999999976717, 214836.53 ], [ 444148.599999999976717, 214826.03 ], [ 444149.599999999976717, 214826.03 ], [ 444169.099999999976717, 214807.03 ], [ 444175.099999999976717, 214798.03 ], [ 444193.599999999976717, 214760.53 ], [ 444204.099999999976717, 214744.53 ], [ 444216.099999999976717, 214730.03 ], [ 444222.099999999976717, 214726.53 ], [ 444242.099999999976717, 214719.53 ], [ 444256.099999999976717, 214715.53 ], [ 444277.599999999976717, 214711.53 ], [ 444292.599999999976717, 214711.03 ], [ 444307.099999999976717, 214713.03 ], [ 444317.599999999976717, 214715.53 ], [ 444325.099999999976717, 214715.53 ], [ 444328.099999999976717, 214714.03 ], [ 444336.099999999976717, 214705.53 ], [ 444337.099999999976717, 214705.53 ], [ 444341.599999999976717, 214699.53 ], [ 444343.099999999976717, 214689.53 ], [ 444339.099999999976717, 214678.03 ], [ 444336.599999999976717, 214674.03 ], [ 444325.099999999976717, 214663.53 ], [ 444310.599999999976717, 214653.53 ], [ 444301.099999999976717, 214645.53 ], [ 444287.599999999976717, 214637.03 ], [ 444264.599999999976717, 214627.03 ], [ 444251.599999999976717, 214623.53 ], [ 444244.099999999976717, 214619.53 ], [ 444240.099999999976717, 214619.03 ], [ 444236.599999999976717, 214616.53 ], [ 444234.599999999976717, 214617.03 ], [ 444221.599999999976717, 214629.53 ], [ 444216.099999999976717, 214633.53 ], [ 444184.099999999976717, 214664.53 ], [ 444161.099999999976717, 214670.03 ], [ 444161.099999999976717, 214667.53 ], [ 444163.099999999976717, 214665.03 ], [ 444163.099999999976717, 214659.53 ], [ 444162.099999999976717, 214657.53 ], [ 444167.599999999976717, 214648.53 ], [ 444170.099999999976717, 214647.53 ], [ 444172.599999999976717, 214644.53 ], [ 444176.599999999976717, 214643.53 ], [ 444188.599999999976717, 214631.03 ], [ 444188.599999999976717, 214630.03 ], [ 444191.099999999976717, 214628.03 ], [ 444191.099999999976717, 214627.03 ], [ 444193.599999999976717, 214625.03 ], [ 444198.099999999976717, 214618.53 ], [ 444211.599999999976717, 214603.03 ], [ 444211.599999999976717, 214602.03 ], [ 444208.599999999976717, 214600.53 ], [ 444213.099999999976717, 214596.53 ], [ 444215.099999999976717, 214597.53 ], [ 444229.599999999976717, 214589.53 ], [ 444235.599999999976717, 214587.53 ], [ 444254.099999999976717, 214583.03 ], [ 444269.599999999976717, 214581.03 ], [ 444336.099999999976717, 214582.53 ], [ 444368.599999999976717, 214586.53 ], [ 444371.099999999976717, 214605.03 ], [ 444395.099999999976717, 214600.03 ], [ 444459.599999999976717, 214635.03 ], [ 444488.099999999976717, 214642.03 ], [ 444551.099999999976717, 214645.53 ], [ 444565.599999999976717, 214659.53 ], [ 444579.099999999976717, 214668.03 ], [ 444602.099999999976717, 214679.53 ], [ 444608.599999999976717, 214680.03 ], [ 444613.099999999976717, 214682.03 ], [ 444622.599999999976717, 214690.03 ], [ 444624.599999999976717, 214690.03 ], [ 444629.099999999976717, 214694.03 ], [ 444635.099999999976717, 214693.03 ], [ 444639.099999999976717, 214698.03 ], [ 444646.099999999976717, 214710.03 ], [ 444656.599999999976717, 214714.53 ], [ 444661.099999999976717, 214724.03 ], [ 444674.599999999976717, 214725.03 ], [ 444677.599999999976717, 214726.03 ], [ 444691.099999999976717, 214755.03 ], [ 444700.599999999976717, 214769.03 ], [ 444705.599999999976717, 214793.03 ], [ 444713.599999999976717, 214814.03 ], [ 444715.599999999976717, 214836.03 ], [ 444716.099999999976717, 214874.53 ], [ 444714.599999999976717, 214886.53 ], [ 444709.099999999976717, 214901.53 ], [ 444703.599999999976717, 214913.03 ], [ 444687.599999999976717, 214954.03 ], [ 444665.599999999976717, 215000.03 ], [ 444688.099999999976717, 215011.03 ], [ 444694.099999999976717, 215008.03 ], [ 444701.599999999976717, 215008.03 ], [ 444706.599999999976717, 215013.03 ], [ 444707.599999999976717, 215018.53 ], [ 444715.099999999976717, 215019.53 ], [ 444718.599999999976717, 215019.53 ], [ 444731.099999999976717, 215013.03 ], [ 444721.599999999976717, 214997.53 ], [ 444720.099999999976717, 214993.53 ], [ 444725.099999999976717, 214993.03 ], [ 444744.099999999976717, 214979.53 ], [ 444751.099999999976717, 214973.03 ], [ 444752.099999999976717, 214973.03 ], [ 444756.599999999976717, 214968.03 ], [ 444757.599999999976717, 214968.03 ], [ 444773.599999999976717, 214952.53 ], [ 444772.099999999976717, 214950.53 ], [ 444772.099999999976717, 214947.03 ], [ 444773.099999999976717, 214944.53 ], [ 444774.599999999976717, 214925.03 ], [ 444776.099999999976717, 214877.03 ], [ 444792.599999999976717, 214852.53 ], [ 444802.099999999976717, 214835.53 ], [ 444803.599999999976717, 214829.53 ], [ 444804.599999999976717, 214828.53 ], [ 444805.099999999976717, 214820.53 ], [ 444814.599999999976717, 214781.53 ], [ 444814.599999999976717, 214778.53 ], [ 444813.099999999976717, 214775.03 ], [ 444828.599999999976717, 214775.53 ], [ 444827.599999999976717, 214772.03 ], [ 444808.099999999976717, 214773.03 ], [ 444804.599999999976717, 214772.53 ], [ 444797.599999999976717, 214769.53 ], [ 444794.099999999976717, 214765.53 ], [ 444790.099999999976717, 214756.53 ], [ 444792.099999999976717, 214751.53 ], [ 444795.599999999976717, 214749.53 ], [ 444797.099999999976717, 214749.53 ], [ 444799.599999999976717, 214755.03 ], [ 444800.599999999976717, 214755.53 ], [ 444801.099999999976717, 214757.03 ], [ 444800.099999999976717, 214757.03 ], [ 444800.099999999976717, 214758.53 ], [ 444801.099999999976717, 214759.03 ], [ 444805.099999999976717, 214767.03 ], [ 444809.599999999976717, 214769.53 ], [ 444810.599999999976717, 214769.53 ], [ 444810.599999999976717, 214768.53 ], [ 444799.099999999976717, 214752.03 ], [ 444797.599999999976717, 214748.03 ], [ 444786.599999999976717, 214735.53 ], [ 444785.599999999976717, 214733.03 ], [ 444762.099999999976717, 214723.53 ], [ 444762.099999999976717, 214722.03 ], [ 444753.099999999976717, 214704.03 ], [ 444751.599999999976717, 214695.03 ], [ 444750.099999999976717, 214681.03 ], [ 444762.099999999976717, 214674.03 ], [ 444760.099999999976717, 214670.53 ], [ 444755.099999999976717, 214666.03 ], [ 444755.099999999976717, 214665.03 ], [ 444740.599999999976717, 214650.03 ], [ 444739.599999999976717, 214650.03 ], [ 444729.099999999976717, 214639.53 ], [ 444728.099999999976717, 214639.53 ], [ 444723.599999999976717, 214634.53 ], [ 444722.599999999976717, 214634.53 ], [ 444704.099999999976717, 214617.53 ], [ 444689.599999999976717, 214607.03 ], [ 444671.099999999976717, 214591.53 ], [ 444666.599999999976717, 214594.53 ], [ 444663.599999999976717, 214588.53 ], [ 444658.099999999976717, 214582.53 ], [ 444657.099999999976717, 214582.53 ], [ 444632.099999999976717, 214562.03 ], [ 444597.599999999976717, 214541.03 ], [ 444544.099999999976717, 214514.03 ], [ 444519.599999999976717, 214504.03 ], [ 444505.099999999976717, 214499.53 ], [ 444482.099999999976717, 214495.03 ], [ 444445.099999999976717, 214490.53 ], [ 444441.599999999976717, 214483.53 ], [ 444378.099999999976717, 214477.03 ], [ 444342.599999999976717, 214471.03 ], [ 444306.599999999976717, 214460.53 ], [ 444285.599999999976717, 214451.53 ], [ 444275.599999999976717, 214446.03 ], [ 444274.099999999976717, 214446.03 ], [ 444271.099999999976717, 214449.53 ], [ 444288.099999999976717, 214458.53 ], [ 444307.099999999976717, 214466.53 ], [ 444335.599999999976717, 214475.53 ], [ 444365.599999999976717, 214481.03 ], [ 444366.099999999976717, 214483.03 ], [ 444361.599999999976717, 214493.03 ], [ 444356.099999999976717, 214498.53 ], [ 444356.099999999976717, 214499.53 ], [ 444355.099999999976717, 214499.53 ], [ 444351.599999999976717, 214503.03 ], [ 444342.099999999976717, 214508.03 ], [ 444341.599999999976717, 214509.03 ], [ 444339.099999999976717, 214509.53 ], [ 444337.099999999976717, 214506.03 ], [ 444327.099999999976717, 214501.03 ], [ 444319.599999999976717, 214501.03 ], [ 444312.599999999976717, 214502.53 ], [ 444300.099999999976717, 214502.53 ], [ 444283.099999999976717, 214498.53 ], [ 444242.099999999976717, 214481.53 ], [ 444209.599999999976717, 214464.53 ], [ 444200.099999999976717, 214456.03 ], [ 444184.099999999976717, 214449.03 ], [ 444157.099999999976717, 214428.53 ], [ 444138.599999999976717, 214416.53 ], [ 444135.599999999976717, 214413.53 ], [ 444121.099999999976717, 214403.53 ], [ 444116.599999999976717, 214398.53 ], [ 444114.599999999976717, 214394.53 ], [ 444112.099999999976717, 214385.53 ], [ 444106.599999999976717, 214372.53 ], [ 444104.099999999976717, 214370.03 ], [ 444096.599999999976717, 214358.03 ], [ 444086.099999999976717, 214348.03 ], [ 444082.099999999976717, 214339.03 ], [ 444076.099999999976717, 214346.53 ], [ 444074.599999999976717, 214346.03 ], [ 444074.599999999976717, 214345.03 ], [ 444073.099999999976717, 214346.03 ], [ 444073.099999999976717, 214350.53 ], [ 444074.099999999976717, 214351.03 ], [ 444073.599999999976717, 214352.53 ], [ 444076.599999999976717, 214356.03 ], [ 444077.599999999976717, 214356.03 ], [ 444078.099999999976717, 214357.53 ], [ 444079.099999999976717, 214357.53 ], [ 444080.099999999976717, 214360.03 ], [ 444086.099999999976717, 214365.03 ], [ 444088.599999999976717, 214370.03 ], [ 444090.099999999976717, 214370.53 ], [ 444090.599999999976717, 214373.03 ], [ 444093.099999999976717, 214374.53 ], [ 444094.099999999976717, 214379.03 ], [ 444096.099999999976717, 214381.03 ], [ 444096.099999999976717, 214383.53 ], [ 444097.099999999976717, 214384.03 ], [ 444098.599999999976717, 214389.53 ], [ 444100.099999999976717, 214390.03 ], [ 444103.099999999976717, 214402.53 ], [ 444103.599999999976717, 214413.03 ], [ 444104.599999999976717, 214414.03 ], [ 444104.599999999976717, 214416.03 ], [ 444105.599999999976717, 214416.53 ], [ 444105.599999999976717, 214425.53 ], [ 444107.099999999976717, 214428.53 ], [ 444107.099999999976717, 214440.53 ], [ 444108.599999999976717, 214449.03 ], [ 444109.099999999976717, 214465.03 ], [ 444108.599999999976717, 214471.03 ], [ 444105.599999999976717, 214480.03 ], [ 444105.599999999976717, 214483.53 ], [ 444101.599999999976717, 214497.03 ], [ 444101.599999999976717, 214500.03 ], [ 444100.099999999976717, 214503.03 ], [ 444100.099999999976717, 214505.53 ], [ 444097.599999999976717, 214510.53 ], [ 444096.099999999976717, 214517.03 ], [ 444093.099999999976717, 214522.53 ], [ 444093.099999999976717, 214524.53 ], [ 444091.599999999976717, 214526.53 ], [ 444091.599999999976717, 214528.53 ], [ 444090.099999999976717, 214530.53 ], [ 444090.099999999976717, 214532.53 ], [ 444087.099999999976717, 214537.53 ], [ 444086.099999999976717, 214543.53 ], [ 444087.099999999976717, 214544.03 ], [ 444085.599999999976717, 214546.03 ], [ 444084.599999999976717, 214546.03 ], [ 444084.599999999976717, 214547.53 ], [ 444083.099999999976717, 214548.03 ], [ 444080.099999999976717, 214552.53 ], [ 444078.599999999976717, 214552.03 ], [ 444076.099999999976717, 214554.53 ], [ 444076.099999999976717, 214556.53 ], [ 444074.599999999976717, 214557.53 ], [ 444074.599999999976717, 214560.03 ], [ 444076.099999999976717, 214560.03 ], [ 444076.099999999976717, 214561.53 ], [ 444074.599999999976717, 214563.03 ], [ 444075.099999999976717, 214564.53 ], [ 444074.099999999976717, 214565.03 ], [ 444074.099999999976717, 214569.03 ], [ 444077.599999999976717, 214577.03 ], [ 444080.099999999976717, 214586.53 ], [ 444082.099999999976717, 214591.03 ], [ 444083.099999999976717, 214591.53 ], [ 444083.099999999976717, 214595.03 ], [ 444085.099999999976717, 214595.53 ], [ 444086.099999999976717, 214597.03 ], [ 444087.599999999976717, 214597.03 ], [ 444089.599999999976717, 214600.03 ], [ 444092.599999999976717, 214600.53 ], [ 444094.599999999976717, 214602.03 ], [ 444094.599999999976717, 214603.03 ], [ 444102.099999999976717, 214607.03 ], [ 444104.599999999976717, 214611.53 ], [ 444105.599999999976717, 214616.53 ], [ 444111.599999999976717, 214620.03 ], [ 444113.099999999976717, 214625.53 ], [ 444114.099999999976717, 214625.53 ], [ 444114.599999999976717, 214627.03 ], [ 444117.099999999976717, 214627.03 ], [ 444118.599999999976717, 214631.03 ], [ 444122.599999999976717, 214634.03 ], [ 444122.599999999976717, 214635.53 ], [ 444124.099999999976717, 214636.03 ], [ 444124.099999999976717, 214637.03 ], [ 444125.599999999976717, 214636.53 ], [ 444128.599999999976717, 214638.03 ], [ 444130.099999999976717, 214641.03 ], [ 444131.099999999976717, 214641.03 ], [ 444132.599999999976717, 214643.03 ], [ 444135.099999999976717, 214649.53 ], [ 444134.099999999976717, 214662.53 ], [ 444132.099999999976717, 214669.53 ], [ 444131.099999999976717, 214670.03 ], [ 444130.099999999976717, 214675.03 ], [ 444128.599999999976717, 214676.53 ], [ 444127.099999999976717, 214682.03 ], [ 444125.599999999976717, 214683.53 ], [ 444125.599999999976717, 214685.53 ], [ 444124.099999999976717, 214687.03 ], [ 444124.099999999976717, 214689.03 ], [ 444122.599999999976717, 214690.53 ], [ 444120.099999999976717, 214699.03 ], [ 444118.599999999976717, 214700.53 ], [ 444118.099999999976717, 214703.53 ], [ 444117.099999999976717, 214704.03 ], [ 444117.099999999976717, 214706.03 ], [ 444115.599999999976717, 214707.53 ], [ 444115.599999999976717, 214709.53 ], [ 444114.099999999976717, 214711.53 ], [ 444114.099999999976717, 214713.53 ], [ 444111.599999999976717, 214718.03 ], [ 444111.599999999976717, 214720.53 ], [ 444108.599999999976717, 214727.53 ], [ 444109.599999999976717, 214727.53 ], [ 444111.599999999976717, 214722.03 ], [ 444113.099999999976717, 214721.03 ], [ 444115.599999999976717, 214711.53 ], [ 444117.599999999976717, 214707.03 ], [ 444118.599999999976717, 214706.53 ], [ 444118.599999999976717, 214704.53 ], [ 444120.099999999976717, 214703.03 ], [ 444120.099999999976717, 214701.03 ], [ 444122.599999999976717, 214697.03 ], [ 444122.599999999976717, 214695.03 ], [ 444123.599999999976717, 214694.53 ], [ 444125.599999999976717, 214690.03 ], [ 444127.099999999976717, 214683.53 ], [ 444128.599999999976717, 214682.03 ], [ 444131.099999999976717, 214674.03 ], [ 444132.099999999976717, 214673.53 ], [ 444132.599999999976717, 214670.53 ], [ 444134.099999999976717, 214668.53 ], [ 444136.599999999976717, 214649.53 ], [ 444133.099999999976717, 214642.53 ], [ 444135.599999999976717, 214642.53 ], [ 444135.599999999976717, 214644.03 ], [ 444138.599999999976717, 214649.03 ], [ 444138.599999999976717, 214652.53 ], [ 444137.099999999976717, 214656.53 ], [ 444137.099999999976717, 214663.03 ], [ 444135.599999999976717, 214670.53 ], [ 444134.599999999976717, 214671.03 ], [ 444133.599999999976717, 214675.03 ], [ 444132.599999999976717, 214675.53 ], [ 444130.099999999976717, 214683.53 ], [ 444128.599999999976717, 214685.03 ], [ 444127.099999999976717, 214692.03 ], [ 444124.099999999976717, 214696.53 ], [ 444121.599999999976717, 214704.53 ], [ 444120.599999999976717, 214705.03 ], [ 444119.599999999976717, 214709.03 ], [ 444118.599999999976717, 214709.53 ], [ 444115.599999999976717, 214720.03 ], [ 444114.599999999976717, 214720.53 ], [ 444111.599999999976717, 214728.03 ], [ 444109.599999999976717, 214730.53 ], [ 444115.099999999976717, 214736.53 ], [ 444115.099999999976717, 214738.03 ], [ 444113.599999999976717, 214739.03 ], [ 444105.599999999976717, 214751.03 ], [ 444100.599999999976717, 214756.03 ], [ 444094.099999999976717, 214765.03 ], [ 444083.599999999976717, 214776.53 ], [ 444083.599999999976717, 214777.53 ], [ 444079.599999999976717, 214781.03 ], [ 444079.599999999976717, 214782.03 ], [ 444058.599999999976717, 214801.53 ], [ 444050.599999999976717, 214807.03 ], [ 444044.099999999976717, 214806.53 ], [ 444043.099999999976717, 214808.03 ], [ 444041.099999999976717, 214808.53 ], [ 444032.099999999976717, 214820.53 ], [ 444029.099999999976717, 214822.53 ], [ 444029.099999999976717, 214823.53 ], [ 444022.599999999976717, 214827.03 ], [ 444018.099999999976717, 214831.03 ], [ 444016.599999999976717, 214831.03 ], [ 444015.599999999976717, 214832.53 ], [ 444014.599999999976717, 214832.53 ], [ 444015.099999999976717, 214829.53 ], [ 444019.099999999976717, 214828.03 ], [ 444019.099999999976717, 214827.03 ], [ 444020.599999999976717, 214827.03 ], [ 444021.099999999976717, 214825.53 ], [ 444023.099999999976717, 214825.03 ], [ 444023.599999999976717, 214824.03 ], [ 444025.099999999976717, 214824.03 ], [ 444025.099999999976717, 214823.03 ], [ 444029.099999999976717, 214821.03 ], [ 444032.099999999976717, 214817.03 ], [ 444022.599999999976717, 214822.53 ], [ 444020.099999999976717, 214825.03 ], [ 444018.099999999976717, 214825.53 ], [ 444018.099999999976717, 214826.53 ], [ 444015.099999999976717, 214827.53 ], [ 444015.099999999976717, 214828.53 ], [ 444013.599999999976717, 214828.53 ], [ 444011.599999999976717, 214830.53 ], [ 444009.599999999976717, 214831.03 ], [ 444009.599999999976717, 214832.03 ], [ 444005.599999999976717, 214833.53 ], [ 444002.099999999976717, 214837.03 ], [ 444000.099999999976717, 214838.03 ], [ 443996.599999999976717, 214838.03 ], [ 443991.099999999976717, 214842.53 ], [ 443989.599999999976717, 214842.53 ], [ 443989.599999999976717, 214843.53 ], [ 443987.099999999976717, 214844.03 ], [ 443984.099999999976717, 214846.53 ], [ 443982.599999999976717, 214846.53 ], [ 443981.099999999976717, 214848.03 ], [ 443979.599999999976717, 214848.03 ], [ 443968.599999999976717, 214854.03 ], [ 443960.099999999976717, 214855.03 ], [ 443951.099999999976717, 214858.03 ], [ 443935.599999999976717, 214861.03 ], [ 443935.099999999976717, 214862.03 ], [ 443934.099999999976717, 214861.53 ], [ 443924.099999999976717, 214863.53 ], [ 443921.099999999976717, 214865.03 ], [ 443917.599999999976717, 214865.03 ], [ 443908.099999999976717, 214868.03 ], [ 443904.599999999976717, 214868.03 ], [ 443887.599999999976717, 214872.03 ], [ 443883.599999999976717, 214872.03 ], [ 443873.099999999976717, 214875.03 ], [ 443857.599999999976717, 214877.03 ], [ 443851.099999999976717, 214880.03 ], [ 443841.099999999976717, 214879.53 ], [ 443839.099999999976717, 214880.53 ], [ 443823.599999999976717, 214882.03 ], [ 443795.599999999976717, 214882.03 ], [ 443786.099999999976717, 214880.53 ], [ 443776.099999999976717, 214880.53 ], [ 443774.099999999976717, 214879.53 ], [ 443769.099999999976717, 214879.53 ], [ 443764.599999999976717, 214878.03 ], [ 443760.099999999976717, 214878.03 ], [ 443743.099999999976717, 214875.03 ], [ 443741.099999999976717, 214873.53 ], [ 443738.599999999976717, 214873.53 ], [ 443736.599999999976717, 214872.03 ], [ 443734.099999999976717, 214872.03 ], [ 443716.099999999976717, 214865.03 ], [ 443714.099999999976717, 214865.03 ], [ 443712.099999999976717, 214863.53 ], [ 443707.099999999976717, 214862.53 ], [ 443703.099999999976717, 214860.03 ], [ 443700.099999999976717, 214859.53 ], [ 443699.099999999976717, 214858.03 ], [ 443693.599999999976717, 214856.53 ], [ 443693.099999999976717, 214855.53 ], [ 443688.099999999976717, 214854.03 ], [ 443686.599999999976717, 214852.53 ], [ 443684.599999999976717, 214852.53 ], [ 443684.099999999976717, 214851.53 ], [ 443681.599999999976717, 214851.03 ], [ 443677.099999999976717, 214848.03 ], [ 443674.599999999976717, 214847.53 ], [ 443674.599999999976717, 214846.53 ], [ 443667.599999999976717, 214843.53 ], [ 443662.099999999976717, 214839.53 ], [ 443660.599999999976717, 214839.53 ], [ 443659.599999999976717, 214838.03 ], [ 443654.099999999976717, 214835.53 ], [ 443653.099999999976717, 214834.03 ], [ 443649.099999999976717, 214832.03 ], [ 443649.099999999976717, 214831.03 ], [ 443643.599999999976717, 214828.03 ], [ 443643.599999999976717, 214827.03 ], [ 443642.099999999976717, 214827.03 ], [ 443641.599999999976717, 214825.53 ], [ 443639.099999999976717, 214824.53 ], [ 443631.599999999976717, 214817.53 ], [ 443630.599999999976717, 214817.53 ], [ 443629.599999999976717, 214815.53 ], [ 443628.599999999976717, 214815.53 ], [ 443628.099999999976717, 214814.03 ], [ 443627.099999999976717, 214814.03 ], [ 443626.599999999976717, 214812.53 ], [ 443625.599999999976717, 214812.53 ], [ 443625.099999999976717, 214811.03 ], [ 443622.099999999976717, 214808.53 ], [ 443621.099999999976717, 214806.03 ], [ 443619.599999999976717, 214805.53 ], [ 443619.599999999976717, 214804.03 ], [ 443618.099999999976717, 214803.53 ], [ 443616.099999999976717, 214800.03 ], [ 443615.099999999976717, 214800.03 ], [ 443613.599999999976717, 214797.03 ], [ 443612.599999999976717, 214797.03 ], [ 443612.599999999976717, 214795.53 ], [ 443611.099999999976717, 214795.03 ], [ 443610.099999999976717, 214793.53 ], [ 443610.599999999976717, 214789.53 ], [ 443609.599999999976717, 214788.53 ], [ 443606.599999999976717, 214789.03 ], [ 443601.099999999976717, 214782.53 ], [ 443600.599999999976717, 214780.03 ], [ 443598.099999999976717, 214779.03 ], [ 443592.099999999976717, 214772.53 ], [ 443592.099999999976717, 214771.53 ], [ 443591.099999999976717, 214771.53 ], [ 443591.599999999976717, 214770.03 ], [ 443588.099999999976717, 214767.53 ], [ 443584.099999999976717, 214757.53 ], [ 443582.599999999976717, 214756.03 ], [ 443582.599999999976717, 214750.03 ], [ 443584.599999999976717, 214749.03 ], [ 443583.599999999976717, 214740.03 ], [ 443582.099999999976717, 214738.53 ], [ 443582.599999999976717, 214735.03 ], [ 443580.099999999976717, 214735.03 ], [ 443579.599999999976717, 214736.03 ], [ 443578.599999999976717, 214735.53 ], [ 443578.599999999976717, 214728.53 ], [ 443581.099999999976717, 214729.03 ], [ 443581.099999999976717, 214727.53 ], [ 443582.599999999976717, 214727.03 ], [ 443581.599999999976717, 214699.03 ], [ 443580.599999999976717, 214693.53 ], [ 443573.599999999976717, 214692.03 ], [ 443571.599999999976717, 214693.53 ], [ 443569.099999999976717, 214693.53 ], [ 443568.599999999976717, 214692.53 ], [ 443567.099999999976717, 214692.53 ], [ 443567.099999999976717, 214690.53 ], [ 443565.599999999976717, 214690.53 ], [ 443565.599999999976717, 214693.53 ] ], [ [ 443565.599999999976717, 214693.53 ], [ 443568.599999999976717, 214694.03 ], [ 443568.599999999976717, 214696.53 ], [ 443567.599999999976717, 214696.53 ], [ 443565.599999999976717, 214693.53 ] ], [ [ 444133.099999999976717, 214642.53 ], [ 444132.599999999976717, 214642.53 ], [ 444132.599999999976717, 214642.03 ], [ 444133.099999999976717, 214642.03 ], [ 444133.099999999976717, 214642.53 ] ], [ [ 444014.599999999976717, 214832.53 ], [ 444014.599999999976717, 214833.03 ], [ 444013.599999999976717, 214833.03 ], [ 444013.599999999976717, 214832.53 ], [ 444014.599999999976717, 214832.53 ] ], [ [ 444247.099999999976717, 214573.03 ], [ 444246.099999999976717, 214560.03 ], [ 444244.099999999976717, 214551.53 ], [ 444244.599999999976717, 214548.53 ], [ 444254.099999999976717, 214546.53 ], [ 444269.599999999976717, 214546.03 ], [ 444294.599999999976717, 214546.03 ], [ 444302.599999999976717, 214547.03 ], [ 444309.599999999976717, 214545.03 ], [ 444314.599999999976717, 214571.53 ], [ 444247.099999999976717, 214573.03 ] ], [ [ 444183.599999999976717, 214504.53 ], [ 444174.099999999976717, 214503.53 ], [ 444163.599999999976717, 214500.53 ], [ 444158.599999999976717, 214498.03 ], [ 444148.099999999976717, 214489.53 ], [ 444148.099999999976717, 214486.53 ], [ 444149.099999999976717, 214485.53 ], [ 444160.099999999976717, 214479.53 ], [ 444168.599999999976717, 214471.53 ], [ 444173.599999999976717, 214462.53 ], [ 444173.599999999976717, 214459.53 ], [ 444184.599999999976717, 214465.03 ], [ 444183.599999999976717, 214466.03 ], [ 444180.099999999976717, 214482.53 ], [ 444175.099999999976717, 214493.03 ], [ 444175.099999999976717, 214497.53 ], [ 444176.099999999976717, 214498.03 ], [ 444181.099999999976717, 214499.03 ], [ 444184.099999999976717, 214498.53 ], [ 444188.099999999976717, 214490.03 ], [ 444189.099999999976717, 214485.03 ], [ 444188.599999999976717, 214467.03 ], [ 444197.099999999976717, 214467.53 ], [ 444196.599999999976717, 214475.53 ], [ 444197.599999999976717, 214490.53 ], [ 444196.599999999976717, 214495.03 ], [ 444194.599999999976717, 214499.03 ], [ 444190.599999999976717, 214503.53 ], [ 444188.099999999976717, 214504.53 ], [ 444183.599999999976717, 214504.53 ] ], [ [ 444115.599999999976717, 214619.53 ], [ 444115.599999999976717, 214619.03 ], [ 444116.099999999976717, 214619.03 ], [ 444116.099999999976717, 214619.53 ], [ 444115.599999999976717, 214619.53 ] ], [ [ 444116.099999999976717, 214619.53 ], [ 444116.599999999976717, 214619.53 ], [ 444116.599999999976717, 214620.03 ], [ 444116.099999999976717, 214620.03 ], [ 444116.099999999976717, 214619.53 ] ], [ [ 444113.099999999976717, 214616.53 ], [ 444113.099999999976717, 214616.03 ], [ 444113.599999999976717, 214616.03 ], [ 444113.599999999976717, 214616.53 ], [ 444113.099999999976717, 214616.53 ] ], [ [ 444113.599999999976717, 214616.53 ], [ 444115.099999999976717, 214617.53 ], [ 444115.099999999976717, 214618.53 ], [ 444114.099999999976717, 214618.53 ], [ 444113.599999999976717, 214616.53 ] ], [ [ 444112.099999999976717, 214615.53 ], [ 444112.099999999976717, 214614.53 ], [ 444112.599999999976717, 214614.53 ], [ 444112.599999999976717, 214615.53 ], [ 444112.099999999976717, 214615.53 ] ], [ [ 444111.599999999976717, 214468.03 ], [ 444111.599999999976717, 214465.53 ], [ 444110.099999999976717, 214465.03 ], [ 444110.599999999976717, 214454.53 ], [ 444109.099999999976717, 214441.03 ], [ 444111.099999999976717, 214441.03 ], [ 444112.599999999976717, 214454.03 ], [ 444112.599999999976717, 214463.03 ], [ 444111.599999999976717, 214468.03 ] ], [ [ 444108.599999999976717, 214437.03 ], [ 444108.599999999976717, 214433.03 ], [ 444110.599999999976717, 214432.53 ], [ 444110.599999999976717, 214436.53 ], [ 444108.599999999976717, 214437.03 ] ], [ [ 444106.599999999976717, 214489.03 ], [ 444105.599999999976717, 214486.53 ], [ 444107.099999999976717, 214482.53 ], [ 444108.099999999976717, 214482.53 ], [ 444108.599999999976717, 214485.53 ], [ 444107.599999999976717, 214488.53 ], [ 444106.599999999976717, 214489.03 ] ], [ [ 444107.599999999976717, 214410.03 ], [ 444107.599999999976717, 214409.53 ], [ 444108.099999999976717, 214409.53 ], [ 444108.099999999976717, 214410.03 ], [ 444107.599999999976717, 214410.03 ] ], [ [ 444107.099999999976717, 214409.03 ], [ 444107.099999999976717, 214407.03 ], [ 444107.599999999976717, 214407.03 ], [ 444107.599999999976717, 214409.03 ], [ 444107.099999999976717, 214409.03 ] ], [ [ 444106.599999999976717, 214608.53 ], [ 444106.599999999976717, 214608.03 ], [ 444107.099999999976717, 214608.03 ], [ 444107.099999999976717, 214608.53 ], [ 444106.599999999976717, 214608.53 ] ], [ [ 444107.099999999976717, 214608.53 ], [ 444107.599999999976717, 214608.53 ], [ 444107.599999999976717, 214609.03 ], [ 444107.099999999976717, 214609.03 ], [ 444107.099999999976717, 214608.53 ] ], [ [ 444105.099999999976717, 214397.03 ], [ 444105.099999999976717, 214396.53 ], [ 444105.599999999976717, 214396.53 ], [ 444105.599999999976717, 214397.03 ], [ 444105.099999999976717, 214397.03 ] ], [ [ 444104.599999999976717, 214396.03 ], [ 444104.599999999976717, 214395.03 ], [ 444105.099999999976717, 214395.03 ], [ 444105.099999999976717, 214396.03 ], [ 444104.599999999976717, 214396.03 ] ], [ [ 444104.099999999976717, 214393.53 ], [ 444104.099999999976717, 214392.53 ], [ 444104.599999999976717, 214392.53 ], [ 444104.599999999976717, 214393.53 ], [ 444104.099999999976717, 214393.53 ] ], [ [ 444103.099999999976717, 214391.03 ], [ 444103.099999999976717, 214390.53 ], [ 444103.599999999976717, 214390.53 ], [ 444103.599999999976717, 214391.03 ], [ 444103.099999999976717, 214391.03 ] ], [ [ 444102.099999999976717, 214390.03 ], [ 444102.099999999976717, 214388.53 ], [ 444103.099999999976717, 214387.53 ], [ 444103.099999999976717, 214390.03 ], [ 444102.099999999976717, 214390.03 ] ], [ [ 444101.599999999976717, 214386.03 ], [ 444101.599999999976717, 214385.53 ], [ 444102.099999999976717, 214385.53 ], [ 444102.099999999976717, 214386.03 ], [ 444101.599999999976717, 214386.03 ] ], [ [ 444102.099999999976717, 214386.03 ], [ 444102.599999999976717, 214386.03 ], [ 444102.599999999976717, 214387.53 ], [ 444102.099999999976717, 214387.53 ], [ 444102.099999999976717, 214386.03 ] ], [ [ 444099.599999999976717, 214381.03 ], [ 444099.599999999976717, 214380.03 ], [ 444100.099999999976717, 214380.03 ], [ 444100.099999999976717, 214381.03 ], [ 444099.599999999976717, 214381.03 ] ], [ [ 444098.099999999976717, 214378.53 ], [ 444097.099999999976717, 214377.53 ], [ 444097.099999999976717, 214376.03 ], [ 444098.599999999976717, 214377.53 ], [ 444098.099999999976717, 214378.53 ] ], [ [ 444095.099999999976717, 214526.53 ], [ 444094.599999999976717, 214522.53 ], [ 444095.599999999976717, 214522.03 ], [ 444095.599999999976717, 214520.53 ], [ 444098.099999999976717, 214519.53 ], [ 444096.099999999976717, 214526.53 ], [ 444095.099999999976717, 214526.53 ] ], [ [ 444094.599999999976717, 214371.03 ], [ 444094.599999999976717, 214370.53 ], [ 444095.099999999976717, 214370.53 ], [ 444095.099999999976717, 214371.03 ], [ 444094.599999999976717, 214371.03 ] ], [ [ 444095.099999999976717, 214371.03 ], [ 444095.599999999976717, 214371.03 ], [ 444095.599999999976717, 214371.53 ], [ 444095.099999999976717, 214371.53 ], [ 444095.099999999976717, 214371.03 ] ], [ [ 444095.599999999976717, 214371.53 ], [ 444096.099999999976717, 214371.53 ], [ 444096.099999999976717, 214372.03 ], [ 444095.599999999976717, 214372.03 ], [ 444095.599999999976717, 214371.53 ] ], [ [ 444091.599999999976717, 214367.53 ], [ 444091.599999999976717, 214367.03 ], [ 444092.099999999976717, 214367.03 ], [ 444092.099999999976717, 214367.53 ], [ 444091.599999999976717, 214367.53 ] ], [ [ 444090.099999999976717, 214539.53 ], [ 444090.099999999976717, 214539.03 ], [ 444090.599999999976717, 214539.03 ], [ 444090.599999999976717, 214539.53 ], [ 444090.099999999976717, 214539.53 ] ], [ [ 444087.599999999976717, 214543.03 ], [ 444087.599999999976717, 214542.53 ], [ 444088.099999999976717, 214542.53 ], [ 444088.099999999976717, 214543.03 ], [ 444087.599999999976717, 214543.03 ] ], [ [ 444087.599999999976717, 214363.03 ], [ 444087.599999999976717, 214362.53 ], [ 444088.099999999976717, 214362.53 ], [ 444088.099999999976717, 214363.03 ], [ 444087.599999999976717, 214363.03 ] ], [ [ 444078.099999999976717, 214352.03 ], [ 444077.599999999976717, 214351.53 ], [ 444077.599999999976717, 214350.53 ], [ 444079.099999999976717, 214351.53 ], [ 444078.099999999976717, 214352.03 ] ], [ [ 444078.099999999976717, 214555.53 ], [ 444078.099999999976717, 214555.03 ], [ 444078.599999999976717, 214555.03 ], [ 444078.599999999976717, 214555.53 ], [ 444078.099999999976717, 214555.53 ] ], [ [ 444011.099999999976717, 214835.03 ], [ 444011.099999999976717, 214834.53 ], [ 444011.599999999976717, 214834.53 ], [ 444011.599999999976717, 214835.03 ], [ 444011.099999999976717, 214835.03 ] ], [ [ 444007.599999999976717, 214837.53 ], [ 444007.599999999976717, 214837.03 ], [ 444008.099999999976717, 214837.03 ], [ 444008.099999999976717, 214837.53 ], [ 444007.599999999976717, 214837.53 ] ], [ [ 444003.599999999976717, 214840.03 ], [ 444003.599999999976717, 214839.53 ], [ 444004.099999999976717, 214839.53 ], [ 444004.099999999976717, 214840.03 ], [ 444003.599999999976717, 214840.03 ] ], [ [ 444000.099999999976717, 214842.53 ], [ 444000.599999999976717, 214841.53 ], [ 444001.099999999976717, 214841.53 ], [ 444001.099999999976717, 214842.53 ], [ 444000.099999999976717, 214842.53 ] ], [ [ 444001.099999999976717, 214841.53 ], [ 444001.099999999976717, 214841.03 ], [ 444002.099999999976717, 214841.03 ], [ 444002.099999999976717, 214841.53 ], [ 444001.099999999976717, 214841.53 ] ], [ [ 443856.099999999976717, 214883.03 ], [ 443856.099999999976717, 214882.53 ], [ 443857.599999999976717, 214882.53 ], [ 443857.599999999976717, 214883.03 ], [ 443856.099999999976717, 214883.03 ] ], [ [ 443853.099999999976717, 214883.53 ], [ 443853.099999999976717, 214883.03 ], [ 443855.599999999976717, 214883.03 ], [ 443855.599999999976717, 214883.53 ], [ 443853.099999999976717, 214883.53 ] ], [ [ 443695.599999999976717, 214863.53 ], [ 443695.599999999976717, 214863.03 ], [ 443696.099999999976717, 214863.03 ], [ 443696.099999999976717, 214863.53 ], [ 443695.599999999976717, 214863.53 ] ], [ [ 443694.599999999976717, 214863.03 ], [ 443694.599999999976717, 214862.53 ], [ 443695.099999999976717, 214862.53 ], [ 443695.099999999976717, 214863.03 ], [ 443694.599999999976717, 214863.03 ] ], [ [ 443692.599999999976717, 214862.03 ], [ 443692.599999999976717, 214861.53 ], [ 443693.099999999976717, 214861.53 ], [ 443693.099999999976717, 214862.03 ], [ 443692.599999999976717, 214862.03 ] ], [ [ 443693.099999999976717, 214862.03 ], [ 443693.599999999976717, 214862.03 ], [ 443693.599999999976717, 214862.53 ], [ 443693.099999999976717, 214862.53 ], [ 443693.099999999976717, 214862.03 ] ], [ [ 443578.599999999976717, 214727.53 ], [ 443578.599999999976717, 214725.03 ], [ 443579.599999999976717, 214725.03 ], [ 443579.599999999976717, 214727.03 ], [ 443578.599999999976717, 214727.53 ] ] ] } },
{ "type": "Feature", "properties": { "mainhabs": "Deciduous woodland", "habcodes": "DWOOD", "featdesc": null, "featcodes": null, "otherclass": null, "addhabs": null, "primsource": "National Forest Inventory 2023 (DWOOD)", "areaha": "0.14", "version": "Sep_25", "uid": "PHID44308895_021477570", "shape_length": null, "shape_area": null, "site": "blenheim", "pid": 8, "method": "sam2iter" }, "geometry": { "type": "Polygon", "coordinates": [ [ [ 443052.599999999976717, 214871.53 ], [ 443053.599999999976717, 214871.53 ], [ 443059.099999999976717, 214863.03 ], [ 443065.099999999976717, 214856.03 ], [ 443066.099999999976717, 214853.53 ], [ 443067.599999999976717, 214852.53 ], [ 443073.099999999976717, 214842.53 ], [ 443077.599999999976717, 214831.53 ], [ 443090.099999999976717, 214778.03 ], [ 443111.599999999976717, 214734.53 ], [ 443114.599999999976717, 214723.53 ], [ 443115.599999999976717, 214714.53 ], [ 443116.599999999976717, 214713.03 ], [ 443117.099999999976717, 214704.53 ], [ 443124.599999999976717, 214689.03 ], [ 443127.099999999976717, 214682.03 ], [ 443126.099999999976717, 214680.53 ], [ 443128.099999999976717, 214676.53 ], [ 443129.099999999976717, 214676.53 ], [ 443129.099999999976717, 214675.53 ], [ 443130.599999999976717, 214675.03 ], [ 443130.599999999976717, 214674.03 ], [ 443134.099999999976717, 214671.03 ], [ 443134.599999999976717, 214668.53 ], [ 443133.099999999976717, 214666.53 ], [ 443127.599999999976717, 214666.03 ], [ 443122.599999999976717, 214669.53 ], [ 443122.599999999976717, 214671.53 ], [ 443120.099999999976717, 214671.03 ], [ 443119.099999999976717, 214672.03 ], [ 443118.099999999976717, 214675.53 ], [ 443119.099999999976717, 214676.03 ], [ 443119.599999999976717, 214678.03 ], [ 443117.599999999976717, 214681.03 ], [ 443117.599999999976717, 214683.03 ], [ 443119.599999999976717, 214684.53 ], [ 443116.599999999976717, 214692.03 ], [ 443116.599999999976717, 214694.03 ], [ 443098.099999999976717, 214746.03 ], [ 443094.599999999976717, 214753.03 ], [ 443093.099999999976717, 214759.03 ], [ 443085.599999999976717, 214773.53 ], [ 443082.599999999976717, 214788.03 ], [ 443081.599999999976717, 214799.53 ], [ 443077.099999999976717, 214817.53 ], [ 443072.599999999976717, 214827.53 ], [ 443071.599999999976717, 214828.03 ], [ 443069.599999999976717, 214833.03 ], [ 443061.099999999976717, 214846.03 ], [ 443060.599999999976717, 214848.03 ], [ 443049.599999999976717, 214864.53 ], [ 443046.599999999976717, 214867.53 ], [ 443046.599999999976717, 214868.53 ], [ 443052.599999999976717, 214871.53 ] ], [ [ 443123.099999999976717, 214672.03 ], [ 443123.099999999976717, 214671.03 ], [ 443123.599999999976717, 214671.03 ], [ 443123.599999999976717, 214672.03 ], [ 443123.099999999976717, 214672.03 ] ] ] } },
{ "type": "Feature", "properties": { "mainhabs": "Deciduous woodland", "habcodes": "DWOOD", "featdesc": null, "featcodes": null, "otherclass": null, "addhabs": null, "primsource": "National Forest Inventory 2023 (DWOOD)", "areaha": "2.08", "version": "Sep_25", "uid": "PHID44215165_021514045", "shape_length": null, "shape_area": null, "site": "blenheim", "pid": 10, "method": "sam2iter" }, "geometry": { "type": "Polygon", "coordinates": [ [ [ 442112.099999999976717, 215281.53 ], [ 442128.099999999976717, 215265.03 ], [ 442130.099999999976717, 215265.03 ], [ 442131.099999999976717, 215266.03 ], [ 442134.599999999976717, 215265.53 ], [ 442146.099999999976717, 215251.03 ], [ 442160.099999999976717, 215214.53 ], [ 442175.099999999976717, 215187.03 ], [ 442199.599999999976717, 215125.53 ], [ 442222.599999999976717, 215075.03 ], [ 442222.599999999976717, 215073.53 ], [ 442322.599999999976717, 215045.03 ], [ 442366.599999999976717, 215031.53 ], [ 442373.599999999976717, 215031.03 ], [ 442374.599999999976717, 215029.03 ], [ 442372.099999999976717, 215028.03 ], [ 442372.599999999976717, 215027.03 ], [ 442371.599999999976717, 215027.03 ], [ 442371.599999999976717, 215026.03 ], [ 442360.099999999976717, 215025.53 ], [ 442358.599999999976717, 215024.03 ], [ 442354.599999999976717, 215024.03 ], [ 442352.599999999976717, 215021.53 ], [ 442352.099999999976717, 215022.53 ], [ 442346.099999999976717, 215022.53 ], [ 442345.599999999976717, 215021.03 ], [ 442342.599999999976717, 215021.03 ], [ 442342.099999999976717, 215018.53 ], [ 442340.099999999976717, 215017.03 ], [ 442338.599999999976717, 215017.03 ], [ 442337.599999999976717, 215015.53 ], [ 442332.099999999976717, 215014.03 ], [ 442330.099999999976717, 215012.53 ], [ 442328.099999999976717, 215012.53 ], [ 442327.599999999976717, 215014.03 ], [ 442326.099999999976717, 215014.53 ], [ 442323.599999999976717, 215012.53 ], [ 442318.599999999976717, 215012.53 ], [ 442317.099999999976717, 215011.53 ], [ 442312.099999999976717, 215011.03 ], [ 442309.599999999976717, 215010.03 ], [ 442308.599999999976717, 215008.53 ], [ 442306.599999999976717, 215008.53 ], [ 442306.099999999976717, 215007.53 ], [ 442304.099999999976717, 215007.03 ], [ 442295.599999999976717, 215007.03 ], [ 442295.099999999976717, 215006.03 ], [ 442291.599999999976717, 215006.03 ], [ 442288.599999999976717, 215004.53 ], [ 442287.099999999976717, 215005.53 ], [ 442285.099999999976717, 215004.03 ], [ 442277.599999999976717, 215004.03 ], [ 442275.599999999976717, 215003.53 ], [ 442275.099999999976717, 215002.53 ], [ 442270.599999999976717, 215002.53 ], [ 442269.599999999976717, 215001.03 ], [ 442265.099999999976717, 215000.53 ], [ 442259.599999999976717, 215001.03 ], [ 442253.099999999976717, 214999.53 ], [ 442248.599999999976717, 215000.53 ], [ 442248.099999999976717, 214999.53 ], [ 442243.599999999976717, 214999.03 ], [ 442238.599999999976717, 215000.03 ], [ 442235.599999999976717, 214998.53 ], [ 442218.099999999976717, 214999.53 ], [ 442217.099999999976717, 214998.53 ], [ 442213.099999999976717, 214998.53 ], [ 442213.099999999976717, 214999.53 ], [ 442204.599999999976717, 214999.53 ], [ 442203.599999999976717, 215001.03 ], [ 442200.599999999976717, 215000.53 ], [ 442199.599999999976717, 215002.03 ], [ 442198.599999999976717, 215001.53 ], [ 442198.599999999976717, 215002.53 ], [ 442196.599999999976717, 215001.03 ], [ 442196.099999999976717, 215002.53 ], [ 442189.099999999976717, 215002.53 ], [ 442186.599999999976717, 215004.03 ], [ 442177.599999999976717, 215004.03 ], [ 442175.599999999976717, 215005.53 ], [ 442173.599999999976717, 215005.53 ], [ 442171.599999999976717, 215007.03 ], [ 442163.099999999976717, 215009.53 ], [ 442161.599999999976717, 215013.53 ], [ 442163.099999999976717, 215015.03 ], [ 442162.599999999976717, 215016.53 ], [ 442163.599999999976717, 215017.03 ], [ 442163.099999999976717, 215019.53 ], [ 442165.099999999976717, 215020.03 ], [ 442195.599999999976717, 215051.53 ], [ 442187.599999999976717, 215058.03 ], [ 442183.599999999976717, 215064.53 ], [ 442173.099999999976717, 215074.53 ], [ 442173.099999999976717, 215075.53 ], [ 442166.099999999976717, 215082.03 ], [ 442165.599999999976717, 215083.53 ], [ 442164.599999999976717, 215083.53 ], [ 442162.099999999976717, 215086.53 ], [ 442161.099999999976717, 215086.53 ], [ 442159.099999999976717, 215089.03 ], [ 442158.099999999976717, 215089.03 ], [ 442156.099999999976717, 215091.53 ], [ 442155.099999999976717, 215091.53 ], [ 442153.099999999976717, 215094.03 ], [ 442152.099999999976717, 215094.03 ], [ 442150.099999999976717, 215096.53 ], [ 442149.099999999976717, 215096.53 ], [ 442135.599999999976717, 215108.03 ], [ 442130.599999999976717, 215115.53 ], [ 442124.099999999976717, 215121.53 ], [ 442121.599999999976717, 215126.03 ], [ 442113.099999999976717, 215135.03 ], [ 442107.599999999976717, 215143.53 ], [ 442085.099999999976717, 215167.53 ], [ 442080.599999999976717, 215175.03 ], [ 442080.099999999976717, 215182.03 ], [ 442084.599999999976717, 215189.03 ], [ 442100.599999999976717, 215191.53 ], [ 442104.099999999976717, 215193.03 ], [ 442116.099999999976717, 215200.53 ], [ 442119.099999999976717, 215203.53 ], [ 442121.599999999976717, 215204.53 ], [ 442122.599999999976717, 215206.03 ], [ 442125.099999999976717, 215207.03 ], [ 442130.099999999976717, 215211.53 ], [ 442132.599999999976717, 215212.53 ], [ 442143.099999999976717, 215220.53 ], [ 442143.099999999976717, 215222.03 ], [ 442134.599999999976717, 215238.53 ], [ 442126.599999999976717, 215251.53 ], [ 442123.099999999976717, 215259.53 ], [ 442122.099999999976717, 215260.03 ], [ 442112.099999999976717, 215281.53 ] ] ] } },
{ "type": "Feature", "properties": { "mainhabs": "Deciduous woodland", "habcodes": "DWOOD", "featdesc": null, "featcodes": null, "otherclass": null, "addhabs": null, "primsource": "National Forest Inventory 2023 (DWOOD)", "areaha": "0.33", "version": "Sep_25", "uid": "PHID44232516_021495583", "shape_length": null, "shape_area": null, "site": "blenheim", "pid": 11, "method": "sam2iter" }, "geometry": { "type": "MultiPolygon", "coordinates": [ [ [ [ 442356.599999999976717, 215017.03 ], [ 442357.099999999976717, 215016.03 ], [ 442357.599999999976717, 215017.03 ], [ 442359.599999999976717, 215017.03 ], [ 442361.099999999976717, 215015.53 ], [ 442360.599999999976717, 215014.03 ], [ 442359.099999999976717, 215014.03 ], [ 442358.099999999976717, 215012.53 ], [ 442357.599999999976717, 215014.03 ], [ 442355.599999999976717, 215013.53 ], [ 442354.599999999976717, 215015.03 ], [ 442353.099999999976717, 215015.03 ], [ 442353.599999999976717, 215017.03 ], [ 442356.599999999976717, 215017.03 ] ] ], [ [ [ 442322.599999999976717, 215008.03 ], [ 442325.099999999976717, 215008.03 ], [ 442329.099999999976717, 215004.53 ], [ 442335.099999999976717, 215006.53 ], [ 442334.099999999976717, 215005.03 ], [ 442334.099999999976717, 215001.03 ], [ 442337.599999999976717, 215000.03 ], [ 442339.599999999976717, 214998.03 ], [ 442340.599999999976717, 214995.03 ], [ 442343.099999999976717, 214995.53 ], [ 442345.099999999976717, 214994.53 ], [ 442345.099999999976717, 214995.53 ], [ 442346.099999999976717, 214995.53 ], [ 442347.599999999976717, 214992.53 ], [ 442346.599999999976717, 214991.53 ], [ 442344.599999999976717, 214991.53 ], [ 442344.099999999976717, 214992.53 ], [ 442342.099999999976717, 214991.53 ], [ 442340.599999999976717, 214992.53 ], [ 442337.599999999976717, 214989.03 ], [ 442336.599999999976717, 214987.03 ], [ 442337.099999999976717, 214985.53 ], [ 442333.599999999976717, 214982.53 ], [ 442333.599999999976717, 214980.03 ], [ 442331.099999999976717, 214980.03 ], [ 442330.099999999976717, 214977.53 ], [ 442331.099999999976717, 214976.53 ], [ 442330.599999999976717, 214975.53 ], [ 442333.599999999976717, 214974.53 ], [ 442333.599999999976717, 214972.03 ], [ 442335.599999999976717, 214970.53 ], [ 442335.599999999976717, 214968.53 ], [ 442334.599999999976717, 214968.03 ], [ 442335.099999999976717, 214966.03 ], [ 442332.599999999976717, 214967.03 ], [ 442332.099999999976717, 214965.03 ], [ 442333.599999999976717, 214964.53 ], [ 442333.599999999976717, 214963.03 ], [ 442335.099999999976717, 214962.53 ], [ 442335.099999999976717, 214960.53 ], [ 442336.599999999976717, 214960.03 ], [ 442337.099999999976717, 214957.53 ], [ 442338.099999999976717, 214957.03 ], [ 442336.599999999976717, 214954.53 ], [ 442335.099999999976717, 214954.03 ], [ 442335.099999999976717, 214950.03 ], [ 442333.599999999976717, 214949.03 ], [ 442333.099999999976717, 214946.53 ], [ 442330.099999999976717, 214943.03 ], [ 442328.599999999976717, 214943.03 ], [ 442328.099999999976717, 214941.53 ], [ 442325.099999999976717, 214940.53 ], [ 442325.099999999976717, 214939.03 ], [ 442323.099999999976717, 214938.53 ], [ 442322.099999999976717, 214937.03 ], [ 442320.599999999976717, 214937.53 ], [ 442319.099999999976717, 214936.03 ], [ 442315.099999999976717, 214936.03 ], [ 442314.599999999976717, 214934.53 ], [ 442311.599999999976717, 214934.53 ], [ 442311.099999999976717, 214936.03 ], [ 442308.599999999976717, 214936.03 ], [ 442308.099999999976717, 214937.03 ], [ 442305.099999999976717, 214937.53 ], [ 442304.599999999976717, 214936.53 ], [ 442303.599999999976717, 214937.53 ], [ 442301.099999999976717, 214937.53 ], [ 442301.099999999976717, 214938.53 ], [ 442295.099999999976717, 214939.03 ], [ 442295.099999999976717, 214949.03 ], [ 442293.599999999976717, 214949.53 ], [ 442295.099999999976717, 214950.53 ], [ 442295.099999999976717, 214959.03 ], [ 442294.599999999976717, 214960.53 ], [ 442293.099999999976717, 214960.53 ], [ 442292.599999999976717, 214961.53 ], [ 442289.599999999976717, 214960.53 ], [ 442289.599999999976717, 214965.03 ], [ 442290.599999999976717, 214965.53 ], [ 442290.099999999976717, 214968.03 ], [ 442291.599999999976717, 214969.53 ], [ 442293.599999999976717, 214969.53 ], [ 442296.099999999976717, 214971.03 ], [ 442295.099999999976717, 214972.53 ], [ 442295.099999999976717, 214978.53 ], [ 442292.599999999976717, 214980.03 ], [ 442292.599999999976717, 214983.03 ], [ 442293.599999999976717, 214984.03 ], [ 442295.099999999976717, 214984.03 ], [ 442295.099999999976717, 214983.03 ], [ 442296.599999999976717, 214984.03 ], [ 442295.599999999976717, 214986.03 ], [ 442296.599999999976717, 214986.53 ], [ 442296.099999999976717, 214988.03 ], [ 442297.099999999976717, 214988.53 ], [ 442297.099999999976717, 214990.03 ], [ 442294.599999999976717, 214992.03 ], [ 442296.099999999976717, 214995.53 ], [ 442299.099999999976717, 214995.53 ], [ 442299.599999999976717, 214997.03 ], [ 442302.099999999976717, 214998.53 ], [ 442301.099999999976717, 215000.03 ], [ 442302.599999999976717, 215001.03 ], [ 442307.599999999976717, 215000.53 ], [ 442308.099999999976717, 215005.53 ], [ 442315.099999999976717, 215005.53 ], [ 442316.099999999976717, 215007.03 ], [ 442318.599999999976717, 215007.03 ], [ 442319.599999999976717, 215006.03 ], [ 442319.599999999976717, 215007.03 ], [ 442322.599999999976717, 215008.03 ] ], [ [ 442325.599999999976717, 214976.53 ], [ 442325.099999999976717, 214974.03 ], [ 442326.599999999976717, 214972.03 ], [ 442326.599999999976717, 214973.03 ], [ 442327.599999999976717, 214973.03 ], [ 442327.599999999976717, 214976.03 ], [ 442326.599999999976717, 214977.03 ], [ 442325.599999999976717, 214976.53 ] ], [ [ 442323.099999999976717, 214978.03 ], [ 442322.599999999976717, 214977.03 ], [ 442325.099999999976717, 214977.53 ], [ 442324.599999999976717, 214978.53 ], [ 442323.099999999976717, 214978.03 ] ], [ [ 442292.599999999976717, 214965.03 ], [ 442292.599999999976717, 214963.03 ], [ 442295.099999999976717, 214963.53 ], [ 442294.599999999976717, 214966.03 ], [ 442292.599999999976717, 214966.03 ], [ 442292.599999999976717, 214965.03 ] ] ] ] } }
]
}
