{
"type": "FeatureCollection",
"crs": { "type": "name", "properties": { "name": "urn:ogc:def:crs:EPSG::27700" } },
"features": [
{ "type": "Feature", "properties": { "mainhabs": "Deciduous woodland", "habcodes": "DWOOD", "featdesc": null, "featcodes": null, "otherclass": null, "addhabs": null, "primsource": "National Forest Inventory 2023 (DWOOD)", "areaha": "0.04", "version": "Sep_25", "uid": "PHID49953761_023956823", "shape_length": null, "shape_area": null, "site": "millbrook", "pid": 0, "method": "vote" }, "geometry": { "type": "Polygon", "coordinates": [ [ [ 499542.729999999981374, 239589.79 ], [ 499548.729999999981374, 239588.79 ], [ 499549.229999999981374, 239586.79 ], [ 499548.229999999981374, 239586.29 ], [ 499547.229999999981374, 239582.29 ], [ 499546.229999999981374, 239581.79 ], [ 499546.229999999981374, 239578.29 ], [ 499544.729999999981374, 239576.79 ], [ 499542.729999999981374, 239568.79 ], [ 499541.729999999981374, 239568.79 ], [ 499538.729999999981374, 239559.79 ], [ 499537.229999999981374, 239558.29 ], [ 499537.229999999981374, 239556.29 ], [ 499534.729999999981374, 239552.79 ], [ 499532.729999999981374, 239544.79 ], [ 499531.229999999981374, 239543.29 ], [ 499531.729999999981374, 239541.79 ], [ 499530.729999999981374, 239538.79 ], [ 499528.229999999981374, 239535.29 ], [ 499526.229999999981374, 239535.29 ], [ 499525.229999999981374, 239535.79 ], [ 499524.729999999981374, 239539.29 ], [ 499523.729999999981374, 239539.79 ], [ 499523.729999999981374, 239546.29 ], [ 499526.729999999981374, 239553.29 ], [ 499526.729999999981374, 239556.79 ], [ 499528.729999999981374, 239559.79 ], [ 499529.729999999981374, 239559.79 ], [ 499531.229999999981374, 239563.79 ], [ 499532.229999999981374, 239563.79 ], [ 499532.729999999981374, 239566.79 ], [ 499535.729999999981374, 239569.29 ], [ 499535.729999999981374, 239572.79 ], [ 499536.729999999981374, 239573.79 ], [ 499537.729999999981374, 239578.79 ], [ 499537.229999999981374, 239581.29 ], [ 499540.229999999981374, 239585.29 ], [ 499542.229999999981374, 239585.79 ], [ 499541.729999999981374, 239587.79 ], [ 499542.729999999981374, 239589.79 ] ] ] } },
{ "type": "Feature", "properties": { "mainhabs": "Deciduous woodland", "habcodes": "DWOOD", "featdesc": null, "featcodes": null, "otherclass": null, "addhabs": null, "primsource": "National Forest Inventory 2023 (DWOOD)", "areaha": "0.67", "version": "Sep_25", "uid": "PHID49958641_023955940", "shape_length": null, "shape_area": null, "site": "millbrook", "pid": 1, "method": "vote" }, "geometry": { "type": "Polygon", "coordinates": [ [ [ 499703.229999999981374, 239632.79 ], [ 499704.729999999981374, 239632.79 ], [ 499705.229999999981374, 239630.29 ], [ 499702.229999999981374, 239629.79 ], [ 499702.229999999981374, 239628.29 ], [ 499703.229999999981374, 239628.29 ], [ 499703.229999999981374, 239627.29 ], [ 499706.729999999981374, 239626.79 ], [ 499706.729999999981374, 239620.79 ], [ 499707.729999999981374, 239620.79 ], [ 499708.729999999981374, 239618.29 ], [ 499710.729999999981374, 239617.79 ], [ 499711.229999999981374, 239616.29 ], [ 499710.229999999981374, 239614.79 ], [ 499712.729999999981374, 239612.29 ], [ 499712.229999999981374, 239610.79 ], [ 499710.729999999981374, 239610.29 ], [ 499711.229999999981374, 239608.79 ], [ 499710.229999999981374, 239607.29 ], [ 499706.729999999981374, 239604.79 ], [ 499706.729999999981374, 239602.29 ], [ 499705.229999999981374, 239601.29 ], [ 499702.729999999981374, 239601.29 ], [ 499700.729999999981374, 239599.79 ], [ 499697.729999999981374, 239595.79 ], [ 499696.229999999981374, 239595.79 ], [ 499695.729999999981374, 239594.29 ], [ 499691.229999999981374, 239592.29 ], [ 499689.729999999981374, 239589.29 ], [ 499685.229999999981374, 239587.79 ], [ 499684.229999999981374, 239585.29 ], [ 499681.229999999981374, 239585.29 ], [ 499681.229999999981374, 239586.29 ], [ 499680.229999999981374, 239586.29 ], [ 499678.729999999981374, 239583.79 ], [ 499674.729999999981374, 239583.29 ], [ 499674.729999999981374, 239582.29 ], [ 499672.229999999981374, 239581.79 ], [ 499671.229999999981374, 239580.29 ], [ 499669.229999999981374, 239580.29 ], [ 499668.729999999981374, 239578.79 ], [ 499666.729999999981374, 239578.79 ], [ 499664.229999999981374, 239575.79 ], [ 499662.229999999981374, 239575.79 ], [ 499660.229999999981374, 239573.79 ], [ 499660.229999999981374, 239571.79 ], [ 499656.729999999981374, 239570.29 ], [ 499656.729999999981374, 239567.29 ], [ 499655.229999999981374, 239568.29 ], [ 499655.729999999981374, 239569.79 ], [ 499652.729999999981374, 239567.79 ], [ 499649.229999999981374, 239568.79 ], [ 499645.729999999981374, 239565.79 ], [ 499642.729999999981374, 239565.79 ], [ 499641.729999999981374, 239564.29 ], [ 499639.229999999981374, 239564.29 ], [ 499637.729999999981374, 239562.79 ], [ 499634.229999999981374, 239562.29 ], [ 499634.229999999981374, 239560.29 ], [ 499633.229999999981374, 239559.29 ], [ 499634.229999999981374, 239559.29 ], [ 499634.229999999981374, 239558.29 ], [ 499632.729999999981374, 239557.79 ], [ 499631.729999999981374, 239558.79 ], [ 499630.229999999981374, 239556.29 ], [ 499630.229999999981374, 239554.29 ], [ 499629.229999999981374, 239553.29 ], [ 499626.729999999981374, 239553.29 ], [ 499626.729999999981374, 239552.29 ], [ 499625.729999999981374, 239552.29 ], [ 499625.229999999981374, 239550.79 ], [ 499623.729999999981374, 239550.79 ], [ 499623.729999999981374, 239549.29 ], [ 499621.229999999981374, 239547.79 ], [ 499619.229999999981374, 239544.79 ], [ 499618.229999999981374, 239544.79 ], [ 499616.229999999981374, 239539.29 ], [ 499614.229999999981374, 239537.79 ], [ 499614.729999999981374, 239535.79 ], [ 499613.229999999981374, 239534.79 ], [ 499614.229999999981374, 239533.79 ], [ 499613.229999999981374, 239532.29 ], [ 499613.729999999981374, 239529.79 ], [ 499610.729999999981374, 239528.29 ], [ 499611.729999999981374, 239527.29 ], [ 499610.729999999981374, 239526.29 ], [ 499609.229999999981374, 239526.29 ], [ 499609.229999999981374, 239527.79 ], [ 499605.729999999981374, 239531.79 ], [ 499605.729999999981374, 239533.29 ], [ 499603.229999999981374, 239535.29 ], [ 499601.729999999981374, 239540.29 ], [ 499597.229999999981374, 239545.29 ], [ 499596.729999999981374, 239549.29 ], [ 499593.729999999981374, 239550.79 ], [ 499593.229999999981374, 239554.29 ], [ 499591.229999999981374, 239555.29 ], [ 499591.729999999981374, 239557.29 ], [ 499588.229999999981374, 239557.79 ], [ 499587.229999999981374, 239555.29 ], [ 499583.729999999981374, 239554.79 ], [ 499582.229999999981374, 239552.29 ], [ 499578.729999999981374, 239551.79 ], [ 499578.729999999981374, 239550.79 ], [ 499576.229999999981374, 239550.29 ], [ 499573.729999999981374, 239546.29 ], [ 499568.729999999981374, 239545.79 ], [ 499567.229999999981374, 239544.79 ], [ 499567.229999999981374, 239543.29 ], [ 499563.229999999981374, 239542.79 ], [ 499561.229999999981374, 239540.29 ], [ 499556.729999999981374, 239538.79 ], [ 499554.229999999981374, 239535.79 ], [ 499552.729999999981374, 239535.79 ], [ 499551.729999999981374, 239534.29 ], [ 499549.229999999981374, 239534.29 ], [ 499548.729999999981374, 239532.29 ], [ 499547.229999999981374, 239531.29 ], [ 499543.229999999981374, 239530.79 ], [ 499541.729999999981374, 239528.29 ], [ 499539.729999999981374, 239527.79 ], [ 499539.229999999981374, 239525.29 ], [ 499537.229999999981374, 239524.79 ], [ 499536.729999999981374, 239522.29 ], [ 499535.229999999981374, 239521.79 ], [ 499533.729999999981374, 239518.29 ], [ 499531.229999999981374, 239517.29 ], [ 499531.229999999981374, 239516.29 ], [ 499529.729999999981374, 239516.79 ], [ 499529.229999999981374, 239520.79 ], [ 499527.229999999981374, 239522.29 ], [ 499528.229999999981374, 239531.29 ], [ 499529.229999999981374, 239531.79 ], [ 499529.729999999981374, 239535.79 ], [ 499531.229999999981374, 239536.79 ], [ 499531.229999999981374, 239539.79 ], [ 499532.729999999981374, 239540.29 ], [ 499532.729999999981374, 239541.79 ], [ 499534.229999999981374, 239542.79 ], [ 499534.229999999981374, 239546.79 ], [ 499537.229999999981374, 239548.79 ], [ 499538.229999999981374, 239553.79 ], [ 499540.229999999981374, 239554.79 ], [ 499540.229999999981374, 239560.29 ], [ 499543.229999999981374, 239561.29 ], [ 499543.229999999981374, 239564.29 ], [ 499545.729999999981374, 239565.79 ], [ 499546.229999999981374, 239568.79 ], [ 499549.229999999981374, 239570.79 ], [ 499549.229999999981374, 239573.79 ], [ 499554.229999999981374, 239578.79 ], [ 499556.729999999981374, 239579.29 ], [ 499558.229999999981374, 239581.29 ], [ 499561.229999999981374, 239582.29 ], [ 499562.729999999981374, 239584.79 ], [ 499564.229999999981374, 239584.79 ], [ 499564.729999999981374, 239585.79 ], [ 499566.729999999981374, 239584.79 ], [ 499570.229999999981374, 239585.29 ], [ 499570.229999999981374, 239586.29 ], [ 499572.729999999981374, 239586.79 ], [ 499572.729999999981374, 239587.79 ], [ 499576.229999999981374, 239588.29 ], [ 499576.229999999981374, 239589.29 ], [ 499579.229999999981374, 239590.79 ], [ 499582.729999999981374, 239590.79 ], [ 499583.729999999981374, 239592.79 ], [ 499585.729999999981374, 239593.29 ], [ 499586.229999999981374, 239594.29 ], [ 499593.729999999981374, 239593.79 ], [ 499594.729999999981374, 239595.29 ], [ 499595.729999999981374, 239593.79 ], [ 499599.729999999981374, 239593.29 ], [ 499601.229999999981374, 239591.29 ], [ 499605.229999999981374, 239590.79 ], [ 499606.229999999981374, 239589.29 ], [ 499607.729999999981374, 239589.29 ], [ 499609.229999999981374, 239592.29 ], [ 499611.729999999981374, 239592.79 ], [ 499611.729999999981374, 239594.29 ], [ 499610.229999999981374, 239595.79 ], [ 499612.229999999981374, 239597.29 ], [ 499612.229999999981374, 239598.29 ], [ 499613.729999999981374, 239597.29 ], [ 499613.729999999981374, 239595.29 ], [ 499616.229999999981374, 239595.79 ], [ 499616.229999999981374, 239596.79 ], [ 499619.229999999981374, 239598.29 ], [ 499620.229999999981374, 239597.29 ], [ 499620.229999999981374, 239595.29 ], [ 499624.229999999981374, 239595.29 ], [ 499624.229999999981374, 239596.79 ], [ 499626.229999999981374, 239597.29 ], [ 499626.729999999981374, 239598.29 ], [ 499637.229999999981374, 239598.29 ], [ 499638.729999999981374, 239600.79 ], [ 499642.229999999981374, 239602.29 ], [ 499647.229999999981374, 239601.79 ], [ 499648.229999999981374, 239602.79 ], [ 499653.729999999981374, 239603.29 ], [ 499655.229999999981374, 239604.29 ], [ 499661.729999999981374, 239604.29 ], [ 499664.229999999981374, 239605.79 ], [ 499664.229999999981374, 239607.79 ], [ 499666.229999999981374, 239607.79 ], [ 499667.229999999981374, 239608.79 ], [ 499666.229999999981374, 239610.29 ], [ 499670.729999999981374, 239611.29 ], [ 499672.729999999981374, 239610.79 ], [ 499673.229999999981374, 239611.79 ], [ 499675.229999999981374, 239611.79 ], [ 499675.229999999981374, 239613.29 ], [ 499677.229999999981374, 239614.79 ], [ 499678.729999999981374, 239614.29 ], [ 499682.229999999981374, 239615.29 ], [ 499683.229999999981374, 239616.29 ], [ 499682.729999999981374, 239617.79 ], [ 499685.229999999981374, 239617.79 ], [ 499685.229999999981374, 239619.29 ], [ 499686.729999999981374, 239620.79 ], [ 499688.729999999981374, 239621.29 ], [ 499688.729999999981374, 239623.29 ], [ 499689.729999999981374, 239624.29 ], [ 499693.729999999981374, 239624.29 ], [ 499693.229999999981374, 239627.29 ], [ 499694.229999999981374, 239627.29 ], [ 499694.229999999981374, 239628.29 ], [ 499694.729999999981374, 239627.29 ], [ 499697.729999999981374, 239627.29 ], [ 499697.729999999981374, 239629.29 ], [ 499699.229999999981374, 239629.79 ], [ 499699.229999999981374, 239628.79 ], [ 499700.729999999981374, 239628.29 ], [ 499700.729999999981374, 239629.79 ], [ 499702.229999999981374, 239630.29 ], [ 499703.229999999981374, 239632.79 ] ] ] } },
{ "type": "Feature", "properties": { "mainhabs": "Deciduous woodland", "habcodes": "DWOOD", "featdesc": null, "featcodes": null, "otherclass": null, "addhabs": null, "primsource": "National Forest Inventory 2023 (DWOOD)", "areaha": "7.24", "version": "Sep_25", "uid": "PHID49958793_023941651", "shape_length": null, "shape_area": null, "site": "millbrook", "pid": 2, "method": "vote" }, "geometry": { "type": "MultiPolygon", "coordinates": [ [ [ [ 500154.729999999981374, 239873.79 ], [ 500157.229999999981374, 239871.79 ], [ 500156.729999999981374, 239870.29 ], [ 500152.229999999981374, 239867.29 ], [ 500152.729999999981374, 239865.79 ], [ 500151.229999999981374, 239864.29 ], [ 500146.729999999981374, 239864.79 ], [ 500146.729999999981374, 239870.29 ], [ 500148.229999999981374, 239870.79 ], [ 500149.229999999981374, 239868.79 ], [ 500150.729999999981374, 239868.79 ], [ 500152.229999999981374, 239873.29 ], [ 500154.729999999981374, 239873.79 ] ] ], [ [ [ 500136.729999999981374, 239854.29 ], [ 500137.729999999981374, 239853.29 ], [ 500136.729999999981374, 239851.29 ], [ 500140.229999999981374, 239849.29 ], [ 500140.229999999981374, 239847.29 ], [ 500139.229999999981374, 239846.29 ], [ 500136.229999999981374, 239846.79 ], [ 500135.729999999981374, 239845.29 ], [ 500131.729999999981374, 239843.29 ], [ 500131.729999999981374, 239842.29 ], [ 500128.729999999981374, 239840.29 ], [ 500130.229999999981374, 239837.79 ], [ 500128.729999999981374, 239837.29 ], [ 500126.729999999981374, 239833.29 ], [ 500124.729999999981374, 239833.29 ], [ 500123.729999999981374, 239831.79 ], [ 500120.729999999981374, 239831.29 ], [ 500120.729999999981374, 239830.29 ], [ 500119.229999999981374, 239829.79 ], [ 500117.729999999981374, 239821.29 ], [ 500114.729999999981374, 239819.29 ], [ 500113.229999999981374, 239819.29 ], [ 500113.229999999981374, 239818.29 ], [ 500110.729999999981374, 239817.79 ], [ 500109.229999999981374, 239815.29 ], [ 500106.729999999981374, 239813.79 ], [ 500106.729999999981374, 239812.29 ], [ 500103.229999999981374, 239808.29 ], [ 500097.229999999981374, 239807.29 ], [ 500097.229999999981374, 239806.29 ], [ 500092.229999999981374, 239802.29 ], [ 500091.729999999981374, 239800.29 ], [ 500089.729999999981374, 239799.29 ], [ 500088.729999999981374, 239797.29 ], [ 500079.729999999981374, 239796.29 ], [ 500078.729999999981374, 239795.29 ], [ 500078.729999999981374, 239792.29 ], [ 500077.729999999981374, 239792.29 ], [ 500076.729999999981374, 239787.79 ], [ 500072.729999999981374, 239784.29 ], [ 500067.729999999981374, 239785.29 ], [ 500066.729999999981374, 239784.29 ], [ 500066.729999999981374, 239779.29 ], [ 500060.729999999981374, 239775.29 ], [ 500056.229999999981374, 239774.29 ], [ 500054.729999999981374, 239771.79 ], [ 500053.229999999981374, 239771.79 ], [ 500049.229999999981374, 239765.79 ], [ 500047.729999999981374, 239765.29 ], [ 500045.729999999981374, 239761.29 ], [ 500041.729999999981374, 239759.29 ], [ 500039.729999999981374, 239755.29 ], [ 500038.729999999981374, 239755.29 ], [ 500036.729999999981374, 239752.29 ], [ 500035.229999999981374, 239751.79 ], [ 500034.729999999981374, 239748.79 ], [ 500032.729999999981374, 239747.79 ], [ 500032.729999999981374, 239746.29 ], [ 500029.729999999981374, 239744.29 ], [ 500029.729999999981374, 239743.29 ], [ 500026.729999999981374, 239741.29 ], [ 500024.729999999981374, 239738.29 ], [ 500022.729999999981374, 239738.29 ], [ 500022.729999999981374, 239737.29 ], [ 500020.729999999981374, 239736.29 ], [ 500018.729999999981374, 239733.29 ], [ 500010.229999999981374, 239729.79 ], [ 500009.729999999981374, 239726.79 ], [ 500008.729999999981374, 239726.79 ], [ 500008.229999999981374, 239723.29 ], [ 500006.729999999981374, 239721.29 ], [ 499996.729999999981374, 239718.29 ], [ 499995.729999999981374, 239712.79 ], [ 499994.729999999981374, 239711.29 ], [ 499992.729999999981374, 239710.79 ], [ 499992.729999999981374, 239709.79 ], [ 499987.729999999981374, 239708.29 ], [ 499984.229999999981374, 239708.29 ], [ 499982.729999999981374, 239703.79 ], [ 499981.729999999981374, 239703.79 ], [ 499980.729999999981374, 239699.29 ], [ 499979.729999999981374, 239697.79 ], [ 499974.229999999981374, 239695.79 ], [ 499973.729999999981374, 239693.29 ], [ 499972.729999999981374, 239693.29 ], [ 499973.729999999981374, 239692.79 ], [ 499973.729999999981374, 239690.79 ], [ 499972.729999999981374, 239690.79 ], [ 499970.729999999981374, 239688.29 ], [ 499970.729999999981374, 239685.29 ], [ 499966.729999999981374, 239682.79 ], [ 499966.729999999981374, 239680.79 ], [ 499963.729999999981374, 239676.79 ], [ 499955.729999999981374, 239674.79 ], [ 499952.729999999981374, 239670.79 ], [ 499950.729999999981374, 239670.29 ], [ 499946.729999999981374, 239665.79 ], [ 499945.229999999981374, 239665.79 ], [ 499943.729999999981374, 239663.29 ], [ 499940.229999999981374, 239662.79 ], [ 499940.229999999981374, 239661.79 ], [ 499938.229999999981374, 239660.79 ], [ 499937.229999999981374, 239657.79 ], [ 499934.729999999981374, 239656.79 ], [ 499934.229999999981374, 239655.29 ], [ 499930.229999999981374, 239653.79 ], [ 499928.229999999981374, 239649.79 ], [ 499924.229999999981374, 239647.79 ], [ 499924.229999999981374, 239646.79 ], [ 499922.229999999981374, 239644.79 ], [ 499920.729999999981374, 239644.79 ], [ 499920.729999999981374, 239643.79 ], [ 499917.229999999981374, 239642.79 ], [ 499916.229999999981374, 239640.79 ], [ 499915.229999999981374, 239640.79 ], [ 499913.229999999981374, 239637.79 ], [ 499910.229999999981374, 239635.79 ], [ 499910.229999999981374, 239634.79 ], [ 499909.229999999981374, 239634.79 ], [ 499907.729999999981374, 239632.79 ], [ 499906.229999999981374, 239632.79 ], [ 499906.229999999981374, 239631.79 ], [ 499903.229999999981374, 239630.79 ], [ 499902.229999999981374, 239628.79 ], [ 499899.229999999981374, 239626.79 ], [ 499899.229999999981374, 239625.79 ], [ 499895.729999999981374, 239623.79 ], [ 499895.229999999981374, 239622.29 ], [ 499889.729999999981374, 239620.79 ], [ 499889.729999999981374, 239619.79 ], [ 499886.729999999981374, 239617.79 ], [ 499886.729999999981374, 239616.29 ], [ 499885.229999999981374, 239615.79 ], [ 499884.729999999981374, 239613.79 ], [ 499882.229999999981374, 239612.29 ], [ 499881.729999999981374, 239610.79 ], [ 499876.229999999981374, 239608.79 ], [ 499876.229999999981374, 239607.79 ], [ 499873.229999999981374, 239605.79 ], [ 499870.229999999981374, 239601.79 ], [ 499868.229999999981374, 239600.29 ], [ 499863.229999999981374, 239599.79 ], [ 499863.229999999981374, 239598.79 ], [ 499858.229999999981374, 239597.29 ], [ 499857.729999999981374, 239595.79 ], [ 499855.229999999981374, 239594.29 ], [ 499850.229999999981374, 239588.29 ], [ 499849.229999999981374, 239588.29 ], [ 499847.729999999981374, 239584.79 ], [ 499848.229999999981374, 239579.29 ], [ 499847.229999999981374, 239576.29 ], [ 499846.229999999981374, 239576.29 ], [ 499845.229999999981374, 239567.29 ], [ 499841.729999999981374, 239564.29 ], [ 499841.729999999981374, 239562.29 ], [ 499839.229999999981374, 239560.79 ], [ 499838.229999999981374, 239556.79 ], [ 499834.229999999981374, 239554.79 ], [ 499834.229999999981374, 239553.79 ], [ 499832.229999999981374, 239552.29 ], [ 499832.229999999981374, 239550.79 ], [ 499831.229999999981374, 239550.79 ], [ 499829.229999999981374, 239547.79 ], [ 499827.729999999981374, 239547.29 ], [ 499826.729999999981374, 239544.79 ], [ 499825.229999999981374, 239544.79 ], [ 499824.229999999981374, 239543.29 ], [ 499822.229999999981374, 239542.79 ], [ 499820.229999999981374, 239538.79 ], [ 499816.229999999981374, 239536.79 ], [ 499814.229999999981374, 239532.79 ], [ 499810.229999999981374, 239531.29 ], [ 499808.729999999981374, 239528.29 ], [ 499807.229999999981374, 239527.79 ], [ 499807.229999999981374, 239526.79 ], [ 499804.229999999981374, 239524.79 ], [ 499802.229999999981374, 239521.79 ], [ 499800.729999999981374, 239521.79 ], [ 499796.729999999981374, 239516.29 ], [ 499794.729999999981374, 239516.29 ], [ 499793.729999999981374, 239514.29 ], [ 499788.729999999981374, 239514.29 ], [ 499787.229999999981374, 239512.79 ], [ 499787.229999999981374, 239510.79 ], [ 499785.729999999981374, 239509.79 ], [ 499783.229999999981374, 239509.79 ], [ 499782.729999999981374, 239507.79 ], [ 499780.229999999981374, 239506.79 ], [ 499779.229999999981374, 239505.29 ], [ 499779.229999999981374, 239502.79 ], [ 499777.229999999981374, 239502.79 ], [ 499773.729999999981374, 239498.79 ], [ 499770.229999999981374, 239498.79 ], [ 499770.229999999981374, 239496.79 ], [ 499769.229999999981374, 239495.79 ], [ 499765.229999999981374, 239495.79 ], [ 499764.729999999981374, 239487.79 ], [ 499761.729999999981374, 239487.29 ], [ 499760.229999999981374, 239483.29 ], [ 499758.229999999981374, 239483.29 ], [ 499757.729999999981374, 239485.79 ], [ 499757.229999999981374, 239484.79 ], [ 499754.729999999981374, 239484.29 ], [ 499754.729999999981374, 239481.29 ], [ 499753.229999999981374, 239480.79 ], [ 499753.229999999981374, 239478.29 ], [ 499752.229999999981374, 239477.79 ], [ 499751.729999999981374, 239475.79 ], [ 499748.229999999981374, 239473.79 ], [ 499748.229999999981374, 239472.79 ], [ 499745.729999999981374, 239472.79 ], [ 499744.229999999981374, 239471.79 ], [ 499744.229999999981374, 239469.79 ], [ 499743.229999999981374, 239469.29 ], [ 499742.229999999981374, 239466.29 ], [ 499738.229999999981374, 239466.29 ], [ 499736.729999999981374, 239464.79 ], [ 499736.229999999981374, 239457.29 ], [ 499733.229999999981374, 239455.79 ], [ 499724.729999999981374, 239455.79 ], [ 499724.729999999981374, 239454.79 ], [ 499722.729999999981374, 239453.79 ], [ 499722.729999999981374, 239448.29 ], [ 499720.229999999981374, 239446.79 ], [ 499716.729999999981374, 239446.79 ], [ 499716.729999999981374, 239445.79 ], [ 499715.229999999981374, 239445.79 ], [ 499713.729999999981374, 239444.29 ], [ 499711.229999999981374, 239444.29 ], [ 499709.229999999981374, 239441.29 ], [ 499707.729999999981374, 239441.29 ], [ 499707.229999999981374, 239439.79 ], [ 499703.729999999981374, 239437.79 ], [ 499703.729999999981374, 239433.29 ], [ 499698.229999999981374, 239432.79 ], [ 499697.229999999981374, 239431.79 ], [ 499697.729999999981374, 239428.79 ], [ 499697.229999999981374, 239427.29 ], [ 499696.229999999981374, 239427.29 ], [ 499695.729999999981374, 239421.79 ], [ 499692.729999999981374, 239420.79 ], [ 499686.729999999981374, 239420.79 ], [ 499685.729999999981374, 239419.79 ], [ 499686.229999999981374, 239417.29 ], [ 499684.229999999981374, 239415.79 ], [ 499684.229999999981374, 239412.79 ], [ 499685.229999999981374, 239412.79 ], [ 499685.229999999981374, 239411.29 ], [ 499683.229999999981374, 239411.29 ], [ 499682.229999999981374, 239409.79 ], [ 499680.229999999981374, 239409.79 ], [ 499678.229999999981374, 239408.29 ], [ 499675.229999999981374, 239408.79 ], [ 499673.229999999981374, 239405.29 ], [ 499667.729999999981374, 239405.29 ], [ 499667.229999999981374, 239403.79 ], [ 499663.229999999981374, 239400.79 ], [ 499663.229999999981374, 239399.79 ], [ 499664.729999999981374, 239399.29 ], [ 499664.229999999981374, 239397.79 ], [ 499660.229999999981374, 239395.79 ], [ 499660.229999999981374, 239394.79 ], [ 499657.229999999981374, 239392.79 ], [ 499656.229999999981374, 239388.79 ], [ 499653.729999999981374, 239387.29 ], [ 499652.729999999981374, 239382.79 ], [ 499651.229999999981374, 239382.29 ], [ 499649.229999999981374, 239378.79 ], [ 499648.229999999981374, 239378.79 ], [ 499648.229999999981374, 239376.29 ], [ 499646.229999999981374, 239374.79 ], [ 499646.229999999981374, 239373.79 ], [ 499644.229999999981374, 239372.29 ], [ 499641.729999999981374, 239373.29 ], [ 499640.229999999981374, 239370.79 ], [ 499639.229999999981374, 239370.79 ], [ 499639.229999999981374, 239367.79 ], [ 499636.229999999981374, 239365.79 ], [ 499636.229999999981374, 239364.79 ], [ 499634.729999999981374, 239366.79 ], [ 499632.729999999981374, 239366.79 ], [ 499632.229999999981374, 239363.79 ], [ 499630.229999999981374, 239362.79 ], [ 499629.229999999981374, 239360.29 ], [ 499626.229999999981374, 239359.79 ], [ 499623.729999999981374, 239355.79 ], [ 499622.229999999981374, 239356.79 ], [ 499622.229999999981374, 239355.79 ], [ 499620.229999999981374, 239354.29 ], [ 499617.229999999981374, 239353.79 ], [ 499616.229999999981374, 239349.79 ], [ 499615.229999999981374, 239349.79 ], [ 499615.229999999981374, 239347.79 ], [ 499613.729999999981374, 239345.79 ], [ 499609.229999999981374, 239346.29 ], [ 499607.229999999981374, 239348.79 ], [ 499607.229999999981374, 239350.79 ], [ 499604.229999999981374, 239352.29 ], [ 499600.229999999981374, 239349.29 ], [ 499601.229999999981374, 239347.79 ], [ 499600.229999999981374, 239347.79 ], [ 499595.229999999981374, 239340.29 ], [ 499586.229999999981374, 239338.79 ], [ 499586.229999999981374, 239337.79 ], [ 499575.229999999981374, 239337.29 ], [ 499572.729999999981374, 239331.29 ], [ 499573.229999999981374, 239322.29 ], [ 499577.229999999981374, 239307.29 ], [ 499577.229999999981374, 239302.29 ], [ 499574.729999999981374, 239296.29 ], [ 499568.229999999981374, 239288.79 ], [ 499562.729999999981374, 239284.79 ], [ 499556.729999999981374, 239281.79 ], [ 499548.229999999981374, 239280.79 ], [ 499529.729999999981374, 239259.29 ], [ 499514.229999999981374, 239247.79 ], [ 499507.229999999981374, 239240.79 ], [ 499506.229999999981374, 239240.79 ], [ 499499.729999999981374, 239234.29 ], [ 499498.729999999981374, 239234.29 ], [ 499485.229999999981374, 239220.79 ], [ 499476.729999999981374, 239206.79 ], [ 499477.729999999981374, 239203.29 ], [ 499469.229999999981374, 239194.29 ], [ 499466.229999999981374, 239189.79 ], [ 499454.729999999981374, 239152.79 ], [ 499447.229999999981374, 239137.29 ], [ 499405.229999999981374, 239093.29 ], [ 499391.229999999981374, 239068.29 ], [ 499385.229999999981374, 239050.79 ], [ 499376.729999999981374, 239050.29 ], [ 499368.229999999981374, 239015.79 ], [ 499359.729999999981374, 238935.29 ], [ 499359.229999999981374, 238914.29 ], [ 499360.229999999981374, 238895.79 ], [ 499364.729999999981374, 238867.29 ], [ 499363.229999999981374, 238855.29 ], [ 499361.229999999981374, 238850.29 ], [ 499355.229999999981374, 238843.29 ], [ 499351.229999999981374, 238841.29 ], [ 499342.229999999981374, 238839.29 ], [ 499336.729999999981374, 238839.29 ], [ 499317.729999999981374, 238849.79 ], [ 499311.229999999981374, 238857.79 ], [ 499308.229999999981374, 238863.79 ], [ 499306.229999999981374, 238871.79 ], [ 499306.229999999981374, 238880.79 ], [ 499309.229999999981374, 238905.79 ], [ 499316.729999999981374, 238937.29 ], [ 499324.729999999981374, 238957.29 ], [ 499332.729999999981374, 238984.79 ], [ 499338.229999999981374, 239008.79 ], [ 499341.729999999981374, 239031.29 ], [ 499345.229999999981374, 239041.79 ], [ 499347.229999999981374, 239053.79 ], [ 499350.729999999981374, 239064.79 ], [ 499361.729999999981374, 239109.79 ], [ 499343.229999999981374, 239091.79 ], [ 499342.229999999981374, 239091.79 ], [ 499341.729999999981374, 239093.29 ], [ 499343.229999999981374, 239093.79 ], [ 499364.229999999981374, 239115.29 ], [ 499365.229999999981374, 239115.29 ], [ 499371.229999999981374, 239121.29 ], [ 499371.229999999981374, 239122.29 ], [ 499390.729999999981374, 239142.29 ], [ 499390.729999999981374, 239143.29 ], [ 499394.229999999981374, 239145.79 ], [ 499394.229999999981374, 239146.79 ], [ 499396.729999999981374, 239148.79 ], [ 499405.229999999981374, 239160.29 ], [ 499411.729999999981374, 239166.79 ], [ 499434.729999999981374, 239199.79 ], [ 499445.729999999981374, 239221.29 ], [ 499458.729999999981374, 239251.79 ], [ 499475.229999999981374, 239294.29 ], [ 499478.229999999981374, 239299.79 ], [ 499483.729999999981374, 239316.79 ], [ 499486.729999999981374, 239330.79 ], [ 499489.729999999981374, 239331.29 ], [ 499488.729999999981374, 239331.79 ], [ 499488.229999999981374, 239333.79 ], [ 499488.729999999981374, 239345.29 ], [ 499490.729999999981374, 239346.79 ], [ 499491.229999999981374, 239353.79 ], [ 499493.229999999981374, 239354.79 ], [ 499492.729999999981374, 239358.79 ], [ 499491.729999999981374, 239358.79 ], [ 499491.729999999981374, 239366.79 ], [ 499493.229999999981374, 239367.29 ], [ 499493.729999999981374, 239370.29 ], [ 499494.229999999981374, 239376.79 ], [ 499493.229999999981374, 239379.29 ], [ 499494.729999999981374, 239390.29 ], [ 499495.729999999981374, 239390.29 ], [ 499495.729999999981374, 239397.29 ], [ 499497.229999999981374, 239402.79 ], [ 499497.229999999981374, 239414.29 ], [ 499497.729999999981374, 239417.79 ], [ 499499.229999999981374, 239418.79 ], [ 499500.229999999981374, 239428.79 ], [ 499502.229999999981374, 239429.79 ], [ 499502.729999999981374, 239434.79 ], [ 499504.729999999981374, 239435.79 ], [ 499505.729999999981374, 239437.79 ], [ 499508.729999999981374, 239436.79 ], [ 499508.729999999981374, 239438.29 ], [ 499511.229999999981374, 239439.79 ], [ 499513.229999999981374, 239444.29 ], [ 499516.229999999981374, 239445.79 ], [ 499516.229999999981374, 239446.79 ], [ 499521.729999999981374, 239448.79 ], [ 499521.729999999981374, 239449.79 ], [ 499523.229999999981374, 239449.79 ], [ 499524.729999999981374, 239451.79 ], [ 499526.229999999981374, 239451.79 ], [ 499526.229999999981374, 239452.79 ], [ 499530.229999999981374, 239454.79 ], [ 499530.229999999981374, 239455.79 ], [ 499532.729999999981374, 239455.79 ], [ 499534.229999999981374, 239457.79 ], [ 499536.229999999981374, 239457.79 ], [ 499536.229999999981374, 239458.79 ], [ 499541.729999999981374, 239460.29 ], [ 499542.229999999981374, 239461.79 ], [ 499545.229999999981374, 239462.29 ], [ 499546.229999999981374, 239463.79 ], [ 499547.729999999981374, 239463.79 ], [ 499548.229999999981374, 239465.29 ], [ 499552.229999999981374, 239465.79 ], [ 499554.229999999981374, 239468.79 ], [ 499557.229999999981374, 239468.79 ], [ 499558.229999999981374, 239470.79 ], [ 499562.229999999981374, 239471.79 ], [ 499567.229999999981374, 239475.29 ], [ 499570.229999999981374, 239475.79 ], [ 499570.229999999981374, 239476.79 ], [ 499571.729999999981374, 239476.79 ], [ 499572.229999999981374, 239478.29 ], [ 499574.729999999981374, 239478.29 ], [ 499575.729999999981374, 239479.79 ], [ 499577.729999999981374, 239479.79 ], [ 499578.729999999981374, 239481.29 ], [ 499581.729999999981374, 239481.79 ], [ 499583.229999999981374, 239483.79 ], [ 499589.229999999981374, 239484.79 ], [ 499589.229999999981374, 239485.79 ], [ 499592.229999999981374, 239487.29 ], [ 499592.729999999981374, 239488.79 ], [ 499595.229999999981374, 239489.29 ], [ 499595.729999999981374, 239490.29 ], [ 499598.229999999981374, 239490.29 ], [ 499598.729999999981374, 239491.79 ], [ 499601.229999999981374, 239491.79 ], [ 499602.729999999981374, 239493.79 ], [ 499604.229999999981374, 239493.79 ], [ 499605.229999999981374, 239495.79 ], [ 499608.729999999981374, 239496.79 ], [ 499608.729999999981374, 239497.79 ], [ 499611.729999999981374, 239497.79 ], [ 499613.229999999981374, 239498.79 ], [ 499612.229999999981374, 239499.79 ], [ 499613.229999999981374, 239499.79 ], [ 499614.229999999981374, 239501.79 ], [ 499619.229999999981374, 239502.79 ], [ 499619.229999999981374, 239503.79 ], [ 499622.229999999981374, 239504.79 ], [ 499623.729999999981374, 239507.29 ], [ 499628.229999999981374, 239508.79 ], [ 499628.229999999981374, 239509.79 ], [ 499631.229999999981374, 239509.79 ], [ 499632.229999999981374, 239511.29 ], [ 499634.729999999981374, 239511.79 ], [ 499634.729999999981374, 239512.79 ], [ 499637.229999999981374, 239514.79 ], [ 499640.729999999981374, 239514.79 ], [ 499640.729999999981374, 239515.79 ], [ 499643.229999999981374, 239516.79 ], [ 499644.229999999981374, 239518.79 ], [ 499649.229999999981374, 239520.29 ], [ 499650.229999999981374, 239521.79 ], [ 499652.229999999981374, 239521.79 ], [ 499654.229999999981374, 239524.79 ], [ 499656.229999999981374, 239525.79 ], [ 499661.229999999981374, 239526.79 ], [ 499661.229999999981374, 239527.79 ], [ 499666.229999999981374, 239529.79 ], [ 499666.229999999981374, 239530.79 ], [ 499669.229999999981374, 239532.29 ], [ 499671.729999999981374, 239532.79 ], [ 499671.729999999981374, 239533.79 ], [ 499673.229999999981374, 239533.79 ], [ 499674.729999999981374, 239535.79 ], [ 499676.229999999981374, 239535.79 ], [ 499676.229999999981374, 239536.79 ], [ 499679.229999999981374, 239537.29 ], [ 499679.729999999981374, 239538.29 ], [ 499682.229999999981374, 239538.79 ], [ 499682.229999999981374, 239539.79 ], [ 499686.229999999981374, 239541.29 ], [ 499687.229999999981374, 239543.29 ], [ 499691.729999999981374, 239544.29 ], [ 499692.729999999981374, 239545.79 ], [ 499695.229999999981374, 239546.29 ], [ 499697.229999999981374, 239547.79 ], [ 499697.229999999981374, 239548.79 ], [ 499703.729999999981374, 239550.79 ], [ 499703.729999999981374, 239551.79 ], [ 499707.229999999981374, 239553.29 ], [ 499708.229999999981374, 239555.29 ], [ 499712.229999999981374, 239555.79 ], [ 499713.729999999981374, 239557.79 ], [ 499721.229999999981374, 239559.29 ], [ 499721.729999999981374, 239560.79 ], [ 499724.229999999981374, 239561.79 ], [ 499725.729999999981374, 239564.29 ], [ 499727.729999999981374, 239564.29 ], [ 499729.229999999981374, 239566.79 ], [ 499732.229999999981374, 239568.79 ], [ 499732.229999999981374, 239569.79 ], [ 499736.229999999981374, 239571.29 ], [ 499738.229999999981374, 239575.79 ], [ 499743.229999999981374, 239576.79 ], [ 499745.229999999981374, 239577.79 ], [ 499745.729999999981374, 239579.29 ], [ 499748.729999999981374, 239579.29 ], [ 499751.229999999981374, 239580.79 ], [ 499752.729999999981374, 239583.79 ], [ 499754.729999999981374, 239583.79 ], [ 499754.729999999981374, 239584.79 ], [ 499757.729999999981374, 239585.29 ], [ 499758.229999999981374, 239586.29 ], [ 499763.229999999981374, 239586.79 ], [ 499763.229999999981374, 239587.79 ], [ 499767.229999999981374, 239589.79 ], [ 499767.229999999981374, 239590.79 ], [ 499772.229999999981374, 239591.79 ], [ 499774.229999999981374, 239592.79 ], [ 499774.229999999981374, 239593.79 ], [ 499778.229999999981374, 239594.79 ], [ 499779.229999999981374, 239596.79 ], [ 499784.729999999981374, 239598.29 ], [ 499786.229999999981374, 239600.29 ], [ 499792.229999999981374, 239601.79 ], [ 499792.229999999981374, 239602.79 ], [ 499795.229999999981374, 239604.79 ], [ 499797.729999999981374, 239604.79 ], [ 499797.729999999981374, 239605.79 ], [ 499799.229999999981374, 239605.79 ], [ 499800.729999999981374, 239607.79 ], [ 499802.229999999981374, 239607.79 ], [ 499803.229999999981374, 239609.79 ], [ 499805.729999999981374, 239610.29 ], [ 499807.229999999981374, 239612.79 ], [ 499808.729999999981374, 239612.79 ], [ 499810.229999999981374, 239615.29 ], [ 499812.729999999981374, 239616.29 ], [ 499817.229999999981374, 239615.79 ], [ 499818.229999999981374, 239617.79 ], [ 499821.229999999981374, 239619.79 ], [ 499821.229999999981374, 239620.79 ], [ 499823.729999999981374, 239621.29 ], [ 499827.729999999981374, 239625.79 ], [ 499829.729999999981374, 239625.79 ], [ 499829.729999999981374, 239626.79 ], [ 499832.229999999981374, 239627.29 ], [ 499833.729999999981374, 239629.79 ], [ 499836.229999999981374, 239629.79 ], [ 499839.729999999981374, 239631.29 ], [ 499840.229999999981374, 239632.79 ], [ 499845.729999999981374, 239634.79 ], [ 499845.729999999981374, 239635.79 ], [ 499847.229999999981374, 239636.29 ], [ 499849.229999999981374, 239639.29 ], [ 499853.229999999981374, 239640.79 ], [ 499853.729999999981374, 239642.29 ], [ 499857.729999999981374, 239643.79 ], [ 499857.729999999981374, 239644.79 ], [ 499859.229999999981374, 239644.79 ], [ 499860.729999999981374, 239646.79 ], [ 499862.229999999981374, 239646.79 ], [ 499862.229999999981374, 239647.79 ], [ 499865.229999999981374, 239649.79 ], [ 499866.729999999981374, 239652.29 ], [ 499869.229999999981374, 239652.79 ], [ 499869.229999999981374, 239653.79 ], [ 499871.229999999981374, 239654.29 ], [ 499873.229999999981374, 239655.79 ], [ 499873.229999999981374, 239656.79 ], [ 499877.229999999981374, 239658.29 ], [ 499877.729999999981374, 239659.79 ], [ 499881.729999999981374, 239661.79 ], [ 499881.729999999981374, 239662.79 ], [ 499886.229999999981374, 239664.29 ], [ 499886.729999999981374, 239665.79 ], [ 499889.729999999981374, 239667.79 ], [ 499889.729999999981374, 239668.79 ], [ 499895.229999999981374, 239670.29 ], [ 499899.729999999981374, 239670.29 ], [ 499900.229999999981374, 239672.29 ], [ 499901.229999999981374, 239672.29 ], [ 499901.229999999981374, 239675.29 ], [ 499902.729999999981374, 239676.79 ], [ 499904.729999999981374, 239676.79 ], [ 499904.729999999981374, 239677.79 ], [ 499907.229999999981374, 239679.29 ], [ 499909.229999999981374, 239682.29 ], [ 499910.729999999981374, 239682.29 ], [ 499911.229999999981374, 239683.79 ], [ 499914.229999999981374, 239685.79 ], [ 499915.229999999981374, 239690.79 ], [ 499916.729999999981374, 239691.79 ], [ 499919.729999999981374, 239691.29 ], [ 499920.229999999981374, 239692.79 ], [ 499922.229999999981374, 239693.79 ], [ 499923.729999999981374, 239693.29 ], [ 499924.229999999981374, 239694.29 ], [ 499926.229999999981374, 239694.29 ], [ 499926.229999999981374, 239697.29 ], [ 499927.229999999981374, 239698.79 ], [ 499935.229999999981374, 239700.79 ], [ 499936.229999999981374, 239702.29 ], [ 499936.229999999981374, 239705.29 ], [ 499941.229999999981374, 239706.79 ], [ 499942.229999999981374, 239709.29 ], [ 499944.729999999981374, 239709.29 ], [ 499945.229999999981374, 239710.79 ], [ 499946.229999999981374, 239710.79 ], [ 499945.229999999981374, 239711.79 ], [ 499946.229999999981374, 239711.79 ], [ 499947.229999999981374, 239713.79 ], [ 499948.229999999981374, 239713.79 ], [ 499948.229999999981374, 239712.79 ], [ 499953.229999999981374, 239713.79 ], [ 499954.729999999981374, 239715.79 ], [ 499955.729999999981374, 239715.79 ], [ 499955.729999999981374, 239718.29 ], [ 499956.729999999981374, 239719.29 ], [ 499960.729999999981374, 239719.29 ], [ 499963.229999999981374, 239723.29 ], [ 499964.729999999981374, 239723.29 ], [ 499967.729999999981374, 239725.29 ], [ 499967.729999999981374, 239727.79 ], [ 499969.229999999981374, 239729.79 ], [ 499971.729999999981374, 239729.29 ], [ 499973.729999999981374, 239729.79 ], [ 499974.229999999981374, 239730.79 ], [ 499977.729999999981374, 239731.29 ], [ 499977.729999999981374, 239733.29 ], [ 499979.729999999981374, 239734.29 ], [ 499979.729999999981374, 239735.29 ], [ 499982.729999999981374, 239737.29 ], [ 499983.729999999981374, 239739.29 ], [ 499985.729999999981374, 239739.29 ], [ 499986.229999999981374, 239738.29 ], [ 499987.229999999981374, 239739.29 ], [ 499992.229999999981374, 239738.79 ], [ 499996.729999999981374, 239742.79 ], [ 500000.729999999981374, 239743.29 ], [ 500002.729999999981374, 239747.29 ], [ 500002.729999999981374, 239749.29 ], [ 500003.729999999981374, 239749.29 ], [ 500005.729999999981374, 239752.29 ], [ 500005.729999999981374, 239758.29 ], [ 500004.229999999981374, 239761.29 ], [ 500005.229999999981374, 239765.29 ], [ 500010.229999999981374, 239766.79 ], [ 500011.229999999981374, 239768.79 ], [ 500016.729999999981374, 239768.79 ], [ 500017.229999999981374, 239769.79 ], [ 500018.729999999981374, 239769.79 ], [ 500019.229999999981374, 239771.29 ], [ 500022.229999999981374, 239772.29 ], [ 500022.729999999981374, 239774.29 ], [ 500025.229999999981374, 239775.79 ], [ 500024.729999999981374, 239777.79 ], [ 500026.229999999981374, 239779.29 ], [ 500028.229999999981374, 239779.29 ], [ 500030.729999999981374, 239783.29 ], [ 500032.729999999981374, 239783.79 ], [ 500035.229999999981374, 239781.29 ], [ 500035.229999999981374, 239784.29 ], [ 500036.729999999981374, 239784.79 ], [ 500037.729999999981374, 239786.79 ], [ 500043.229999999981374, 239787.79 ], [ 500044.729999999981374, 239790.29 ], [ 500048.729999999981374, 239791.29 ], [ 500049.729999999981374, 239795.79 ], [ 500053.229999999981374, 239797.29 ], [ 500053.229999999981374, 239798.29 ], [ 500055.229999999981374, 239798.29 ], [ 500056.729999999981374, 239799.79 ], [ 500056.729999999981374, 239801.29 ], [ 500060.729999999981374, 239803.29 ], [ 500062.729999999981374, 239807.79 ], [ 500064.229999999981374, 239807.79 ], [ 500065.229999999981374, 239809.29 ], [ 500067.229999999981374, 239809.29 ], [ 500067.229999999981374, 239810.29 ], [ 500070.229999999981374, 239812.29 ], [ 500072.729999999981374, 239816.29 ], [ 500075.729999999981374, 239817.79 ], [ 500077.729999999981374, 239820.29 ], [ 500080.729999999981374, 239821.29 ], [ 500080.729999999981374, 239822.29 ], [ 500081.729999999981374, 239822.29 ], [ 500083.729999999981374, 239825.29 ], [ 500086.229999999981374, 239826.79 ], [ 500086.729999999981374, 239828.79 ], [ 500089.729999999981374, 239829.79 ], [ 500089.729999999981374, 239831.79 ], [ 500090.729999999981374, 239831.79 ], [ 500092.729999999981374, 239834.79 ], [ 500096.729999999981374, 239836.29 ], [ 500097.229999999981374, 239839.29 ], [ 500098.729999999981374, 239841.29 ], [ 500100.229999999981374, 239842.29 ], [ 500102.729999999981374, 239841.79 ], [ 500103.229999999981374, 239843.29 ], [ 500105.729999999981374, 239843.29 ], [ 500106.229999999981374, 239844.29 ], [ 500107.229999999981374, 239843.29 ], [ 500111.729999999981374, 239843.79 ], [ 500113.229999999981374, 239846.29 ], [ 500115.729999999981374, 239847.29 ], [ 500116.729999999981374, 239849.79 ], [ 500119.729999999981374, 239851.29 ], [ 500119.729999999981374, 239852.29 ], [ 500121.229999999981374, 239852.29 ], [ 500121.229999999981374, 239851.29 ], [ 500131.229999999981374, 239851.29 ], [ 500131.229999999981374, 239852.29 ], [ 500136.729999999981374, 239854.29 ] ], [ [ 499787.729999999981374, 239564.79 ], [ 499786.229999999981374, 239564.29 ], [ 499785.729999999981374, 239562.79 ], [ 499782.729999999981374, 239561.79 ], [ 499779.229999999981374, 239562.29 ], [ 499778.729999999981374, 239556.29 ], [ 499780.229999999981374, 239554.79 ], [ 499787.229999999981374, 239555.29 ], [ 499790.229999999981374, 239553.79 ], [ 499792.229999999981374, 239556.79 ], [ 499792.229999999981374, 239563.79 ], [ 499790.729999999981374, 239565.29 ], [ 499787.729999999981374, 239564.79 ] ], [ [ 499767.729999999981374, 239552.79 ], [ 499765.229999999981374, 239551.79 ], [ 499765.229999999981374, 239547.29 ], [ 499766.229999999981374, 239547.29 ], [ 499767.729999999981374, 239543.79 ], [ 499773.729999999981374, 239544.79 ], [ 499774.229999999981374, 239543.79 ], [ 499776.229999999981374, 239543.29 ], [ 499778.229999999981374, 239544.79 ], [ 499778.229999999981374, 239550.29 ], [ 499777.229999999981374, 239550.29 ], [ 499778.229999999981374, 239550.79 ], [ 499778.229999999981374, 239552.79 ], [ 499776.729999999981374, 239553.79 ], [ 499767.729999999981374, 239553.79 ], [ 499767.729999999981374, 239552.79 ] ], [ [ 499753.229999999981374, 239541.79 ], [ 499752.229999999981374, 239541.29 ], [ 499753.229999999981374, 239540.29 ], [ 499753.229999999981374, 239538.29 ], [ 499752.229999999981374, 239537.79 ], [ 499753.229999999981374, 239534.29 ], [ 499752.229999999981374, 239532.79 ], [ 499738.229999999981374, 239531.79 ], [ 499735.229999999981374, 239533.79 ], [ 499735.229999999981374, 239532.79 ], [ 499733.729999999981374, 239532.29 ], [ 499726.229999999981374, 239532.29 ], [ 499724.729999999981374, 239531.29 ], [ 499724.729999999981374, 239523.29 ], [ 499728.229999999981374, 239521.79 ], [ 499731.229999999981374, 239522.79 ], [ 499763.229999999981374, 239522.79 ], [ 499763.229999999981374, 239531.79 ], [ 499764.229999999981374, 239533.79 ], [ 499763.229999999981374, 239536.79 ], [ 499763.729999999981374, 239541.29 ], [ 499762.229999999981374, 239541.79 ], [ 499762.229999999981374, 239542.79 ], [ 499753.229999999981374, 239542.79 ], [ 499753.229999999981374, 239541.79 ] ], [ [ 499709.729999999981374, 239520.79 ], [ 499708.229999999981374, 239520.29 ], [ 499708.229999999981374, 239517.79 ], [ 499709.229999999981374, 239517.29 ], [ 499708.229999999981374, 239517.29 ], [ 499708.229999999981374, 239513.29 ], [ 499706.229999999981374, 239510.79 ], [ 499703.729999999981374, 239511.79 ], [ 499703.729999999981374, 239513.79 ], [ 499704.729999999981374, 239514.29 ], [ 499703.729999999981374, 239516.29 ], [ 499704.229999999981374, 239517.79 ], [ 499703.729999999981374, 239519.79 ], [ 499700.729999999981374, 239516.29 ], [ 499698.229999999981374, 239515.79 ], [ 499697.729999999981374, 239511.79 ], [ 499695.729999999981374, 239510.29 ], [ 499690.229999999981374, 239510.29 ], [ 499689.729999999981374, 239508.79 ], [ 499682.729999999981374, 239508.29 ], [ 499683.229999999981374, 239500.79 ], [ 499682.229999999981374, 239499.29 ], [ 499673.229999999981374, 239499.29 ], [ 499669.229999999981374, 239497.79 ], [ 499668.729999999981374, 239490.79 ], [ 499665.229999999981374, 239490.29 ], [ 499664.729999999981374, 239491.79 ], [ 499664.229999999981374, 239490.79 ], [ 499662.229999999981374, 239490.79 ], [ 499662.229999999981374, 239491.79 ], [ 499660.229999999981374, 239492.29 ], [ 499656.729999999981374, 239491.79 ], [ 499655.229999999981374, 239489.29 ], [ 499652.229999999981374, 239488.79 ], [ 499652.229999999981374, 239487.79 ], [ 499649.729999999981374, 239487.79 ], [ 499649.729999999981374, 239486.29 ], [ 499648.229999999981374, 239485.79 ], [ 499648.229999999981374, 239484.79 ], [ 499644.229999999981374, 239484.79 ], [ 499641.729999999981374, 239483.79 ], [ 499641.729999999981374, 239478.79 ], [ 499640.729999999981374, 239477.79 ], [ 499632.229999999981374, 239477.29 ], [ 499632.229999999981374, 239475.79 ], [ 499629.229999999981374, 239473.79 ], [ 499628.729999999981374, 239469.79 ], [ 499626.729999999981374, 239468.79 ], [ 499626.729999999981374, 239466.29 ], [ 499616.729999999981374, 239465.79 ], [ 499615.229999999981374, 239464.79 ], [ 499614.729999999981374, 239459.29 ], [ 499615.229999999981374, 239457.29 ], [ 499616.229999999981374, 239456.79 ], [ 499611.729999999981374, 239453.79 ], [ 499612.229999999981374, 239451.29 ], [ 499610.229999999981374, 239449.79 ], [ 499611.229999999981374, 239447.29 ], [ 499610.729999999981374, 239444.29 ], [ 499611.729999999981374, 239443.79 ], [ 499611.729999999981374, 239441.79 ], [ 499614.229999999981374, 239440.79 ], [ 499615.229999999981374, 239435.29 ], [ 499616.229999999981374, 239435.29 ], [ 499616.729999999981374, 239433.79 ], [ 499619.229999999981374, 239433.29 ], [ 499622.229999999981374, 239433.79 ], [ 499622.229999999981374, 239434.79 ], [ 499625.729999999981374, 239434.79 ], [ 499626.229999999981374, 239433.79 ], [ 499626.229999999981374, 239435.29 ], [ 499628.229999999981374, 239436.29 ], [ 499628.229999999981374, 239439.29 ], [ 499632.729999999981374, 239438.79 ], [ 499636.229999999981374, 239442.29 ], [ 499636.229999999981374, 239444.29 ], [ 499637.229999999981374, 239444.29 ], [ 499637.229999999981374, 239445.29 ], [ 499640.229999999981374, 239445.79 ], [ 499641.729999999981374, 239447.79 ], [ 499641.729999999981374, 239449.79 ], [ 499644.229999999981374, 239450.79 ], [ 499644.229999999981374, 239454.79 ], [ 499649.229999999981374, 239454.79 ], [ 499649.729999999981374, 239456.29 ], [ 499655.729999999981374, 239455.79 ], [ 499656.729999999981374, 239454.29 ], [ 499657.229999999981374, 239448.29 ], [ 499667.729999999981374, 239448.29 ], [ 499668.729999999981374, 239463.79 ], [ 499670.229999999981374, 239463.79 ], [ 499671.729999999981374, 239466.29 ], [ 499682.229999999981374, 239466.29 ], [ 499684.229999999981374, 239466.79 ], [ 499684.229999999981374, 239467.79 ], [ 499687.229999999981374, 239466.29 ], [ 499690.229999999981374, 239466.79 ], [ 499690.229999999981374, 239467.79 ], [ 499691.729999999981374, 239468.29 ], [ 499691.729999999981374, 239472.29 ], [ 499693.229999999981374, 239474.29 ], [ 499694.229999999981374, 239474.29 ], [ 499696.229999999981374, 239478.79 ], [ 499697.229999999981374, 239478.79 ], [ 499697.229999999981374, 239479.79 ], [ 499696.229999999981374, 239479.79 ], [ 499697.229999999981374, 239487.79 ], [ 499696.229999999981374, 239487.79 ], [ 499695.729999999981374, 239489.29 ], [ 499691.229999999981374, 239489.29 ], [ 499691.729999999981374, 239493.29 ], [ 499692.729999999981374, 239494.79 ], [ 499694.729999999981374, 239494.79 ], [ 499695.729999999981374, 239495.79 ], [ 499695.729999999981374, 239498.29 ], [ 499697.729999999981374, 239499.79 ], [ 499702.229999999981374, 239499.29 ], [ 499704.229999999981374, 239499.79 ], [ 499704.229999999981374, 239500.79 ], [ 499706.229999999981374, 239500.79 ], [ 499706.229999999981374, 239499.79 ], [ 499707.729999999981374, 239499.29 ], [ 499709.229999999981374, 239499.79 ], [ 499709.229999999981374, 239506.79 ], [ 499710.729999999981374, 239509.79 ], [ 499716.229999999981374, 239510.29 ], [ 499722.729999999981374, 239516.79 ], [ 499722.729999999981374, 239519.79 ], [ 499721.729999999981374, 239520.79 ], [ 499714.229999999981374, 239520.79 ], [ 499714.229999999981374, 239521.79 ], [ 499709.729999999981374, 239521.79 ], [ 499709.729999999981374, 239520.79 ] ], [ [ 499562.229999999981374, 239336.29 ], [ 499567.229999999981374, 239336.29 ], [ 499567.229999999981374, 239336.79 ], [ 499562.229999999981374, 239336.79 ], [ 499562.229999999981374, 239336.29 ] ], [ [ 499553.229999999981374, 239335.79 ], [ 499559.229999999981374, 239335.79 ], [ 499559.229999999981374, 239336.29 ], [ 499553.229999999981374, 239336.29 ], [ 499553.229999999981374, 239335.79 ] ], [ [ 499545.729999999981374, 239334.79 ], [ 499550.729999999981374, 239335.29 ], [ 499550.729999999981374, 239335.79 ], [ 499545.729999999981374, 239335.79 ], [ 499545.729999999981374, 239334.79 ] ], [ [ 499521.229999999981374, 239333.29 ], [ 499525.729999999981374, 239333.29 ], [ 499525.729999999981374, 239333.79 ], [ 499521.229999999981374, 239333.79 ], [ 499521.229999999981374, 239333.29 ] ], [ [ 499513.229999999981374, 239332.79 ], [ 499517.229999999981374, 239332.79 ], [ 499517.229999999981374, 239333.29 ], [ 499513.229999999981374, 239333.29 ], [ 499513.229999999981374, 239332.79 ] ], [ [ 499505.229999999981374, 239332.29 ], [ 499509.229999999981374, 239332.29 ], [ 499509.229999999981374, 239332.79 ], [ 499505.229999999981374, 239332.79 ], [ 499505.229999999981374, 239332.29 ] ] ] ] } },
{ "type": "Feature", "properties": { "mainhabs": "Deciduous woodland", "habcodes": "DWOOD", "featdesc": null, "featcodes": null, "otherclass": null, "addhabs": null, "primsource": "National Forest Inventory 2023 (DWOOD)", "areaha": "0.47", "version": "Sep_25", "uid": "PHID49974486_024048890", "shape_length": null, "shape_area": null, "site": "millbrook", "pid": 3, "method": "vote" }, "geometry": { "type": "MultiPolygon", "coordinates": [ [ [ [ 499741.229999999981374, 240536.29 ], [ 499743.729999999981374, 240535.79 ], [ 499744.729999999981374, 240534.29 ], [ 499751.229999999981374, 240532.79 ], [ 499752.229999999981374, 240530.79 ], [ 499754.229999999981374, 240530.79 ], [ 499756.229999999981374, 240528.29 ], [ 499760.229999999981374, 240528.29 ], [ 499761.729999999981374, 240529.79 ], [ 499763.729999999981374, 240529.79 ], [ 499764.729999999981374, 240528.79 ], [ 499765.729999999981374, 240523.29 ], [ 499769.229999999981374, 240522.79 ], [ 499770.729999999981374, 240520.79 ], [ 499774.729999999981374, 240520.29 ], [ 499775.729999999981374, 240517.79 ], [ 499778.729999999981374, 240517.29 ], [ 499778.729999999981374, 240516.29 ], [ 499781.229999999981374, 240514.79 ], [ 499785.729999999981374, 240514.79 ], [ 499786.229999999981374, 240512.79 ], [ 499789.729999999981374, 240512.79 ], [ 499790.729999999981374, 240511.79 ], [ 499790.229999999981374, 240510.79 ], [ 499792.729999999981374, 240510.29 ], [ 499793.729999999981374, 240508.79 ], [ 499792.229999999981374, 240505.29 ], [ 499790.229999999981374, 240504.29 ], [ 499790.229999999981374, 240502.29 ], [ 499788.229999999981374, 240501.29 ], [ 499786.729999999981374, 240496.79 ], [ 499781.729999999981374, 240490.29 ], [ 499781.229999999981374, 240487.79 ], [ 499778.229999999981374, 240484.79 ], [ 499778.229999999981374, 240482.79 ], [ 499774.729999999981374, 240479.29 ], [ 499775.229999999981374, 240477.79 ], [ 499774.229999999981374, 240476.79 ], [ 499771.729999999981374, 240477.79 ], [ 499771.229999999981374, 240475.79 ], [ 499772.729999999981374, 240475.29 ], [ 499771.229999999981374, 240475.29 ], [ 499771.229999999981374, 240473.79 ], [ 499768.229999999981374, 240471.29 ], [ 499768.229999999981374, 240470.29 ], [ 499761.229999999981374, 240465.29 ], [ 499758.729999999981374, 240467.79 ], [ 499756.229999999981374, 240467.29 ], [ 499755.729999999981374, 240469.79 ], [ 499754.229999999981374, 240470.79 ], [ 499748.229999999981374, 240468.29 ], [ 499745.729999999981374, 240469.29 ], [ 499744.729999999981374, 240470.79 ], [ 499742.229999999981374, 240469.79 ], [ 499743.229999999981374, 240471.29 ], [ 499742.229999999981374, 240472.29 ], [ 499740.229999999981374, 240471.29 ], [ 499739.229999999981374, 240475.29 ], [ 499737.729999999981374, 240474.79 ], [ 499736.229999999981374, 240476.29 ], [ 499735.229999999981374, 240475.79 ], [ 499733.729999999981374, 240478.29 ], [ 499731.729999999981374, 240478.29 ], [ 499730.729999999981374, 240479.29 ], [ 499728.729999999981374, 240478.79 ], [ 499727.729999999981374, 240480.29 ], [ 499725.729999999981374, 240480.29 ], [ 499724.729999999981374, 240479.29 ], [ 499722.729999999981374, 240479.79 ], [ 499721.729999999981374, 240478.79 ], [ 499721.729999999981374, 240479.79 ], [ 499719.229999999981374, 240480.29 ], [ 499721.229999999981374, 240483.29 ], [ 499715.729999999981374, 240483.29 ], [ 499715.229999999981374, 240485.79 ], [ 499711.229999999981374, 240486.29 ], [ 499710.729999999981374, 240488.79 ], [ 499708.729999999981374, 240488.79 ], [ 499706.729999999981374, 240491.79 ], [ 499706.729999999981374, 240493.29 ], [ 499709.729999999981374, 240495.79 ], [ 499709.729999999981374, 240497.79 ], [ 499713.729999999981374, 240500.79 ], [ 499714.229999999981374, 240502.29 ], [ 499717.229999999981374, 240504.29 ], [ 499717.229999999981374, 240505.29 ], [ 499718.229999999981374, 240505.29 ], [ 499719.729999999981374, 240509.29 ], [ 499722.729999999981374, 240512.29 ], [ 499723.229999999981374, 240514.79 ], [ 499724.229999999981374, 240514.79 ], [ 499725.729999999981374, 240517.79 ], [ 499730.229999999981374, 240522.29 ], [ 499730.729999999981374, 240524.79 ], [ 499731.729999999981374, 240524.79 ], [ 499731.729999999981374, 240526.29 ], [ 499733.229999999981374, 240527.29 ], [ 499735.229999999981374, 240532.29 ], [ 499736.729999999981374, 240532.79 ], [ 499738.229999999981374, 240536.29 ], [ 499741.229999999981374, 240536.29 ] ] ], [ [ [ 499700.729999999981374, 240478.29 ], [ 499705.229999999981374, 240478.29 ], [ 499705.229999999981374, 240477.29 ], [ 499706.729999999981374, 240478.29 ], [ 499709.229999999981374, 240478.29 ], [ 499709.229999999981374, 240477.29 ], [ 499709.729999999981374, 240478.29 ], [ 499711.229999999981374, 240478.29 ], [ 499712.229999999981374, 240475.79 ], [ 499717.729999999981374, 240475.79 ], [ 499719.729999999981374, 240473.29 ], [ 499724.229999999981374, 240472.79 ], [ 499724.229999999981374, 240470.79 ], [ 499727.229999999981374, 240470.79 ], [ 499728.729999999981374, 240468.29 ], [ 499731.729999999981374, 240467.79 ], [ 499732.229999999981374, 240465.29 ], [ 499736.229999999981374, 240465.29 ], [ 499736.729999999981374, 240463.29 ], [ 499740.729999999981374, 240462.29 ], [ 499740.229999999981374, 240460.79 ], [ 499741.729999999981374, 240459.29 ], [ 499743.729999999981374, 240460.29 ], [ 499743.729999999981374, 240458.79 ], [ 499742.729999999981374, 240458.29 ], [ 499743.729999999981374, 240456.29 ], [ 499741.729999999981374, 240455.29 ], [ 499742.229999999981374, 240453.29 ], [ 499741.229999999981374, 240452.79 ], [ 499745.229999999981374, 240452.79 ], [ 499745.729999999981374, 240451.79 ], [ 499745.729999999981374, 240452.79 ], [ 499746.729999999981374, 240452.79 ], [ 499745.729999999981374, 240453.29 ], [ 499745.729999999981374, 240454.79 ], [ 499747.229999999981374, 240454.79 ], [ 499748.229999999981374, 240454.29 ], [ 499747.729999999981374, 240452.79 ], [ 499750.229999999981374, 240451.79 ], [ 499749.229999999981374, 240450.79 ], [ 499750.229999999981374, 240449.29 ], [ 499751.229999999981374, 240449.79 ], [ 499750.729999999981374, 240450.79 ], [ 499753.229999999981374, 240452.29 ], [ 499753.729999999981374, 240451.29 ], [ 499752.729999999981374, 240449.79 ], [ 499757.229999999981374, 240449.79 ], [ 499757.229999999981374, 240447.29 ], [ 499754.729999999981374, 240446.79 ], [ 499753.729999999981374, 240448.79 ], [ 499746.729999999981374, 240448.79 ], [ 499745.229999999981374, 240446.79 ], [ 499743.729999999981374, 240446.79 ], [ 499743.729999999981374, 240448.29 ], [ 499741.229999999981374, 240448.79 ], [ 499741.229999999981374, 240449.79 ], [ 499736.729999999981374, 240450.29 ], [ 499735.729999999981374, 240452.29 ], [ 499732.229999999981374, 240452.79 ], [ 499731.729999999981374, 240454.29 ], [ 499728.729999999981374, 240454.79 ], [ 499727.229999999981374, 240457.29 ], [ 499722.729999999981374, 240458.29 ], [ 499721.229999999981374, 240460.29 ], [ 499718.729999999981374, 240460.79 ], [ 499717.729999999981374, 240462.79 ], [ 499715.229999999981374, 240463.29 ], [ 499714.229999999981374, 240465.29 ], [ 499712.229999999981374, 240465.29 ], [ 499710.729999999981374, 240468.29 ], [ 499709.229999999981374, 240469.29 ], [ 499706.729999999981374, 240469.29 ], [ 499706.229999999981374, 240470.79 ], [ 499703.729999999981374, 240471.79 ], [ 499703.229999999981374, 240473.79 ], [ 499699.229999999981374, 240473.29 ], [ 499698.729999999981374, 240474.29 ], [ 499697.229999999981374, 240474.29 ], [ 499697.229999999981374, 240475.79 ], [ 499699.229999999981374, 240475.79 ], [ 499698.729999999981374, 240478.29 ], [ 499700.729999999981374, 240478.29 ] ] ], [ [ [ 499672.729999999981374, 240511.79 ], [ 499673.729999999981374, 240511.29 ], [ 499674.229999999981374, 240508.29 ], [ 499676.729999999981374, 240509.29 ], [ 499677.729999999981374, 240507.29 ], [ 499679.229999999981374, 240507.29 ], [ 499680.729999999981374, 240505.29 ], [ 499682.229999999981374, 240505.29 ], [ 499682.729999999981374, 240507.29 ], [ 499684.729999999981374, 240507.29 ], [ 499685.729999999981374, 240506.29 ], [ 499685.729999999981374, 240504.29 ], [ 499683.729999999981374, 240502.29 ], [ 499681.229999999981374, 240502.29 ], [ 499680.729999999981374, 240503.79 ], [ 499675.229999999981374, 240505.29 ], [ 499675.229999999981374, 240507.29 ], [ 499674.229999999981374, 240507.29 ], [ 499673.229999999981374, 240505.29 ], [ 499670.729999999981374, 240505.79 ], [ 499669.229999999981374, 240504.79 ], [ 499668.729999999981374, 240506.79 ], [ 499667.729999999981374, 240506.79 ], [ 499667.729999999981374, 240509.29 ], [ 499670.229999999981374, 240509.79 ], [ 499671.729999999981374, 240512.29 ], [ 499672.729999999981374, 240511.79 ] ] ], [ [ [ 499668.729999999981374, 240512.29 ], [ 499669.229999999981374, 240511.79 ], [ 499666.229999999981374, 240509.79 ], [ 499667.229999999981374, 240507.29 ], [ 499666.229999999981374, 240507.29 ], [ 499665.729999999981374, 240498.79 ], [ 499667.729999999981374, 240496.79 ], [ 499670.229999999981374, 240496.79 ], [ 499670.729999999981374, 240495.29 ], [ 499673.729999999981374, 240493.29 ], [ 499675.729999999981374, 240493.29 ], [ 499676.729999999981374, 240490.29 ], [ 499673.229999999981374, 240490.79 ], [ 499672.229999999981374, 240489.29 ], [ 499670.729999999981374, 240489.29 ], [ 499670.229999999981374, 240490.79 ], [ 499665.729999999981374, 240491.79 ], [ 499665.729999999981374, 240494.79 ], [ 499664.729999999981374, 240494.79 ], [ 499664.729999999981374, 240493.79 ], [ 499661.229999999981374, 240493.79 ], [ 499659.229999999981374, 240496.79 ], [ 499656.729999999981374, 240497.29 ], [ 499656.729999999981374, 240499.79 ], [ 499658.229999999981374, 240502.79 ], [ 499661.729999999981374, 240502.79 ], [ 499661.729999999981374, 240503.79 ], [ 499659.729999999981374, 240504.29 ], [ 499659.229999999981374, 240505.29 ], [ 499660.729999999981374, 240509.29 ], [ 499662.229999999981374, 240509.79 ], [ 499662.729999999981374, 240511.79 ], [ 499663.729999999981374, 240512.29 ], [ 499668.729999999981374, 240512.29 ] ] ] ] } },
{ "type": "Feature", "properties": { "mainhabs": "Deciduous woodland", "habcodes": "DWOOD", "featdesc": null, "featcodes": null, "otherclass": null, "addhabs": null, "primsource": "National Forest Inventory 2023 (DWOOD)", "areaha": "0.09", "version": "Sep_25", "uid": "PHID49979087_024012330", "shape_length": null, "shape_area": null, "site": "millbrook", "pid": 4, "method": "vote" }, "geometry": { "type": "Polygon", "coordinates": [ [ [ 499823.729999999981374, 240172.79 ], [ 499825.229999999981374, 240172.79 ], [ 499826.229999999981374, 240171.29 ], [ 499826.229999999981374, 240169.29 ], [ 499825.229999999981374, 240168.79 ], [ 499825.229999999981374, 240167.79 ], [ 499826.229999999981374, 240167.79 ], [ 499826.229999999981374, 240163.79 ], [ 499825.229999999981374, 240163.29 ], [ 499825.229999999981374, 240158.29 ], [ 499826.229999999981374, 240157.29 ], [ 499824.229999999981374, 240156.29 ], [ 499824.229999999981374, 240153.29 ], [ 499822.229999999981374, 240150.79 ], [ 499822.229999999981374, 240146.29 ], [ 499823.229999999981374, 240145.79 ], [ 499823.229999999981374, 240144.29 ], [ 499821.729999999981374, 240142.29 ], [ 499818.729999999981374, 240141.79 ], [ 499817.729999999981374, 240140.29 ], [ 499816.229999999981374, 240140.79 ], [ 499814.729999999981374, 240138.79 ], [ 499813.229999999981374, 240139.29 ], [ 499810.229999999981374, 240134.79 ], [ 499807.229999999981374, 240134.79 ], [ 499805.229999999981374, 240131.79 ], [ 499805.229999999981374, 240128.79 ], [ 499804.229999999981374, 240128.79 ], [ 499802.729999999981374, 240126.79 ], [ 499800.729999999981374, 240126.79 ], [ 499799.229999999981374, 240123.29 ], [ 499793.229999999981374, 240120.79 ], [ 499792.229999999981374, 240118.29 ], [ 499790.229999999981374, 240117.79 ], [ 499790.229999999981374, 240116.79 ], [ 499789.229999999981374, 240117.29 ], [ 499786.229999999981374, 240116.29 ], [ 499786.229999999981374, 240114.29 ], [ 499784.229999999981374, 240113.79 ], [ 499784.229999999981374, 240111.79 ], [ 499782.729999999981374, 240111.79 ], [ 499780.229999999981374, 240107.79 ], [ 499778.729999999981374, 240107.29 ], [ 499778.229999999981374, 240105.29 ], [ 499775.729999999981374, 240104.29 ], [ 499775.729999999981374, 240102.29 ], [ 499773.729999999981374, 240100.79 ], [ 499773.729999999981374, 240098.79 ], [ 499772.729999999981374, 240098.79 ], [ 499772.729999999981374, 240097.29 ], [ 499769.229999999981374, 240093.29 ], [ 499769.229999999981374, 240090.79 ], [ 499766.729999999981374, 240089.29 ], [ 499766.729999999981374, 240086.79 ], [ 499764.729999999981374, 240085.79 ], [ 499764.229999999981374, 240082.79 ], [ 499762.229999999981374, 240082.29 ], [ 499762.229999999981374, 240086.79 ], [ 499763.229999999981374, 240086.79 ], [ 499764.729999999981374, 240092.29 ], [ 499765.729999999981374, 240092.79 ], [ 499766.729999999981374, 240095.79 ], [ 499767.729999999981374, 240095.79 ], [ 499769.229999999981374, 240099.79 ], [ 499770.729999999981374, 240100.29 ], [ 499771.229999999981374, 240104.79 ], [ 499772.229999999981374, 240104.79 ], [ 499774.229999999981374, 240108.29 ], [ 499776.729999999981374, 240109.29 ], [ 499777.229999999981374, 240111.79 ], [ 499779.729999999981374, 240114.29 ], [ 499779.729999999981374, 240116.29 ], [ 499781.729999999981374, 240117.29 ], [ 499783.229999999981374, 240119.79 ], [ 499786.729999999981374, 240120.79 ], [ 499788.229999999981374, 240122.79 ], [ 499789.229999999981374, 240122.79 ], [ 499790.729999999981374, 240126.29 ], [ 499795.229999999981374, 240130.29 ], [ 499795.229999999981374, 240131.29 ], [ 499802.229999999981374, 240135.79 ], [ 499802.229999999981374, 240137.29 ], [ 499804.229999999981374, 240140.29 ], [ 499805.229999999981374, 240140.29 ], [ 499807.229999999981374, 240143.79 ], [ 499808.229999999981374, 240143.79 ], [ 499810.229999999981374, 240147.79 ], [ 499813.729999999981374, 240149.79 ], [ 499814.229999999981374, 240151.29 ], [ 499815.729999999981374, 240151.29 ], [ 499817.729999999981374, 240154.29 ], [ 499818.729999999981374, 240154.29 ], [ 499818.729999999981374, 240156.79 ], [ 499819.729999999981374, 240157.29 ], [ 499819.229999999981374, 240163.29 ], [ 499820.729999999981374, 240163.79 ], [ 499820.729999999981374, 240165.29 ], [ 499821.729999999981374, 240165.29 ], [ 499821.729999999981374, 240169.79 ], [ 499823.729999999981374, 240172.79 ] ], [ [ 499800.729999999981374, 240128.29 ], [ 499800.729999999981374, 240127.29 ], [ 499802.229999999981374, 240127.29 ], [ 499802.229999999981374, 240128.29 ], [ 499800.729999999981374, 240128.29 ] ] ] } },
{ "type": "Feature", "properties": { "mainhabs": "Deciduous woodland", "habcodes": "DWOOD", "featdesc": null, "featcodes": null, "otherclass": null, "addhabs": null, "primsource": "National Forest Inventory 2023 (DWOOD)", "areaha": "1.69", "version": "Sep_25", "uid": "PHID49979204_023991317", "shape_length": null, "shape_area": null, "site": "millbrook", "pid": 5, "method": "vote" }, "geometry": { "type": "Polygon", "coordinates": [ [ [ 499727.729999999981374, 239997.29 ], [ 499732.229999999981374, 239997.29 ], [ 499734.229999999981374, 239995.29 ], [ 499736.229999999981374, 239996.29 ], [ 499737.229999999981374, 239994.29 ], [ 499741.229999999981374, 239995.79 ], [ 499742.729999999981374, 239994.79 ], [ 499745.729999999981374, 239994.79 ], [ 499748.229999999981374, 239995.79 ], [ 499748.229999999981374, 239993.29 ], [ 499747.229999999981374, 239992.29 ], [ 499748.229999999981374, 239991.79 ], [ 499746.729999999981374, 239989.79 ], [ 499747.229999999981374, 239987.29 ], [ 499745.729999999981374, 239986.29 ], [ 499745.229999999981374, 239983.79 ], [ 499744.729999999981374, 239964.29 ], [ 499746.729999999981374, 239963.29 ], [ 499748.229999999981374, 239964.79 ], [ 499750.729999999981374, 239962.29 ], [ 499752.229999999981374, 239963.29 ], [ 499753.229999999981374, 239962.29 ], [ 499753.729999999981374, 239958.79 ], [ 499752.729999999981374, 239954.29 ], [ 499755.729999999981374, 239951.79 ], [ 499755.729999999981374, 239948.79 ], [ 499757.229999999981374, 239947.29 ], [ 499757.729999999981374, 239948.29 ], [ 499759.729999999981374, 239948.29 ], [ 499760.729999999981374, 239945.79 ], [ 499765.229999999981374, 239945.79 ], [ 499765.229999999981374, 239943.29 ], [ 499766.229999999981374, 239942.79 ], [ 499769.229999999981374, 239942.29 ], [ 499769.729999999981374, 239943.79 ], [ 499771.729999999981374, 239943.79 ], [ 499773.729999999981374, 239940.79 ], [ 499775.229999999981374, 239940.79 ], [ 499777.229999999981374, 239943.79 ], [ 499782.729999999981374, 239947.29 ], [ 499783.729999999981374, 239951.29 ], [ 499786.229999999981374, 239951.79 ], [ 499787.729999999981374, 239954.29 ], [ 499790.729999999981374, 239954.79 ], [ 499790.729999999981374, 239955.79 ], [ 499792.229999999981374, 239956.29 ], [ 499795.229999999981374, 239954.29 ], [ 499795.229999999981374, 239951.29 ], [ 499796.229999999981374, 239951.29 ], [ 499796.229999999981374, 239950.29 ], [ 499797.729999999981374, 239950.29 ], [ 499798.729999999981374, 239951.79 ], [ 499801.229999999981374, 239950.79 ], [ 499804.729999999981374, 239951.29 ], [ 499808.229999999981374, 239947.29 ], [ 499811.229999999981374, 239948.29 ], [ 499811.729999999981374, 239947.29 ], [ 499816.229999999981374, 239947.29 ], [ 499817.229999999981374, 239945.79 ], [ 499819.729999999981374, 239946.29 ], [ 499820.229999999981374, 239945.29 ], [ 499822.229999999981374, 239945.29 ], [ 499823.729999999981374, 239947.29 ], [ 499824.729999999981374, 239947.29 ], [ 499825.229999999981374, 239949.79 ], [ 499826.729999999981374, 239951.79 ], [ 499828.229999999981374, 239951.79 ], [ 499829.229999999981374, 239954.29 ], [ 499830.729999999981374, 239953.29 ], [ 499831.229999999981374, 239956.29 ], [ 499832.229999999981374, 239956.29 ], [ 499831.729999999981374, 239954.29 ], [ 499832.729999999981374, 239953.79 ], [ 499833.729999999981374, 239954.79 ], [ 499832.729999999981374, 239954.79 ], [ 499832.729999999981374, 239956.29 ], [ 499834.729999999981374, 239955.79 ], [ 499835.729999999981374, 239956.79 ], [ 499836.729999999981374, 239955.79 ], [ 499836.729999999981374, 239957.79 ], [ 499837.729999999981374, 239958.79 ], [ 499838.229999999981374, 239957.79 ], [ 499840.229999999981374, 239958.29 ], [ 499840.729999999981374, 239957.29 ], [ 499843.729999999981374, 239957.79 ], [ 499844.729999999981374, 239953.29 ], [ 499846.229999999981374, 239953.29 ], [ 499847.229999999981374, 239954.79 ], [ 499849.229999999981374, 239955.29 ], [ 499849.729999999981374, 239954.29 ], [ 499854.729999999981374, 239952.79 ], [ 499855.229999999981374, 239951.29 ], [ 499858.729999999981374, 239953.29 ], [ 499860.229999999981374, 239950.79 ], [ 499861.229999999981374, 239950.79 ], [ 499862.729999999981374, 239952.79 ], [ 499868.729999999981374, 239953.29 ], [ 499868.729999999981374, 239954.29 ], [ 499870.229999999981374, 239954.79 ], [ 499871.229999999981374, 239951.79 ], [ 499869.729999999981374, 239950.79 ], [ 499869.229999999981374, 239948.79 ], [ 499868.229999999981374, 239949.79 ], [ 499867.229999999981374, 239949.29 ], [ 499867.729999999981374, 239943.79 ], [ 499865.729999999981374, 239943.79 ], [ 499865.229999999981374, 239942.79 ], [ 499867.229999999981374, 239941.29 ], [ 499868.729999999981374, 239937.79 ], [ 499872.229999999981374, 239936.29 ], [ 499874.729999999981374, 239933.29 ], [ 499875.729999999981374, 239933.29 ], [ 499875.729999999981374, 239927.29 ], [ 499877.229999999981374, 239926.29 ], [ 499876.229999999981374, 239925.79 ], [ 499876.729999999981374, 239921.79 ], [ 499878.729999999981374, 239921.29 ], [ 499880.229999999981374, 239915.79 ], [ 499882.229999999981374, 239914.29 ], [ 499882.729999999981374, 239911.79 ], [ 499884.729999999981374, 239909.29 ], [ 499884.229999999981374, 239906.29 ], [ 499885.229999999981374, 239903.29 ], [ 499885.229999999981374, 239898.29 ], [ 499884.229999999981374, 239897.79 ], [ 499884.729999999981374, 239896.29 ], [ 499883.729999999981374, 239896.29 ], [ 499883.729999999981374, 239892.79 ], [ 499881.729999999981374, 239887.29 ], [ 499879.229999999981374, 239886.79 ], [ 499879.229999999981374, 239885.29 ], [ 499877.229999999981374, 239884.79 ], [ 499875.729999999981374, 239882.29 ], [ 499872.229999999981374, 239881.29 ], [ 499870.229999999981374, 239876.79 ], [ 499867.229999999981374, 239874.79 ], [ 499867.229999999981374, 239873.79 ], [ 499862.729999999981374, 239873.79 ], [ 499861.229999999981374, 239872.29 ], [ 499859.229999999981374, 239872.29 ], [ 499857.729999999981374, 239869.29 ], [ 499855.229999999981374, 239868.79 ], [ 499855.229999999981374, 239864.29 ], [ 499853.729999999981374, 239861.79 ], [ 499851.229999999981374, 239861.79 ], [ 499848.729999999981374, 239858.29 ], [ 499845.729999999981374, 239856.79 ], [ 499845.729999999981374, 239855.79 ], [ 499843.229999999981374, 239855.29 ], [ 499843.229999999981374, 239854.29 ], [ 499840.229999999981374, 239853.29 ], [ 499838.229999999981374, 239851.29 ], [ 499836.729999999981374, 239851.29 ], [ 499833.229999999981374, 239847.79 ], [ 499829.729999999981374, 239846.29 ], [ 499829.229999999981374, 239844.79 ], [ 499828.229999999981374, 239844.79 ], [ 499827.729999999981374, 239842.29 ], [ 499823.729999999981374, 239840.29 ], [ 499821.729999999981374, 239837.79 ], [ 499817.729999999981374, 239837.29 ], [ 499814.229999999981374, 239834.79 ], [ 499808.729999999981374, 239834.29 ], [ 499803.729999999981374, 239831.79 ], [ 499802.229999999981374, 239831.79 ], [ 499800.229999999981374, 239834.29 ], [ 499798.229999999981374, 239832.29 ], [ 499796.729999999981374, 239832.79 ], [ 499796.229999999981374, 239831.79 ], [ 499791.229999999981374, 239831.79 ], [ 499790.729999999981374, 239834.29 ], [ 499789.229999999981374, 239834.79 ], [ 499789.229999999981374, 239836.29 ], [ 499787.729999999981374, 239836.29 ], [ 499785.729999999981374, 239841.29 ], [ 499783.229999999981374, 239842.29 ], [ 499782.229999999981374, 239844.79 ], [ 499779.729999999981374, 239845.29 ], [ 499778.229999999981374, 239847.79 ], [ 499775.229999999981374, 239849.79 ], [ 499775.229999999981374, 239850.79 ], [ 499772.729999999981374, 239850.79 ], [ 499772.729999999981374, 239852.29 ], [ 499770.729999999981374, 239852.29 ], [ 499770.229999999981374, 239853.79 ], [ 499768.229999999981374, 239854.29 ], [ 499768.229999999981374, 239855.29 ], [ 499769.229999999981374, 239855.29 ], [ 499768.729999999981374, 239856.79 ], [ 499766.729999999981374, 239857.79 ], [ 499765.729999999981374, 239860.29 ], [ 499763.729999999981374, 239860.79 ], [ 499763.229999999981374, 239862.79 ], [ 499760.729999999981374, 239863.29 ], [ 499760.229999999981374, 239865.29 ], [ 499757.229999999981374, 239867.29 ], [ 499756.229999999981374, 239869.79 ], [ 499754.229999999981374, 239869.29 ], [ 499753.729999999981374, 239872.29 ], [ 499750.229999999981374, 239873.29 ], [ 499748.729999999981374, 239875.29 ], [ 499744.229999999981374, 239876.29 ], [ 499743.729999999981374, 239877.29 ], [ 499740.729999999981374, 239876.29 ], [ 499739.229999999981374, 239877.79 ], [ 499739.729999999981374, 239879.29 ], [ 499735.729999999981374, 239882.29 ], [ 499733.729999999981374, 239882.29 ], [ 499732.729999999981374, 239884.29 ], [ 499729.229999999981374, 239884.29 ], [ 499725.229999999981374, 239887.29 ], [ 499719.729999999981374, 239888.29 ], [ 499718.229999999981374, 239890.29 ], [ 499715.229999999981374, 239890.29 ], [ 499711.229999999981374, 239892.79 ], [ 499711.729999999981374, 239894.29 ], [ 499709.729999999981374, 239894.79 ], [ 499709.729999999981374, 239896.79 ], [ 499708.729999999981374, 239897.29 ], [ 499708.729999999981374, 239901.29 ], [ 499710.229999999981374, 239902.29 ], [ 499709.729999999981374, 239904.29 ], [ 499710.729999999981374, 239904.79 ], [ 499710.729999999981374, 239914.79 ], [ 499706.229999999981374, 239920.29 ], [ 499701.229999999981374, 239920.29 ], [ 499698.729999999981374, 239917.29 ], [ 499694.729999999981374, 239917.79 ], [ 499694.729999999981374, 239919.29 ], [ 499697.729999999981374, 239922.79 ], [ 499697.229999999981374, 239927.29 ], [ 499695.729999999981374, 239927.79 ], [ 499696.229999999981374, 239931.79 ], [ 499698.729999999981374, 239932.29 ], [ 499699.229999999981374, 239934.29 ], [ 499700.729999999981374, 239935.29 ], [ 499700.729999999981374, 239939.79 ], [ 499699.229999999981374, 239940.79 ], [ 499699.229999999981374, 239944.29 ], [ 499700.729999999981374, 239945.29 ], [ 499700.229999999981374, 239947.29 ], [ 499702.229999999981374, 239948.29 ], [ 499702.229999999981374, 239951.29 ], [ 499705.729999999981374, 239951.29 ], [ 499706.729999999981374, 239952.29 ], [ 499706.229999999981374, 239953.79 ], [ 499708.229999999981374, 239955.79 ], [ 499710.729999999981374, 239955.79 ], [ 499712.729999999981374, 239958.79 ], [ 499712.729999999981374, 239962.79 ], [ 499715.729999999981374, 239966.79 ], [ 499715.729999999981374, 239969.79 ], [ 499718.729999999981374, 239972.29 ], [ 499718.729999999981374, 239976.79 ], [ 499719.729999999981374, 239976.79 ], [ 499722.729999999981374, 239980.29 ], [ 499721.729999999981374, 239981.29 ], [ 499721.729999999981374, 239984.79 ], [ 499724.229999999981374, 239986.79 ], [ 499724.729999999981374, 239992.29 ], [ 499727.229999999981374, 239993.79 ], [ 499727.729999999981374, 239997.29 ] ], [ [ 499863.229999999981374, 239951.29 ], [ 499863.229999999981374, 239947.79 ], [ 499862.229999999981374, 239946.79 ], [ 499863.729999999981374, 239944.79 ], [ 499865.229999999981374, 239945.29 ], [ 499865.229999999981374, 239944.29 ], [ 499866.229999999981374, 239944.29 ], [ 499866.729999999981374, 239945.29 ], [ 499865.729999999981374, 239946.29 ], [ 499866.729999999981374, 239946.79 ], [ 499866.729999999981374, 239948.79 ], [ 499865.729999999981374, 239949.79 ], [ 499864.729999999981374, 239949.29 ], [ 499863.229999999981374, 239951.29 ] ] ] } },
{ "type": "Feature", "properties": { "mainhabs": "Deciduous woodland", "habcodes": "DWOOD", "featdesc": null, "featcodes": null, "otherclass": null, "addhabs": null, "primsource": "National Forest Inventory 2023 (DWOOD)", "areaha": "0.04", "version": "Sep_25", "uid": "PHID49985653_024020921", "shape_length": null, "shape_area": null, "site": "millbrook", "pid": 6, "method": "vote" }, "geometry": { "type": "Polygon", "coordinates": [ [ [ 499866.229999999981374, 240241.29 ], [ 499868.229999999981374, 240239.29 ], [ 499870.229999999981374, 240234.29 ], [ 499871.229999999981374, 240234.29 ], [ 499871.229999999981374, 240231.29 ], [ 499868.729999999981374, 240229.29 ], [ 499869.229999999981374, 240224.79 ], [ 499868.229999999981374, 240222.29 ], [ 499866.729999999981374, 240221.79 ], [ 499866.229999999981374, 240216.29 ], [ 499862.729999999981374, 240215.29 ], [ 499862.229999999981374, 240212.29 ], [ 499861.229999999981374, 240211.79 ], [ 499862.729999999981374, 240210.29 ], [ 499860.729999999981374, 240206.79 ], [ 499860.729999999981374, 240203.79 ], [ 499861.729999999981374, 240202.29 ], [ 499859.229999999981374, 240198.79 ], [ 499856.729999999981374, 240197.79 ], [ 499856.229999999981374, 240194.79 ], [ 499854.729999999981374, 240193.79 ], [ 499852.229999999981374, 240193.79 ], [ 499851.729999999981374, 240190.79 ], [ 499849.229999999981374, 240188.79 ], [ 499848.229999999981374, 240184.79 ], [ 499845.229999999981374, 240184.79 ], [ 499844.229999999981374, 240187.29 ], [ 499845.729999999981374, 240187.79 ], [ 499845.229999999981374, 240193.29 ], [ 499846.229999999981374, 240193.79 ], [ 499846.229999999981374, 240195.79 ], [ 499848.729999999981374, 240197.79 ], [ 499849.229999999981374, 240201.29 ], [ 499850.729999999981374, 240202.79 ], [ 499850.229999999981374, 240209.29 ], [ 499851.729999999981374, 240211.29 ], [ 499853.229999999981374, 240211.29 ], [ 499852.729999999981374, 240213.29 ], [ 499855.729999999981374, 240217.79 ], [ 499854.729999999981374, 240220.79 ], [ 499855.229999999981374, 240224.29 ], [ 499856.729999999981374, 240225.29 ], [ 499856.729999999981374, 240227.29 ], [ 499858.229999999981374, 240228.29 ], [ 499858.229999999981374, 240229.79 ], [ 499862.729999999981374, 240232.79 ], [ 499863.729999999981374, 240238.29 ], [ 499866.229999999981374, 240238.79 ], [ 499865.229999999981374, 240240.29 ], [ 499866.229999999981374, 240241.29 ] ] ] } },
{ "type": "Feature", "properties": { "mainhabs": "Deciduous woodland", "habcodes": "DWOOD", "featdesc": null, "featcodes": null, "otherclass": null, "addhabs": null, "primsource": "National Forest Inventory 2023 (DWOOD)", "areaha": "1.97", "version": "Sep_25", "uid": "PHID49989039_023975417", "shape_length": null, "shape_area": null, "site": "millbrook", "pid": 7, "method": "vote" }, "geometry": { "type": "Polygon", "coordinates": [ [ [ 499992.229999999981374, 239863.29 ], [ 499997.229999999981374, 239862.29 ], [ 499997.729999999981374, 239863.29 ], [ 499999.229999999981374, 239863.29 ], [ 499999.729999999981374, 239861.29 ], [ 499998.229999999981374, 239861.29 ], [ 499997.729999999981374, 239859.79 ], [ 500000.729999999981374, 239858.29 ], [ 500002.229999999981374, 239855.29 ], [ 500004.729999999981374, 239856.79 ], [ 500005.729999999981374, 239855.79 ], [ 500005.229999999981374, 239853.79 ], [ 500007.229999999981374, 239852.29 ], [ 500013.729999999981374, 239852.29 ], [ 500014.729999999981374, 239854.29 ], [ 500015.729999999981374, 239854.29 ], [ 500019.229999999981374, 239851.29 ], [ 500019.229999999981374, 239848.29 ], [ 500015.729999999981374, 239847.29 ], [ 500016.229999999981374, 239844.29 ], [ 500021.729999999981374, 239842.29 ], [ 500020.729999999981374, 239840.29 ], [ 500019.229999999981374, 239842.29 ], [ 500017.729999999981374, 239841.79 ], [ 500017.729999999981374, 239839.29 ], [ 500019.229999999981374, 239838.79 ], [ 500018.729999999981374, 239836.29 ], [ 500021.229999999981374, 239835.29 ], [ 500023.729999999981374, 239835.79 ], [ 500025.729999999981374, 239834.29 ], [ 500022.729999999981374, 239827.79 ], [ 500024.229999999981374, 239825.79 ], [ 500023.229999999981374, 239822.79 ], [ 500024.229999999981374, 239820.79 ], [ 500023.229999999981374, 239820.29 ], [ 500023.229999999981374, 239817.79 ], [ 500022.229999999981374, 239817.79 ], [ 500022.229999999981374, 239814.29 ], [ 500021.229999999981374, 239813.79 ], [ 500021.229999999981374, 239807.29 ], [ 500019.229999999981374, 239806.29 ], [ 500018.729999999981374, 239804.29 ], [ 500016.229999999981374, 239804.29 ], [ 500013.229999999981374, 239800.29 ], [ 500011.229999999981374, 239799.79 ], [ 500007.229999999981374, 239795.79 ], [ 500005.729999999981374, 239795.79 ], [ 500005.229999999981374, 239794.29 ], [ 500002.729999999981374, 239794.29 ], [ 500001.229999999981374, 239792.79 ], [ 499999.729999999981374, 239793.29 ], [ 499998.229999999981374, 239790.29 ], [ 499996.729999999981374, 239790.29 ], [ 499995.229999999981374, 239788.29 ], [ 499993.229999999981374, 239787.79 ], [ 499993.229999999981374, 239786.79 ], [ 499989.229999999981374, 239785.29 ], [ 499986.729999999981374, 239781.79 ], [ 499984.729999999981374, 239780.79 ], [ 499984.229999999981374, 239778.79 ], [ 499981.229999999981374, 239777.79 ], [ 499980.229999999981374, 239779.29 ], [ 499981.229999999981374, 239780.29 ], [ 499980.229999999981374, 239780.29 ], [ 499979.729999999981374, 239778.79 ], [ 499978.729999999981374, 239778.79 ], [ 499978.229999999981374, 239775.79 ], [ 499975.729999999981374, 239774.29 ], [ 499970.229999999981374, 239766.79 ], [ 499968.729999999981374, 239766.79 ], [ 499964.229999999981374, 239762.29 ], [ 499962.229999999981374, 239762.29 ], [ 499961.729999999981374, 239760.79 ], [ 499958.729999999981374, 239759.29 ], [ 499957.729999999981374, 239755.29 ], [ 499958.729999999981374, 239754.79 ], [ 499958.729999999981374, 239746.29 ], [ 499957.729999999981374, 239746.29 ], [ 499957.729999999981374, 239744.79 ], [ 499956.229999999981374, 239744.29 ], [ 499956.229999999981374, 239743.29 ], [ 499953.229999999981374, 239742.29 ], [ 499950.729999999981374, 239738.79 ], [ 499948.729999999981374, 239738.29 ], [ 499946.729999999981374, 239736.79 ], [ 499946.729999999981374, 239735.79 ], [ 499944.229999999981374, 239735.29 ], [ 499942.229999999981374, 239733.29 ], [ 499940.729999999981374, 239733.29 ], [ 499940.729999999981374, 239734.29 ], [ 499937.729999999981374, 239733.79 ], [ 499936.229999999981374, 239731.29 ], [ 499934.229999999981374, 239730.79 ], [ 499934.229999999981374, 239728.29 ], [ 499932.729999999981374, 239725.29 ], [ 499930.729999999981374, 239725.79 ], [ 499926.729999999981374, 239722.29 ], [ 499923.729999999981374, 239722.29 ], [ 499923.729999999981374, 239723.79 ], [ 499922.229999999981374, 239724.29 ], [ 499919.229999999981374, 239720.29 ], [ 499917.229999999981374, 239719.79 ], [ 499916.229999999981374, 239717.79 ], [ 499915.229999999981374, 239717.79 ], [ 499914.729999999981374, 239715.79 ], [ 499910.729999999981374, 239712.79 ], [ 499910.729999999981374, 239710.29 ], [ 499909.729999999981374, 239711.29 ], [ 499906.229999999981374, 239711.29 ], [ 499905.229999999981374, 239706.79 ], [ 499902.729999999981374, 239706.79 ], [ 499901.229999999981374, 239705.79 ], [ 499900.229999999981374, 239703.29 ], [ 499898.229999999981374, 239701.79 ], [ 499895.229999999981374, 239701.29 ], [ 499893.729999999981374, 239699.79 ], [ 499890.729999999981374, 239700.29 ], [ 499887.729999999981374, 239698.29 ], [ 499883.229999999981374, 239698.29 ], [ 499882.229999999981374, 239697.29 ], [ 499878.729999999981374, 239697.79 ], [ 499875.729999999981374, 239691.79 ], [ 499872.729999999981374, 239691.29 ], [ 499872.229999999981374, 239689.79 ], [ 499870.229999999981374, 239688.79 ], [ 499869.729999999981374, 239686.79 ], [ 499867.229999999981374, 239686.79 ], [ 499867.229999999981374, 239685.79 ], [ 499864.229999999981374, 239685.29 ], [ 499864.229999999981374, 239684.29 ], [ 499861.229999999981374, 239683.79 ], [ 499860.729999999981374, 239680.29 ], [ 499857.229999999981374, 239679.79 ], [ 499854.229999999981374, 239676.29 ], [ 499850.729999999981374, 239675.79 ], [ 499848.229999999981374, 239673.79 ], [ 499844.229999999981374, 239673.29 ], [ 499842.729999999981374, 239670.29 ], [ 499837.229999999981374, 239670.29 ], [ 499835.729999999981374, 239671.29 ], [ 499834.229999999981374, 239670.29 ], [ 499834.229999999981374, 239667.79 ], [ 499829.729999999981374, 239667.29 ], [ 499828.229999999981374, 239664.79 ], [ 499826.729999999981374, 239664.29 ], [ 499825.729999999981374, 239660.29 ], [ 499823.229999999981374, 239657.29 ], [ 499821.229999999981374, 239657.79 ], [ 499820.229999999981374, 239656.79 ], [ 499809.729999999981374, 239655.29 ], [ 499808.729999999981374, 239653.79 ], [ 499802.729999999981374, 239654.29 ], [ 499801.229999999981374, 239651.29 ], [ 499799.229999999981374, 239651.29 ], [ 499798.229999999981374, 239649.79 ], [ 499795.729999999981374, 239651.29 ], [ 499789.729999999981374, 239650.79 ], [ 499788.229999999981374, 239652.29 ], [ 499787.729999999981374, 239651.29 ], [ 499786.229999999981374, 239651.29 ], [ 499783.229999999981374, 239649.29 ], [ 499778.729999999981374, 239649.29 ], [ 499773.729999999981374, 239653.29 ], [ 499773.729999999981374, 239658.29 ], [ 499770.729999999981374, 239658.29 ], [ 499766.729999999981374, 239659.79 ], [ 499760.729999999981374, 239659.79 ], [ 499754.729999999981374, 239658.79 ], [ 499754.229999999981374, 239657.29 ], [ 499751.729999999981374, 239658.29 ], [ 499750.229999999981374, 239656.79 ], [ 499746.229999999981374, 239656.79 ], [ 499745.229999999981374, 239659.29 ], [ 499742.729999999981374, 239659.79 ], [ 499742.229999999981374, 239664.79 ], [ 499743.229999999981374, 239665.29 ], [ 499743.229999999981374, 239667.79 ], [ 499746.729999999981374, 239670.79 ], [ 499751.229999999981374, 239671.29 ], [ 499751.729999999981374, 239673.29 ], [ 499754.729999999981374, 239674.79 ], [ 499754.729999999981374, 239678.79 ], [ 499758.229999999981374, 239681.29 ], [ 499757.729999999981374, 239682.79 ], [ 499758.729999999981374, 239683.29 ], [ 499758.229999999981374, 239684.29 ], [ 499759.229999999981374, 239686.79 ], [ 499763.729999999981374, 239688.79 ], [ 499764.729999999981374, 239690.29 ], [ 499766.729999999981374, 239690.29 ], [ 499767.229999999981374, 239691.29 ], [ 499769.229999999981374, 239691.79 ], [ 499769.729999999981374, 239693.29 ], [ 499771.229999999981374, 239692.79 ], [ 499772.729999999981374, 239694.79 ], [ 499773.729999999981374, 239694.79 ], [ 499772.729999999981374, 239696.79 ], [ 499772.729999999981374, 239703.29 ], [ 499773.729999999981374, 239704.79 ], [ 499775.729999999981374, 239704.79 ], [ 499779.229999999981374, 239708.29 ], [ 499781.229999999981374, 239708.29 ], [ 499782.729999999981374, 239709.79 ], [ 499785.729999999981374, 239709.79 ], [ 499787.229999999981374, 239712.29 ], [ 499792.229999999981374, 239713.29 ], [ 499794.729999999981374, 239712.79 ], [ 499798.229999999981374, 239716.29 ], [ 499799.229999999981374, 239716.29 ], [ 499801.229999999981374, 239719.29 ], [ 499803.729999999981374, 239719.29 ], [ 499805.729999999981374, 239722.79 ], [ 499807.229999999981374, 239722.29 ], [ 499808.229999999981374, 239723.79 ], [ 499811.229999999981374, 239724.29 ], [ 499814.729999999981374, 239729.79 ], [ 499817.229999999981374, 239729.79 ], [ 499817.229999999981374, 239730.79 ], [ 499820.229999999981374, 239732.79 ], [ 499820.729999999981374, 239734.29 ], [ 499824.729999999981374, 239735.79 ], [ 499824.729999999981374, 239747.79 ], [ 499823.729999999981374, 239747.79 ], [ 499822.229999999981374, 239752.29 ], [ 499822.729999999981374, 239759.79 ], [ 499824.229999999981374, 239761.79 ], [ 499823.729999999981374, 239764.29 ], [ 499820.729999999981374, 239766.29 ], [ 499819.229999999981374, 239766.29 ], [ 499818.729999999981374, 239768.29 ], [ 499817.229999999981374, 239769.29 ], [ 499817.229999999981374, 239770.79 ], [ 499815.729999999981374, 239771.79 ], [ 499815.729999999981374, 239773.29 ], [ 499814.229999999981374, 239774.29 ], [ 499814.229999999981374, 239775.79 ], [ 499813.229999999981374, 239775.79 ], [ 499812.729999999981374, 239778.79 ], [ 499808.729999999981374, 239782.29 ], [ 499808.729999999981374, 239788.29 ], [ 499809.729999999981374, 239789.29 ], [ 499808.229999999981374, 239790.29 ], [ 499807.229999999981374, 239793.29 ], [ 499804.729999999981374, 239793.79 ], [ 499802.229999999981374, 239796.79 ], [ 499798.729999999981374, 239797.79 ], [ 499798.729999999981374, 239799.79 ], [ 499800.229999999981374, 239800.79 ], [ 499799.729999999981374, 239803.29 ], [ 499801.729999999981374, 239808.79 ], [ 499801.229999999981374, 239813.29 ], [ 499802.229999999981374, 239813.79 ], [ 499802.229999999981374, 239817.29 ], [ 499800.729999999981374, 239818.29 ], [ 499800.729999999981374, 239819.79 ], [ 499802.729999999981374, 239821.29 ], [ 499802.729999999981374, 239822.29 ], [ 499808.729999999981374, 239825.29 ], [ 499808.729999999981374, 239826.79 ], [ 499812.729999999981374, 239827.29 ], [ 499816.229999999981374, 239831.29 ], [ 499818.229999999981374, 239831.29 ], [ 499820.729999999981374, 239833.29 ], [ 499822.229999999981374, 239833.29 ], [ 499822.229999999981374, 239834.29 ], [ 499824.229999999981374, 239834.29 ], [ 499826.729999999981374, 239836.29 ], [ 499828.229999999981374, 239836.29 ], [ 499828.229999999981374, 239837.29 ], [ 499832.729999999981374, 239837.79 ], [ 499832.729999999981374, 239838.79 ], [ 499836.729999999981374, 239840.29 ], [ 499842.729999999981374, 239840.79 ], [ 499846.729999999981374, 239837.29 ], [ 499849.229999999981374, 239837.29 ], [ 499850.229999999981374, 239836.29 ], [ 499850.229999999981374, 239829.79 ], [ 499852.229999999981374, 239830.29 ], [ 499851.729999999981374, 239831.79 ], [ 499853.229999999981374, 239834.29 ], [ 499854.729999999981374, 239834.29 ], [ 499855.229999999981374, 239832.79 ], [ 499856.229999999981374, 239832.79 ], [ 499858.229999999981374, 239834.29 ], [ 499859.229999999981374, 239833.29 ], [ 499859.229999999981374, 239829.29 ], [ 499860.229999999981374, 239826.79 ], [ 499862.729999999981374, 239827.29 ], [ 499864.229999999981374, 239825.29 ], [ 499867.229999999981374, 239825.29 ], [ 499869.229999999981374, 239822.29 ], [ 499869.229999999981374, 239819.79 ], [ 499870.229999999981374, 239818.29 ], [ 499872.229999999981374, 239817.79 ], [ 499871.729999999981374, 239815.29 ], [ 499872.729999999981374, 239814.79 ], [ 499874.229999999981374, 239810.79 ], [ 499874.229999999981374, 239807.79 ], [ 499879.229999999981374, 239806.79 ], [ 499880.729999999981374, 239803.79 ], [ 499880.729999999981374, 239801.29 ], [ 499883.229999999981374, 239800.29 ], [ 499884.229999999981374, 239798.29 ], [ 499885.729999999981374, 239798.29 ], [ 499887.729999999981374, 239794.79 ], [ 499887.729999999981374, 239792.29 ], [ 499886.729999999981374, 239792.29 ], [ 499887.229999999981374, 239788.79 ], [ 499889.229999999981374, 239788.29 ], [ 499889.229999999981374, 239789.29 ], [ 499890.729999999981374, 239789.29 ], [ 499890.729999999981374, 239788.29 ], [ 499892.729999999981374, 239786.79 ], [ 499897.229999999981374, 239790.79 ], [ 499901.229999999981374, 239791.29 ], [ 499903.729999999981374, 239795.29 ], [ 499904.729999999981374, 239794.29 ], [ 499906.229999999981374, 239795.79 ], [ 499909.229999999981374, 239795.79 ], [ 499909.229999999981374, 239796.79 ], [ 499910.729999999981374, 239796.79 ], [ 499914.729999999981374, 239799.79 ], [ 499914.729999999981374, 239804.29 ], [ 499913.729999999981374, 239804.29 ], [ 499913.729999999981374, 239806.29 ], [ 499917.729999999981374, 239810.29 ], [ 499919.229999999981374, 239814.79 ], [ 499922.229999999981374, 239816.79 ], [ 499922.229999999981374, 239819.29 ], [ 499925.229999999981374, 239823.79 ], [ 499926.729999999981374, 239825.29 ], [ 499928.229999999981374, 239825.29 ], [ 499928.729999999981374, 239826.79 ], [ 499929.729999999981374, 239826.79 ], [ 499930.229999999981374, 239828.29 ], [ 499931.229999999981374, 239828.29 ], [ 499933.729999999981374, 239831.29 ], [ 499936.229999999981374, 239830.29 ], [ 499936.729999999981374, 239831.29 ], [ 499938.729999999981374, 239831.29 ], [ 499939.229999999981374, 239833.79 ], [ 499941.229999999981374, 239835.79 ], [ 499944.729999999981374, 239836.29 ], [ 499945.229999999981374, 239838.79 ], [ 499944.229999999981374, 239839.79 ], [ 499946.229999999981374, 239840.79 ], [ 499946.229999999981374, 239841.79 ], [ 499949.729999999981374, 239841.79 ], [ 499952.229999999981374, 239844.29 ], [ 499954.229999999981374, 239843.79 ], [ 499955.729999999981374, 239845.29 ], [ 499958.729999999981374, 239845.29 ], [ 499958.729999999981374, 239846.29 ], [ 499964.729999999981374, 239845.29 ], [ 499965.229999999981374, 239846.29 ], [ 499967.729999999981374, 239846.79 ], [ 499967.229999999981374, 239845.79 ], [ 499969.229999999981374, 239844.79 ], [ 499971.229999999981374, 239849.29 ], [ 499973.729999999981374, 239849.79 ], [ 499973.229999999981374, 239853.29 ], [ 499975.229999999981374, 239853.79 ], [ 499976.229999999981374, 239855.29 ], [ 499980.229999999981374, 239855.79 ], [ 499984.229999999981374, 239858.79 ], [ 499987.729999999981374, 239858.29 ], [ 499987.729999999981374, 239857.29 ], [ 499990.229999999981374, 239858.29 ], [ 499990.229999999981374, 239857.29 ], [ 499991.729999999981374, 239857.29 ], [ 499991.229999999981374, 239859.79 ], [ 499992.229999999981374, 239860.79 ], [ 499987.229999999981374, 239861.29 ], [ 499987.229999999981374, 239862.79 ], [ 499991.729999999981374, 239862.29 ], [ 499992.229999999981374, 239863.29 ] ] ] } },
{ "type": "Feature", "properties": { "mainhabs": "Deciduous woodland", "habcodes": "DWOOD", "featdesc": null, "featcodes": null, "otherclass": null, "addhabs": null, "primsource": "National Forest Inventory 2023 (DWOOD)", "areaha": "0.96", "version": "Sep_25", "uid": "PHID49996649_024001087", "shape_length": null, "shape_area": null, "site": "millbrook", "pid": 8, "method": "vote" }, "geometry": { "type": "Polygon", "coordinates": [ [ [ 500076.729999999981374, 240067.79 ], [ 500080.729999999981374, 240067.29 ], [ 500081.729999999981374, 240065.79 ], [ 500087.729999999981374, 240064.29 ], [ 500088.229999999981374, 240062.79 ], [ 500089.729999999981374, 240062.29 ], [ 500088.729999999981374, 240056.79 ], [ 500090.729999999981374, 240058.29 ], [ 500092.729999999981374, 240058.29 ], [ 500092.729999999981374, 240059.79 ], [ 500095.229999999981374, 240062.79 ], [ 500100.229999999981374, 240062.29 ], [ 500101.729999999981374, 240058.29 ], [ 500101.229999999981374, 240055.79 ], [ 500097.729999999981374, 240052.29 ], [ 500089.229999999981374, 240052.29 ], [ 500089.229999999981374, 240048.29 ], [ 500087.229999999981374, 240048.29 ], [ 500079.229999999981374, 240044.29 ], [ 500077.729999999981374, 240044.79 ], [ 500075.229999999981374, 240043.29 ], [ 500075.229999999981374, 240042.29 ], [ 500071.229999999981374, 240041.29 ], [ 500069.729999999981374, 240039.29 ], [ 500067.229999999981374, 240038.79 ], [ 500066.729999999981374, 240037.29 ], [ 500064.229999999981374, 240036.79 ], [ 500063.729999999981374, 240035.29 ], [ 500059.729999999981374, 240035.29 ], [ 500059.229999999981374, 240034.29 ], [ 500056.729999999981374, 240033.79 ], [ 500054.729999999981374, 240031.79 ], [ 500051.729999999981374, 240031.29 ], [ 500050.229999999981374, 240029.79 ], [ 500049.229999999981374, 240030.29 ], [ 500045.729999999981374, 240029.29 ], [ 500045.229999999981374, 240028.29 ], [ 500043.229999999981374, 240027.79 ], [ 500042.229999999981374, 240025.79 ], [ 500039.229999999981374, 240025.29 ], [ 500036.229999999981374, 240022.79 ], [ 500034.229999999981374, 240023.79 ], [ 500033.229999999981374, 240021.79 ], [ 500029.229999999981374, 240021.79 ], [ 500027.729999999981374, 240020.29 ], [ 500024.229999999981374, 240019.29 ], [ 500023.229999999981374, 240017.79 ], [ 500020.729999999981374, 240017.29 ], [ 500020.229999999981374, 240015.79 ], [ 500012.729999999981374, 240012.79 ], [ 500011.229999999981374, 240010.29 ], [ 500010.229999999981374, 240010.29 ], [ 500009.229999999981374, 240007.29 ], [ 500005.729999999981374, 240003.79 ], [ 500001.229999999981374, 240002.79 ], [ 499997.229999999981374, 239997.79 ], [ 499995.229999999981374, 239996.79 ], [ 499995.229999999981374, 239993.29 ], [ 499992.229999999981374, 239992.29 ], [ 499992.229999999981374, 239989.29 ], [ 499987.229999999981374, 239981.79 ], [ 499987.229999999981374, 239976.79 ], [ 499985.729999999981374, 239972.79 ], [ 499979.229999999981374, 239972.29 ], [ 499978.229999999981374, 239970.79 ], [ 499974.229999999981374, 239970.79 ], [ 499974.229999999981374, 239969.79 ], [ 499971.229999999981374, 239968.79 ], [ 499971.229999999981374, 239966.79 ], [ 499969.729999999981374, 239965.29 ], [ 499969.229999999981374, 239957.79 ], [ 499967.729999999981374, 239957.29 ], [ 499965.729999999981374, 239951.79 ], [ 499957.729999999981374, 239951.79 ], [ 499957.229999999981374, 239953.29 ], [ 499954.729999999981374, 239954.79 ], [ 499949.729999999981374, 239953.79 ], [ 499946.729999999981374, 239954.79 ], [ 499946.229999999981374, 239956.29 ], [ 499942.229999999981374, 239955.79 ], [ 499937.729999999981374, 239957.29 ], [ 499934.229999999981374, 239957.29 ], [ 499932.229999999981374, 239958.79 ], [ 499930.229999999981374, 239958.79 ], [ 499929.229999999981374, 239959.79 ], [ 499929.229999999981374, 239961.79 ], [ 499924.229999999981374, 239961.79 ], [ 499923.229999999981374, 239960.79 ], [ 499923.729999999981374, 239959.29 ], [ 499922.229999999981374, 239957.79 ], [ 499902.229999999981374, 239958.79 ], [ 499901.729999999981374, 239957.79 ], [ 499900.229999999981374, 239958.29 ], [ 499896.729999999981374, 239956.79 ], [ 499894.729999999981374, 239957.29 ], [ 499893.729999999981374, 239959.29 ], [ 499892.729999999981374, 239959.29 ], [ 499892.729999999981374, 239966.79 ], [ 499893.729999999981374, 239967.29 ], [ 499893.229999999981374, 239969.79 ], [ 499894.229999999981374, 239970.29 ], [ 499894.229999999981374, 239974.29 ], [ 499896.729999999981374, 239975.79 ], [ 499895.729999999981374, 239980.29 ], [ 499897.229999999981374, 239981.29 ], [ 499897.229999999981374, 239984.29 ], [ 499895.729999999981374, 239986.29 ], [ 499895.729999999981374, 239993.79 ], [ 499896.729999999981374, 239994.29 ], [ 499896.729999999981374, 239997.29 ], [ 499898.729999999981374, 239999.79 ], [ 499898.729999999981374, 240001.29 ], [ 499901.229999999981374, 240002.29 ], [ 499901.229999999981374, 240004.29 ], [ 499902.729999999981374, 240005.29 ], [ 499906.229999999981374, 240005.29 ], [ 499909.229999999981374, 240006.79 ], [ 499912.229999999981374, 240005.79 ], [ 499913.729999999981374, 240008.29 ], [ 499914.729999999981374, 240008.29 ], [ 499919.729999999981374, 240013.29 ], [ 499920.229999999981374, 240015.79 ], [ 499922.229999999981374, 240016.79 ], [ 499924.229999999981374, 240020.29 ], [ 499925.729999999981374, 240020.29 ], [ 499927.229999999981374, 240023.29 ], [ 499929.229999999981374, 240024.79 ], [ 499931.229999999981374, 240024.29 ], [ 499931.729999999981374, 240025.29 ], [ 499934.729999999981374, 240025.29 ], [ 499936.729999999981374, 240022.79 ], [ 499939.229999999981374, 240024.29 ], [ 499941.729999999981374, 240024.29 ], [ 499943.229999999981374, 240025.79 ], [ 499943.229999999981374, 240028.29 ], [ 499945.729999999981374, 240032.79 ], [ 499948.229999999981374, 240032.79 ], [ 499949.229999999981374, 240034.29 ], [ 499951.729999999981374, 240034.29 ], [ 499954.729999999981374, 240037.29 ], [ 499957.729999999981374, 240037.29 ], [ 499960.229999999981374, 240041.79 ], [ 499962.729999999981374, 240042.29 ], [ 499964.729999999981374, 240040.29 ], [ 499964.729999999981374, 240038.79 ], [ 499966.729999999981374, 240038.79 ], [ 499966.729999999981374, 240039.79 ], [ 499969.729999999981374, 240040.79 ], [ 499974.729999999981374, 240040.29 ], [ 499975.729999999981374, 240041.29 ], [ 499975.729999999981374, 240046.79 ], [ 499976.729999999981374, 240047.79 ], [ 499978.729999999981374, 240047.79 ], [ 499979.229999999981374, 240048.79 ], [ 499981.229999999981374, 240049.29 ], [ 499984.729999999981374, 240049.29 ], [ 499990.729999999981374, 240048.79 ], [ 499991.729999999981374, 240047.79 ], [ 499991.729999999981374, 240048.79 ], [ 499993.729999999981374, 240049.79 ], [ 499994.229999999981374, 240051.79 ], [ 499995.729999999981374, 240052.79 ], [ 500001.229999999981374, 240053.79 ], [ 500002.729999999981374, 240052.79 ], [ 500009.229999999981374, 240057.79 ], [ 500010.229999999981374, 240057.29 ], [ 500011.729999999981374, 240059.29 ], [ 500015.229999999981374, 240057.79 ], [ 500016.229999999981374, 240059.29 ], [ 500020.729999999981374, 240061.29 ], [ 500020.729999999981374, 240063.79 ], [ 500022.229999999981374, 240064.79 ], [ 500028.229999999981374, 240064.79 ], [ 500031.229999999981374, 240062.29 ], [ 500031.229999999981374, 240061.29 ], [ 500032.229999999981374, 240061.29 ], [ 500033.229999999981374, 240058.79 ], [ 500036.229999999981374, 240058.29 ], [ 500039.229999999981374, 240062.29 ], [ 500042.229999999981374, 240061.29 ], [ 500042.729999999981374, 240062.29 ], [ 500044.729999999981374, 240062.29 ], [ 500046.729999999981374, 240059.79 ], [ 500048.729999999981374, 240059.79 ], [ 500053.229999999981374, 240062.79 ], [ 500054.729999999981374, 240062.79 ], [ 500054.729999999981374, 240063.79 ], [ 500057.229999999981374, 240065.79 ], [ 500073.229999999981374, 240065.79 ], [ 500073.729999999981374, 240066.79 ], [ 500076.729999999981374, 240067.79 ] ] ] } },
{ "type": "Feature", "properties": { "mainhabs": "Deciduous woodland", "habcodes": "DWOOD", "featdesc": null, "featcodes": null, "otherclass": null, "addhabs": null, "primsource": "National Forest Inventory 2023 (DWOOD)", "areaha": "0.16", "version": "Sep_25", "uid": "PHID50007102_024002973", "shape_length": null, "shape_area": null, "site": "millbrook", "pid": 9, "method": "vote" }, "geometry": { "type": "Polygon", "coordinates": [ [ [ 500107.229999999981374, 240056.79 ], [ 500113.729999999981374, 240056.29 ], [ 500115.229999999981374, 240055.29 ], [ 500116.229999999981374, 240051.79 ], [ 500118.229999999981374, 240051.79 ], [ 500118.229999999981374, 240047.79 ], [ 500113.729999999981374, 240043.29 ], [ 500113.229999999981374, 240041.29 ], [ 500112.229999999981374, 240041.29 ], [ 500112.229999999981374, 240040.29 ], [ 500109.229999999981374, 240037.79 ], [ 500105.729999999981374, 240038.79 ], [ 500103.229999999981374, 240035.79 ], [ 500101.729999999981374, 240035.79 ], [ 500101.229999999981374, 240033.79 ], [ 500098.729999999981374, 240033.79 ], [ 500097.729999999981374, 240031.79 ], [ 500095.729999999981374, 240030.79 ], [ 500094.229999999981374, 240031.29 ], [ 500094.229999999981374, 240032.29 ], [ 500090.729999999981374, 240032.79 ], [ 500088.729999999981374, 240030.29 ], [ 500085.229999999981374, 240030.79 ], [ 500082.729999999981374, 240026.79 ], [ 500079.229999999981374, 240026.79 ], [ 500078.729999999981374, 240024.79 ], [ 500075.729999999981374, 240023.29 ], [ 500074.229999999981374, 240017.79 ], [ 500071.729999999981374, 240015.29 ], [ 500068.729999999981374, 240014.29 ], [ 500067.229999999981374, 240014.79 ], [ 500066.729999999981374, 240013.29 ], [ 500064.229999999981374, 240013.29 ], [ 500063.229999999981374, 240014.29 ], [ 500058.229999999981374, 240014.79 ], [ 500058.229999999981374, 240017.79 ], [ 500056.729999999981374, 240017.79 ], [ 500056.729999999981374, 240015.79 ], [ 500055.229999999981374, 240016.79 ], [ 500053.729999999981374, 240014.29 ], [ 500052.229999999981374, 240014.29 ], [ 500050.729999999981374, 240011.79 ], [ 500049.229999999981374, 240011.29 ], [ 500045.729999999981374, 240010.79 ], [ 500043.229999999981374, 240013.79 ], [ 500040.229999999981374, 240011.29 ], [ 500036.729999999981374, 240010.79 ], [ 500034.729999999981374, 240011.79 ], [ 500034.229999999981374, 240008.29 ], [ 500032.729999999981374, 240007.29 ], [ 500032.729999999981374, 240005.79 ], [ 500028.229999999981374, 240005.29 ], [ 500026.729999999981374, 240002.29 ], [ 500024.729999999981374, 240001.79 ], [ 500022.729999999981374, 240004.79 ], [ 500020.729999999981374, 240002.29 ], [ 500012.729999999981374, 240002.29 ], [ 500013.229999999981374, 240008.29 ], [ 500015.229999999981374, 240008.29 ], [ 500016.229999999981374, 240010.29 ], [ 500019.229999999981374, 240009.79 ], [ 500019.229999999981374, 240011.79 ], [ 500021.729999999981374, 240013.29 ], [ 500023.229999999981374, 240017.79 ], [ 500025.229999999981374, 240017.79 ], [ 500025.229999999981374, 240018.79 ], [ 500027.729999999981374, 240020.29 ], [ 500030.229999999981374, 240019.79 ], [ 500032.229999999981374, 240020.29 ], [ 500033.229999999981374, 240021.79 ], [ 500036.229999999981374, 240022.29 ], [ 500039.229999999981374, 240025.29 ], [ 500042.229999999981374, 240025.79 ], [ 500043.229999999981374, 240027.79 ], [ 500045.229999999981374, 240028.29 ], [ 500045.729999999981374, 240029.29 ], [ 500049.229999999981374, 240030.29 ], [ 500050.229999999981374, 240029.79 ], [ 500061.229999999981374, 240035.79 ], [ 500063.729999999981374, 240035.29 ], [ 500064.229999999981374, 240036.79 ], [ 500066.729999999981374, 240037.29 ], [ 500067.229999999981374, 240038.79 ], [ 500069.729999999981374, 240039.29 ], [ 500071.229999999981374, 240041.29 ], [ 500073.729999999981374, 240042.29 ], [ 500075.729999999981374, 240041.79 ], [ 500080.229999999981374, 240045.29 ], [ 500084.229999999981374, 240046.29 ], [ 500087.229999999981374, 240048.29 ], [ 500091.229999999981374, 240047.79 ], [ 500092.729999999981374, 240049.29 ], [ 500095.229999999981374, 240049.29 ], [ 500095.729999999981374, 240050.29 ], [ 500098.229999999981374, 240050.79 ], [ 500102.229999999981374, 240055.29 ], [ 500107.229999999981374, 240056.79 ] ] ] } },
{ "type": "Feature", "properties": { "mainhabs": "Deciduous woodland", "habcodes": "DWOOD", "featdesc": null, "featcodes": null, "otherclass": null, "addhabs": null, "primsource": "National Forest Inventory 2023 (DWOOD)", "areaha": "1.33", "version": "Sep_25", "uid": "PHID50028970_024013829", "shape_length": null, "shape_area": null, "site": "millbrook", "pid": 10, "method": "vote" }, "geometry": { "type": "MultiPolygon", "coordinates": [ [ [ [ 500260.729999999981374, 240039.79 ], [ 500260.729999999981374, 240040.79 ], [ 500259.229999999981374, 240041.79 ], [ 500258.729999999981374, 240044.79 ], [ 500261.229999999981374, 240044.79 ], [ 500263.229999999981374, 240047.29 ], [ 500259.229999999981374, 240047.79 ], [ 500258.729999999981374, 240051.29 ], [ 500261.229999999981374, 240051.79 ], [ 500262.229999999981374, 240048.79 ], [ 500263.229999999981374, 240048.29 ], [ 500263.229999999981374, 240050.79 ], [ 500265.229999999981374, 240050.29 ], [ 500266.729999999981374, 240051.79 ], [ 500267.729999999981374, 240050.29 ], [ 500266.229999999981374, 240048.79 ], [ 500267.229999999981374, 240046.79 ], [ 500265.729999999981374, 240045.29 ], [ 500263.729999999981374, 240045.79 ], [ 500265.229999999981374, 240043.29 ], [ 500263.229999999981374, 240043.29 ], [ 500261.729999999981374, 240041.79 ], [ 500261.729999999981374, 240039.79 ], [ 500260.729999999981374, 240039.79 ] ] ], [ [ [ 500260.729999999981374, 240039.79 ], [ 500262.229999999981374, 240038.29 ], [ 500264.229999999981374, 240038.79 ], [ 500267.229999999981374, 240041.79 ], [ 500266.229999999981374, 240044.79 ], [ 500269.729999999981374, 240046.29 ], [ 500269.729999999981374, 240053.79 ], [ 500272.229999999981374, 240053.79 ], [ 500272.729999999981374, 240055.29 ], [ 500271.229999999981374, 240056.79 ], [ 500269.729999999981374, 240055.79 ], [ 500267.729999999981374, 240056.79 ], [ 500266.229999999981374, 240055.29 ], [ 500267.729999999981374, 240053.29 ], [ 500267.729999999981374, 240052.29 ], [ 500266.729999999981374, 240052.29 ], [ 500265.229999999981374, 240053.79 ], [ 500263.729999999981374, 240052.29 ], [ 500262.229999999981374, 240053.29 ], [ 500263.729999999981374, 240054.79 ], [ 500263.229999999981374, 240056.29 ], [ 500265.229999999981374, 240056.79 ], [ 500266.729999999981374, 240059.79 ], [ 500267.729999999981374, 240059.29 ], [ 500269.729999999981374, 240060.79 ], [ 500269.729999999981374, 240062.29 ], [ 500275.729999999981374, 240063.29 ], [ 500275.729999999981374, 240071.29 ], [ 500274.229999999981374, 240072.29 ], [ 500272.729999999981374, 240075.79 ], [ 500272.729999999981374, 240077.79 ], [ 500275.229999999981374, 240079.79 ], [ 500275.229999999981374, 240081.79 ], [ 500273.729999999981374, 240083.29 ], [ 500271.229999999981374, 240083.79 ], [ 500269.729999999981374, 240088.79 ], [ 500269.729999999981374, 240092.29 ], [ 500268.229999999981374, 240092.79 ], [ 500267.729999999981374, 240096.79 ], [ 500266.729999999981374, 240097.29 ], [ 500266.729999999981374, 240101.29 ], [ 500265.229999999981374, 240103.29 ], [ 500264.729999999981374, 240107.29 ], [ 500263.729999999981374, 240107.29 ], [ 500261.229999999981374, 240118.29 ], [ 500257.729999999981374, 240122.29 ], [ 500258.729999999981374, 240122.79 ], [ 500258.729999999981374, 240125.79 ], [ 500261.229999999981374, 240128.79 ], [ 500260.729999999981374, 240131.79 ], [ 500256.229999999981374, 240131.79 ], [ 500255.729999999981374, 240133.79 ], [ 500254.729999999981374, 240134.29 ], [ 500253.729999999981374, 240139.29 ], [ 500252.729999999981374, 240139.79 ], [ 500252.729999999981374, 240141.79 ], [ 500251.729999999981374, 240142.29 ], [ 500250.229999999981374, 240147.29 ], [ 500250.229999999981374, 240152.29 ], [ 500247.229999999981374, 240154.79 ], [ 500247.229999999981374, 240159.79 ], [ 500244.729999999981374, 240161.79 ], [ 500243.229999999981374, 240166.29 ], [ 500240.729999999981374, 240168.79 ], [ 500241.229999999981374, 240172.79 ], [ 500238.729999999981374, 240175.29 ], [ 500239.729999999981374, 240181.79 ], [ 500238.229999999981374, 240182.79 ], [ 500236.729999999981374, 240187.79 ], [ 500234.229999999981374, 240188.79 ], [ 500232.729999999981374, 240193.79 ], [ 500236.229999999981374, 240196.79 ], [ 500236.229999999981374, 240198.29 ], [ 500238.229999999981374, 240199.29 ], [ 500238.229999999981374, 240200.79 ], [ 500236.729999999981374, 240201.79 ], [ 500236.729999999981374, 240205.79 ], [ 500242.229999999981374, 240204.79 ], [ 500242.729999999981374, 240206.79 ], [ 500243.729999999981374, 240207.29 ], [ 500243.729999999981374, 240211.29 ], [ 500246.229999999981374, 240213.29 ], [ 500247.229999999981374, 240215.79 ], [ 500254.729999999981374, 240217.79 ], [ 500254.729999999981374, 240218.79 ], [ 500260.229999999981374, 240220.79 ], [ 500261.729999999981374, 240223.29 ], [ 500265.729999999981374, 240223.79 ], [ 500268.729999999981374, 240222.29 ], [ 500274.229999999981374, 240217.79 ], [ 500276.229999999981374, 240213.79 ], [ 500277.229999999981374, 240214.79 ], [ 500280.229999999981374, 240213.79 ], [ 500284.229999999981374, 240216.29 ], [ 500287.729999999981374, 240215.79 ], [ 500290.229999999981374, 240217.79 ], [ 500291.729999999981374, 240217.79 ], [ 500291.729999999981374, 240222.79 ], [ 500293.729999999981374, 240225.29 ], [ 500293.729999999981374, 240226.79 ], [ 500296.729999999981374, 240228.29 ], [ 500301.729999999981374, 240227.79 ], [ 500302.729999999981374, 240226.29 ], [ 500311.729999999981374, 240226.79 ], [ 500312.229999999981374, 240225.79 ], [ 500317.729999999981374, 240225.79 ], [ 500320.729999999981374, 240222.29 ], [ 500323.229999999981374, 240222.79 ], [ 500324.229999999981374, 240221.29 ], [ 500325.729999999981374, 240221.29 ], [ 500326.729999999981374, 240219.29 ], [ 500325.729999999981374, 240214.79 ], [ 500328.229999999981374, 240216.29 ], [ 500329.229999999981374, 240212.79 ], [ 500333.729999999981374, 240211.29 ], [ 500334.229999999981374, 240209.79 ], [ 500332.229999999981374, 240208.29 ], [ 500333.729999999981374, 240208.29 ], [ 500335.229999999981374, 240206.29 ], [ 500335.229999999981374, 240203.79 ], [ 500333.729999999981374, 240202.79 ], [ 500334.729999999981374, 240199.79 ], [ 500334.229999999981374, 240197.29 ], [ 500336.729999999981374, 240193.29 ], [ 500335.729999999981374, 240190.29 ], [ 500337.229999999981374, 240189.29 ], [ 500337.229999999981374, 240184.79 ], [ 500339.729999999981374, 240180.79 ], [ 500339.729999999981374, 240177.29 ], [ 500341.229999999981374, 240176.79 ], [ 500339.729999999981374, 240175.29 ], [ 500339.729999999981374, 240172.79 ], [ 500341.229999999981374, 240169.79 ], [ 500339.729999999981374, 240169.29 ], [ 500340.229999999981374, 240167.79 ], [ 500339.729999999981374, 240163.79 ], [ 500338.729999999981374, 240163.29 ], [ 500339.229999999981374, 240161.29 ], [ 500338.229999999981374, 240158.79 ], [ 500338.229999999981374, 240154.29 ], [ 500337.229999999981374, 240153.79 ], [ 500337.229999999981374, 240151.29 ], [ 500335.229999999981374, 240150.29 ], [ 500334.229999999981374, 240144.79 ], [ 500332.729999999981374, 240143.29 ], [ 500330.729999999981374, 240137.79 ], [ 500330.729999999981374, 240134.29 ], [ 500329.729999999981374, 240134.29 ], [ 500329.729999999981374, 240130.29 ], [ 500328.229999999981374, 240129.79 ], [ 500328.229999999981374, 240124.29 ], [ 500330.229999999981374, 240123.79 ], [ 500331.729999999981374, 240125.29 ], [ 500339.229999999981374, 240125.29 ], [ 500340.229999999981374, 240122.29 ], [ 500340.229999999981374, 240117.29 ], [ 500342.229999999981374, 240113.79 ], [ 500341.229999999981374, 240110.79 ], [ 500344.229999999981374, 240107.79 ], [ 500344.229999999981374, 240106.29 ], [ 500343.229999999981374, 240106.29 ], [ 500342.729999999981374, 240103.79 ], [ 500339.729999999981374, 240101.29 ], [ 500339.729999999981374, 240100.29 ], [ 500338.229999999981374, 240099.79 ], [ 500338.229999999981374, 240098.79 ], [ 500336.729999999981374, 240098.29 ], [ 500336.729999999981374, 240097.29 ], [ 500333.729999999981374, 240095.29 ], [ 500332.229999999981374, 240095.29 ], [ 500329.729999999981374, 240093.29 ], [ 500329.729999999981374, 240092.29 ], [ 500327.229999999981374, 240091.29 ], [ 500326.229999999981374, 240088.29 ], [ 500325.229999999981374, 240088.29 ], [ 500323.729999999981374, 240086.29 ], [ 500323.729999999981374, 240084.79 ], [ 500322.729999999981374, 240084.79 ], [ 500322.729999999981374, 240083.79 ], [ 500320.729999999981374, 240082.29 ], [ 500320.729999999981374, 240078.29 ], [ 500317.229999999981374, 240077.79 ], [ 500317.729999999981374, 240075.29 ], [ 500315.229999999981374, 240072.29 ], [ 500311.229999999981374, 240063.29 ], [ 500308.729999999981374, 240062.29 ], [ 500306.729999999981374, 240059.29 ], [ 500305.229999999981374, 240059.79 ], [ 500303.729999999981374, 240057.79 ], [ 500300.729999999981374, 240056.79 ], [ 500300.729999999981374, 240055.29 ], [ 500298.729999999981374, 240054.79 ], [ 500298.229999999981374, 240053.79 ], [ 500295.229999999981374, 240053.79 ], [ 500293.229999999981374, 240051.29 ], [ 500287.729999999981374, 240050.79 ], [ 500286.229999999981374, 240048.29 ], [ 500284.729999999981374, 240048.79 ], [ 500284.229999999981374, 240042.79 ], [ 500281.729999999981374, 240041.29 ], [ 500281.229999999981374, 240036.79 ], [ 500278.729999999981374, 240035.79 ], [ 500277.729999999981374, 240032.79 ], [ 500275.729999999981374, 240034.29 ], [ 500275.729999999981374, 240031.29 ], [ 500274.229999999981374, 240031.29 ], [ 500272.729999999981374, 240029.79 ], [ 500264.729999999981374, 240029.79 ], [ 500264.729999999981374, 240030.79 ], [ 500262.729999999981374, 240032.29 ], [ 500262.229999999981374, 240030.29 ], [ 500260.729999999981374, 240030.79 ], [ 500259.229999999981374, 240029.79 ], [ 500258.229999999981374, 240031.29 ], [ 500251.729999999981374, 240030.79 ], [ 500250.729999999981374, 240031.79 ], [ 500246.729999999981374, 240029.79 ], [ 500245.729999999981374, 240030.79 ], [ 500245.729999999981374, 240032.79 ], [ 500246.729999999981374, 240032.79 ], [ 500246.729999999981374, 240033.79 ], [ 500243.229999999981374, 240033.79 ], [ 500242.229999999981374, 240034.79 ], [ 500240.729999999981374, 240041.29 ], [ 500242.729999999981374, 240042.79 ], [ 500242.229999999981374, 240044.29 ], [ 500242.729999999981374, 240045.79 ], [ 500243.729999999981374, 240045.79 ], [ 500243.729999999981374, 240047.79 ], [ 500245.229999999981374, 240047.29 ], [ 500244.229999999981374, 240046.29 ], [ 500245.229999999981374, 240044.79 ], [ 500245.229999999981374, 240043.29 ], [ 500244.229999999981374, 240042.79 ], [ 500245.229999999981374, 240041.79 ], [ 500245.229999999981374, 240036.79 ], [ 500247.229999999981374, 240035.79 ], [ 500253.729999999981374, 240035.79 ], [ 500253.229999999981374, 240034.29 ], [ 500249.229999999981374, 240034.29 ], [ 500249.229999999981374, 240033.29 ], [ 500250.729999999981374, 240032.29 ], [ 500254.229999999981374, 240032.79 ], [ 500255.229999999981374, 240033.79 ], [ 500254.229999999981374, 240035.29 ], [ 500255.229999999981374, 240036.29 ], [ 500254.729999999981374, 240038.79 ], [ 500257.729999999981374, 240038.29 ], [ 500259.229999999981374, 240038.79 ], [ 500259.229999999981374, 240039.79 ], [ 500260.729999999981374, 240039.79 ] ] ] ] } },
{ "type": "Feature", "properties": { "mainhabs": "Deciduous woodland", "habcodes": "DWOOD", "featdesc": null, "featcodes": null, "otherclass": null, "addhabs": null, "primsource": "National Forest Inventory 2023 (DWOOD)", "areaha": "0.21", "version": "Sep_25", "uid": "PHID50032665_024007378", "shape_length": null, "shape_area": null, "site": "millbrook", "pid": 11, "method": "vote" }, "geometry": { "type": "Polygon", "coordinates": [ [ [ 500355.229999999981374, 240134.79 ], [ 500357.729999999981374, 240134.79 ], [ 500358.729999999981374, 240131.79 ], [ 500360.729999999981374, 240131.79 ], [ 500361.229999999981374, 240125.79 ], [ 500366.729999999981374, 240125.29 ], [ 500371.229999999981374, 240120.29 ], [ 500371.229999999981374, 240118.29 ], [ 500373.229999999981374, 240118.29 ], [ 500374.229999999981374, 240117.29 ], [ 500373.729999999981374, 240115.29 ], [ 500371.229999999981374, 240113.29 ], [ 500368.229999999981374, 240108.79 ], [ 500367.229999999981374, 240108.79 ], [ 500366.729999999981374, 240107.29 ], [ 500365.729999999981374, 240107.29 ], [ 500365.229999999981374, 240105.79 ], [ 500362.729999999981374, 240104.29 ], [ 500362.229999999981374, 240102.79 ], [ 500361.229999999981374, 240102.79 ], [ 500361.229999999981374, 240101.79 ], [ 500359.229999999981374, 240100.79 ], [ 500356.729999999981374, 240096.79 ], [ 500356.229999999981374, 240093.79 ], [ 500353.229999999981374, 240090.79 ], [ 500350.729999999981374, 240089.79 ], [ 500348.229999999981374, 240086.79 ], [ 500346.229999999981374, 240086.29 ], [ 500339.729999999981374, 240079.79 ], [ 500339.729999999981374, 240078.79 ], [ 500338.729999999981374, 240078.79 ], [ 500338.229999999981374, 240077.29 ], [ 500337.229999999981374, 240077.29 ], [ 500337.229999999981374, 240075.79 ], [ 500335.229999999981374, 240074.29 ], [ 500335.229999999981374, 240073.29 ], [ 500326.729999999981374, 240065.79 ], [ 500325.229999999981374, 240062.79 ], [ 500323.729999999981374, 240062.79 ], [ 500321.729999999981374, 240059.79 ], [ 500320.229999999981374, 240059.29 ], [ 500320.229999999981374, 240058.29 ], [ 500318.729999999981374, 240057.79 ], [ 500316.229999999981374, 240052.29 ], [ 500309.729999999981374, 240045.79 ], [ 500308.229999999981374, 240045.79 ], [ 500308.229999999981374, 240044.79 ], [ 500302.729999999981374, 240041.79 ], [ 500297.229999999981374, 240035.29 ], [ 500294.729999999981374, 240034.29 ], [ 500294.729999999981374, 240032.79 ], [ 500293.229999999981374, 240032.29 ], [ 500292.729999999981374, 240030.79 ], [ 500290.729999999981374, 240030.79 ], [ 500288.729999999981374, 240033.79 ], [ 500288.729999999981374, 240038.79 ], [ 500287.729999999981374, 240039.29 ], [ 500287.729999999981374, 240040.79 ], [ 500289.229999999981374, 240041.29 ], [ 500289.229999999981374, 240044.79 ], [ 500290.729999999981374, 240044.29 ], [ 500293.729999999981374, 240047.79 ], [ 500294.729999999981374, 240047.79 ], [ 500295.729999999981374, 240046.29 ], [ 500295.229999999981374, 240044.79 ], [ 500296.729999999981374, 240044.79 ], [ 500296.229999999981374, 240048.29 ], [ 500298.229999999981374, 240049.29 ], [ 500298.229999999981374, 240050.79 ], [ 500303.229999999981374, 240056.29 ], [ 500302.729999999981374, 240057.79 ], [ 500307.729999999981374, 240059.79 ], [ 500310.229999999981374, 240062.79 ], [ 500311.229999999981374, 240062.79 ], [ 500313.229999999981374, 240065.79 ], [ 500313.229999999981374, 240068.29 ], [ 500314.729999999981374, 240069.79 ], [ 500315.229999999981374, 240072.29 ], [ 500317.729999999981374, 240075.29 ], [ 500317.229999999981374, 240077.79 ], [ 500320.729999999981374, 240078.29 ], [ 500320.729999999981374, 240081.29 ], [ 500322.229999999981374, 240081.79 ], [ 500325.229999999981374, 240085.29 ], [ 500328.229999999981374, 240089.79 ], [ 500328.229999999981374, 240091.29 ], [ 500330.229999999981374, 240091.29 ], [ 500331.229999999981374, 240094.29 ], [ 500335.729999999981374, 240095.79 ], [ 500336.229999999981374, 240096.79 ], [ 500338.729999999981374, 240095.79 ], [ 500338.729999999981374, 240099.79 ], [ 500340.229999999981374, 240098.29 ], [ 500342.729999999981374, 240098.79 ], [ 500343.229999999981374, 240100.79 ], [ 500344.729999999981374, 240101.79 ], [ 500344.729999999981374, 240106.79 ], [ 500346.229999999981374, 240107.79 ], [ 500346.729999999981374, 240109.79 ], [ 500341.229999999981374, 240116.79 ], [ 500341.729999999981374, 240121.29 ], [ 500344.229999999981374, 240122.79 ], [ 500344.229999999981374, 240123.79 ], [ 500342.729999999981374, 240124.29 ], [ 500342.729999999981374, 240125.79 ], [ 500345.729999999981374, 240129.79 ], [ 500347.729999999981374, 240130.29 ], [ 500347.729999999981374, 240131.29 ], [ 500350.729999999981374, 240131.79 ], [ 500352.229999999981374, 240134.29 ], [ 500355.229999999981374, 240134.79 ] ] ] } },
{ "type": "Feature", "properties": { "mainhabs": "Deciduous woodland", "habcodes": "DWOOD", "featdesc": null, "featcodes": null, "otherclass": null, "addhabs": null, "primsource": "National Forest Inventory 2023 (DWOOD)", "areaha": "1.1", "version": "Sep_25", "uid": "PHID50052509_024034309", "shape_length": null, "shape_area": null, "site": "millbrook", "pid": 12, "method": "vote" }, "geometry": { "type": "Polygon", "coordinates": [ [ [ 500507.229999999981374, 240402.79 ], [ 500508.229999999981374, 240402.79 ], [ 500509.729999999981374, 240400.79 ], [ 500509.729999999981374, 240397.29 ], [ 500513.229999999981374, 240397.79 ], [ 500517.229999999981374, 240394.79 ], [ 500520.729999999981374, 240394.29 ], [ 500520.729999999981374, 240391.79 ], [ 500523.229999999981374, 240389.29 ], [ 500523.229999999981374, 240385.79 ], [ 500522.229999999981374, 240385.79 ], [ 500522.229999999981374, 240384.79 ], [ 500523.229999999981374, 240383.29 ], [ 500525.229999999981374, 240383.29 ], [ 500527.229999999981374, 240385.29 ], [ 500531.729999999981374, 240380.79 ], [ 500541.229999999981374, 240379.79 ], [ 500544.229999999981374, 240377.79 ], [ 500544.229999999981374, 240376.79 ], [ 500548.729999999981374, 240376.79 ], [ 500550.229999999981374, 240376.29 ], [ 500550.229999999981374, 240375.29 ], [ 500552.729999999981374, 240375.29 ], [ 500556.229999999981374, 240373.29 ], [ 500562.729999999981374, 240373.29 ], [ 500568.229999999981374, 240369.29 ], [ 500571.229999999981374, 240369.29 ], [ 500572.729999999981374, 240367.29 ], [ 500577.229999999981374, 240367.29 ], [ 500577.729999999981374, 240363.29 ], [ 500575.729999999981374, 240361.29 ], [ 500575.729999999981374, 240358.79 ], [ 500573.229999999981374, 240358.29 ], [ 500573.229999999981374, 240356.79 ], [ 500571.229999999981374, 240355.79 ], [ 500570.729999999981374, 240353.79 ], [ 500566.729999999981374, 240353.29 ], [ 500557.729999999981374, 240342.79 ], [ 500556.729999999981374, 240339.29 ], [ 500554.229999999981374, 240338.79 ], [ 500549.729999999981374, 240333.29 ], [ 500539.229999999981374, 240329.29 ], [ 500537.729999999981374, 240328.29 ], [ 500536.729999999981374, 240325.79 ], [ 500532.729999999981374, 240324.79 ], [ 500532.729999999981374, 240322.79 ], [ 500531.229999999981374, 240320.79 ], [ 500529.229999999981374, 240313.79 ], [ 500526.729999999981374, 240310.79 ], [ 500526.229999999981374, 240305.79 ], [ 500525.229999999981374, 240305.79 ], [ 500524.729999999981374, 240302.79 ], [ 500521.729999999981374, 240297.29 ], [ 500517.229999999981374, 240292.29 ], [ 500515.229999999981374, 240292.29 ], [ 500513.729999999981374, 240290.29 ], [ 500508.729999999981374, 240288.79 ], [ 500505.729999999981374, 240285.29 ], [ 500502.729999999981374, 240285.29 ], [ 500501.729999999981374, 240288.29 ], [ 500499.729999999981374, 240288.29 ], [ 500499.229999999981374, 240289.79 ], [ 500497.729999999981374, 240289.79 ], [ 500495.729999999981374, 240292.29 ], [ 500493.229999999981374, 240292.79 ], [ 500490.729999999981374, 240291.29 ], [ 500489.229999999981374, 240293.79 ], [ 500487.229999999981374, 240294.29 ], [ 500484.229999999981374, 240297.79 ], [ 500481.729999999981374, 240298.79 ], [ 500481.729999999981374, 240299.79 ], [ 500477.729999999981374, 240299.79 ], [ 500477.229999999981374, 240298.79 ], [ 500478.229999999981374, 240298.79 ], [ 500478.229999999981374, 240297.29 ], [ 500476.229999999981374, 240296.29 ], [ 500472.729999999981374, 240296.29 ], [ 500471.229999999981374, 240297.29 ], [ 500468.729999999981374, 240295.29 ], [ 500467.229999999981374, 240296.29 ], [ 500463.229999999981374, 240293.29 ], [ 500460.229999999981374, 240294.29 ], [ 500459.729999999981374, 240293.29 ], [ 500453.729999999981374, 240291.79 ], [ 500451.729999999981374, 240292.29 ], [ 500444.229999999981374, 240290.29 ], [ 500429.229999999981374, 240290.29 ], [ 500426.729999999981374, 240291.29 ], [ 500424.229999999981374, 240298.29 ], [ 500421.729999999981374, 240299.29 ], [ 500421.229999999981374, 240304.29 ], [ 500418.729999999981374, 240304.79 ], [ 500419.729999999981374, 240307.29 ], [ 500415.729999999981374, 240307.29 ], [ 500415.729999999981374, 240306.29 ], [ 500411.729999999981374, 240306.79 ], [ 500412.229999999981374, 240307.79 ], [ 500413.729999999981374, 240307.29 ], [ 500414.729999999981374, 240308.79 ], [ 500413.229999999981374, 240309.79 ], [ 500413.729999999981374, 240312.29 ], [ 500412.729999999981374, 240313.29 ], [ 500411.729999999981374, 240312.29 ], [ 500410.229999999981374, 240312.79 ], [ 500411.729999999981374, 240314.29 ], [ 500411.729999999981374, 240323.79 ], [ 500410.729999999981374, 240326.79 ], [ 500409.729999999981374, 240326.79 ], [ 500406.229999999981374, 240330.29 ], [ 500406.729999999981374, 240337.79 ], [ 500407.729999999981374, 240339.29 ], [ 500406.229999999981374, 240341.79 ], [ 500406.229999999981374, 240354.29 ], [ 500406.729999999981374, 240358.79 ], [ 500408.229999999981374, 240360.79 ], [ 500406.229999999981374, 240362.79 ], [ 500406.229999999981374, 240367.29 ], [ 500408.229999999981374, 240373.29 ], [ 500409.729999999981374, 240374.29 ], [ 500407.729999999981374, 240376.79 ], [ 500407.729999999981374, 240385.79 ], [ 500409.729999999981374, 240388.79 ], [ 500411.729999999981374, 240389.79 ], [ 500412.229999999981374, 240397.79 ], [ 500413.729999999981374, 240398.79 ], [ 500417.729999999981374, 240397.29 ], [ 500421.229999999981374, 240398.79 ], [ 500427.229999999981374, 240397.79 ], [ 500428.729999999981374, 240397.79 ], [ 500429.229999999981374, 240398.79 ], [ 500430.729999999981374, 240397.79 ], [ 500432.229999999981374, 240398.79 ], [ 500434.229999999981374, 240398.79 ], [ 500435.229999999981374, 240397.79 ], [ 500436.729999999981374, 240398.29 ], [ 500436.729999999981374, 240396.79 ], [ 500437.729999999981374, 240396.29 ], [ 500437.229999999981374, 240388.79 ], [ 500438.229999999981374, 240387.29 ], [ 500439.729999999981374, 240387.29 ], [ 500439.729999999981374, 240388.29 ], [ 500440.729999999981374, 240388.29 ], [ 500440.729999999981374, 240391.79 ], [ 500438.229999999981374, 240395.29 ], [ 500441.729999999981374, 240400.79 ], [ 500444.729999999981374, 240402.29 ], [ 500448.729999999981374, 240402.29 ], [ 500449.729999999981374, 240400.79 ], [ 500452.229999999981374, 240400.29 ], [ 500453.229999999981374, 240397.29 ], [ 500452.729999999981374, 240391.79 ], [ 500454.229999999981374, 240390.29 ], [ 500454.229999999981374, 240378.79 ], [ 500453.229999999981374, 240378.29 ], [ 500453.729999999981374, 240376.79 ], [ 500452.729999999981374, 240374.79 ], [ 500454.229999999981374, 240368.29 ], [ 500452.729999999981374, 240366.79 ], [ 500452.729999999981374, 240364.79 ], [ 500451.729999999981374, 240364.79 ], [ 500452.729999999981374, 240361.29 ], [ 500451.729999999981374, 240360.79 ], [ 500451.729999999981374, 240357.29 ], [ 500452.729999999981374, 240355.29 ], [ 500451.729999999981374, 240355.29 ], [ 500451.729999999981374, 240350.29 ], [ 500452.729999999981374, 240347.79 ], [ 500453.729999999981374, 240335.79 ], [ 500455.729999999981374, 240335.29 ], [ 500456.229999999981374, 240336.29 ], [ 500458.229999999981374, 240336.29 ], [ 500460.729999999981374, 240337.79 ], [ 500463.229999999981374, 240337.79 ], [ 500466.229999999981374, 240336.29 ], [ 500469.729999999981374, 240336.29 ], [ 500472.229999999981374, 240333.29 ], [ 500475.229999999981374, 240333.29 ], [ 500477.229999999981374, 240331.29 ], [ 500493.229999999981374, 240331.29 ], [ 500494.229999999981374, 240332.29 ], [ 500493.729999999981374, 240334.29 ], [ 500495.229999999981374, 240334.29 ], [ 500495.229999999981374, 240335.79 ], [ 500493.729999999981374, 240335.79 ], [ 500493.729999999981374, 240337.29 ], [ 500495.729999999981374, 240337.29 ], [ 500495.729999999981374, 240338.29 ], [ 500493.229999999981374, 240340.29 ], [ 500493.729999999981374, 240348.79 ], [ 500490.729999999981374, 240348.79 ], [ 500490.229999999981374, 240351.29 ], [ 500486.229999999981374, 240352.29 ], [ 500485.729999999981374, 240354.79 ], [ 500483.729999999981374, 240354.79 ], [ 500482.729999999981374, 240351.29 ], [ 500483.229999999981374, 240343.29 ], [ 500481.229999999981374, 240342.79 ], [ 500478.229999999981374, 240343.79 ], [ 500478.729999999981374, 240344.79 ], [ 500481.229999999981374, 240345.29 ], [ 500482.229999999981374, 240347.29 ], [ 500482.229999999981374, 240348.79 ], [ 500480.229999999981374, 240350.29 ], [ 500479.729999999981374, 240352.29 ], [ 500481.229999999981374, 240353.79 ], [ 500481.729999999981374, 240360.29 ], [ 500479.729999999981374, 240367.79 ], [ 500479.729999999981374, 240370.79 ], [ 500481.229999999981374, 240373.29 ], [ 500479.729999999981374, 240374.29 ], [ 500479.729999999981374, 240376.79 ], [ 500481.229999999981374, 240380.79 ], [ 500483.229999999981374, 240382.79 ], [ 500485.729999999981374, 240382.79 ], [ 500487.729999999981374, 240380.79 ], [ 500489.229999999981374, 240376.79 ], [ 500490.229999999981374, 240376.79 ], [ 500490.729999999981374, 240373.79 ], [ 500491.729999999981374, 240373.29 ], [ 500491.729999999981374, 240369.79 ], [ 500490.729999999981374, 240368.79 ], [ 500490.729999999981374, 240361.79 ], [ 500491.729999999981374, 240361.79 ], [ 500491.729999999981374, 240359.79 ], [ 500493.229999999981374, 240358.79 ], [ 500493.729999999981374, 240373.79 ], [ 500497.229999999981374, 240375.79 ], [ 500496.229999999981374, 240378.29 ], [ 500493.729999999981374, 240379.79 ], [ 500495.229999999981374, 240383.79 ], [ 500494.729999999981374, 240388.79 ], [ 500497.229999999981374, 240391.79 ], [ 500496.229999999981374, 240393.29 ], [ 500498.229999999981374, 240395.29 ], [ 500497.729999999981374, 240397.29 ], [ 500499.229999999981374, 240397.29 ], [ 500500.229999999981374, 240399.29 ], [ 500504.229999999981374, 240400.79 ], [ 500504.229999999981374, 240401.79 ], [ 500505.729999999981374, 240400.79 ], [ 500507.229999999981374, 240402.79 ] ] ] } },
{ "type": "Feature", "properties": { "mainhabs": "Deciduous woodland", "habcodes": "DWOOD", "featdesc": null, "featcodes": null, "otherclass": null, "addhabs": null, "primsource": "National Forest Inventory 2023 (DWOOD)", "areaha": "0.12", "version": "Sep_25", "uid": "PHID50054571_024032001", "shape_length": null, "shape_area": null, "site": "millbrook", "pid": 13, "method": "vote" }, "geometry": { "type": "Polygon", "coordinates": [ [ [ 500577.229999999981374, 240363.29 ], [ 500579.729999999981374, 240363.29 ], [ 500580.729999999981374, 240361.29 ], [ 500582.229999999981374, 240361.29 ], [ 500582.729999999981374, 240358.79 ], [ 500580.729999999981374, 240358.29 ], [ 500580.729999999981374, 240356.29 ], [ 500577.229999999981374, 240353.29 ], [ 500577.229999999981374, 240352.29 ], [ 500576.229999999981374, 240352.29 ], [ 500575.229999999981374, 240349.79 ], [ 500569.729999999981374, 240343.29 ], [ 500569.729999999981374, 240341.79 ], [ 500568.729999999981374, 240341.79 ], [ 500568.229999999981374, 240339.79 ], [ 500565.229999999981374, 240337.29 ], [ 500560.729999999981374, 240330.29 ], [ 500559.729999999981374, 240330.29 ], [ 500557.729999999981374, 240326.79 ], [ 500555.229999999981374, 240324.79 ], [ 500551.729999999981374, 240318.79 ], [ 500548.729999999981374, 240316.79 ], [ 500547.229999999981374, 240312.29 ], [ 500545.729999999981374, 240311.79 ], [ 500544.729999999981374, 240309.29 ], [ 500538.729999999981374, 240302.79 ], [ 500535.229999999981374, 240297.29 ], [ 500532.229999999981374, 240293.79 ], [ 500531.229999999981374, 240293.79 ], [ 500526.729999999981374, 240286.79 ], [ 500523.729999999981374, 240284.79 ], [ 500523.229999999981374, 240283.29 ], [ 500522.229999999981374, 240283.29 ], [ 500517.229999999981374, 240274.79 ], [ 500514.229999999981374, 240274.29 ], [ 500513.729999999981374, 240273.29 ], [ 500510.229999999981374, 240276.29 ], [ 500510.229999999981374, 240280.29 ], [ 500508.229999999981374, 240281.79 ], [ 500508.229999999981374, 240284.79 ], [ 500509.729999999981374, 240285.79 ], [ 500510.729999999981374, 240285.29 ], [ 500514.229999999981374, 240288.29 ], [ 500516.229999999981374, 240288.29 ], [ 500520.729999999981374, 240295.29 ], [ 500521.729999999981374, 240295.29 ], [ 500521.729999999981374, 240297.29 ], [ 500523.229999999981374, 240298.79 ], [ 500523.729999999981374, 240301.29 ], [ 500524.729999999981374, 240301.29 ], [ 500526.229999999981374, 240303.29 ], [ 500526.229999999981374, 240305.79 ], [ 500527.729999999981374, 240307.79 ], [ 500530.729999999981374, 240317.79 ], [ 500532.729999999981374, 240319.79 ], [ 500533.229999999981374, 240322.29 ], [ 500535.229999999981374, 240323.79 ], [ 500535.229999999981374, 240325.29 ], [ 500536.729999999981374, 240325.79 ], [ 500537.729999999981374, 240328.29 ], [ 500539.229999999981374, 240329.29 ], [ 500549.729999999981374, 240333.29 ], [ 500554.229999999981374, 240338.79 ], [ 500556.229999999981374, 240338.79 ], [ 500557.729999999981374, 240342.79 ], [ 500565.229999999981374, 240350.79 ], [ 500565.229999999981374, 240351.79 ], [ 500567.729999999981374, 240353.79 ], [ 500570.729999999981374, 240353.79 ], [ 500571.229999999981374, 240355.79 ], [ 500573.229999999981374, 240356.79 ], [ 500573.229999999981374, 240358.29 ], [ 500575.729999999981374, 240358.79 ], [ 500575.729999999981374, 240361.29 ], [ 500577.229999999981374, 240363.29 ] ] ] } },
{ "type": "Feature", "properties": { "mainhabs": "Deciduous woodland", "habcodes": "DWOOD", "featdesc": null, "featcodes": null, "otherclass": null, "addhabs": "LCGRA, RBEDS", "primsource": "National Forest Inventory 2023 (DWOOD)", "areaha": "0.06", "version": "Sep_25", "uid": "PHID50068128_024107921", "shape_length": null, "shape_area": null, "site": "millbrook", "pid": 14, "method": "vote" }, "geometry": { "type": "Polygon", "coordinates": [ [ [ 500667.229999999981374, 241088.79 ], [ 500681.229999999981374, 241088.29 ], [ 500684.229999999981374, 241086.79 ], [ 500689.729999999981374, 241087.29 ], [ 500689.729999999981374, 241085.29 ], [ 500692.729999999981374, 241083.79 ], [ 500694.229999999981374, 241081.79 ], [ 500697.729999999981374, 241082.29 ], [ 500697.729999999981374, 241081.29 ], [ 500699.729999999981374, 241080.79 ], [ 500700.229999999981374, 241078.29 ], [ 500704.229999999981374, 241072.29 ], [ 500700.729999999981374, 241070.79 ], [ 500694.229999999981374, 241070.29 ], [ 500693.229999999981374, 241069.29 ], [ 500686.729999999981374, 241069.29 ], [ 500683.229999999981374, 241070.29 ], [ 500682.729999999981374, 241069.29 ], [ 500676.729999999981374, 241069.29 ], [ 500666.729999999981374, 241071.29 ], [ 500665.229999999981374, 241072.29 ], [ 500664.229999999981374, 241074.79 ], [ 500664.229999999981374, 241078.79 ], [ 500667.229999999981374, 241082.79 ], [ 500665.729999999981374, 241086.29 ], [ 500666.229999999981374, 241088.29 ], [ 500667.229999999981374, 241088.79 ] ] ] } },
{ "type": "Feature", "properties": { "mainhabs": "Deciduous woodland", "habcodes": "DWOOD", "featdesc": null, "featcodes": null, "otherclass": null, "addhabs": "LCGRA, RBEDS", "primsource": "National Forest Inventory 2023 (DWOOD)", "areaha": "0.95", "version": "Sep_25", "uid": "PHID50084710_024107445", "shape_length": null, "shape_area": null, "site": "millbrook", "pid": 15, "method": "vote" }, "geometry": { "type": "MultiPolygon", "coordinates": [ [ [ [ 500868.729999999981374, 241027.79 ], [ 500868.729999999981374, 241025.79 ], [ 500866.229999999981374, 241025.29 ], [ 500865.729999999981374, 241023.29 ], [ 500858.729999999981374, 241023.29 ], [ 500858.229999999981374, 241024.29 ], [ 500853.229999999981374, 241023.29 ], [ 500851.729999999981374, 241023.79 ], [ 500851.229999999981374, 241025.29 ], [ 500843.229999999981374, 241026.29 ], [ 500842.229999999981374, 241027.79 ], [ 500840.729999999981374, 241027.79 ], [ 500839.729999999981374, 241026.29 ], [ 500833.729999999981374, 241026.29 ], [ 500833.229999999981374, 241027.29 ], [ 500827.229999999981374, 241028.29 ], [ 500814.229999999981374, 241028.29 ], [ 500812.729999999981374, 241030.79 ], [ 500807.229999999981374, 241031.29 ], [ 500807.229999999981374, 241032.29 ], [ 500803.229999999981374, 241031.79 ], [ 500800.729999999981374, 241032.79 ], [ 500800.729999999981374, 241033.79 ], [ 500793.729999999981374, 241033.79 ], [ 500790.729999999981374, 241036.29 ], [ 500786.729999999981374, 241036.29 ], [ 500784.229999999981374, 241037.29 ], [ 500781.229999999981374, 241036.79 ], [ 500780.229999999981374, 241037.29 ], [ 500781.729999999981374, 241039.79 ], [ 500781.229999999981374, 241041.79 ], [ 500779.229999999981374, 241042.29 ], [ 500778.229999999981374, 241044.29 ], [ 500775.729999999981374, 241044.79 ], [ 500775.729999999981374, 241045.79 ], [ 500772.729999999981374, 241047.79 ], [ 500771.229999999981374, 241047.79 ], [ 500770.729999999981374, 241046.29 ], [ 500768.229999999981374, 241045.29 ], [ 500765.729999999981374, 241042.79 ], [ 500764.229999999981374, 241043.79 ], [ 500759.229999999981374, 241043.29 ], [ 500758.729999999981374, 241044.79 ], [ 500756.229999999981374, 241044.29 ], [ 500753.229999999981374, 241046.29 ], [ 500754.729999999981374, 241048.29 ], [ 500754.229999999981374, 241049.79 ], [ 500755.729999999981374, 241051.79 ], [ 500756.229999999981374, 241054.79 ], [ 500758.729999999981374, 241055.29 ], [ 500758.729999999981374, 241057.29 ], [ 500759.729999999981374, 241057.79 ], [ 500761.229999999981374, 241057.79 ], [ 500764.729999999981374, 241055.29 ], [ 500767.229999999981374, 241055.79 ], [ 500771.229999999981374, 241054.29 ], [ 500772.729999999981374, 241054.79 ], [ 500773.729999999981374, 241053.79 ], [ 500782.729999999981374, 241053.29 ], [ 500783.229999999981374, 241052.29 ], [ 500785.729999999981374, 241052.29 ], [ 500786.729999999981374, 241053.79 ], [ 500789.229999999981374, 241053.79 ], [ 500792.229999999981374, 241052.29 ], [ 500792.229999999981374, 241053.29 ], [ 500794.729999999981374, 241053.29 ], [ 500796.229999999981374, 241054.79 ], [ 500800.729999999981374, 241055.79 ], [ 500802.229999999981374, 241057.29 ], [ 500809.729999999981374, 241058.29 ], [ 500811.729999999981374, 241060.79 ], [ 500818.229999999981374, 241061.79 ], [ 500823.729999999981374, 241067.29 ], [ 500823.729999999981374, 241068.79 ], [ 500830.229999999981374, 241072.29 ], [ 500830.229999999981374, 241073.29 ], [ 500836.729999999981374, 241080.29 ], [ 500836.729999999981374, 241081.79 ], [ 500838.729999999981374, 241083.29 ], [ 500838.729999999981374, 241084.29 ], [ 500842.729999999981374, 241087.29 ], [ 500846.229999999981374, 241095.29 ], [ 500848.229999999981374, 241096.29 ], [ 500849.729999999981374, 241101.79 ], [ 500850.729999999981374, 241101.79 ], [ 500851.229999999981374, 241103.79 ], [ 500853.729999999981374, 241104.79 ], [ 500854.229999999981374, 241106.79 ], [ 500858.229999999981374, 241109.79 ], [ 500860.229999999981374, 241113.79 ], [ 500863.229999999981374, 241115.79 ], [ 500863.229999999981374, 241116.79 ], [ 500866.229999999981374, 241117.29 ], [ 500866.229999999981374, 241118.29 ], [ 500868.229999999981374, 241119.79 ], [ 500870.229999999981374, 241120.29 ], [ 500872.729999999981374, 241122.79 ], [ 500874.729999999981374, 241122.79 ], [ 500875.229999999981374, 241124.29 ], [ 500877.229999999981374, 241125.29 ], [ 500890.729999999981374, 241125.29 ], [ 500894.229999999981374, 241124.29 ], [ 500895.729999999981374, 241122.79 ], [ 500900.729999999981374, 241122.29 ], [ 500904.729999999981374, 241120.29 ], [ 500906.229999999981374, 241120.79 ], [ 500908.229999999981374, 241119.29 ], [ 500908.229999999981374, 241117.79 ], [ 500906.229999999981374, 241109.79 ], [ 500906.229999999981374, 241104.79 ], [ 500905.229999999981374, 241104.79 ], [ 500905.229999999981374, 241100.79 ], [ 500904.729999999981374, 241099.29 ], [ 500903.229999999981374, 241098.79 ], [ 500903.229999999981374, 241093.79 ], [ 500902.229999999981374, 241092.79 ], [ 500901.729999999981374, 241088.79 ], [ 500899.229999999981374, 241085.29 ], [ 500898.729999999981374, 241081.79 ], [ 500897.729999999981374, 241081.79 ], [ 500895.729999999981374, 241079.29 ], [ 500894.729999999981374, 241073.29 ], [ 500893.229999999981374, 241072.29 ], [ 500893.729999999981374, 241069.29 ], [ 500892.729999999981374, 241068.79 ], [ 500892.729999999981374, 241066.29 ], [ 500890.729999999981374, 241064.29 ], [ 500891.229999999981374, 241062.29 ], [ 500889.229999999981374, 241057.29 ], [ 500888.229999999981374, 241056.79 ], [ 500887.729999999981374, 241054.79 ], [ 500885.729999999981374, 241053.79 ], [ 500885.729999999981374, 241051.29 ], [ 500884.229999999981374, 241050.29 ], [ 500883.229999999981374, 241036.79 ], [ 500879.729999999981374, 241034.29 ], [ 500876.729999999981374, 241034.29 ], [ 500876.229999999981374, 241033.29 ], [ 500874.729999999981374, 241033.79 ], [ 500874.729999999981374, 241032.29 ], [ 500872.229999999981374, 241031.29 ], [ 500872.229999999981374, 241029.79 ], [ 500868.729999999981374, 241027.79 ] ], [ [ 500867.729999999981374, 241028.29 ], [ 500867.729999999981374, 241029.29 ], [ 500867.229999999981374, 241029.29 ], [ 500867.229999999981374, 241028.29 ], [ 500867.729999999981374, 241028.29 ] ], [ [ 500867.729999999981374, 241028.29 ], [ 500867.729999999981374, 241027.79 ], [ 500868.729999999981374, 241027.79 ], [ 500868.729999999981374, 241028.29 ], [ 500867.729999999981374, 241028.29 ] ], [ [ 500835.229999999981374, 241041.29 ], [ 500833.729999999981374, 241041.29 ], [ 500832.229999999981374, 241038.29 ], [ 500838.729999999981374, 241034.29 ], [ 500839.729999999981374, 241036.29 ], [ 500839.729999999981374, 241039.79 ], [ 500837.729999999981374, 241038.79 ], [ 500836.229999999981374, 241041.29 ], [ 500835.229999999981374, 241041.29 ] ] ], [ [ [ 500598.729999999981374, 241091.29 ], [ 500602.729999999981374, 241089.79 ], [ 500604.729999999981374, 241090.29 ], [ 500604.729999999981374, 241088.29 ], [ 500608.729999999981374, 241088.29 ], [ 500608.729999999981374, 241087.29 ], [ 500610.729999999981374, 241086.79 ], [ 500611.229999999981374, 241084.79 ], [ 500612.729999999981374, 241085.79 ], [ 500616.229999999981374, 241083.79 ], [ 500616.229999999981374, 241082.79 ], [ 500617.729999999981374, 241082.79 ], [ 500622.229999999981374, 241079.29 ], [ 500623.729999999981374, 241079.29 ], [ 500623.729999999981374, 241078.29 ], [ 500626.729999999981374, 241077.79 ], [ 500630.229999999981374, 241074.79 ], [ 500632.229999999981374, 241074.79 ], [ 500632.729999999981374, 241073.79 ], [ 500634.229999999981374, 241073.79 ], [ 500635.729999999981374, 241072.29 ], [ 500639.729999999981374, 241071.79 ], [ 500640.229999999981374, 241070.79 ], [ 500655.229999999981374, 241068.29 ], [ 500658.229999999981374, 241069.29 ], [ 500671.729999999981374, 241069.29 ], [ 500675.729999999981374, 241068.29 ], [ 500676.729999999981374, 241066.29 ], [ 500679.229999999981374, 241067.79 ], [ 500681.729999999981374, 241067.79 ], [ 500683.229999999981374, 241065.79 ], [ 500688.729999999981374, 241067.79 ], [ 500696.229999999981374, 241066.79 ], [ 500700.729999999981374, 241068.79 ], [ 500704.229999999981374, 241068.79 ], [ 500704.729999999981374, 241067.79 ], [ 500706.229999999981374, 241068.29 ], [ 500707.729999999981374, 241066.29 ], [ 500713.729999999981374, 241065.79 ], [ 500714.729999999981374, 241064.79 ], [ 500713.729999999981374, 241063.29 ], [ 500713.729999999981374, 241060.79 ], [ 500714.729999999981374, 241059.79 ], [ 500717.229999999981374, 241059.79 ], [ 500717.229999999981374, 241058.79 ], [ 500718.729999999981374, 241058.29 ], [ 500718.729999999981374, 241055.79 ], [ 500717.229999999981374, 241054.79 ], [ 500717.229999999981374, 241053.29 ], [ 500715.729999999981374, 241053.29 ], [ 500715.229999999981374, 241054.79 ], [ 500713.729999999981374, 241054.29 ], [ 500711.729999999981374, 241056.79 ], [ 500709.729999999981374, 241057.29 ], [ 500707.229999999981374, 241054.29 ], [ 500703.729999999981374, 241052.79 ], [ 500692.729999999981374, 241053.29 ], [ 500690.229999999981374, 241055.29 ], [ 500661.229999999981374, 241055.29 ], [ 500660.729999999981374, 241056.79 ], [ 500650.729999999981374, 241055.29 ], [ 500647.229999999981374, 241058.79 ], [ 500646.229999999981374, 241058.79 ], [ 500646.229999999981374, 241059.79 ], [ 500645.229999999981374, 241059.79 ], [ 500645.229999999981374, 241058.79 ], [ 500643.229999999981374, 241058.79 ], [ 500642.729999999981374, 241059.79 ], [ 500638.729999999981374, 241060.29 ], [ 500633.229999999981374, 241063.79 ], [ 500629.729999999981374, 241063.79 ], [ 500628.729999999981374, 241065.79 ], [ 500625.229999999981374, 241066.29 ], [ 500623.229999999981374, 241068.79 ], [ 500621.229999999981374, 241068.79 ], [ 500619.729999999981374, 241071.79 ], [ 500612.229999999981374, 241073.29 ], [ 500610.229999999981374, 241074.79 ], [ 500610.229999999981374, 241076.29 ], [ 500608.229999999981374, 241076.79 ], [ 500607.229999999981374, 241075.79 ], [ 500605.729999999981374, 241077.79 ], [ 500604.229999999981374, 241077.79 ], [ 500604.229999999981374, 241076.79 ], [ 500600.229999999981374, 241076.29 ], [ 500599.729999999981374, 241075.29 ], [ 500598.729999999981374, 241076.79 ], [ 500594.729999999981374, 241077.29 ], [ 500591.229999999981374, 241082.79 ], [ 500592.229999999981374, 241082.79 ], [ 500593.729999999981374, 241085.29 ], [ 500597.229999999981374, 241085.79 ], [ 500597.229999999981374, 241088.79 ], [ 500596.229999999981374, 241090.29 ], [ 500598.729999999981374, 241091.29 ] ] ] ] } },
{ "type": "Feature", "properties": { "mainhabs": "Deciduous woodland", "habcodes": "DWOOD", "featdesc": null, "featcodes": null, "otherclass": null, "addhabs": null, "primsource": "National Forest Inventory 2023 (DWOOD)", "areaha": "1.91", "version": "Sep_25", "uid": "PHID50086417_024122657", "shape_length": null, "shape_area": null, "site": "millbrook", "pid": 16, "method": "vote" }, "geometry": { "type": "MultiPolygon", "coordinates": [ [ [ [ 500832.229999999981374, 241396.29 ], [ 500835.229999999981374, 241392.79 ], [ 500835.729999999981374, 241390.29 ], [ 500837.229999999981374, 241390.29 ], [ 500839.229999999981374, 241386.29 ], [ 500838.229999999981374, 241384.29 ], [ 500838.229999999981374, 241378.29 ], [ 500840.229999999981374, 241377.79 ], [ 500840.229999999981374, 241376.29 ], [ 500841.729999999981374, 241374.79 ], [ 500843.729999999981374, 241376.29 ], [ 500849.729999999981374, 241374.79 ], [ 500850.229999999981374, 241371.79 ], [ 500856.729999999981374, 241364.29 ], [ 500858.729999999981374, 241364.29 ], [ 500860.229999999981374, 241366.29 ], [ 500862.729999999981374, 241366.29 ], [ 500863.729999999981374, 241364.79 ], [ 500865.729999999981374, 241366.29 ], [ 500866.229999999981374, 241365.29 ], [ 500865.229999999981374, 241363.79 ], [ 500867.729999999981374, 241363.79 ], [ 500866.229999999981374, 241361.79 ], [ 500867.729999999981374, 241360.79 ], [ 500867.729999999981374, 241356.79 ], [ 500869.229999999981374, 241355.29 ], [ 500869.229999999981374, 241352.79 ], [ 500871.729999999981374, 241352.29 ], [ 500872.229999999981374, 241353.79 ], [ 500873.729999999981374, 241354.29 ], [ 500875.229999999981374, 241351.79 ], [ 500874.729999999981374, 241350.79 ], [ 500879.729999999981374, 241347.29 ], [ 500879.729999999981374, 241345.29 ], [ 500878.229999999981374, 241344.29 ], [ 500880.729999999981374, 241341.79 ], [ 500880.729999999981374, 241336.29 ], [ 500882.229999999981374, 241336.29 ], [ 500882.729999999981374, 241334.29 ], [ 500884.229999999981374, 241332.79 ], [ 500885.729999999981374, 241332.79 ], [ 500886.729999999981374, 241330.29 ], [ 500889.729999999981374, 241329.79 ], [ 500889.729999999981374, 241328.29 ], [ 500892.729999999981374, 241326.79 ], [ 500893.229999999981374, 241324.79 ], [ 500894.729999999981374, 241323.79 ], [ 500894.229999999981374, 241317.29 ], [ 500894.729999999981374, 241315.29 ], [ 500895.729999999981374, 241315.29 ], [ 500896.229999999981374, 241313.29 ], [ 500897.229999999981374, 241313.29 ], [ 500898.229999999981374, 241309.79 ], [ 500898.729999999981374, 241301.79 ], [ 500900.729999999981374, 241299.79 ], [ 500900.229999999981374, 241294.29 ], [ 500902.229999999981374, 241291.79 ], [ 500909.229999999981374, 241289.29 ], [ 500909.729999999981374, 241277.79 ], [ 500907.729999999981374, 241272.79 ], [ 500906.729999999981374, 241272.29 ], [ 500906.729999999981374, 241268.29 ], [ 500905.229999999981374, 241267.29 ], [ 500901.729999999981374, 241267.29 ], [ 500900.729999999981374, 241268.29 ], [ 500900.729999999981374, 241266.79 ], [ 500901.729999999981374, 241266.79 ], [ 500902.229999999981374, 241265.29 ], [ 500903.729999999981374, 241265.29 ], [ 500903.729999999981374, 241264.29 ], [ 500906.729999999981374, 241264.29 ], [ 500905.729999999981374, 241262.79 ], [ 500906.729999999981374, 241260.79 ], [ 500905.229999999981374, 241259.79 ], [ 500905.229999999981374, 241258.29 ], [ 500903.229999999981374, 241257.29 ], [ 500903.229999999981374, 241255.29 ], [ 500902.229999999981374, 241255.29 ], [ 500900.729999999981374, 241253.29 ], [ 500900.229999999981374, 241250.29 ], [ 500899.229999999981374, 241249.29 ], [ 500898.729999999981374, 241250.29 ], [ 500897.729999999981374, 241249.79 ], [ 500897.229999999981374, 241243.29 ], [ 500894.229999999981374, 241239.79 ], [ 500892.729999999981374, 241235.79 ], [ 500891.729999999981374, 241235.79 ], [ 500892.729999999981374, 241233.79 ], [ 500890.229999999981374, 241232.29 ], [ 500890.229999999981374, 241226.79 ], [ 500889.229999999981374, 241226.29 ], [ 500885.729999999981374, 241217.79 ], [ 500884.729999999981374, 241217.29 ], [ 500881.729999999981374, 241210.29 ], [ 500880.729999999981374, 241209.79 ], [ 500880.729999999981374, 241208.29 ], [ 500879.729999999981374, 241208.29 ], [ 500879.729999999981374, 241206.79 ], [ 500876.229999999981374, 241201.29 ], [ 500876.229999999981374, 241199.29 ], [ 500875.229999999981374, 241198.79 ], [ 500873.229999999981374, 241193.79 ], [ 500873.229999999981374, 241190.79 ], [ 500872.229999999981374, 241190.29 ], [ 500871.729999999981374, 241177.79 ], [ 500875.229999999981374, 241166.29 ], [ 500876.229999999981374, 241150.29 ], [ 500878.229999999981374, 241145.29 ], [ 500878.229999999981374, 241141.29 ], [ 500879.229999999981374, 241140.29 ], [ 500877.729999999981374, 241129.29 ], [ 500872.229999999981374, 241125.79 ], [ 500870.729999999981374, 241123.79 ], [ 500868.729999999981374, 241123.29 ], [ 500866.729999999981374, 241120.29 ], [ 500864.729999999981374, 241119.79 ], [ 500864.729999999981374, 241118.79 ], [ 500863.229999999981374, 241118.29 ], [ 500859.729999999981374, 241114.79 ], [ 500859.729999999981374, 241113.79 ], [ 500855.729999999981374, 241110.79 ], [ 500855.229999999981374, 241109.29 ], [ 500852.729999999981374, 241108.29 ], [ 500849.229999999981374, 241103.29 ], [ 500848.229999999981374, 241099.79 ], [ 500846.229999999981374, 241098.29 ], [ 500846.229999999981374, 241096.79 ], [ 500843.729999999981374, 241095.29 ], [ 500841.729999999981374, 241088.79 ], [ 500839.229999999981374, 241087.29 ], [ 500837.729999999981374, 241084.29 ], [ 500835.729999999981374, 241083.29 ], [ 500835.229999999981374, 241080.79 ], [ 500832.729999999981374, 241079.29 ], [ 500832.729999999981374, 241078.29 ], [ 500831.229999999981374, 241078.29 ], [ 500827.229999999981374, 241072.29 ], [ 500822.729999999981374, 241069.29 ], [ 500822.229999999981374, 241067.79 ], [ 500817.229999999981374, 241065.79 ], [ 500815.729999999981374, 241063.79 ], [ 500812.729999999981374, 241063.29 ], [ 500809.229999999981374, 241060.29 ], [ 500806.229999999981374, 241059.79 ], [ 500805.729999999981374, 241058.79 ], [ 500801.729999999981374, 241058.29 ], [ 500798.729999999981374, 241056.79 ], [ 500795.229999999981374, 241056.79 ], [ 500795.229999999981374, 241055.79 ], [ 500790.729999999981374, 241054.79 ], [ 500786.729999999981374, 241056.29 ], [ 500785.729999999981374, 241058.29 ], [ 500784.229999999981374, 241058.79 ], [ 500784.729999999981374, 241061.29 ], [ 500783.229999999981374, 241062.29 ], [ 500783.229999999981374, 241064.79 ], [ 500786.229999999981374, 241066.29 ], [ 500787.729999999981374, 241068.29 ], [ 500787.229999999981374, 241070.29 ], [ 500788.729999999981374, 241070.29 ], [ 500789.229999999981374, 241071.79 ], [ 500792.729999999981374, 241072.29 ], [ 500793.229999999981374, 241073.29 ], [ 500794.729999999981374, 241072.79 ], [ 500795.729999999981374, 241074.29 ], [ 500797.729999999981374, 241073.79 ], [ 500803.229999999981374, 241078.29 ], [ 500804.229999999981374, 241077.29 ], [ 500807.229999999981374, 241078.29 ], [ 500808.229999999981374, 241080.79 ], [ 500809.729999999981374, 241081.29 ], [ 500809.729999999981374, 241082.29 ], [ 500808.729999999981374, 241082.29 ], [ 500809.729999999981374, 241086.79 ], [ 500811.229999999981374, 241087.29 ], [ 500813.229999999981374, 241090.79 ], [ 500813.229999999981374, 241092.29 ], [ 500811.729999999981374, 241092.29 ], [ 500812.729999999981374, 241095.79 ], [ 500816.229999999981374, 241097.79 ], [ 500815.729999999981374, 241099.29 ], [ 500816.729999999981374, 241099.79 ], [ 500817.229999999981374, 241101.79 ], [ 500819.229999999981374, 241102.79 ], [ 500818.729999999981374, 241109.29 ], [ 500820.229999999981374, 241110.29 ], [ 500820.729999999981374, 241112.79 ], [ 500817.729999999981374, 241113.79 ], [ 500817.729999999981374, 241116.29 ], [ 500819.729999999981374, 241118.29 ], [ 500821.729999999981374, 241118.79 ], [ 500822.229999999981374, 241120.79 ], [ 500823.229999999981374, 241121.29 ], [ 500823.229999999981374, 241122.79 ], [ 500822.229999999981374, 241123.29 ], [ 500823.229999999981374, 241124.29 ], [ 500822.229999999981374, 241125.79 ], [ 500822.229999999981374, 241128.79 ], [ 500823.729999999981374, 241130.29 ], [ 500823.729999999981374, 241131.79 ], [ 500824.729999999981374, 241131.79 ], [ 500825.229999999981374, 241136.29 ], [ 500827.229999999981374, 241136.79 ], [ 500829.229999999981374, 241139.79 ], [ 500829.229999999981374, 241142.29 ], [ 500827.729999999981374, 241142.79 ], [ 500827.729999999981374, 241145.29 ], [ 500826.229999999981374, 241146.79 ], [ 500826.229999999981374, 241151.29 ], [ 500828.229999999981374, 241154.29 ], [ 500829.729999999981374, 241154.29 ], [ 500829.729999999981374, 241157.29 ], [ 500830.729999999981374, 241157.29 ], [ 500830.729999999981374, 241160.29 ], [ 500828.729999999981374, 241160.79 ], [ 500828.229999999981374, 241168.29 ], [ 500829.729999999981374, 241173.79 ], [ 500829.229999999981374, 241175.79 ], [ 500829.729999999981374, 241177.29 ], [ 500830.729999999981374, 241177.29 ], [ 500831.729999999981374, 241182.79 ], [ 500829.729999999981374, 241184.29 ], [ 500830.229999999981374, 241190.79 ], [ 500829.229999999981374, 241192.29 ], [ 500830.229999999981374, 241193.79 ], [ 500829.229999999981374, 241194.29 ], [ 500828.229999999981374, 241199.29 ], [ 500827.229999999981374, 241200.79 ], [ 500825.229999999981374, 241201.29 ], [ 500824.729999999981374, 241203.29 ], [ 500823.729999999981374, 241203.79 ], [ 500823.229999999981374, 241208.79 ], [ 500824.729999999981374, 241211.79 ], [ 500823.229999999981374, 241213.79 ], [ 500823.229999999981374, 241216.29 ], [ 500823.729999999981374, 241217.79 ], [ 500825.229999999981374, 241217.79 ], [ 500824.729999999981374, 241223.29 ], [ 500827.229999999981374, 241225.29 ], [ 500828.229999999981374, 241229.79 ], [ 500829.729999999981374, 241230.29 ], [ 500830.229999999981374, 241232.29 ], [ 500832.729999999981374, 241234.29 ], [ 500834.729999999981374, 241233.79 ], [ 500835.229999999981374, 241234.79 ], [ 500836.729999999981374, 241234.79 ], [ 500841.229999999981374, 241230.79 ], [ 500842.229999999981374, 241230.79 ], [ 500844.229999999981374, 241233.29 ], [ 500845.229999999981374, 241237.29 ], [ 500844.729999999981374, 241244.79 ], [ 500845.229999999981374, 241247.29 ], [ 500847.229999999981374, 241249.79 ], [ 500846.729999999981374, 241253.79 ], [ 500847.729999999981374, 241253.79 ], [ 500848.229999999981374, 241255.29 ], [ 500848.229999999981374, 241261.79 ], [ 500846.229999999981374, 241262.79 ], [ 500845.229999999981374, 241266.79 ], [ 500846.729999999981374, 241267.29 ], [ 500848.229999999981374, 241273.29 ], [ 500851.229999999981374, 241275.79 ], [ 500852.729999999981374, 241274.79 ], [ 500853.729999999981374, 241279.79 ], [ 500856.729999999981374, 241283.79 ], [ 500857.229999999981374, 241287.79 ], [ 500855.729999999981374, 241290.29 ], [ 500856.229999999981374, 241298.29 ], [ 500856.729999999981374, 241297.29 ], [ 500858.229999999981374, 241298.29 ], [ 500858.229999999981374, 241301.29 ], [ 500860.729999999981374, 241302.79 ], [ 500861.729999999981374, 241303.79 ], [ 500861.729999999981374, 241305.79 ], [ 500864.229999999981374, 241307.29 ], [ 500864.229999999981374, 241308.79 ], [ 500861.729999999981374, 241310.29 ], [ 500861.729999999981374, 241314.79 ], [ 500862.729999999981374, 241315.29 ], [ 500861.729999999981374, 241316.79 ], [ 500861.729999999981374, 241321.29 ], [ 500862.729999999981374, 241321.79 ], [ 500862.729999999981374, 241324.79 ], [ 500859.729999999981374, 241325.79 ], [ 500858.229999999981374, 241324.29 ], [ 500858.229999999981374, 241326.79 ], [ 500856.229999999981374, 241326.79 ], [ 500854.229999999981374, 241327.79 ], [ 500853.229999999981374, 241329.79 ], [ 500850.729999999981374, 241330.29 ], [ 500849.229999999981374, 241333.29 ], [ 500847.729999999981374, 241333.29 ], [ 500846.229999999981374, 241335.79 ], [ 500843.229999999981374, 241336.79 ], [ 500843.729999999981374, 241338.79 ], [ 500841.229999999981374, 241339.29 ], [ 500840.229999999981374, 241342.29 ], [ 500836.729999999981374, 241342.29 ], [ 500837.229999999981374, 241344.79 ], [ 500836.229999999981374, 241344.79 ], [ 500834.229999999981374, 241347.79 ], [ 500830.229999999981374, 241349.29 ], [ 500829.729999999981374, 241350.79 ], [ 500826.729999999981374, 241351.29 ], [ 500823.729999999981374, 241355.29 ], [ 500820.729999999981374, 241355.29 ], [ 500819.729999999981374, 241356.79 ], [ 500814.729999999981374, 241357.79 ], [ 500814.729999999981374, 241359.79 ], [ 500816.229999999981374, 241360.29 ], [ 500816.229999999981374, 241362.79 ], [ 500817.229999999981374, 241363.29 ], [ 500817.229999999981374, 241365.79 ], [ 500819.229999999981374, 241366.79 ], [ 500818.729999999981374, 241368.29 ], [ 500820.229999999981374, 241369.29 ], [ 500820.229999999981374, 241372.29 ], [ 500823.229999999981374, 241375.29 ], [ 500823.729999999981374, 241379.29 ], [ 500826.729999999981374, 241380.29 ], [ 500826.729999999981374, 241382.29 ], [ 500828.229999999981374, 241383.79 ], [ 500827.729999999981374, 241386.29 ], [ 500828.729999999981374, 241387.29 ], [ 500828.229999999981374, 241389.79 ], [ 500829.229999999981374, 241390.29 ], [ 500829.729999999981374, 241394.29 ], [ 500832.229999999981374, 241396.29 ] ] ], [ [ [ 500743.729999999981374, 241073.79 ], [ 500745.729999999981374, 241074.29 ], [ 500746.729999999981374, 241072.29 ], [ 500753.229999999981374, 241072.29 ], [ 500756.729999999981374, 241071.79 ], [ 500757.229999999981374, 241070.79 ], [ 500759.229999999981374, 241071.29 ], [ 500759.229999999981374, 241068.79 ], [ 500762.729999999981374, 241068.79 ], [ 500763.229999999981374, 241067.79 ], [ 500763.729999999981374, 241068.79 ], [ 500765.729999999981374, 241068.79 ], [ 500766.229999999981374, 241067.79 ], [ 500767.229999999981374, 241068.79 ], [ 500772.229999999981374, 241068.79 ], [ 500772.229999999981374, 241067.79 ], [ 500774.229999999981374, 241068.79 ], [ 500774.229999999981374, 241067.79 ], [ 500775.729999999981374, 241067.29 ], [ 500776.729999999981374, 241067.79 ], [ 500776.729999999981374, 241069.79 ], [ 500778.229999999981374, 241070.29 ], [ 500778.229999999981374, 241069.29 ], [ 500780.729999999981374, 241067.29 ], [ 500779.729999999981374, 241065.29 ], [ 500778.729999999981374, 241064.79 ], [ 500778.229999999981374, 241065.79 ], [ 500778.229999999981374, 241064.29 ], [ 500777.229999999981374, 241063.79 ], [ 500775.229999999981374, 241065.79 ], [ 500774.229999999981374, 241064.79 ], [ 500775.229999999981374, 241063.29 ], [ 500773.729999999981374, 241062.79 ], [ 500772.729999999981374, 241063.79 ], [ 500770.729999999981374, 241062.29 ], [ 500769.729999999981374, 241065.79 ], [ 500763.729999999981374, 241065.79 ], [ 500763.729999999981374, 241063.29 ], [ 500760.729999999981374, 241062.79 ], [ 500760.229999999981374, 241063.79 ], [ 500761.229999999981374, 241065.29 ], [ 500759.729999999981374, 241065.79 ], [ 500759.729999999981374, 241063.79 ], [ 500758.729999999981374, 241062.79 ], [ 500753.229999999981374, 241062.79 ], [ 500753.229999999981374, 241061.29 ], [ 500746.729999999981374, 241061.29 ], [ 500743.729999999981374, 241061.79 ], [ 500743.229999999981374, 241062.79 ], [ 500737.729999999981374, 241062.79 ], [ 500736.729999999981374, 241066.29 ], [ 500735.729999999981374, 241066.29 ], [ 500733.229999999981374, 241063.29 ], [ 500733.229999999981374, 241064.29 ], [ 500728.229999999981374, 241064.79 ], [ 500727.229999999981374, 241066.79 ], [ 500724.229999999981374, 241065.79 ], [ 500722.729999999981374, 241066.29 ], [ 500722.729999999981374, 241067.29 ], [ 500717.229999999981374, 241068.79 ], [ 500715.729999999981374, 241070.29 ], [ 500709.729999999981374, 241070.79 ], [ 500706.729999999981374, 241074.29 ], [ 500707.229999999981374, 241077.29 ], [ 500706.229999999981374, 241078.29 ], [ 500704.229999999981374, 241077.29 ], [ 500703.229999999981374, 241079.29 ], [ 500700.229999999981374, 241079.79 ], [ 500699.729999999981374, 241081.29 ], [ 500697.729999999981374, 241081.29 ], [ 500696.729999999981374, 241083.79 ], [ 500694.229999999981374, 241083.79 ], [ 500693.729999999981374, 241085.29 ], [ 500691.729999999981374, 241085.79 ], [ 500690.729999999981374, 241087.29 ], [ 500685.229999999981374, 241086.79 ], [ 500683.729999999981374, 241087.79 ], [ 500678.729999999981374, 241088.29 ], [ 500678.229999999981374, 241089.29 ], [ 500676.729999999981374, 241088.29 ], [ 500673.229999999981374, 241088.29 ], [ 500673.229999999981374, 241090.29 ], [ 500672.229999999981374, 241090.29 ], [ 500672.229999999981374, 241091.29 ], [ 500671.229999999981374, 241090.29 ], [ 500669.229999999981374, 241091.79 ], [ 500669.229999999981374, 241092.79 ], [ 500667.729999999981374, 241092.29 ], [ 500666.229999999981374, 241093.29 ], [ 500664.229999999981374, 241092.79 ], [ 500665.229999999981374, 241090.29 ], [ 500663.229999999981374, 241087.29 ], [ 500663.729999999981374, 241085.79 ], [ 500665.229999999981374, 241085.79 ], [ 500666.729999999981374, 241083.29 ], [ 500665.729999999981374, 241082.29 ], [ 500665.729999999981374, 241079.79 ], [ 500664.229999999981374, 241078.79 ], [ 500664.229999999981374, 241075.29 ], [ 500661.229999999981374, 241073.79 ], [ 500661.229999999981374, 241072.29 ], [ 500659.729999999981374, 241070.79 ], [ 500652.729999999981374, 241070.79 ], [ 500633.729999999981374, 241076.79 ], [ 500633.229999999981374, 241077.79 ], [ 500628.729999999981374, 241079.79 ], [ 500626.729999999981374, 241082.29 ], [ 500624.229999999981374, 241082.29 ], [ 500622.729999999981374, 241083.79 ], [ 500621.229999999981374, 241083.79 ], [ 500617.729999999981374, 241086.79 ], [ 500615.229999999981374, 241087.29 ], [ 500612.729999999981374, 241089.79 ], [ 500610.729999999981374, 241090.29 ], [ 500610.729999999981374, 241091.29 ], [ 500604.729999999981374, 241093.79 ], [ 500603.729999999981374, 241095.29 ], [ 500600.229999999981374, 241096.29 ], [ 500600.229999999981374, 241097.29 ], [ 500597.229999999981374, 241097.29 ], [ 500596.729999999981374, 241096.29 ], [ 500593.729999999981374, 241098.79 ], [ 500591.229999999981374, 241097.79 ], [ 500589.229999999981374, 241099.29 ], [ 500587.229999999981374, 241103.29 ], [ 500582.729999999981374, 241103.79 ], [ 500580.229999999981374, 241105.79 ], [ 500578.729999999981374, 241104.79 ], [ 500578.729999999981374, 241106.79 ], [ 500577.729999999981374, 241106.79 ], [ 500577.729999999981374, 241108.29 ], [ 500576.729999999981374, 241108.29 ], [ 500575.229999999981374, 241110.79 ], [ 500572.729999999981374, 241110.79 ], [ 500571.229999999981374, 241112.79 ], [ 500569.729999999981374, 241112.79 ], [ 500569.729999999981374, 241113.79 ], [ 500567.229999999981374, 241114.29 ], [ 500565.729999999981374, 241117.29 ], [ 500566.729999999981374, 241117.29 ], [ 500568.729999999981374, 241120.29 ], [ 500571.229999999981374, 241121.29 ], [ 500571.729999999981374, 241122.79 ], [ 500574.229999999981374, 241123.79 ], [ 500574.729999999981374, 241132.29 ], [ 500575.729999999981374, 241134.29 ], [ 500577.729999999981374, 241132.29 ], [ 500579.229999999981374, 241134.79 ], [ 500582.729999999981374, 241136.29 ], [ 500583.729999999981374, 241135.79 ], [ 500585.729999999981374, 241136.79 ], [ 500586.729999999981374, 241135.29 ], [ 500590.229999999981374, 241135.29 ], [ 500592.229999999981374, 241136.79 ], [ 500593.229999999981374, 241136.29 ], [ 500597.229999999981374, 241137.79 ], [ 500600.229999999981374, 241136.79 ], [ 500601.229999999981374, 241138.29 ], [ 500606.229999999981374, 241138.29 ], [ 500606.229999999981374, 241139.29 ], [ 500607.729999999981374, 241138.79 ], [ 500609.229999999981374, 241140.79 ], [ 500612.729999999981374, 241140.79 ], [ 500613.229999999981374, 241139.29 ], [ 500615.729999999981374, 241139.29 ], [ 500616.729999999981374, 241137.79 ], [ 500617.729999999981374, 241137.79 ], [ 500618.229999999981374, 241139.29 ], [ 500620.729999999981374, 241139.29 ], [ 500620.729999999981374, 241138.29 ], [ 500625.229999999981374, 241137.79 ], [ 500625.729999999981374, 241135.29 ], [ 500628.229999999981374, 241134.79 ], [ 500628.729999999981374, 241133.29 ], [ 500631.229999999981374, 241132.29 ], [ 500637.229999999981374, 241131.79 ], [ 500637.729999999981374, 241130.79 ], [ 500641.229999999981374, 241130.79 ], [ 500641.729999999981374, 241131.79 ], [ 500643.229999999981374, 241131.79 ], [ 500646.229999999981374, 241130.29 ], [ 500646.229999999981374, 241128.29 ], [ 500648.229999999981374, 241127.79 ], [ 500650.229999999981374, 241127.79 ], [ 500652.229999999981374, 241129.29 ], [ 500657.229999999981374, 241128.79 ], [ 500658.229999999981374, 241127.29 ], [ 500657.229999999981374, 241125.79 ], [ 500658.229999999981374, 241123.29 ], [ 500661.229999999981374, 241122.79 ], [ 500661.229999999981374, 241120.79 ], [ 500663.229999999981374, 241120.29 ], [ 500664.229999999981374, 241118.29 ], [ 500669.229999999981374, 241118.29 ], [ 500669.229999999981374, 241116.29 ], [ 500667.729999999981374, 241114.79 ], [ 500670.229999999981374, 241114.29 ], [ 500670.729999999981374, 241112.79 ], [ 500671.729999999981374, 241112.79 ], [ 500674.229999999981374, 241105.29 ], [ 500678.729999999981374, 241106.79 ], [ 500680.229999999981374, 241105.79 ], [ 500683.729999999981374, 241105.79 ], [ 500685.229999999981374, 241103.29 ], [ 500684.229999999981374, 241103.29 ], [ 500684.229999999981374, 241101.79 ], [ 500682.729999999981374, 241100.29 ], [ 500684.729999999981374, 241098.79 ], [ 500687.229999999981374, 241098.79 ], [ 500687.229999999981374, 241097.79 ], [ 500691.729999999981374, 241097.79 ], [ 500693.229999999981374, 241099.29 ], [ 500693.729999999981374, 241098.29 ], [ 500692.729999999981374, 241096.79 ], [ 500695.229999999981374, 241094.29 ], [ 500694.729999999981374, 241093.29 ], [ 500698.729999999981374, 241092.79 ], [ 500699.729999999981374, 241091.79 ], [ 500703.229999999981374, 241092.79 ], [ 500703.229999999981374, 241091.79 ], [ 500704.229999999981374, 241091.79 ], [ 500706.729999999981374, 241093.79 ], [ 500707.729999999981374, 241091.29 ], [ 500706.229999999981374, 241090.29 ], [ 500706.229999999981374, 241088.29 ], [ 500708.729999999981374, 241087.29 ], [ 500710.729999999981374, 241088.79 ], [ 500711.229999999981374, 241087.79 ], [ 500709.229999999981374, 241086.79 ], [ 500711.229999999981374, 241086.79 ], [ 500711.229999999981374, 241085.79 ], [ 500712.729999999981374, 241086.79 ], [ 500713.729999999981374, 241085.29 ], [ 500715.229999999981374, 241085.79 ], [ 500715.229999999981374, 241086.79 ], [ 500716.729999999981374, 241085.29 ], [ 500719.729999999981374, 241085.79 ], [ 500720.229999999981374, 241084.29 ], [ 500721.229999999981374, 241084.29 ], [ 500720.229999999981374, 241083.79 ], [ 500720.229999999981374, 241082.29 ], [ 500726.729999999981374, 241082.29 ], [ 500727.729999999981374, 241080.79 ], [ 500729.229999999981374, 241080.79 ], [ 500730.229999999981374, 241078.79 ], [ 500735.729999999981374, 241079.29 ], [ 500740.729999999981374, 241075.79 ], [ 500743.229999999981374, 241078.29 ], [ 500745.229999999981374, 241076.79 ], [ 500745.229999999981374, 241075.29 ], [ 500743.729999999981374, 241075.29 ], [ 500743.729999999981374, 241073.79 ] ], [ [ 500742.729999999981374, 241073.79 ], [ 500742.729999999981374, 241073.29 ], [ 500743.729999999981374, 241073.29 ], [ 500743.729999999981374, 241073.79 ], [ 500742.729999999981374, 241073.79 ] ], [ [ 500774.229999999981374, 241065.79 ], [ 500773.729999999981374, 241065.79 ], [ 500773.729999999981374, 241065.29 ], [ 500774.229999999981374, 241065.29 ], [ 500774.229999999981374, 241065.79 ] ], [ [ 500741.229999999981374, 241074.79 ], [ 500742.229999999981374, 241074.79 ], [ 500742.229999999981374, 241075.29 ], [ 500741.229999999981374, 241075.29 ], [ 500741.229999999981374, 241074.79 ] ] ] ] } },
{ "type": "Feature", "properties": { "mainhabs": "Deciduous woodland", "habcodes": "DWOOD", "featdesc": null, "featcodes": null, "otherclass": null, "addhabs": null, "primsource": "National Forest Inventory 2023 (DWOOD)", "areaha": "0.71", "version": "Sep_25", "uid": "PHID50092431_024126108", "shape_length": null, "shape_area": null, "site": "millbrook", "pid": 17, "method": "vote" }, "geometry": { "type": "Polygon", "coordinates": [ [ [ 500957.229999999981374, 241361.79 ], [ 500961.729999999981374, 241360.29 ], [ 500962.229999999981374, 241358.29 ], [ 500968.229999999981374, 241359.29 ], [ 500969.729999999981374, 241358.29 ], [ 500969.729999999981374, 241345.29 ], [ 500968.729999999981374, 241344.79 ], [ 500968.729999999981374, 241342.29 ], [ 500967.229999999981374, 241341.79 ], [ 500967.729999999981374, 241340.29 ], [ 500966.729999999981374, 241340.29 ], [ 500966.729999999981374, 241339.29 ], [ 500964.729999999981374, 241339.29 ], [ 500964.729999999981374, 241335.79 ], [ 500966.729999999981374, 241333.79 ], [ 500964.729999999981374, 241332.79 ], [ 500964.729999999981374, 241322.79 ], [ 500962.229999999981374, 241322.79 ], [ 500962.229999999981374, 241315.29 ], [ 500960.229999999981374, 241314.79 ], [ 500960.229999999981374, 241310.29 ], [ 500959.229999999981374, 241310.29 ], [ 500958.729999999981374, 241305.79 ], [ 500956.229999999981374, 241302.79 ], [ 500956.229999999981374, 241299.29 ], [ 500953.229999999981374, 241298.29 ], [ 500953.229999999981374, 241297.29 ], [ 500951.729999999981374, 241297.29 ], [ 500948.729999999981374, 241294.79 ], [ 500948.229999999981374, 241292.79 ], [ 500947.229999999981374, 241292.79 ], [ 500948.229999999981374, 241291.29 ], [ 500946.729999999981374, 241290.29 ], [ 500945.229999999981374, 241283.79 ], [ 500943.729999999981374, 241282.79 ], [ 500942.729999999981374, 241280.29 ], [ 500942.729999999981374, 241276.29 ], [ 500940.229999999981374, 241275.29 ], [ 500940.229999999981374, 241269.29 ], [ 500938.229999999981374, 241266.79 ], [ 500937.729999999981374, 241261.29 ], [ 500936.229999999981374, 241259.79 ], [ 500936.229999999981374, 241258.29 ], [ 500935.229999999981374, 241258.29 ], [ 500934.729999999981374, 241254.79 ], [ 500933.229999999981374, 241252.79 ], [ 500933.229999999981374, 241240.29 ], [ 500932.229999999981374, 241239.79 ], [ 500932.229999999981374, 241237.79 ], [ 500930.229999999981374, 241236.29 ], [ 500929.729999999981374, 241233.79 ], [ 500930.729999999981374, 241229.79 ], [ 500928.729999999981374, 241230.29 ], [ 500929.229999999981374, 241227.79 ], [ 500927.729999999981374, 241227.79 ], [ 500926.729999999981374, 241224.79 ], [ 500927.229999999981374, 241223.29 ], [ 500921.729999999981374, 241219.29 ], [ 500921.729999999981374, 241215.79 ], [ 500919.729999999981374, 241214.29 ], [ 500918.729999999981374, 241211.79 ], [ 500918.729999999981374, 241206.79 ], [ 500916.729999999981374, 241204.79 ], [ 500916.729999999981374, 241199.79 ], [ 500913.729999999981374, 241196.79 ], [ 500914.229999999981374, 241194.29 ], [ 500911.229999999981374, 241187.79 ], [ 500911.729999999981374, 241186.29 ], [ 500908.229999999981374, 241182.29 ], [ 500908.729999999981374, 241180.29 ], [ 500907.729999999981374, 241179.79 ], [ 500907.729999999981374, 241177.29 ], [ 500906.229999999981374, 241176.79 ], [ 500906.229999999981374, 241171.29 ], [ 500905.229999999981374, 241170.79 ], [ 500904.729999999981374, 241168.29 ], [ 500903.229999999981374, 241168.29 ], [ 500902.729999999981374, 241163.29 ], [ 500900.729999999981374, 241162.29 ], [ 500900.729999999981374, 241156.29 ], [ 500905.229999999981374, 241155.79 ], [ 500905.229999999981374, 241150.29 ], [ 500903.229999999981374, 241147.29 ], [ 500903.229999999981374, 241143.79 ], [ 500902.229999999981374, 241143.79 ], [ 500901.729999999981374, 241141.29 ], [ 500900.729999999981374, 241141.29 ], [ 500900.229999999981374, 241138.29 ], [ 500898.729999999981374, 241137.79 ], [ 500897.729999999981374, 241135.79 ], [ 500896.229999999981374, 241135.29 ], [ 500892.229999999981374, 241130.79 ], [ 500889.729999999981374, 241130.79 ], [ 500889.729999999981374, 241131.79 ], [ 500888.229999999981374, 241131.29 ], [ 500885.729999999981374, 241133.79 ], [ 500882.229999999981374, 241132.29 ], [ 500882.229999999981374, 241136.29 ], [ 500881.229999999981374, 241137.29 ], [ 500881.229999999981374, 241139.29 ], [ 500879.229999999981374, 241140.29 ], [ 500879.229999999981374, 241147.29 ], [ 500877.729999999981374, 241149.79 ], [ 500877.729999999981374, 241156.79 ], [ 500879.229999999981374, 241158.29 ], [ 500879.229999999981374, 241161.79 ], [ 500877.729999999981374, 241163.29 ], [ 500877.729999999981374, 241167.29 ], [ 500876.729999999981374, 241167.79 ], [ 500876.729999999981374, 241171.29 ], [ 500874.229999999981374, 241178.29 ], [ 500875.229999999981374, 241190.29 ], [ 500877.729999999981374, 241195.79 ], [ 500878.229999999981374, 241199.29 ], [ 500880.729999999981374, 241202.79 ], [ 500881.229999999981374, 241205.79 ], [ 500882.229999999981374, 241205.79 ], [ 500882.729999999981374, 241208.29 ], [ 500884.229999999981374, 241209.79 ], [ 500888.229999999981374, 241210.79 ], [ 500888.229999999981374, 241212.79 ], [ 500886.729999999981374, 241212.79 ], [ 500887.229999999981374, 241216.79 ], [ 500888.229999999981374, 241217.29 ], [ 500888.729999999981374, 241219.79 ], [ 500891.729999999981374, 241224.29 ], [ 500891.729999999981374, 241226.29 ], [ 500892.729999999981374, 241226.29 ], [ 500893.229999999981374, 241228.29 ], [ 500894.229999999981374, 241228.79 ], [ 500894.229999999981374, 241235.79 ], [ 500896.229999999981374, 241239.29 ], [ 500897.729999999981374, 241239.79 ], [ 500897.729999999981374, 241241.29 ], [ 500898.729999999981374, 241241.29 ], [ 500900.229999999981374, 241243.29 ], [ 500900.229999999981374, 241248.79 ], [ 500901.729999999981374, 241249.79 ], [ 500901.229999999981374, 241252.29 ], [ 500906.229999999981374, 241256.79 ], [ 500906.229999999981374, 241259.79 ], [ 500907.729999999981374, 241260.79 ], [ 500908.229999999981374, 241268.79 ], [ 500909.729999999981374, 241272.79 ], [ 500910.729999999981374, 241273.29 ], [ 500910.729999999981374, 241275.79 ], [ 500911.729999999981374, 241276.29 ], [ 500911.229999999981374, 241279.79 ], [ 500912.229999999981374, 241280.29 ], [ 500912.229999999981374, 241284.79 ], [ 500913.729999999981374, 241287.79 ], [ 500912.729999999981374, 241295.79 ], [ 500911.729999999981374, 241297.29 ], [ 500912.229999999981374, 241300.29 ], [ 500911.229999999981374, 241301.79 ], [ 500912.229999999981374, 241302.29 ], [ 500912.729999999981374, 241304.79 ], [ 500913.729999999981374, 241303.79 ], [ 500915.229999999981374, 241304.29 ], [ 500915.229999999981374, 241307.79 ], [ 500916.729999999981374, 241306.79 ], [ 500918.229999999981374, 241307.29 ], [ 500922.729999999981374, 241312.79 ], [ 500924.229999999981374, 241313.29 ], [ 500924.229999999981374, 241316.29 ], [ 500925.729999999981374, 241316.79 ], [ 500926.229999999981374, 241319.29 ], [ 500927.729999999981374, 241319.79 ], [ 500927.729999999981374, 241322.29 ], [ 500928.729999999981374, 241322.29 ], [ 500928.729999999981374, 241323.79 ], [ 500932.729999999981374, 241325.29 ], [ 500935.229999999981374, 241331.29 ], [ 500934.229999999981374, 241335.79 ], [ 500936.729999999981374, 241337.79 ], [ 500936.729999999981374, 241338.79 ], [ 500940.729999999981374, 241340.79 ], [ 500941.229999999981374, 241342.29 ], [ 500939.229999999981374, 241344.79 ], [ 500938.229999999981374, 241344.79 ], [ 500938.229999999981374, 241345.79 ], [ 500939.729999999981374, 241346.79 ], [ 500939.729999999981374, 241349.29 ], [ 500940.729999999981374, 241349.79 ], [ 500940.729999999981374, 241352.29 ], [ 500942.729999999981374, 241354.79 ], [ 500942.729999999981374, 241356.79 ], [ 500944.729999999981374, 241357.79 ], [ 500948.229999999981374, 241357.79 ], [ 500954.229999999981374, 241355.79 ], [ 500957.229999999981374, 241361.79 ] ], [ [ 500924.729999999981374, 241298.29 ], [ 500924.729999999981374, 241296.79 ], [ 500926.229999999981374, 241296.29 ], [ 500926.229999999981374, 241298.29 ], [ 500924.729999999981374, 241298.29 ] ] ] } },
{ "type": "Feature", "properties": { "mainhabs": "Deciduous woodland", "habcodes": "DWOOD", "featdesc": null, "featcodes": null, "otherclass": null, "addhabs": null, "primsource": "National Forest Inventory 2023 (DWOOD)", "areaha": "2.11", "version": "Sep_25", "uid": "PHID50095037_024030424", "shape_length": null, "shape_area": null, "site": "millbrook", "pid": 18, "method": "vote" }, "geometry": { "type": "Polygon", "coordinates": [ [ [ 500904.729999999981374, 240457.79 ], [ 500908.229999999981374, 240457.79 ], [ 500909.229999999981374, 240456.29 ], [ 500910.729999999981374, 240456.29 ], [ 500910.729999999981374, 240457.29 ], [ 500913.729999999981374, 240457.29 ], [ 500914.229999999981374, 240456.29 ], [ 500917.729999999981374, 240456.29 ], [ 500918.729999999981374, 240457.79 ], [ 500921.729999999981374, 240457.79 ], [ 500921.729999999981374, 240456.29 ], [ 500923.729999999981374, 240454.79 ], [ 500925.729999999981374, 240455.79 ], [ 500927.229999999981374, 240454.29 ], [ 500934.729999999981374, 240453.29 ], [ 500935.729999999981374, 240452.29 ], [ 500936.729999999981374, 240452.79 ], [ 500936.729999999981374, 240449.79 ], [ 500937.729999999981374, 240448.79 ], [ 500945.729999999981374, 240447.29 ], [ 500947.729999999981374, 240447.79 ], [ 500948.229999999981374, 240446.79 ], [ 500949.729999999981374, 240448.79 ], [ 500952.729999999981374, 240448.29 ], [ 500953.229999999981374, 240449.79 ], [ 500954.729999999981374, 240449.79 ], [ 500954.729999999981374, 240448.79 ], [ 500956.229999999981374, 240448.29 ], [ 500959.729999999981374, 240449.79 ], [ 500961.229999999981374, 240448.29 ], [ 500963.229999999981374, 240448.29 ], [ 500964.229999999981374, 240449.79 ], [ 500963.229999999981374, 240450.79 ], [ 500963.729999999981374, 240453.29 ], [ 500961.229999999981374, 240453.29 ], [ 500960.229999999981374, 240454.79 ], [ 500960.729999999981374, 240455.79 ], [ 500964.229999999981374, 240455.79 ], [ 500965.729999999981374, 240454.79 ], [ 500964.729999999981374, 240453.29 ], [ 500965.229999999981374, 240451.79 ], [ 500966.729999999981374, 240451.79 ], [ 500966.729999999981374, 240450.79 ], [ 500964.729999999981374, 240450.29 ], [ 500964.729999999981374, 240449.29 ], [ 500965.729999999981374, 240448.29 ], [ 500968.729999999981374, 240448.29 ], [ 500969.729999999981374, 240449.29 ], [ 500970.729999999981374, 240448.29 ], [ 500970.729999999981374, 240445.29 ], [ 500969.229999999981374, 240443.29 ], [ 500970.729999999981374, 240442.29 ], [ 500973.229999999981374, 240442.29 ], [ 500973.729999999981374, 240445.29 ], [ 500975.729999999981374, 240446.29 ], [ 500975.729999999981374, 240443.79 ], [ 500977.229999999981374, 240442.79 ], [ 500977.229999999981374, 240433.29 ], [ 500978.729999999981374, 240432.29 ], [ 500978.229999999981374, 240430.79 ], [ 500979.229999999981374, 240430.29 ], [ 500978.729999999981374, 240427.79 ], [ 500979.729999999981374, 240425.29 ], [ 500977.729999999981374, 240421.29 ], [ 500978.229999999981374, 240416.79 ], [ 500977.229999999981374, 240416.79 ], [ 500976.729999999981374, 240411.29 ], [ 500977.229999999981374, 240405.29 ], [ 500975.229999999981374, 240403.79 ], [ 500975.729999999981374, 240399.29 ], [ 500974.229999999981374, 240398.79 ], [ 500975.229999999981374, 240393.29 ], [ 500972.229999999981374, 240392.79 ], [ 500971.729999999981374, 240391.79 ], [ 500972.229999999981374, 240387.29 ], [ 500970.729999999981374, 240386.29 ], [ 500971.229999999981374, 240382.29 ], [ 500968.729999999981374, 240376.79 ], [ 500969.729999999981374, 240367.79 ], [ 500969.229999999981374, 240360.29 ], [ 500970.229999999981374, 240360.79 ], [ 500970.229999999981374, 240359.79 ], [ 500967.729999999981374, 240357.79 ], [ 500968.229999999981374, 240339.29 ], [ 500969.229999999981374, 240334.29 ], [ 500970.229999999981374, 240333.29 ], [ 500971.729999999981374, 240333.79 ], [ 500971.729999999981374, 240337.29 ], [ 500972.729999999981374, 240337.29 ], [ 500972.729999999981374, 240334.79 ], [ 500975.229999999981374, 240334.29 ], [ 500975.229999999981374, 240330.29 ], [ 500973.229999999981374, 240329.79 ], [ 500972.729999999981374, 240328.79 ], [ 500975.729999999981374, 240327.79 ], [ 500975.729999999981374, 240329.79 ], [ 500976.729999999981374, 240329.79 ], [ 500976.729999999981374, 240330.79 ], [ 500980.229999999981374, 240329.79 ], [ 500980.729999999981374, 240324.29 ], [ 500978.229999999981374, 240319.79 ], [ 500979.729999999981374, 240319.79 ], [ 500981.229999999981374, 240317.79 ], [ 500982.729999999981374, 240318.29 ], [ 500982.229999999981374, 240316.29 ], [ 500984.229999999981374, 240313.29 ], [ 500983.229999999981374, 240312.29 ], [ 500983.229999999981374, 240305.79 ], [ 500984.729999999981374, 240304.79 ], [ 500984.729999999981374, 240301.79 ], [ 500982.729999999981374, 240300.29 ], [ 500982.729999999981374, 240299.29 ], [ 500986.229999999981374, 240298.79 ], [ 500985.729999999981374, 240295.79 ], [ 500986.729999999981374, 240294.79 ], [ 500985.729999999981374, 240294.29 ], [ 500985.729999999981374, 240292.29 ], [ 500986.229999999981374, 240289.79 ], [ 500987.229999999981374, 240289.29 ], [ 500985.229999999981374, 240286.29 ], [ 500983.729999999981374, 240287.29 ], [ 500982.729999999981374, 240285.29 ], [ 500981.729999999981374, 240285.29 ], [ 500981.229999999981374, 240286.29 ], [ 500979.729999999981374, 240283.79 ], [ 500977.729999999981374, 240282.79 ], [ 500977.729999999981374, 240281.29 ], [ 500978.729999999981374, 240279.29 ], [ 500979.729999999981374, 240279.79 ], [ 500980.229999999981374, 240278.79 ], [ 500982.229999999981374, 240278.79 ], [ 500983.229999999981374, 240277.29 ], [ 500984.729999999981374, 240277.29 ], [ 500990.229999999981374, 240270.79 ], [ 500990.229999999981374, 240265.79 ], [ 500990.729999999981374, 240262.79 ], [ 500991.729999999981374, 240262.79 ], [ 500992.229999999981374, 240257.79 ], [ 500992.229999999981374, 240237.29 ], [ 500993.229999999981374, 240237.29 ], [ 500995.229999999981374, 240234.79 ], [ 500994.729999999981374, 240206.79 ], [ 500997.229999999981374, 240204.79 ], [ 500997.729999999981374, 240199.29 ], [ 500996.729999999981374, 240190.79 ], [ 500993.229999999981374, 240187.29 ], [ 500990.729999999981374, 240187.79 ], [ 500988.729999999981374, 240185.79 ], [ 500987.229999999981374, 240185.79 ], [ 500986.229999999981374, 240184.29 ], [ 500983.729999999981374, 240183.29 ], [ 500982.729999999981374, 240172.29 ], [ 500983.229999999981374, 240168.79 ], [ 500971.229999999981374, 240156.79 ], [ 500968.229999999981374, 240160.29 ], [ 500967.729999999981374, 240162.79 ], [ 500966.729999999981374, 240162.79 ], [ 500966.229999999981374, 240165.29 ], [ 500960.729999999981374, 240169.29 ], [ 500960.229999999981374, 240170.79 ], [ 500958.229999999981374, 240170.29 ], [ 500955.229999999981374, 240171.29 ], [ 500950.729999999981374, 240169.29 ], [ 500946.729999999981374, 240172.79 ], [ 500943.729999999981374, 240178.79 ], [ 500942.729999999981374, 240178.79 ], [ 500939.729999999981374, 240185.79 ], [ 500938.229999999981374, 240186.79 ], [ 500937.729999999981374, 240188.79 ], [ 500936.729999999981374, 240188.79 ], [ 500934.729999999981374, 240192.79 ], [ 500934.729999999981374, 240194.79 ], [ 500933.729999999981374, 240194.79 ], [ 500933.229999999981374, 240197.79 ], [ 500932.229999999981374, 240197.79 ], [ 500931.729999999981374, 240200.79 ], [ 500930.729999999981374, 240200.79 ], [ 500930.729999999981374, 240202.79 ], [ 500927.229999999981374, 240209.79 ], [ 500926.229999999981374, 240210.29 ], [ 500925.729999999981374, 240213.29 ], [ 500923.229999999981374, 240215.29 ], [ 500923.229999999981374, 240217.29 ], [ 500920.729999999981374, 240219.29 ], [ 500919.729999999981374, 240222.79 ], [ 500918.229999999981374, 240224.29 ], [ 500916.729999999981374, 240229.29 ], [ 500916.729999999981374, 240236.29 ], [ 500915.729999999981374, 240236.79 ], [ 500915.229999999981374, 240238.79 ], [ 500915.229999999981374, 240244.79 ], [ 500912.729999999981374, 240250.29 ], [ 500912.229999999981374, 240254.79 ], [ 500910.729999999981374, 240256.29 ], [ 500909.729999999981374, 240261.29 ], [ 500909.729999999981374, 240270.29 ], [ 500910.729999999981374, 240271.79 ], [ 500910.229999999981374, 240289.29 ], [ 500909.229999999981374, 240294.29 ], [ 500908.229999999981374, 240294.29 ], [ 500907.729999999981374, 240295.79 ], [ 500907.729999999981374, 240310.29 ], [ 500909.729999999981374, 240310.79 ], [ 500909.729999999981374, 240314.79 ], [ 500908.229999999981374, 240316.79 ], [ 500907.729999999981374, 240320.79 ], [ 500907.729999999981374, 240328.79 ], [ 500906.229999999981374, 240337.79 ], [ 500906.229999999981374, 240351.29 ], [ 500904.729999999981374, 240359.79 ], [ 500904.729999999981374, 240373.29 ], [ 500903.729999999981374, 240376.79 ], [ 500903.729999999981374, 240388.79 ], [ 500904.729999999981374, 240390.29 ], [ 500904.729999999981374, 240395.79 ], [ 500903.729999999981374, 240396.29 ], [ 500902.229999999981374, 240405.29 ], [ 500900.229999999981374, 240408.29 ], [ 500899.729999999981374, 240418.29 ], [ 500900.729999999981374, 240425.29 ], [ 500897.229999999981374, 240441.29 ], [ 500897.729999999981374, 240450.29 ], [ 500900.729999999981374, 240454.79 ], [ 500904.729999999981374, 240457.79 ] ] ] } },
{ "type": "Feature", "properties": { "mainhabs": "Deciduous woodland", "habcodes": "DWOOD", "featdesc": null, "featcodes": null, "otherclass": null, "addhabs": null, "primsource": "National Forest Inventory 2023 (DWOOD)", "areaha": "0.63", "version": "Sep_25", "uid": "PHID50097168_024082431", "shape_length": null, "shape_area": null, "site": "millbrook", "pid": 19, "method": "vote" }, "geometry": { "type": "Polygon", "coordinates": [ [ [ 500948.729999999981374, 240915.79 ], [ 500958.729999999981374, 240915.29 ], [ 500961.729999999981374, 240910.79 ], [ 500963.229999999981374, 240910.79 ], [ 500965.729999999981374, 240908.29 ], [ 500970.729999999981374, 240906.29 ], [ 500971.229999999981374, 240905.29 ], [ 500974.229999999981374, 240905.29 ], [ 500978.229999999981374, 240903.29 ], [ 500978.229999999981374, 240901.79 ], [ 500979.729999999981374, 240900.79 ], [ 500980.729999999981374, 240897.79 ], [ 500980.729999999981374, 240895.79 ], [ 500983.729999999981374, 240894.29 ], [ 500987.729999999981374, 240894.29 ], [ 500989.229999999981374, 240891.79 ], [ 500990.729999999981374, 240891.79 ], [ 500992.229999999981374, 240888.29 ], [ 500993.229999999981374, 240888.29 ], [ 500992.229999999981374, 240885.29 ], [ 501000.729999999981374, 240883.79 ], [ 501000.729999999981374, 240882.79 ], [ 501003.729999999981374, 240880.79 ], [ 501005.729999999981374, 240873.29 ], [ 501006.729999999981374, 240873.29 ], [ 501006.729999999981374, 240872.29 ], [ 501009.729999999981374, 240872.29 ], [ 501010.729999999981374, 240870.29 ], [ 501009.729999999981374, 240865.79 ], [ 501007.729999999981374, 240864.29 ], [ 501007.229999999981374, 240861.29 ], [ 501007.229999999981374, 240857.29 ], [ 501008.729999999981374, 240856.79 ], [ 501009.729999999981374, 240853.79 ], [ 501008.729999999981374, 240853.79 ], [ 501007.229999999981374, 240851.29 ], [ 501007.229999999981374, 240838.79 ], [ 501005.729999999981374, 240837.29 ], [ 501004.229999999981374, 240837.29 ], [ 501003.729999999981374, 240834.79 ], [ 501002.729999999981374, 240834.79 ], [ 501001.229999999981374, 240832.79 ], [ 500999.229999999981374, 240826.79 ], [ 500997.729999999981374, 240825.79 ], [ 500997.729999999981374, 240824.29 ], [ 500993.729999999981374, 240818.29 ], [ 500991.229999999981374, 240818.29 ], [ 500990.229999999981374, 240815.29 ], [ 500989.229999999981374, 240814.79 ], [ 500986.229999999981374, 240814.79 ], [ 500985.729999999981374, 240810.79 ], [ 500984.229999999981374, 240810.29 ], [ 500984.229999999981374, 240807.29 ], [ 500982.229999999981374, 240805.29 ], [ 500983.229999999981374, 240800.29 ], [ 500981.729999999981374, 240796.29 ], [ 500982.729999999981374, 240794.29 ], [ 500982.729999999981374, 240784.29 ], [ 500981.729999999981374, 240782.29 ], [ 500984.729999999981374, 240781.79 ], [ 500985.229999999981374, 240779.79 ], [ 500984.229999999981374, 240777.29 ], [ 500985.229999999981374, 240775.79 ], [ 500983.229999999981374, 240774.29 ], [ 500983.229999999981374, 240772.79 ], [ 500981.729999999981374, 240772.29 ], [ 500981.729999999981374, 240768.79 ], [ 500980.729999999981374, 240768.29 ], [ 500981.229999999981374, 240765.29 ], [ 500979.229999999981374, 240764.29 ], [ 500979.729999999981374, 240758.29 ], [ 500978.729999999981374, 240757.79 ], [ 500978.729999999981374, 240749.29 ], [ 500977.729999999981374, 240748.79 ], [ 500976.729999999981374, 240745.79 ], [ 500977.229999999981374, 240742.79 ], [ 500975.229999999981374, 240741.29 ], [ 500972.229999999981374, 240741.29 ], [ 500971.229999999981374, 240742.79 ], [ 500968.729999999981374, 240742.79 ], [ 500969.229999999981374, 240741.29 ], [ 500968.229999999981374, 240741.29 ], [ 500968.229999999981374, 240740.29 ], [ 500967.729999999981374, 240741.29 ], [ 500958.729999999981374, 240741.29 ], [ 500956.229999999981374, 240743.29 ], [ 500956.229999999981374, 240744.29 ], [ 500954.729999999981374, 240743.29 ], [ 500951.229999999981374, 240747.79 ], [ 500948.729999999981374, 240748.79 ], [ 500948.729999999981374, 240751.79 ], [ 500946.729999999981374, 240753.29 ], [ 500945.229999999981374, 240756.79 ], [ 500946.229999999981374, 240766.29 ], [ 500945.729999999981374, 240772.79 ], [ 500947.229999999981374, 240775.29 ], [ 500947.729999999981374, 240780.29 ], [ 500949.229999999981374, 240781.79 ], [ 500948.229999999981374, 240789.79 ], [ 500952.729999999981374, 240800.29 ], [ 500953.229999999981374, 240805.29 ], [ 500954.229999999981374, 240805.79 ], [ 500954.729999999981374, 240808.79 ], [ 500956.729999999981374, 240811.29 ], [ 500957.729999999981374, 240822.29 ], [ 500958.729999999981374, 240822.29 ], [ 500958.729999999981374, 240824.79 ], [ 500957.729999999981374, 240825.29 ], [ 500958.729999999981374, 240834.29 ], [ 500957.729999999981374, 240835.29 ], [ 500957.729999999981374, 240840.79 ], [ 500959.229999999981374, 240843.29 ], [ 500958.729999999981374, 240848.29 ], [ 500959.729999999981374, 240849.79 ], [ 500959.729999999981374, 240854.29 ], [ 500960.729999999981374, 240856.79 ], [ 500960.729999999981374, 240865.79 ], [ 500959.229999999981374, 240867.29 ], [ 500955.729999999981374, 240867.79 ], [ 500951.729999999981374, 240871.29 ], [ 500948.229999999981374, 240871.29 ], [ 500947.729999999981374, 240872.29 ], [ 500944.229999999981374, 240871.79 ], [ 500941.229999999981374, 240873.29 ], [ 500940.229999999981374, 240881.29 ], [ 500938.229999999981374, 240882.29 ], [ 500938.229999999981374, 240881.29 ], [ 500936.229999999981374, 240881.29 ], [ 500934.729999999981374, 240883.29 ], [ 500933.729999999981374, 240882.79 ], [ 500932.229999999981374, 240885.79 ], [ 500930.229999999981374, 240887.29 ], [ 500930.229999999981374, 240891.29 ], [ 500931.229999999981374, 240891.79 ], [ 500931.229999999981374, 240893.29 ], [ 500930.229999999981374, 240894.29 ], [ 500933.229999999981374, 240896.29 ], [ 500934.729999999981374, 240900.29 ], [ 500936.229999999981374, 240900.79 ], [ 500936.229999999981374, 240903.79 ], [ 500937.729999999981374, 240904.79 ], [ 500937.729999999981374, 240906.29 ], [ 500939.229999999981374, 240906.79 ], [ 500939.729999999981374, 240908.79 ], [ 500941.729999999981374, 240910.79 ], [ 500945.229999999981374, 240912.29 ], [ 500947.229999999981374, 240915.29 ], [ 500948.729999999981374, 240915.79 ] ], [ [ 501004.229999999981374, 240867.79 ], [ 501004.229999999981374, 240867.29 ], [ 501004.729999999981374, 240867.29 ], [ 501004.729999999981374, 240867.79 ], [ 501004.229999999981374, 240867.79 ] ], [ [ 501004.729999999981374, 240867.79 ], [ 501005.229999999981374, 240867.79 ], [ 501005.229999999981374, 240868.29 ], [ 501004.729999999981374, 240868.29 ], [ 501004.729999999981374, 240867.79 ] ], [ [ 500961.729999999981374, 240847.79 ], [ 500960.229999999981374, 240845.29 ], [ 500961.229999999981374, 240842.79 ], [ 500962.729999999981374, 240843.79 ], [ 500961.729999999981374, 240847.79 ] ] ] } },
{ "type": "Feature", "properties": { "mainhabs": "Deciduous woodland", "habcodes": "DWOOD", "featdesc": null, "featcodes": null, "otherclass": null, "addhabs": null, "primsource": "National Forest Inventory 2023 (DWOOD)", "areaha": "0.15", "version": "Sep_25", "uid": "PHID50101819_024087582", "shape_length": null, "shape_area": null, "site": "millbrook", "pid": 20, "method": "vote" }, "geometry": { "type": "Polygon", "coordinates": [ [ [ 501015.229999999981374, 240906.79 ], [ 501017.229999999981374, 240906.29 ], [ 501017.229999999981374, 240904.79 ], [ 501016.229999999981374, 240904.79 ], [ 501016.729999999981374, 240903.79 ], [ 501019.229999999981374, 240903.79 ], [ 501021.729999999981374, 240905.79 ], [ 501022.229999999981374, 240904.79 ], [ 501023.729999999981374, 240904.79 ], [ 501023.729999999981374, 240903.79 ], [ 501024.729999999981374, 240904.79 ], [ 501027.229999999981374, 240904.79 ], [ 501030.729999999981374, 240903.79 ], [ 501031.229999999981374, 240900.79 ], [ 501032.229999999981374, 240900.79 ], [ 501032.229999999981374, 240894.29 ], [ 501033.729999999981374, 240892.29 ], [ 501034.229999999981374, 240889.29 ], [ 501034.229999999981374, 240878.29 ], [ 501035.729999999981374, 240873.79 ], [ 501036.229999999981374, 240867.29 ], [ 501037.229999999981374, 240866.79 ], [ 501038.229999999981374, 240858.79 ], [ 501038.229999999981374, 240847.79 ], [ 501037.229999999981374, 240846.79 ], [ 501034.229999999981374, 240847.29 ], [ 501032.729999999981374, 240845.29 ], [ 501034.229999999981374, 240843.29 ], [ 501036.729999999981374, 240843.79 ], [ 501036.729999999981374, 240844.79 ], [ 501038.229999999981374, 240844.29 ], [ 501038.229999999981374, 240840.79 ], [ 501039.229999999981374, 240840.29 ], [ 501038.729999999981374, 240836.29 ], [ 501033.729999999981374, 240836.29 ], [ 501030.729999999981374, 240838.79 ], [ 501025.229999999981374, 240840.79 ], [ 501021.729999999981374, 240843.79 ], [ 501020.229999999981374, 240843.79 ], [ 501015.729999999981374, 240846.79 ], [ 501015.729999999981374, 240853.79 ], [ 501017.729999999981374, 240855.79 ], [ 501019.229999999981374, 240861.79 ], [ 501019.229999999981374, 240868.79 ], [ 501017.729999999981374, 240872.29 ], [ 501018.229999999981374, 240877.79 ], [ 501015.729999999981374, 240879.79 ], [ 501015.729999999981374, 240880.79 ], [ 501014.729999999981374, 240880.79 ], [ 501014.229999999981374, 240882.79 ], [ 501009.729999999981374, 240885.79 ], [ 501009.229999999981374, 240887.79 ], [ 501006.729999999981374, 240890.79 ], [ 501005.729999999981374, 240890.29 ], [ 501004.729999999981374, 240891.79 ], [ 501002.729999999981374, 240891.79 ], [ 501003.229999999981374, 240893.29 ], [ 501002.229999999981374, 240893.79 ], [ 501002.229999999981374, 240894.79 ], [ 501003.729999999981374, 240894.79 ], [ 501004.229999999981374, 240895.79 ], [ 501004.229999999981374, 240894.79 ], [ 501005.229999999981374, 240894.79 ], [ 501006.729999999981374, 240892.79 ], [ 501008.229999999981374, 240894.29 ], [ 501006.729999999981374, 240896.79 ], [ 501007.729999999981374, 240898.29 ], [ 501009.729999999981374, 240897.79 ], [ 501011.729999999981374, 240900.29 ], [ 501016.229999999981374, 240901.29 ], [ 501015.229999999981374, 240902.79 ], [ 501015.729999999981374, 240904.29 ], [ 501014.229999999981374, 240905.29 ], [ 501015.229999999981374, 240906.79 ] ] ] } },
{ "type": "Feature", "properties": { "mainhabs": "Deciduous woodland", "habcodes": "DWOOD", "featdesc": null, "featcodes": null, "otherclass": null, "addhabs": null, "primsource": "National Forest Inventory 2023 (DWOOD)", "areaha": "0.17", "version": "Sep_25", "uid": "PHID50103951_024125875", "shape_length": null, "shape_area": null, "site": "millbrook", "pid": 21, "method": "vote" }, "geometry": { "type": "Polygon", "coordinates": [ [ [ 501055.729999999981374, 241307.29 ], [ 501056.729999999981374, 241307.29 ], [ 501059.229999999981374, 241302.79 ], [ 501058.229999999981374, 241302.29 ], [ 501058.729999999981374, 241298.79 ], [ 501057.729999999981374, 241293.79 ], [ 501056.229999999981374, 241291.29 ], [ 501056.729999999981374, 241286.79 ], [ 501057.729999999981374, 241285.79 ], [ 501054.729999999981374, 241277.79 ], [ 501054.729999999981374, 241262.29 ], [ 501053.729999999981374, 241261.29 ], [ 501052.229999999981374, 241255.29 ], [ 501052.729999999981374, 241250.79 ], [ 501050.229999999981374, 241239.29 ], [ 501047.229999999981374, 241235.29 ], [ 501045.729999999981374, 241235.29 ], [ 501045.729999999981374, 241234.29 ], [ 501041.229999999981374, 241234.29 ], [ 501038.729999999981374, 241230.79 ], [ 501028.229999999981374, 241229.29 ], [ 501026.229999999981374, 241227.29 ], [ 501023.229999999981374, 241227.29 ], [ 501021.729999999981374, 241228.79 ], [ 501022.229999999981374, 241232.79 ], [ 501020.729999999981374, 241234.79 ], [ 501020.729999999981374, 241238.79 ], [ 501022.229999999981374, 241239.79 ], [ 501022.229999999981374, 241242.29 ], [ 501024.229999999981374, 241242.79 ], [ 501026.729999999981374, 241245.79 ], [ 501026.729999999981374, 241247.79 ], [ 501028.229999999981374, 241250.29 ], [ 501027.229999999981374, 241253.29 ], [ 501027.729999999981374, 241258.29 ], [ 501030.729999999981374, 241262.79 ], [ 501031.229999999981374, 241267.29 ], [ 501033.229999999981374, 241270.29 ], [ 501035.229999999981374, 241278.29 ], [ 501038.229999999981374, 241282.29 ], [ 501038.729999999981374, 241284.79 ], [ 501039.729999999981374, 241284.79 ], [ 501040.229999999981374, 241287.79 ], [ 501041.729999999981374, 241288.79 ], [ 501043.229999999981374, 241292.29 ], [ 501043.229999999981374, 241294.29 ], [ 501044.229999999981374, 241294.29 ], [ 501044.729999999981374, 241296.79 ], [ 501047.229999999981374, 241299.79 ], [ 501047.729999999981374, 241302.79 ], [ 501055.729999999981374, 241307.29 ] ] ] } },
{ "type": "Feature", "properties": { "mainhabs": "Deciduous woodland", "habcodes": "DWOOD", "featdesc": null, "featcodes": null, "otherclass": null, "addhabs": "LCGRA, RBEDS", "primsource": "National Forest Inventory 2023 (DWOOD)", "areaha": "0.14", "version": "Sep_25", "uid": "PHID50106847_024128263", "shape_length": null, "shape_area": null, "site": "millbrook", "pid": 22, "method": "vote" }, "geometry": { "type": "Polygon", "coordinates": [ [ [ 501067.229999999981374, 241311.79 ], [ 501071.229999999981374, 241309.79 ], [ 501072.729999999981374, 241310.29 ], [ 501073.229999999981374, 241309.29 ], [ 501075.729999999981374, 241310.29 ], [ 501075.729999999981374, 241307.79 ], [ 501078.729999999981374, 241306.29 ], [ 501078.729999999981374, 241304.29 ], [ 501079.729999999981374, 241303.79 ], [ 501080.229999999981374, 241301.79 ], [ 501084.729999999981374, 241301.79 ], [ 501084.729999999981374, 241299.79 ], [ 501086.729999999981374, 241299.29 ], [ 501086.729999999981374, 241297.79 ], [ 501084.729999999981374, 241296.29 ], [ 501085.229999999981374, 241293.79 ], [ 501083.229999999981374, 241292.79 ], [ 501083.229999999981374, 241290.29 ], [ 501082.229999999981374, 241289.29 ], [ 501082.229999999981374, 241283.29 ], [ 501083.729999999981374, 241281.29 ], [ 501082.229999999981374, 241279.79 ], [ 501082.729999999981374, 241278.79 ], [ 501081.729999999981374, 241277.79 ], [ 501081.729999999981374, 241275.79 ], [ 501080.729999999981374, 241275.29 ], [ 501081.229999999981374, 241273.79 ], [ 501079.729999999981374, 241272.29 ], [ 501080.229999999981374, 241271.29 ], [ 501076.729999999981374, 241267.29 ], [ 501075.729999999981374, 241265.29 ], [ 501076.229999999981374, 241263.79 ], [ 501074.729999999981374, 241262.79 ], [ 501074.229999999981374, 241259.79 ], [ 501071.729999999981374, 241259.29 ], [ 501071.229999999981374, 241255.29 ], [ 501066.729999999981374, 241251.79 ], [ 501066.729999999981374, 241249.29 ], [ 501064.729999999981374, 241246.79 ], [ 501064.729999999981374, 241244.79 ], [ 501063.729999999981374, 241244.29 ], [ 501062.729999999981374, 241239.79 ], [ 501061.229999999981374, 241238.79 ], [ 501060.729999999981374, 241235.79 ], [ 501059.729999999981374, 241235.79 ], [ 501059.729999999981374, 241232.79 ], [ 501058.229999999981374, 241231.79 ], [ 501058.229999999981374, 241229.29 ], [ 501056.729999999981374, 241228.29 ], [ 501057.229999999981374, 241227.29 ], [ 501056.229999999981374, 241226.79 ], [ 501056.229999999981374, 241224.79 ], [ 501051.729999999981374, 241224.29 ], [ 501049.729999999981374, 241226.29 ], [ 501049.729999999981374, 241228.79 ], [ 501051.729999999981374, 241231.79 ], [ 501051.729999999981374, 241238.79 ], [ 501053.229999999981374, 241239.79 ], [ 501053.229999999981374, 241248.79 ], [ 501055.229999999981374, 241252.79 ], [ 501054.729999999981374, 241257.79 ], [ 501055.729999999981374, 241258.79 ], [ 501057.729999999981374, 241258.29 ], [ 501057.729999999981374, 241260.29 ], [ 501059.229999999981374, 241261.79 ], [ 501059.229999999981374, 241264.79 ], [ 501058.229999999981374, 241265.79 ], [ 501056.229999999981374, 241265.79 ], [ 501056.229999999981374, 241269.79 ], [ 501056.729999999981374, 241272.79 ], [ 501057.729999999981374, 241272.79 ], [ 501058.229999999981374, 241274.79 ], [ 501059.729999999981374, 241297.79 ], [ 501060.729999999981374, 241298.29 ], [ 501061.229999999981374, 241303.29 ], [ 501062.229999999981374, 241303.29 ], [ 501061.729999999981374, 241305.29 ], [ 501064.229999999981374, 241305.79 ], [ 501063.729999999981374, 241308.79 ], [ 501065.229999999981374, 241308.79 ], [ 501067.229999999981374, 241311.79 ] ] ] } },
{ "type": "Feature", "properties": { "mainhabs": "Deciduous woodland", "habcodes": "DWOOD", "featdesc": null, "featcodes": null, "otherclass": null, "addhabs": "GQSIG, LCGRA, RBEDS", "primsource": "National Forest Inventory 2023 (DWOOD)", "areaha": "0.55", "version": "Sep_25", "uid": "PHID50107448_024138431", "shape_length": null, "shape_area": null, "site": "millbrook", "pid": 23, "method": "vote" }, "geometry": { "type": "Polygon", "coordinates": [ [ [ 501080.229999999981374, 241468.29 ], [ 501099.229999999981374, 241459.79 ], [ 501103.229999999981374, 241458.79 ], [ 501111.729999999981374, 241454.29 ], [ 501118.229999999981374, 241447.29 ], [ 501118.729999999981374, 241440.29 ], [ 501108.729999999981374, 241417.29 ], [ 501104.229999999981374, 241404.29 ], [ 501101.729999999981374, 241401.79 ], [ 501099.729999999981374, 241394.29 ], [ 501098.729999999981374, 241393.79 ], [ 501098.229999999981374, 241390.79 ], [ 501096.729999999981374, 241388.79 ], [ 501096.729999999981374, 241386.79 ], [ 501094.229999999981374, 241383.29 ], [ 501090.729999999981374, 241373.29 ], [ 501089.729999999981374, 241372.79 ], [ 501089.729999999981374, 241370.79 ], [ 501088.229999999981374, 241369.29 ], [ 501087.729999999981374, 241366.29 ], [ 501086.729999999981374, 241365.79 ], [ 501086.729999999981374, 241364.29 ], [ 501084.729999999981374, 241361.29 ], [ 501083.729999999981374, 241355.79 ], [ 501081.729999999981374, 241351.29 ], [ 501077.729999999981374, 241347.29 ], [ 501077.229999999981374, 241344.79 ], [ 501071.729999999981374, 241336.29 ], [ 501071.729999999981374, 241334.79 ], [ 501069.229999999981374, 241332.29 ], [ 501068.229999999981374, 241328.79 ], [ 501067.229999999981374, 241328.79 ], [ 501067.229999999981374, 241327.29 ], [ 501065.229999999981374, 241325.29 ], [ 501065.229999999981374, 241323.29 ], [ 501063.729999999981374, 241322.29 ], [ 501063.729999999981374, 241320.79 ], [ 501062.729999999981374, 241320.79 ], [ 501060.729999999981374, 241316.79 ], [ 501057.729999999981374, 241316.79 ], [ 501057.729999999981374, 241317.79 ], [ 501053.229999999981374, 241317.29 ], [ 501049.729999999981374, 241321.29 ], [ 501047.229999999981374, 241321.29 ], [ 501047.229999999981374, 241322.29 ], [ 501045.229999999981374, 241323.79 ], [ 501044.229999999981374, 241322.79 ], [ 501043.729999999981374, 241325.29 ], [ 501040.729999999981374, 241326.29 ], [ 501038.229999999981374, 241329.79 ], [ 501035.229999999981374, 241330.29 ], [ 501031.729999999981374, 241334.29 ], [ 501027.229999999981374, 241334.79 ], [ 501027.229999999981374, 241337.29 ], [ 501029.729999999981374, 241339.29 ], [ 501031.229999999981374, 241342.29 ], [ 501032.729999999981374, 241342.79 ], [ 501032.729999999981374, 241344.29 ], [ 501034.229999999981374, 241345.29 ], [ 501035.229999999981374, 241348.29 ], [ 501038.229999999981374, 241351.79 ], [ 501041.729999999981374, 241359.79 ], [ 501044.729999999981374, 241361.79 ], [ 501044.729999999981374, 241363.29 ], [ 501047.729999999981374, 241366.79 ], [ 501048.729999999981374, 241366.79 ], [ 501049.229999999981374, 241368.29 ], [ 501047.729999999981374, 241369.79 ], [ 501047.729999999981374, 241371.79 ], [ 501049.229999999981374, 241372.29 ], [ 501049.229999999981374, 241374.29 ], [ 501050.229999999981374, 241374.79 ], [ 501050.729999999981374, 241376.79 ], [ 501051.729999999981374, 241376.79 ], [ 501052.229999999981374, 241379.79 ], [ 501053.729999999981374, 241380.79 ], [ 501053.729999999981374, 241382.79 ], [ 501055.729999999981374, 241384.79 ], [ 501056.229999999981374, 241388.29 ], [ 501058.729999999981374, 241389.79 ], [ 501058.229999999981374, 241392.79 ], [ 501060.729999999981374, 241395.29 ], [ 501060.729999999981374, 241397.79 ], [ 501062.729999999981374, 241399.79 ], [ 501065.229999999981374, 241407.79 ], [ 501067.229999999981374, 241408.79 ], [ 501066.229999999981374, 241409.29 ], [ 501066.729999999981374, 241411.79 ], [ 501070.729999999981374, 241418.79 ], [ 501081.729999999981374, 241449.29 ], [ 501080.729999999981374, 241456.79 ], [ 501078.229999999981374, 241460.79 ], [ 501075.729999999981374, 241462.79 ], [ 501075.729999999981374, 241463.79 ], [ 501080.229999999981374, 241468.29 ] ], [ [ 501067.729999999981374, 241409.29 ], [ 501067.729999999981374, 241408.79 ], [ 501068.229999999981374, 241408.79 ], [ 501068.229999999981374, 241409.29 ], [ 501067.729999999981374, 241409.29 ] ] ] } },
{ "type": "Feature", "properties": { "mainhabs": "Deciduous woodland", "habcodes": "DWOOD", "featdesc": null, "featcodes": null, "otherclass": null, "addhabs": null, "primsource": "National Forest Inventory 2023 (DWOOD)", "areaha": "1.13", "version": "Sep_25", "uid": "PHID50179428_024036870", "shape_length": null, "shape_area": null, "site": "millbrook", "pid": 24, "method": "vote" }, "geometry": { "type": "MultiPolygon", "coordinates": [ [ [ [ 501670.229999999981374, 240415.29 ], [ 501671.729999999981374, 240415.29 ], [ 501673.229999999981374, 240416.79 ], [ 501675.229999999981374, 240416.79 ], [ 501675.729999999981374, 240415.79 ], [ 501677.729999999981374, 240415.29 ], [ 501686.729999999981374, 240415.29 ], [ 501689.229999999981374, 240412.79 ], [ 501691.229999999981374, 240413.29 ], [ 501692.729999999981374, 240412.29 ], [ 501698.729999999981374, 240412.29 ], [ 501698.729999999981374, 240411.29 ], [ 501700.729999999981374, 240410.79 ], [ 501700.729999999981374, 240409.79 ], [ 501706.729999999981374, 240409.29 ], [ 501707.229999999981374, 240408.29 ], [ 501717.729999999981374, 240406.29 ], [ 501718.729999999981374, 240404.79 ], [ 501721.729999999981374, 240404.79 ], [ 501724.729999999981374, 240403.29 ], [ 501729.229999999981374, 240403.29 ], [ 501729.229999999981374, 240402.29 ], [ 501733.229999999981374, 240401.79 ], [ 501733.229999999981374, 240400.79 ], [ 501741.229999999981374, 240400.29 ], [ 501741.229999999981374, 240399.29 ], [ 501743.229999999981374, 240398.29 ], [ 501747.229999999981374, 240399.29 ], [ 501750.729999999981374, 240397.79 ], [ 501756.229999999981374, 240397.29 ], [ 501756.729999999981374, 240396.29 ], [ 501760.229999999981374, 240395.79 ], [ 501761.229999999981374, 240394.79 ], [ 501765.229999999981374, 240394.79 ], [ 501768.229999999981374, 240392.79 ], [ 501776.729999999981374, 240391.79 ], [ 501777.729999999981374, 240390.29 ], [ 501786.729999999981374, 240388.79 ], [ 501787.729999999981374, 240387.29 ], [ 501796.729999999981374, 240385.29 ], [ 501797.229999999981374, 240383.79 ], [ 501798.729999999981374, 240384.29 ], [ 501802.729999999981374, 240382.79 ], [ 501807.229999999981374, 240382.79 ], [ 501808.229999999981374, 240380.79 ], [ 501810.729999999981374, 240381.29 ], [ 501814.729999999981374, 240379.79 ], [ 501816.729999999981374, 240380.29 ], [ 501820.729999999981374, 240377.29 ], [ 501828.229999999981374, 240377.29 ], [ 501830.229999999981374, 240376.79 ], [ 501829.729999999981374, 240375.29 ], [ 501841.729999999981374, 240374.29 ], [ 501842.229999999981374, 240372.29 ], [ 501852.729999999981374, 240371.29 ], [ 501853.729999999981374, 240370.79 ], [ 501853.229999999981374, 240369.79 ], [ 501855.229999999981374, 240368.79 ], [ 501865.729999999981374, 240368.79 ], [ 501868.229999999981374, 240365.79 ], [ 501877.229999999981374, 240365.79 ], [ 501878.229999999981374, 240363.29 ], [ 501884.729999999981374, 240362.79 ], [ 501885.729999999981374, 240361.29 ], [ 501889.229999999981374, 240362.79 ], [ 501889.729999999981374, 240360.29 ], [ 501895.729999999981374, 240360.29 ], [ 501898.229999999981374, 240358.29 ], [ 501900.729999999981374, 240358.29 ], [ 501900.729999999981374, 240357.29 ], [ 501909.729999999981374, 240356.29 ], [ 501911.229999999981374, 240354.79 ], [ 501917.229999999981374, 240353.79 ], [ 501919.229999999981374, 240350.79 ], [ 501930.729999999981374, 240350.79 ], [ 501933.729999999981374, 240347.29 ], [ 501930.229999999981374, 240343.79 ], [ 501931.229999999981374, 240341.79 ], [ 501930.729999999981374, 240340.29 ], [ 501931.729999999981374, 240339.79 ], [ 501930.229999999981374, 240337.79 ], [ 501927.729999999981374, 240337.29 ], [ 501927.229999999981374, 240335.29 ], [ 501927.729999999981374, 240333.79 ], [ 501930.229999999981374, 240333.79 ], [ 501930.229999999981374, 240329.29 ], [ 501929.229999999981374, 240328.79 ], [ 501927.729999999981374, 240329.79 ], [ 501928.229999999981374, 240328.29 ], [ 501927.229999999981374, 240327.79 ], [ 501928.229999999981374, 240325.79 ], [ 501927.229999999981374, 240324.79 ], [ 501928.229999999981374, 240323.29 ], [ 501927.229999999981374, 240320.79 ], [ 501928.229999999981374, 240319.29 ], [ 501926.729999999981374, 240318.29 ], [ 501924.729999999981374, 240319.79 ], [ 501924.229999999981374, 240318.29 ], [ 501920.229999999981374, 240318.29 ], [ 501919.729999999981374, 240319.79 ], [ 501910.729999999981374, 240320.79 ], [ 501909.729999999981374, 240321.29 ], [ 501910.229999999981374, 240322.79 ], [ 501908.229999999981374, 240323.79 ], [ 501901.729999999981374, 240322.79 ], [ 501897.229999999981374, 240324.29 ], [ 501896.229999999981374, 240325.79 ], [ 501895.229999999981374, 240325.29 ], [ 501893.229999999981374, 240325.79 ], [ 501892.729999999981374, 240326.79 ], [ 501888.229999999981374, 240326.79 ], [ 501886.229999999981374, 240328.79 ], [ 501881.229999999981374, 240329.29 ], [ 501878.229999999981374, 240331.79 ], [ 501876.229999999981374, 240331.79 ], [ 501868.729999999981374, 240334.79 ], [ 501868.729999999981374, 240335.79 ], [ 501867.229999999981374, 240336.29 ], [ 501865.229999999981374, 240341.79 ], [ 501862.229999999981374, 240343.29 ], [ 501859.729999999981374, 240343.29 ], [ 501855.729999999981374, 240346.29 ], [ 501850.229999999981374, 240346.29 ], [ 501848.229999999981374, 240343.29 ], [ 501848.229999999981374, 240341.79 ], [ 501847.229999999981374, 240341.29 ], [ 501840.229999999981374, 240341.79 ], [ 501838.229999999981374, 240343.29 ], [ 501833.229999999981374, 240343.79 ], [ 501832.729999999981374, 240344.79 ], [ 501828.229999999981374, 240344.79 ], [ 501826.729999999981374, 240346.29 ], [ 501821.729999999981374, 240346.79 ], [ 501821.229999999981374, 240347.79 ], [ 501819.229999999981374, 240347.79 ], [ 501815.229999999981374, 240349.79 ], [ 501810.229999999981374, 240349.79 ], [ 501807.729999999981374, 240351.79 ], [ 501800.229999999981374, 240352.79 ], [ 501796.729999999981374, 240355.29 ], [ 501791.729999999981374, 240355.79 ], [ 501791.229999999981374, 240356.79 ], [ 501788.229999999981374, 240356.79 ], [ 501783.229999999981374, 240358.79 ], [ 501780.229999999981374, 240358.79 ], [ 501779.729999999981374, 240359.79 ], [ 501775.729999999981374, 240360.29 ], [ 501774.729999999981374, 240361.29 ], [ 501768.729999999981374, 240361.79 ], [ 501767.229999999981374, 240363.29 ], [ 501750.729999999981374, 240367.29 ], [ 501747.229999999981374, 240369.29 ], [ 501740.229999999981374, 240370.29 ], [ 501738.229999999981374, 240371.79 ], [ 501733.229999999981374, 240372.29 ], [ 501732.229999999981374, 240373.29 ], [ 501727.229999999981374, 240373.79 ], [ 501727.229999999981374, 240374.79 ], [ 501718.729999999981374, 240376.79 ], [ 501716.229999999981374, 240378.29 ], [ 501705.729999999981374, 240379.79 ], [ 501702.229999999981374, 240382.79 ], [ 501698.729999999981374, 240382.79 ], [ 501695.729999999981374, 240385.29 ], [ 501693.229999999981374, 240385.29 ], [ 501692.729999999981374, 240384.29 ], [ 501689.729999999981374, 240383.79 ], [ 501688.729999999981374, 240384.29 ], [ 501686.729999999981374, 240382.79 ], [ 501685.729999999981374, 240379.29 ], [ 501683.729999999981374, 240379.29 ], [ 501682.729999999981374, 240377.79 ], [ 501677.729999999981374, 240377.79 ], [ 501677.729999999981374, 240376.79 ], [ 501675.229999999981374, 240376.29 ], [ 501661.229999999981374, 240375.29 ], [ 501659.729999999981374, 240374.29 ], [ 501658.229999999981374, 240374.79 ], [ 501658.229999999981374, 240373.79 ], [ 501646.229999999981374, 240374.79 ], [ 501645.229999999981374, 240373.29 ], [ 501641.729999999981374, 240373.29 ], [ 501641.729999999981374, 240372.29 ], [ 501637.729999999981374, 240373.79 ], [ 501637.229999999981374, 240374.79 ], [ 501630.729999999981374, 240374.29 ], [ 501628.229999999981374, 240375.29 ], [ 501629.229999999981374, 240377.29 ], [ 501634.729999999981374, 240377.29 ], [ 501635.729999999981374, 240378.29 ], [ 501635.729999999981374, 240380.29 ], [ 501637.229999999981374, 240382.29 ], [ 501637.229999999981374, 240384.29 ], [ 501636.229999999981374, 240384.29 ], [ 501635.229999999981374, 240387.29 ], [ 501636.229999999981374, 240391.29 ], [ 501639.729999999981374, 240394.29 ], [ 501639.229999999981374, 240395.79 ], [ 501642.229999999981374, 240397.29 ], [ 501642.229999999981374, 240398.79 ], [ 501644.729999999981374, 240399.29 ], [ 501644.729999999981374, 240400.29 ], [ 501646.229999999981374, 240401.79 ], [ 501647.729999999981374, 240401.79 ], [ 501649.729999999981374, 240405.29 ], [ 501650.729999999981374, 240405.29 ], [ 501651.729999999981374, 240411.29 ], [ 501655.729999999981374, 240411.29 ], [ 501655.229999999981374, 240412.29 ], [ 501648.229999999981374, 240412.79 ], [ 501648.229999999981374, 240413.79 ], [ 501649.229999999981374, 240413.79 ], [ 501649.229999999981374, 240415.29 ], [ 501648.229999999981374, 240415.79 ], [ 501649.729999999981374, 240420.29 ], [ 501648.729999999981374, 240421.29 ], [ 501649.229999999981374, 240423.29 ], [ 501652.229999999981374, 240422.79 ], [ 501651.229999999981374, 240421.29 ], [ 501651.729999999981374, 240419.79 ], [ 501654.729999999981374, 240419.79 ], [ 501655.729999999981374, 240421.29 ], [ 501659.229999999981374, 240419.79 ], [ 501659.729999999981374, 240418.29 ], [ 501658.729999999981374, 240417.79 ], [ 501659.729999999981374, 240416.79 ], [ 501661.229999999981374, 240417.29 ], [ 501661.229999999981374, 240418.29 ], [ 501660.229999999981374, 240418.29 ], [ 501661.229999999981374, 240420.29 ], [ 501663.229999999981374, 240420.29 ], [ 501663.229999999981374, 240417.79 ], [ 501664.729999999981374, 240415.79 ], [ 501663.229999999981374, 240415.29 ], [ 501662.729999999981374, 240413.29 ], [ 501660.729999999981374, 240415.79 ], [ 501657.729999999981374, 240415.29 ], [ 501657.729999999981374, 240411.29 ], [ 501661.229999999981374, 240411.29 ], [ 501661.729999999981374, 240412.79 ], [ 501664.229999999981374, 240411.29 ], [ 501667.229999999981374, 240413.29 ], [ 501667.729999999981374, 240414.79 ], [ 501665.729999999981374, 240416.29 ], [ 501667.729999999981374, 240418.29 ], [ 501670.729999999981374, 240416.29 ], [ 501670.229999999981374, 240415.29 ] ], [ [ 501669.229999999981374, 240415.29 ], [ 501669.229999999981374, 240414.79 ], [ 501670.229999999981374, 240414.79 ], [ 501670.229999999981374, 240415.29 ], [ 501669.229999999981374, 240415.29 ] ], [ [ 501924.729999999981374, 240334.79 ], [ 501922.729999999981374, 240332.79 ], [ 501922.729999999981374, 240331.29 ], [ 501924.229999999981374, 240331.29 ], [ 501924.229999999981374, 240328.79 ], [ 501925.729999999981374, 240326.79 ], [ 501926.229999999981374, 240327.79 ], [ 501925.229999999981374, 240330.29 ], [ 501926.729999999981374, 240334.79 ], [ 501924.729999999981374, 240334.79 ] ], [ [ 501918.729999999981374, 240329.29 ], [ 501918.229999999981374, 240323.29 ], [ 501919.729999999981374, 240322.79 ], [ 501920.229999999981374, 240327.79 ], [ 501919.729999999981374, 240329.79 ], [ 501918.729999999981374, 240329.29 ] ], [ [ 501652.729999999981374, 240417.79 ], [ 501652.229999999981374, 240417.29 ], [ 501653.229999999981374, 240416.29 ], [ 501652.229999999981374, 240414.79 ], [ 501655.229999999981374, 240414.29 ], [ 501654.229999999981374, 240415.79 ], [ 501655.229999999981374, 240418.29 ], [ 501652.729999999981374, 240417.79 ] ] ], [ [ [ 501644.729999999981374, 240422.79 ], [ 501644.729999999981374, 240421.79 ], [ 501646.229999999981374, 240421.79 ], [ 501646.729999999981374, 240419.79 ], [ 501647.729999999981374, 240419.79 ], [ 501647.729999999981374, 240418.29 ], [ 501646.729999999981374, 240418.29 ], [ 501647.729999999981374, 240415.79 ], [ 501645.229999999981374, 240414.79 ], [ 501646.729999999981374, 240413.79 ], [ 501646.229999999981374, 240412.79 ], [ 501643.729999999981374, 240412.29 ], [ 501643.229999999981374, 240413.79 ], [ 501644.229999999981374, 240414.79 ], [ 501642.229999999981374, 240415.79 ], [ 501643.229999999981374, 240417.29 ], [ 501640.729999999981374, 240418.29 ], [ 501640.729999999981374, 240420.29 ], [ 501644.729999999981374, 240422.79 ] ] ] ] } },
{ "type": "Feature", "properties": { "mainhabs": "Lowland fens", "habcodes": "LFENS", "featdesc": null, "featcodes": null, "otherclass": null, "addhabs": "RBEDS", "primsource": "Reedbeds at Marston Vale Millenium Country Park 2008 (LFENS)", "areaha": "0.04", "version": "Sep_25", "uid": "PHID50020594_024121162", "shape_length": null, "shape_area": null, "site": "millbrook", "pid": 25, "method": "vote" }, "geometry": { "type": "Polygon", "coordinates": [ [ [ 500212.729999999981374, 241229.79 ], [ 500215.729999999981374, 241229.79 ], [ 500216.229999999981374, 241228.79 ], [ 500219.229999999981374, 241228.29 ], [ 500219.229999999981374, 241227.29 ], [ 500217.729999999981374, 241226.29 ], [ 500216.729999999981374, 241223.29 ], [ 500215.729999999981374, 241223.29 ], [ 500216.229999999981374, 241221.29 ], [ 500214.229999999981374, 241219.29 ], [ 500214.229999999981374, 241214.79 ], [ 500212.729999999981374, 241214.79 ], [ 500212.729999999981374, 241210.29 ], [ 500210.729999999981374, 241208.79 ], [ 500211.229999999981374, 241207.29 ], [ 500208.729999999981374, 241205.29 ], [ 500206.729999999981374, 241205.29 ], [ 500204.729999999981374, 241202.29 ], [ 500200.229999999981374, 241200.79 ], [ 500194.729999999981374, 241196.79 ], [ 500191.729999999981374, 241197.79 ], [ 500191.729999999981374, 241196.79 ], [ 500186.729999999981374, 241196.29 ], [ 500186.729999999981374, 241195.29 ], [ 500185.229999999981374, 241195.79 ], [ 500184.729999999981374, 241194.79 ], [ 500181.729999999981374, 241194.79 ], [ 500180.729999999981374, 241193.79 ], [ 500180.729999999981374, 241196.29 ], [ 500182.229999999981374, 241196.79 ], [ 500182.229999999981374, 241197.79 ], [ 500183.729999999981374, 241197.79 ], [ 500185.229999999981374, 241199.79 ], [ 500188.229999999981374, 241201.29 ], [ 500188.729999999981374, 241202.79 ], [ 500190.729999999981374, 241202.79 ], [ 500191.729999999981374, 241205.29 ], [ 500192.729999999981374, 241205.29 ], [ 500194.729999999981374, 241208.29 ], [ 500199.229999999981374, 241211.29 ], [ 500201.729999999981374, 241211.79 ], [ 500204.229999999981374, 241214.79 ], [ 500205.229999999981374, 241214.79 ], [ 500205.229999999981374, 241215.79 ], [ 500206.729999999981374, 241216.29 ], [ 500208.229999999981374, 241218.29 ], [ 500207.729999999981374, 241219.29 ], [ 500210.729999999981374, 241222.29 ], [ 500210.729999999981374, 241223.79 ], [ 500212.729999999981374, 241225.29 ], [ 500212.729999999981374, 241229.79 ] ] ] } },
{ "type": "Feature", "properties": { "mainhabs": "Lowland fens", "habcodes": "LFENS", "featdesc": null, "featcodes": null, "otherclass": null, "addhabs": "RBEDS", "primsource": "Reedbeds at Marston Vale Millenium Country Park 2008 (LFENS)", "areaha": "0.09", "version": "Sep_25", "uid": "PHID50021476_024124824", "shape_length": null, "shape_area": null, "site": "millbrook", "pid": 26, "method": "vote" }, "geometry": { "type": "Polygon", "coordinates": [ [ [ 500223.229999999981374, 241264.79 ], [ 500229.229999999981374, 241263.79 ], [ 500232.729999999981374, 241260.29 ], [ 500233.229999999981374, 241256.29 ], [ 500232.229999999981374, 241255.29 ], [ 500231.729999999981374, 241250.79 ], [ 500228.729999999981374, 241243.29 ], [ 500223.229999999981374, 241235.29 ], [ 500220.229999999981374, 241234.79 ], [ 500217.729999999981374, 241235.79 ], [ 500213.729999999981374, 241235.79 ], [ 500210.729999999981374, 241239.29 ], [ 500210.729999999981374, 241241.29 ], [ 500212.229999999981374, 241241.79 ], [ 500211.229999999981374, 241244.29 ], [ 500212.229999999981374, 241244.79 ], [ 500212.229999999981374, 241247.29 ], [ 500209.729999999981374, 241247.79 ], [ 500209.729999999981374, 241250.29 ], [ 500208.229999999981374, 241251.79 ], [ 500206.729999999981374, 241251.79 ], [ 500205.729999999981374, 241253.29 ], [ 500204.229999999981374, 241253.29 ], [ 500203.229999999981374, 241255.29 ], [ 500202.229999999981374, 241255.29 ], [ 500201.729999999981374, 241258.29 ], [ 500206.229999999981374, 241258.29 ], [ 500207.729999999981374, 241264.29 ], [ 500223.229999999981374, 241264.79 ] ] ] } },
{ "type": "Feature", "properties": { "mainhabs": "Lowland fens", "habcodes": "LFENS", "featdesc": null, "featcodes": null, "otherclass": null, "addhabs": "RBEDS", "primsource": "Reedbeds at Marston Vale Millenium Country Park 2008 (LFENS)", "areaha": "0.12", "version": "Sep_25", "uid": "PHID50026832_024131655", "shape_length": null, "shape_area": null, "site": "millbrook", "pid": 27, "method": "vote" }, "geometry": { "type": "Polygon", "coordinates": [ [ [ 500217.729999999981374, 241341.79 ], [ 500223.229999999981374, 241340.79 ], [ 500227.229999999981374, 241337.79 ], [ 500231.229999999981374, 241337.29 ], [ 500231.729999999981374, 241336.29 ], [ 500233.729999999981374, 241336.29 ], [ 500234.229999999981374, 241335.29 ], [ 500241.229999999981374, 241332.29 ], [ 500244.229999999981374, 241334.79 ], [ 500244.229999999981374, 241335.79 ], [ 500246.229999999981374, 241335.79 ], [ 500248.229999999981374, 241333.79 ], [ 500256.229999999981374, 241331.29 ], [ 500258.229999999981374, 241328.79 ], [ 500261.729999999981374, 241328.29 ], [ 500262.229999999981374, 241326.79 ], [ 500265.229999999981374, 241326.29 ], [ 500267.229999999981374, 241323.79 ], [ 500269.729999999981374, 241323.79 ], [ 500270.729999999981374, 241321.79 ], [ 500273.729999999981374, 241320.79 ], [ 500274.729999999981374, 241319.29 ], [ 500276.729999999981374, 241319.29 ], [ 500279.229999999981374, 241316.29 ], [ 500281.729999999981374, 241316.29 ], [ 500282.229999999981374, 241314.29 ], [ 500286.229999999981374, 241311.29 ], [ 500286.229999999981374, 241310.29 ], [ 500287.229999999981374, 241310.29 ], [ 500287.229999999981374, 241309.29 ], [ 500288.729999999981374, 241309.29 ], [ 500290.729999999981374, 241306.29 ], [ 500293.729999999981374, 241304.29 ], [ 500293.729999999981374, 241302.79 ], [ 500296.229999999981374, 241301.29 ], [ 500296.229999999981374, 241300.29 ], [ 500298.229999999981374, 241298.79 ], [ 500298.229999999981374, 241297.29 ], [ 500299.229999999981374, 241297.29 ], [ 500299.229999999981374, 241294.29 ], [ 500300.229999999981374, 241293.79 ], [ 500299.729999999981374, 241292.79 ], [ 500302.229999999981374, 241292.29 ], [ 500302.729999999981374, 241290.29 ], [ 500300.729999999981374, 241289.79 ], [ 500299.729999999981374, 241291.29 ], [ 500297.729999999981374, 241290.79 ], [ 500296.729999999981374, 241292.29 ], [ 500293.229999999981374, 241292.79 ], [ 500290.229999999981374, 241295.79 ], [ 500288.729999999981374, 241295.79 ], [ 500287.729999999981374, 241297.29 ], [ 500284.729999999981374, 241298.29 ], [ 500284.229999999981374, 241299.79 ], [ 500281.229999999981374, 241300.29 ], [ 500279.729999999981374, 241302.79 ], [ 500276.729999999981374, 241303.79 ], [ 500276.229999999981374, 241305.29 ], [ 500270.729999999981374, 241307.29 ], [ 500266.229999999981374, 241312.29 ], [ 500262.229999999981374, 241313.29 ], [ 500260.729999999981374, 241316.79 ], [ 500257.229999999981374, 241316.79 ], [ 500257.229999999981374, 241317.79 ], [ 500255.729999999981374, 241317.79 ], [ 500254.229999999981374, 241319.79 ], [ 500252.729999999981374, 241319.79 ], [ 500252.729999999981374, 241320.79 ], [ 500250.229999999981374, 241321.29 ], [ 500248.729999999981374, 241323.79 ], [ 500246.729999999981374, 241324.29 ], [ 500246.729999999981374, 241327.29 ], [ 500244.729999999981374, 241326.79 ], [ 500241.729999999981374, 241328.79 ], [ 500239.729999999981374, 241328.79 ], [ 500238.729999999981374, 241331.29 ], [ 500235.229999999981374, 241331.29 ], [ 500233.229999999981374, 241333.29 ], [ 500229.229999999981374, 241333.79 ], [ 500227.729999999981374, 241335.79 ], [ 500224.729999999981374, 241335.79 ], [ 500221.729999999981374, 241337.79 ], [ 500218.229999999981374, 241337.79 ], [ 500216.729999999981374, 241339.29 ], [ 500217.729999999981374, 241341.79 ] ] ] } },
{ "type": "Feature", "properties": { "mainhabs": "Lowland fens", "habcodes": "LFENS", "featdesc": null, "featcodes": null, "otherclass": null, "addhabs": "LCGRA, RBEDS", "primsource": "Reedbeds at Marston Vale Millenium Country Park 2008 (LFENS)", "areaha": "0.03", "version": "Sep_25", "uid": "PHID50046681_024082166", "shape_length": null, "shape_area": null, "site": "millbrook", "pid": 28, "method": "vote" }, "geometry": { "type": "Polygon", "coordinates": [ [ [ 500483.229999999981374, 240834.29 ], [ 500484.729999999981374, 240834.29 ], [ 500484.729999999981374, 240833.29 ], [ 500482.729999999981374, 240831.79 ], [ 500482.729999999981374, 240830.29 ], [ 500484.229999999981374, 240829.29 ], [ 500482.729999999981374, 240825.79 ], [ 500483.729999999981374, 240826.29 ], [ 500484.729999999981374, 240825.29 ], [ 500484.229999999981374, 240823.79 ], [ 500483.229999999981374, 240823.79 ], [ 500479.729999999981374, 240818.29 ], [ 500478.229999999981374, 240817.79 ], [ 500478.229999999981374, 240816.29 ], [ 500477.229999999981374, 240816.29 ], [ 500477.229999999981374, 240815.29 ], [ 500471.229999999981374, 240808.79 ], [ 500466.229999999981374, 240809.29 ], [ 500461.729999999981374, 240815.29 ], [ 500462.729999999981374, 240817.79 ], [ 500461.729999999981374, 240818.29 ], [ 500461.729999999981374, 240819.79 ], [ 500460.729999999981374, 240819.79 ], [ 500460.729999999981374, 240821.29 ], [ 500465.229999999981374, 240824.29 ], [ 500467.729999999981374, 240824.79 ], [ 500469.229999999981374, 240827.29 ], [ 500474.729999999981374, 240828.29 ], [ 500478.229999999981374, 240831.79 ], [ 500480.229999999981374, 240831.29 ], [ 500483.229999999981374, 240834.29 ] ] ] } },
{ "type": "Feature", "properties": { "mainhabs": "Lowland fens,Reedbeds", "habcodes": "LFENS, RBEDS", "featdesc": null, "featcodes": null, "otherclass": null, "addhabs": "LCGRA", "primsource": "Reedbeds at Marston Vale Millenium Country Park 2008 (LFENS), Feedback from Natural England adviser or specialist 2023 (RBEDS)", "areaha": "6.64", "version": "Sep_25", "uid": "PHID50014457_024115202", "shape_length": null, "shape_area": null, "site": "millbrook", "pid": 29, "method": "vote" }, "geometry": { "type": "Polygon", "coordinates": [ [ [ 500071.229999999981374, 241020.79 ], [ 500071.229999999981374, 241023.79 ], [ 500070.229999999981374, 241025.29 ], [ 500068.229999999981374, 241024.79 ], [ 500067.229999999981374, 241026.29 ], [ 500062.729999999981374, 241026.79 ], [ 500062.729999999981374, 241027.79 ], [ 500062.229999999981374, 241026.79 ], [ 500058.729999999981374, 241026.29 ], [ 500057.729999999981374, 241028.29 ], [ 500055.229999999981374, 241028.29 ], [ 500051.729999999981374, 241029.79 ], [ 500049.229999999981374, 241033.79 ], [ 500043.229999999981374, 241035.79 ], [ 500042.729999999981374, 241037.29 ], [ 500041.729999999981374, 241037.29 ], [ 500041.729999999981374, 241040.29 ], [ 500042.729999999981374, 241041.79 ], [ 500042.729999999981374, 241053.79 ], [ 500041.729999999981374, 241055.29 ], [ 500041.729999999981374, 241061.29 ], [ 500039.729999999981374, 241064.79 ], [ 500039.729999999981374, 241067.79 ], [ 500046.229999999981374, 241072.29 ], [ 500045.729999999981374, 241074.79 ], [ 500047.229999999981374, 241072.79 ], [ 500049.229999999981374, 241074.29 ], [ 500045.729999999981374, 241085.29 ], [ 500041.729999999981374, 241086.79 ], [ 500044.729999999981374, 241094.29 ], [ 500045.729999999981374, 241094.29 ], [ 500047.729999999981374, 241097.79 ], [ 500047.729999999981374, 241101.79 ], [ 500045.729999999981374, 241104.79 ], [ 500044.729999999981374, 241104.79 ], [ 500044.729999999981374, 241106.29 ], [ 500048.729999999981374, 241109.29 ], [ 500049.229999999981374, 241113.79 ], [ 500050.229999999981374, 241115.29 ], [ 500049.229999999981374, 241118.79 ], [ 500050.229999999981374, 241118.79 ], [ 500051.729999999981374, 241121.79 ], [ 500054.729999999981374, 241124.29 ], [ 500054.729999999981374, 241125.79 ], [ 500057.729999999981374, 241129.29 ], [ 500058.229999999981374, 241131.79 ], [ 500059.729999999981374, 241132.29 ], [ 500062.729999999981374, 241136.29 ], [ 500065.729999999981374, 241136.79 ], [ 500065.729999999981374, 241137.79 ], [ 500067.229999999981374, 241138.29 ], [ 500068.729999999981374, 241140.29 ], [ 500068.729999999981374, 241143.29 ], [ 500072.729999999981374, 241145.79 ], [ 500080.729999999981374, 241145.79 ], [ 500086.229999999981374, 241148.29 ], [ 500085.229999999981374, 241151.79 ], [ 500081.229999999981374, 241154.29 ], [ 500077.729999999981374, 241153.79 ], [ 500077.729999999981374, 241155.79 ], [ 500074.729999999981374, 241156.29 ], [ 500074.729999999981374, 241157.29 ], [ 500072.229999999981374, 241159.29 ], [ 500071.729999999981374, 241161.29 ], [ 500072.729999999981374, 241169.79 ], [ 500078.729999999981374, 241174.79 ], [ 500081.729999999981374, 241180.29 ], [ 500082.229999999981374, 241189.79 ], [ 500080.729999999981374, 241191.79 ], [ 500077.229999999981374, 241193.79 ], [ 500075.729999999981374, 241197.79 ], [ 500071.729999999981374, 241199.79 ], [ 500071.729999999981374, 241200.79 ], [ 500070.229999999981374, 241201.29 ], [ 500068.229999999981374, 241204.29 ], [ 500065.729999999981374, 241205.79 ], [ 500064.729999999981374, 241208.79 ], [ 500062.229999999981374, 241211.29 ], [ 500060.229999999981374, 241212.79 ], [ 500056.729999999981374, 241213.29 ], [ 500049.229999999981374, 241216.79 ], [ 500049.229999999981374, 241220.29 ], [ 500050.729999999981374, 241225.29 ], [ 500056.229999999981374, 241230.29 ], [ 500056.729999999981374, 241232.29 ], [ 500062.229999999981374, 241238.29 ], [ 500063.729999999981374, 241241.79 ], [ 500067.229999999981374, 241244.79 ], [ 500067.229999999981374, 241245.79 ], [ 500068.229999999981374, 241245.79 ], [ 500069.729999999981374, 241249.29 ], [ 500075.729999999981374, 241254.79 ], [ 500080.729999999981374, 241262.79 ], [ 500081.729999999981374, 241262.79 ], [ 500083.729999999981374, 241265.79 ], [ 500087.229999999981374, 241266.79 ], [ 500088.729999999981374, 241269.79 ], [ 500094.229999999981374, 241272.79 ], [ 500096.229999999981374, 241272.79 ], [ 500100.229999999981374, 241269.79 ], [ 500100.229999999981374, 241268.79 ], [ 500106.729999999981374, 241267.29 ], [ 500114.729999999981374, 241273.29 ], [ 500117.729999999981374, 241278.79 ], [ 500119.229999999981374, 241279.29 ], [ 500120.729999999981374, 241283.29 ], [ 500122.229999999981374, 241283.79 ], [ 500122.729999999981374, 241286.29 ], [ 500129.229999999981374, 241295.79 ], [ 500130.229999999981374, 241300.29 ], [ 500134.229999999981374, 241305.29 ], [ 500134.229999999981374, 241311.79 ], [ 500133.229999999981374, 241312.29 ], [ 500132.729999999981374, 241314.79 ], [ 500130.229999999981374, 241316.29 ], [ 500129.729999999981374, 241320.29 ], [ 500128.229999999981374, 241323.29 ], [ 500125.229999999981374, 241325.79 ], [ 500122.229999999981374, 241332.79 ], [ 500119.729999999981374, 241335.79 ], [ 500119.229999999981374, 241342.29 ], [ 500122.729999999981374, 241345.29 ], [ 500125.229999999981374, 241349.29 ], [ 500126.729999999981374, 241349.29 ], [ 500132.229999999981374, 241353.79 ], [ 500134.229999999981374, 241354.29 ], [ 500134.229999999981374, 241355.29 ], [ 500136.229999999981374, 241355.79 ], [ 500137.229999999981374, 241357.29 ], [ 500141.229999999981374, 241357.29 ], [ 500142.229999999981374, 241355.79 ], [ 500146.729999999981374, 241355.29 ], [ 500149.729999999981374, 241357.79 ], [ 500153.729999999981374, 241359.29 ], [ 500157.229999999981374, 241359.29 ], [ 500158.729999999981374, 241357.29 ], [ 500162.729999999981374, 241356.79 ], [ 500163.729999999981374, 241355.29 ], [ 500167.729999999981374, 241353.79 ], [ 500169.229999999981374, 241351.79 ], [ 500173.229999999981374, 241350.29 ], [ 500173.729999999981374, 241348.79 ], [ 500177.229999999981374, 241347.79 ], [ 500178.229999999981374, 241346.29 ], [ 500181.229999999981374, 241345.29 ], [ 500182.229999999981374, 241346.29 ], [ 500182.729999999981374, 241345.29 ], [ 500185.729999999981374, 241344.79 ], [ 500186.729999999981374, 241343.29 ], [ 500193.229999999981374, 241343.29 ], [ 500199.729999999981374, 241337.79 ], [ 500206.229999999981374, 241337.79 ], [ 500206.729999999981374, 241338.79 ], [ 500208.729999999981374, 241338.79 ], [ 500210.729999999981374, 241334.79 ], [ 500222.229999999981374, 241333.79 ], [ 500225.229999999981374, 241332.79 ], [ 500226.729999999981374, 241330.79 ], [ 500230.229999999981374, 241330.79 ], [ 500233.229999999981374, 241329.79 ], [ 500234.729999999981374, 241327.79 ], [ 500237.729999999981374, 241327.29 ], [ 500238.229999999981374, 241322.79 ], [ 500239.229999999981374, 241322.79 ], [ 500239.729999999981374, 241320.79 ], [ 500241.229999999981374, 241320.79 ], [ 500242.229999999981374, 241319.29 ], [ 500242.229999999981374, 241318.29 ], [ 500240.729999999981374, 241317.79 ], [ 500240.729999999981374, 241316.29 ], [ 500245.729999999981374, 241314.79 ], [ 500246.729999999981374, 241313.29 ], [ 500249.729999999981374, 241313.29 ], [ 500249.729999999981374, 241312.29 ], [ 500251.729999999981374, 241310.79 ], [ 500256.729999999981374, 241310.29 ], [ 500257.229999999981374, 241309.29 ], [ 500259.729999999981374, 241308.79 ], [ 500260.729999999981374, 241306.79 ], [ 500263.229999999981374, 241306.29 ], [ 500264.729999999981374, 241303.79 ], [ 500266.729999999981374, 241303.29 ], [ 500268.229999999981374, 241301.29 ], [ 500272.729999999981374, 241299.79 ], [ 500272.729999999981374, 241298.79 ], [ 500275.729999999981374, 241296.79 ], [ 500278.729999999981374, 241295.79 ], [ 500280.729999999981374, 241293.29 ], [ 500280.229999999981374, 241290.29 ], [ 500281.229999999981374, 241289.29 ], [ 500282.729999999981374, 241289.79 ], [ 500282.229999999981374, 241293.29 ], [ 500283.229999999981374, 241293.29 ], [ 500285.729999999981374, 241290.79 ], [ 500286.229999999981374, 241288.29 ], [ 500287.729999999981374, 241287.79 ], [ 500287.729999999981374, 241286.29 ], [ 500289.229999999981374, 241284.79 ], [ 500289.229999999981374, 241282.29 ], [ 500287.729999999981374, 241281.79 ], [ 500287.729999999981374, 241280.29 ], [ 500289.229999999981374, 241278.79 ], [ 500291.729999999981374, 241279.29 ], [ 500291.729999999981374, 241277.29 ], [ 500292.729999999981374, 241276.29 ], [ 500293.729999999981374, 241276.29 ], [ 500293.729999999981374, 241277.79 ], [ 500292.729999999981374, 241278.79 ], [ 500294.729999999981374, 241279.29 ], [ 500295.229999999981374, 241280.29 ], [ 500297.729999999981374, 241280.79 ], [ 500298.229999999981374, 241279.29 ], [ 500299.729999999981374, 241278.79 ], [ 500299.729999999981374, 241274.79 ], [ 500302.729999999981374, 241272.79 ], [ 500302.729999999981374, 241271.79 ], [ 500305.229999999981374, 241269.79 ], [ 500305.229999999981374, 241268.29 ], [ 500309.729999999981374, 241264.29 ], [ 500309.729999999981374, 241262.79 ], [ 500311.729999999981374, 241260.79 ], [ 500311.729999999981374, 241258.79 ], [ 500315.229999999981374, 241255.29 ], [ 500318.229999999981374, 241255.29 ], [ 500319.229999999981374, 241254.29 ], [ 500319.229999999981374, 241252.29 ], [ 500322.229999999981374, 241252.79 ], [ 500323.729999999981374, 241250.79 ], [ 500324.729999999981374, 241250.79 ], [ 500325.729999999981374, 241242.79 ], [ 500323.729999999981374, 241239.79 ], [ 500323.229999999981374, 241235.29 ], [ 500326.229999999981374, 241231.79 ], [ 500326.229999999981374, 241228.29 ], [ 500325.229999999981374, 241227.79 ], [ 500324.729999999981374, 241225.79 ], [ 500320.729999999981374, 241221.29 ], [ 500320.229999999981374, 241219.29 ], [ 500319.229999999981374, 241219.29 ], [ 500318.729999999981374, 241217.29 ], [ 500315.729999999981374, 241215.29 ], [ 500313.229999999981374, 241208.79 ], [ 500311.229999999981374, 241207.29 ], [ 500310.229999999981374, 241204.29 ], [ 500302.729999999981374, 241194.29 ], [ 500302.229999999981374, 241192.29 ], [ 500299.229999999981374, 241189.29 ], [ 500296.729999999981374, 241184.29 ], [ 500290.729999999981374, 241178.79 ], [ 500290.729999999981374, 241177.79 ], [ 500288.729999999981374, 241176.29 ], [ 500288.729999999981374, 241174.29 ], [ 500284.229999999981374, 241170.79 ], [ 500284.229999999981374, 241169.29 ], [ 500281.729999999981374, 241168.29 ], [ 500281.729999999981374, 241166.29 ], [ 500279.729999999981374, 241161.79 ], [ 500277.229999999981374, 241159.29 ], [ 500277.229999999981374, 241156.79 ], [ 500275.229999999981374, 241154.29 ], [ 500275.229999999981374, 241152.79 ], [ 500269.729999999981374, 241149.29 ], [ 500269.729999999981374, 241147.29 ], [ 500268.229999999981374, 241147.29 ], [ 500269.229999999981374, 241145.79 ], [ 500267.229999999981374, 241144.29 ], [ 500267.729999999981374, 241141.29 ], [ 500265.729999999981374, 241135.79 ], [ 500266.229999999981374, 241132.79 ], [ 500265.229999999981374, 241132.29 ], [ 500264.729999999981374, 241115.29 ], [ 500263.229999999981374, 241111.79 ], [ 500263.229999999981374, 241108.29 ], [ 500260.729999999981374, 241104.29 ], [ 500260.729999999981374, 241102.29 ], [ 500259.229999999981374, 241101.79 ], [ 500258.229999999981374, 241099.29 ], [ 500258.729999999981374, 241096.29 ], [ 500256.229999999981374, 241094.79 ], [ 500255.229999999981374, 241092.79 ], [ 500251.729999999981374, 241091.29 ], [ 500249.729999999981374, 241088.29 ], [ 500248.729999999981374, 241088.29 ], [ 500248.229999999981374, 241085.79 ], [ 500247.229999999981374, 241085.79 ], [ 500247.229999999981374, 241082.29 ], [ 500245.729999999981374, 241081.29 ], [ 500245.229999999981374, 241078.79 ], [ 500243.729999999981374, 241077.29 ], [ 500243.729999999981374, 241062.79 ], [ 500245.229999999981374, 241059.29 ], [ 500245.729999999981374, 241054.29 ], [ 500247.729999999981374, 241053.29 ], [ 500247.229999999981374, 241050.79 ], [ 500248.729999999981374, 241050.29 ], [ 500248.729999999981374, 241047.79 ], [ 500249.729999999981374, 241047.29 ], [ 500249.729999999981374, 241038.29 ], [ 500251.729999999981374, 241035.79 ], [ 500251.229999999981374, 241028.29 ], [ 500249.729999999981374, 241027.29 ], [ 500250.729999999981374, 241025.29 ], [ 500249.729999999981374, 241024.79 ], [ 500249.729999999981374, 241021.79 ], [ 500247.229999999981374, 241019.29 ], [ 500245.229999999981374, 241012.29 ], [ 500243.729999999981374, 241010.29 ], [ 500242.229999999981374, 241010.79 ], [ 500240.729999999981374, 241009.79 ], [ 500239.729999999981374, 241003.29 ], [ 500238.229999999981374, 241001.79 ], [ 500235.229999999981374, 241001.79 ], [ 500234.229999999981374, 240995.29 ], [ 500232.729999999981374, 240993.79 ], [ 500230.229999999981374, 240993.79 ], [ 500228.729999999981374, 240990.79 ], [ 500226.229999999981374, 240993.79 ], [ 500219.729999999981374, 240994.79 ], [ 500220.229999999981374, 240993.79 ], [ 500222.729999999981374, 240993.79 ], [ 500224.729999999981374, 240991.79 ], [ 500223.729999999981374, 240990.29 ], [ 500226.229999999981374, 240988.79 ], [ 500223.729999999981374, 240985.79 ], [ 500223.229999999981374, 240983.29 ], [ 500221.729999999981374, 240982.79 ], [ 500221.729999999981374, 240980.29 ], [ 500214.229999999981374, 240977.79 ], [ 500209.229999999981374, 240972.79 ], [ 500203.729999999981374, 240972.79 ], [ 500202.229999999981374, 240970.79 ], [ 500203.229999999981374, 240966.29 ], [ 500200.729999999981374, 240964.79 ], [ 500197.729999999981374, 240960.79 ], [ 500193.229999999981374, 240958.79 ], [ 500192.729999999981374, 240957.79 ], [ 500188.729999999981374, 240956.79 ], [ 500184.729999999981374, 240953.29 ], [ 500178.229999999981374, 240952.79 ], [ 500174.729999999981374, 240950.29 ], [ 500167.729999999981374, 240950.79 ], [ 500165.729999999981374, 240949.29 ], [ 500161.729999999981374, 240949.79 ], [ 500159.729999999981374, 240952.79 ], [ 500156.229999999981374, 240953.29 ], [ 500150.229999999981374, 240950.29 ], [ 500149.729999999981374, 240954.79 ], [ 500150.729999999981374, 240954.79 ], [ 500150.729999999981374, 240955.79 ], [ 500147.229999999981374, 240955.79 ], [ 500146.729999999981374, 240954.79 ], [ 500145.229999999981374, 240954.79 ], [ 500144.729999999981374, 240956.29 ], [ 500143.729999999981374, 240956.29 ], [ 500145.229999999981374, 240957.79 ], [ 500147.729999999981374, 240957.79 ], [ 500149.729999999981374, 240959.79 ], [ 500149.729999999981374, 240963.29 ], [ 500147.729999999981374, 240965.29 ], [ 500143.729999999981374, 240966.79 ], [ 500140.229999999981374, 240966.79 ], [ 500135.729999999981374, 240968.29 ], [ 500130.229999999981374, 240968.29 ], [ 500128.729999999981374, 240969.79 ], [ 500124.229999999981374, 240969.79 ], [ 500122.229999999981374, 240968.29 ], [ 500121.229999999981374, 240970.79 ], [ 500116.729999999981374, 240971.29 ], [ 500116.729999999981374, 240972.29 ], [ 500111.729999999981374, 240972.79 ], [ 500111.729999999981374, 240973.79 ], [ 500108.729999999981374, 240974.29 ], [ 500106.229999999981374, 240973.29 ], [ 500103.729999999981374, 240975.79 ], [ 500099.729999999981374, 240975.79 ], [ 500098.729999999981374, 240977.29 ], [ 500095.229999999981374, 240977.29 ], [ 500093.729999999981374, 240979.29 ], [ 500089.229999999981374, 240979.29 ], [ 500086.729999999981374, 240981.29 ], [ 500083.229999999981374, 240980.29 ], [ 500082.229999999981374, 240981.79 ], [ 500080.729999999981374, 240980.79 ], [ 500080.729999999981374, 240979.29 ], [ 500079.229999999981374, 240981.29 ], [ 500072.729999999981374, 240981.29 ], [ 500072.729999999981374, 240980.29 ], [ 500067.729999999981374, 240979.29 ], [ 500065.729999999981374, 240977.29 ], [ 500065.229999999981374, 240978.29 ], [ 500063.229999999981374, 240978.29 ], [ 500062.729999999981374, 240977.29 ], [ 500061.229999999981374, 240977.29 ], [ 500060.729999999981374, 240978.79 ], [ 500058.229999999981374, 240979.29 ], [ 500056.229999999981374, 240977.79 ], [ 500056.729999999981374, 240976.29 ], [ 500054.229999999981374, 240974.79 ], [ 500050.729999999981374, 240976.29 ], [ 500050.229999999981374, 240978.29 ], [ 500049.229999999981374, 240978.79 ], [ 500047.729999999981374, 240978.79 ], [ 500047.229999999981374, 240977.29 ], [ 500044.229999999981374, 240977.79 ], [ 500042.729999999981374, 240976.79 ], [ 500041.729999999981374, 240982.79 ], [ 500040.229999999981374, 240984.29 ], [ 500039.729999999981374, 240986.79 ], [ 500036.729999999981374, 240989.29 ], [ 500037.229999999981374, 240990.29 ], [ 500047.729999999981374, 240990.79 ], [ 500055.229999999981374, 240996.79 ], [ 500059.229999999981374, 240996.29 ], [ 500059.229999999981374, 240993.79 ], [ 500060.729999999981374, 240993.79 ], [ 500060.729999999981374, 240999.29 ], [ 500061.729999999981374, 240999.79 ], [ 500062.729999999981374, 240998.79 ], [ 500066.729999999981374, 241000.79 ], [ 500065.729999999981374, 241003.29 ], [ 500066.729999999981374, 241003.79 ], [ 500067.229999999981374, 241006.79 ], [ 500066.229999999981374, 241006.29 ], [ 500064.229999999981374, 241008.29 ], [ 500064.229999999981374, 241010.29 ], [ 500062.729999999981374, 241011.79 ], [ 500059.729999999981374, 241011.79 ], [ 500058.729999999981374, 241014.79 ], [ 500061.729999999981374, 241017.79 ], [ 500062.229999999981374, 241020.79 ], [ 500063.729999999981374, 241021.79 ], [ 500066.729999999981374, 241020.79 ], [ 500067.729999999981374, 241021.29 ], [ 500068.729999999981374, 241020.29 ], [ 500071.229999999981374, 241020.79 ] ], [ [ 500219.729999999981374, 240994.79 ], [ 500219.729999999981374, 240995.29 ], [ 500218.729999999981374, 240995.29 ], [ 500218.729999999981374, 240994.79 ], [ 500219.729999999981374, 240994.79 ] ], [ [ 500071.229999999981374, 241020.79 ], [ 500071.229999999981374, 241020.29 ], [ 500072.229999999981374, 241020.29 ], [ 500072.229999999981374, 241020.79 ], [ 500071.229999999981374, 241020.79 ] ], [ [ 500320.229999999981374, 241244.79 ], [ 500320.229999999981374, 241244.29 ], [ 500320.729999999981374, 241244.29 ], [ 500320.729999999981374, 241244.79 ], [ 500320.229999999981374, 241244.79 ] ], [ [ 500320.729999999981374, 241244.29 ], [ 500320.729999999981374, 241243.79 ], [ 500321.229999999981374, 241243.79 ], [ 500321.229999999981374, 241244.29 ], [ 500320.729999999981374, 241244.29 ] ], [ [ 500308.729999999981374, 241245.79 ], [ 500308.729999999981374, 241245.29 ], [ 500309.229999999981374, 241245.29 ], [ 500309.229999999981374, 241245.79 ], [ 500308.729999999981374, 241245.79 ] ], [ [ 500305.729999999981374, 241245.79 ], [ 500306.229999999981374, 241244.79 ], [ 500307.229999999981374, 241245.29 ], [ 500307.229999999981374, 241245.79 ], [ 500305.729999999981374, 241245.79 ] ], [ [ 500238.229999999981374, 241301.29 ], [ 500228.229999999981374, 241298.79 ], [ 500227.729999999981374, 241297.29 ], [ 500224.729999999981374, 241296.79 ], [ 500219.729999999981374, 241292.79 ], [ 500217.729999999981374, 241292.79 ], [ 500215.229999999981374, 241290.79 ], [ 500215.229999999981374, 241289.79 ], [ 500213.229999999981374, 241289.79 ], [ 500211.229999999981374, 241288.29 ], [ 500210.729999999981374, 241286.29 ], [ 500208.229999999981374, 241285.79 ], [ 500206.729999999981374, 241283.79 ], [ 500205.229999999981374, 241283.79 ], [ 500205.229999999981374, 241278.79 ], [ 500204.729999999981374, 241277.29 ], [ 500203.729999999981374, 241277.29 ], [ 500203.729999999981374, 241272.79 ], [ 500204.729999999981374, 241272.79 ], [ 500205.229999999981374, 241270.29 ], [ 500205.229999999981374, 241267.79 ], [ 500204.229999999981374, 241266.79 ], [ 500206.229999999981374, 241264.29 ], [ 500206.229999999981374, 241259.79 ], [ 500205.729999999981374, 241258.29 ], [ 500201.729999999981374, 241258.29 ], [ 500201.729999999981374, 241256.29 ], [ 500204.229999999981374, 241253.29 ], [ 500205.729999999981374, 241253.29 ], [ 500209.729999999981374, 241250.29 ], [ 500209.729999999981374, 241247.79 ], [ 500212.229999999981374, 241247.29 ], [ 500212.229999999981374, 241244.79 ], [ 500211.229999999981374, 241243.79 ], [ 500212.229999999981374, 241241.79 ], [ 500210.729999999981374, 241241.29 ], [ 500210.729999999981374, 241239.29 ], [ 500213.729999999981374, 241235.79 ], [ 500217.229999999981374, 241235.79 ], [ 500220.729999999981374, 241233.79 ], [ 500222.729999999981374, 241230.79 ], [ 500221.729999999981374, 241230.29 ], [ 500220.229999999981374, 241225.29 ], [ 500219.229999999981374, 241224.79 ], [ 500219.729999999981374, 241222.29 ], [ 500218.729999999981374, 241222.29 ], [ 500217.729999999981374, 241219.29 ], [ 500216.729999999981374, 241219.29 ], [ 500215.729999999981374, 241215.29 ], [ 500213.229999999981374, 241212.29 ], [ 500213.729999999981374, 241210.29 ], [ 500212.729999999981374, 241210.29 ], [ 500212.729999999981374, 241214.79 ], [ 500214.229999999981374, 241214.79 ], [ 500214.229999999981374, 241219.29 ], [ 500216.229999999981374, 241221.29 ], [ 500215.729999999981374, 241223.29 ], [ 500216.729999999981374, 241223.29 ], [ 500217.729999999981374, 241226.29 ], [ 500219.229999999981374, 241227.29 ], [ 500219.229999999981374, 241228.29 ], [ 500216.229999999981374, 241228.79 ], [ 500215.729999999981374, 241229.79 ], [ 500212.729999999981374, 241229.79 ], [ 500212.729999999981374, 241225.29 ], [ 500210.729999999981374, 241223.79 ], [ 500210.729999999981374, 241222.29 ], [ 500207.729999999981374, 241219.29 ], [ 500208.229999999981374, 241218.29 ], [ 500206.229999999981374, 241215.79 ], [ 500205.229999999981374, 241215.79 ], [ 500205.229999999981374, 241214.79 ], [ 500204.229999999981374, 241214.79 ], [ 500201.729999999981374, 241211.79 ], [ 500199.229999999981374, 241211.29 ], [ 500194.729999999981374, 241208.29 ], [ 500192.729999999981374, 241205.29 ], [ 500191.729999999981374, 241205.29 ], [ 500190.729999999981374, 241202.79 ], [ 500188.729999999981374, 241202.79 ], [ 500188.229999999981374, 241201.29 ], [ 500180.729999999981374, 241196.29 ], [ 500180.229999999981374, 241194.29 ], [ 500181.229999999981374, 241193.79 ], [ 500181.729999999981374, 241194.79 ], [ 500184.729999999981374, 241194.79 ], [ 500185.229999999981374, 241195.79 ], [ 500186.729999999981374, 241195.29 ], [ 500186.729999999981374, 241196.29 ], [ 500191.729999999981374, 241196.79 ], [ 500191.729999999981374, 241197.79 ], [ 500193.729999999981374, 241197.29 ], [ 500193.729999999981374, 241196.29 ], [ 500192.229999999981374, 241196.29 ], [ 500191.729999999981374, 241195.29 ], [ 500188.229999999981374, 241194.79 ], [ 500188.229999999981374, 241193.29 ], [ 500190.229999999981374, 241190.29 ], [ 500187.229999999981374, 241184.79 ], [ 500191.229999999981374, 241184.79 ], [ 500191.229999999981374, 241180.79 ], [ 500193.729999999981374, 241180.79 ], [ 500194.729999999981374, 241178.29 ], [ 500197.729999999981374, 241178.29 ], [ 500199.229999999981374, 241179.79 ], [ 500203.229999999981374, 241180.29 ], [ 500205.729999999981374, 241183.29 ], [ 500210.729999999981374, 241184.29 ], [ 500211.229999999981374, 241187.29 ], [ 500213.729999999981374, 241188.79 ], [ 500214.729999999981374, 241190.79 ], [ 500217.229999999981374, 241191.79 ], [ 500217.729999999981374, 241194.79 ], [ 500220.229999999981374, 241197.79 ], [ 500219.729999999981374, 241199.29 ], [ 500218.229999999981374, 241199.79 ], [ 500218.229999999981374, 241203.79 ], [ 500222.229999999981374, 241207.29 ], [ 500228.229999999981374, 241208.29 ], [ 500227.729999999981374, 241212.29 ], [ 500228.729999999981374, 241213.79 ], [ 500227.229999999981374, 241214.79 ], [ 500227.729999999981374, 241217.29 ], [ 500228.729999999981374, 241217.29 ], [ 500229.729999999981374, 241214.79 ], [ 500231.229999999981374, 241214.79 ], [ 500233.729999999981374, 241217.79 ], [ 500233.729999999981374, 241222.29 ], [ 500232.229999999981374, 241222.29 ], [ 500231.729999999981374, 241223.29 ], [ 500232.229999999981374, 241232.79 ], [ 500233.729999999981374, 241235.79 ], [ 500235.229999999981374, 241235.29 ], [ 500235.229999999981374, 241233.29 ], [ 500236.229999999981374, 241232.29 ], [ 500237.729999999981374, 241232.79 ], [ 500238.229999999981374, 241234.29 ], [ 500239.729999999981374, 241233.79 ], [ 500239.729999999981374, 241238.29 ], [ 500238.729999999981374, 241238.79 ], [ 500236.729999999981374, 241237.79 ], [ 500235.729999999981374, 241238.79 ], [ 500236.229999999981374, 241241.29 ], [ 500237.729999999981374, 241242.29 ], [ 500238.229999999981374, 241244.29 ], [ 500239.729999999981374, 241244.79 ], [ 500240.729999999981374, 241244.29 ], [ 500240.729999999981374, 241239.79 ], [ 500242.729999999981374, 241239.29 ], [ 500244.229999999981374, 241242.79 ], [ 500245.729999999981374, 241243.79 ], [ 500245.729999999981374, 241246.29 ], [ 500243.729999999981374, 241246.29 ], [ 500243.729999999981374, 241247.29 ], [ 500242.729999999981374, 241247.29 ], [ 500243.729999999981374, 241249.29 ], [ 500245.729999999981374, 241249.29 ], [ 500245.729999999981374, 241252.79 ], [ 500243.729999999981374, 241253.79 ], [ 500243.229999999981374, 241255.79 ], [ 500245.729999999981374, 241258.29 ], [ 500248.229999999981374, 241255.29 ], [ 500250.229999999981374, 241259.29 ], [ 500252.229999999981374, 241267.29 ], [ 500252.229999999981374, 241277.29 ], [ 500254.729999999981374, 241277.79 ], [ 500254.729999999981374, 241284.79 ], [ 500252.729999999981374, 241285.79 ], [ 500251.729999999981374, 241294.29 ], [ 500248.729999999981374, 241298.29 ], [ 500244.229999999981374, 241300.29 ], [ 500238.229999999981374, 241301.29 ] ], [ [ 500212.729999999981374, 240998.29 ], [ 500212.729999999981374, 240994.79 ], [ 500215.229999999981374, 240994.29 ], [ 500215.729999999981374, 240995.29 ], [ 500218.229999999981374, 240995.29 ], [ 500218.229999999981374, 240996.79 ], [ 500215.229999999981374, 240996.79 ], [ 500215.229999999981374, 240997.79 ], [ 500212.729999999981374, 240998.29 ] ], [ [ 500146.229999999981374, 241293.29 ], [ 500141.729999999981374, 241292.29 ], [ 500141.729999999981374, 241288.79 ], [ 500139.729999999981374, 241286.79 ], [ 500140.729999999981374, 241285.29 ], [ 500143.729999999981374, 241284.79 ], [ 500145.229999999981374, 241285.79 ], [ 500146.729999999981374, 241284.79 ], [ 500148.229999999981374, 241286.29 ], [ 500149.229999999981374, 241284.79 ], [ 500151.229999999981374, 241285.29 ], [ 500152.229999999981374, 241283.29 ], [ 500153.729999999981374, 241283.29 ], [ 500154.229999999981374, 241282.29 ], [ 500158.729999999981374, 241282.29 ], [ 500160.229999999981374, 241278.79 ], [ 500162.729999999981374, 241280.29 ], [ 500162.729999999981374, 241279.29 ], [ 500167.729999999981374, 241278.79 ], [ 500168.229999999981374, 241277.79 ], [ 500175.229999999981374, 241274.79 ], [ 500184.229999999981374, 241274.79 ], [ 500185.229999999981374, 241273.29 ], [ 500187.229999999981374, 241273.29 ], [ 500189.729999999981374, 241275.79 ], [ 500188.229999999981374, 241278.79 ], [ 500181.229999999981374, 241283.79 ], [ 500179.229999999981374, 241286.79 ], [ 500177.729999999981374, 241286.79 ], [ 500177.729999999981374, 241287.79 ], [ 500176.229999999981374, 241288.29 ], [ 500173.729999999981374, 241288.29 ], [ 500173.229999999981374, 241289.29 ], [ 500170.229999999981374, 241289.29 ], [ 500170.229999999981374, 241290.79 ], [ 500168.229999999981374, 241291.29 ], [ 500167.229999999981374, 241292.79 ], [ 500165.729999999981374, 241292.79 ], [ 500165.229999999981374, 241291.29 ], [ 500163.229999999981374, 241291.79 ], [ 500161.729999999981374, 241290.79 ], [ 500159.729999999981374, 241286.29 ], [ 500154.229999999981374, 241286.29 ], [ 500154.229999999981374, 241285.29 ], [ 500153.229999999981374, 241285.29 ], [ 500152.729999999981374, 241292.29 ], [ 500146.229999999981374, 241293.29 ] ], [ [ 500137.229999999981374, 241193.79 ], [ 500134.729999999981374, 241193.29 ], [ 500134.229999999981374, 241192.29 ], [ 500128.729999999981374, 241191.79 ], [ 500128.229999999981374, 241190.79 ], [ 500125.729999999981374, 241190.79 ], [ 500121.229999999981374, 241188.79 ], [ 500121.229999999981374, 241184.79 ], [ 500101.729999999981374, 241184.29 ], [ 500113.729999999981374, 241182.79 ], [ 500129.729999999981374, 241176.29 ], [ 500134.729999999981374, 241175.29 ], [ 500135.729999999981374, 241174.29 ], [ 500138.729999999981374, 241174.29 ], [ 500139.729999999981374, 241172.79 ], [ 500140.729999999981374, 241173.79 ], [ 500158.729999999981374, 241174.29 ], [ 500160.229999999981374, 241175.29 ], [ 500164.729999999981374, 241175.79 ], [ 500165.729999999981374, 241176.79 ], [ 500170.229999999981374, 241177.29 ], [ 500173.229999999981374, 241179.79 ], [ 500174.729999999981374, 241179.79 ], [ 500172.729999999981374, 241181.79 ], [ 500175.229999999981374, 241184.29 ], [ 500175.229999999981374, 241185.79 ], [ 500173.729999999981374, 241187.29 ], [ 500172.229999999981374, 241187.29 ], [ 500171.729999999981374, 241185.79 ], [ 500170.729999999981374, 241185.79 ], [ 500170.229999999981374, 241187.29 ], [ 500168.229999999981374, 241187.29 ], [ 500166.229999999981374, 241185.79 ], [ 500166.229999999981374, 241184.79 ], [ 500164.229999999981374, 241184.79 ], [ 500159.229999999981374, 241188.79 ], [ 500153.729999999981374, 241190.79 ], [ 500153.229999999981374, 241191.79 ], [ 500150.729999999981374, 241191.79 ], [ 500146.729999999981374, 241193.79 ], [ 500137.229999999981374, 241193.79 ] ] ] } },
{ "type": "Feature", "properties": { "mainhabs": "Lowland fens,Reedbeds", "habcodes": "LFENS, RBEDS", "featdesc": null, "featcodes": null, "otherclass": null, "addhabs": "LCGRA", "primsource": "Reedbeds at Marston Vale Millenium Country Park 2008 (LFENS), Feedback from Natural England adviser or specialist 2023 (RBEDS)", "areaha": "0.05", "version": "Sep_25", "uid": "PHID50015253_024118503", "shape_length": null, "shape_area": null, "site": "millbrook", "pid": 30, "method": "vote" }, "geometry": { "type": "Polygon", "coordinates": [ [ [ 500137.229999999981374, 241193.79 ], [ 500146.729999999981374, 241193.79 ], [ 500150.729999999981374, 241191.79 ], [ 500153.229999999981374, 241191.79 ], [ 500157.729999999981374, 241188.79 ], [ 500159.229999999981374, 241188.79 ], [ 500164.229999999981374, 241184.79 ], [ 500166.229999999981374, 241184.79 ], [ 500166.229999999981374, 241185.79 ], [ 500168.229999999981374, 241187.29 ], [ 500168.729999999981374, 241186.29 ], [ 500169.729999999981374, 241187.29 ], [ 500171.729999999981374, 241185.79 ], [ 500173.729999999981374, 241187.29 ], [ 500173.729999999981374, 241186.29 ], [ 500175.229999999981374, 241185.79 ], [ 500175.229999999981374, 241184.29 ], [ 500169.729999999981374, 241179.29 ], [ 500164.229999999981374, 241177.29 ], [ 500161.729999999981374, 241177.29 ], [ 500161.229999999981374, 241178.29 ], [ 500157.229999999981374, 241178.79 ], [ 500155.729999999981374, 241180.29 ], [ 500151.729999999981374, 241181.29 ], [ 500150.729999999981374, 241182.79 ], [ 500148.729999999981374, 241183.29 ], [ 500148.229999999981374, 241184.79 ], [ 500146.229999999981374, 241184.79 ], [ 500145.729999999981374, 241185.79 ], [ 500141.229999999981374, 241184.79 ], [ 500132.729999999981374, 241185.79 ], [ 500131.729999999981374, 241184.79 ], [ 500128.229999999981374, 241184.29 ], [ 500122.729999999981374, 241184.29 ], [ 500120.729999999981374, 241185.29 ], [ 500121.229999999981374, 241188.79 ], [ 500125.729999999981374, 241190.79 ], [ 500128.229999999981374, 241190.79 ], [ 500128.729999999981374, 241191.79 ], [ 500134.229999999981374, 241192.29 ], [ 500134.729999999981374, 241193.29 ], [ 500137.229999999981374, 241193.79 ] ] ] } },
{ "type": "Feature", "properties": { "mainhabs": "Lowland fens,Reedbeds", "habcodes": "LFENS, RBEDS", "featdesc": null, "featcodes": null, "otherclass": null, "addhabs": "LCGRA", "primsource": "Reedbeds at Marston Vale Millenium Country Park 2008 (LFENS), Feedback from Natural England adviser or specialist 2023 (RBEDS)", "areaha": "0.03", "version": "Sep_25", "uid": "PHID50017313_024128270", "shape_length": null, "shape_area": null, "site": "millbrook", "pid": 31, "method": "vote" }, "geometry": { "type": "Polygon", "coordinates": [ [ [ 500163.229999999981374, 241291.79 ], [ 500177.729999999981374, 241287.79 ], [ 500177.729999999981374, 241286.79 ], [ 500179.229999999981374, 241286.79 ], [ 500179.729999999981374, 241285.29 ], [ 500181.229999999981374, 241284.79 ], [ 500181.229999999981374, 241283.79 ], [ 500188.229999999981374, 241278.79 ], [ 500189.729999999981374, 241275.79 ], [ 500187.229999999981374, 241273.29 ], [ 500185.229999999981374, 241273.29 ], [ 500185.229999999981374, 241274.29 ], [ 500178.229999999981374, 241276.29 ], [ 500175.229999999981374, 241278.79 ], [ 500170.729999999981374, 241279.29 ], [ 500169.229999999981374, 241280.79 ], [ 500165.229999999981374, 241281.79 ], [ 500160.729999999981374, 241285.29 ], [ 500160.229999999981374, 241287.29 ], [ 500161.729999999981374, 241290.79 ], [ 500163.229999999981374, 241291.79 ] ] ] } },
{ "type": "Feature", "properties": { "mainhabs": "Lowland fens,Reedbeds", "habcodes": "LFENS, RBEDS", "featdesc": null, "featcodes": null, "otherclass": null, "addhabs": "LCGRA", "primsource": "Reedbeds at Marston Vale Millenium Country Park 2008 (LFENS), Feedback from Natural England adviser or specialist 2023 (RBEDS)", "areaha": "0.06", "version": "Sep_25", "uid": "PHID50047640_024102212", "shape_length": null, "shape_area": null, "site": "millbrook", "pid": 32, "method": "vote" }, "geometry": { "type": "MultiPolygon", "coordinates": [ [ [ [ 500580.229999999981374, 240946.29 ], [ 500580.729999999981374, 240945.29 ], [ 500582.729999999981374, 240945.29 ], [ 500584.729999999981374, 240942.79 ], [ 500588.229999999981374, 240942.29 ], [ 500589.229999999981374, 240940.29 ], [ 500586.729999999981374, 240938.29 ], [ 500585.229999999981374, 240938.29 ], [ 500583.729999999981374, 240940.29 ], [ 500580.229999999981374, 240940.79 ], [ 500578.729999999981374, 240942.79 ], [ 500578.729999999981374, 240945.79 ], [ 500580.229999999981374, 240946.29 ] ] ], [ [ [ 500521.729999999981374, 240974.29 ], [ 500522.729999999981374, 240973.79 ], [ 500523.229999999981374, 240971.79 ], [ 500529.229999999981374, 240970.79 ], [ 500531.729999999981374, 240971.29 ], [ 500532.729999999981374, 240970.79 ], [ 500532.229999999981374, 240968.79 ], [ 500533.229999999981374, 240967.79 ], [ 500538.729999999981374, 240967.79 ], [ 500538.729999999981374, 240966.79 ], [ 500541.229999999981374, 240966.29 ], [ 500542.729999999981374, 240963.79 ], [ 500548.729999999981374, 240962.79 ], [ 500549.729999999981374, 240961.29 ], [ 500551.229999999981374, 240961.79 ], [ 500551.229999999981374, 240960.79 ], [ 500554.729999999981374, 240959.29 ], [ 500556.729999999981374, 240956.29 ], [ 500554.729999999981374, 240956.29 ], [ 500554.729999999981374, 240957.29 ], [ 500548.729999999981374, 240959.79 ], [ 500545.729999999981374, 240959.29 ], [ 500538.729999999981374, 240963.79 ], [ 500532.729999999981374, 240964.79 ], [ 500532.229999999981374, 240966.29 ], [ 500530.729999999981374, 240966.29 ], [ 500529.229999999981374, 240967.79 ], [ 500521.229999999981374, 240969.79 ], [ 500519.229999999981374, 240971.29 ], [ 500519.229999999981374, 240972.29 ], [ 500514.729999999981374, 240972.79 ], [ 500515.729999999981374, 240974.29 ], [ 500521.729999999981374, 240974.29 ] ] ], [ [ [ 500488.729999999981374, 241046.29 ], [ 500488.729999999981374, 241043.79 ], [ 500487.729999999981374, 241043.29 ], [ 500487.229999999981374, 241041.29 ], [ 500487.229999999981374, 241036.79 ], [ 500485.729999999981374, 241035.79 ], [ 500485.229999999981374, 241032.29 ], [ 500482.729999999981374, 241029.79 ], [ 500482.729999999981374, 241027.79 ], [ 500481.229999999981374, 241026.29 ], [ 500481.229999999981374, 241023.79 ], [ 500478.729999999981374, 241023.29 ], [ 500477.729999999981374, 241020.29 ], [ 500478.229999999981374, 241019.29 ], [ 500475.229999999981374, 241017.29 ], [ 500475.229999999981374, 241014.79 ], [ 500473.229999999981374, 241013.79 ], [ 500471.229999999981374, 241016.29 ], [ 500472.229999999981374, 241016.79 ], [ 500472.729999999981374, 241019.29 ], [ 500475.229999999981374, 241022.29 ], [ 500477.229999999981374, 241026.79 ], [ 500478.229999999981374, 241026.79 ], [ 500478.729999999981374, 241028.79 ], [ 500479.729999999981374, 241029.29 ], [ 500480.229999999981374, 241034.79 ], [ 500481.729999999981374, 241035.79 ], [ 500483.229999999981374, 241040.79 ], [ 500486.229999999981374, 241044.79 ], [ 500486.229999999981374, 241046.79 ], [ 500488.729999999981374, 241047.29 ], [ 500488.729999999981374, 241046.29 ] ] ] ] } },
{ "type": "Feature", "properties": { "mainhabs": "Lowland fens,Reedbeds", "habcodes": "LFENS, RBEDS", "featdesc": null, "featcodes": null, "otherclass": null, "addhabs": "LCGRA", "primsource": "Reedbeds at Marston Vale Millenium Country Park 2008 (LFENS), Feedback from Natural England adviser or specialist 2023 (RBEDS)", "areaha": "0.11", "version": "Sep_25", "uid": "PHID50049588_024085491", "shape_length": null, "shape_area": null, "site": "millbrook", "pid": 33, "method": "vote" }, "geometry": { "type": "Polygon", "coordinates": [ [ [ 500483.229999999981374, 240883.29 ], [ 500485.729999999981374, 240882.29 ], [ 500485.729999999981374, 240881.29 ], [ 500489.229999999981374, 240878.79 ], [ 500489.229999999981374, 240877.79 ], [ 500490.229999999981374, 240877.79 ], [ 500490.229999999981374, 240876.79 ], [ 500493.729999999981374, 240873.29 ], [ 500494.729999999981374, 240873.29 ], [ 500495.229999999981374, 240871.79 ], [ 500496.229999999981374, 240871.79 ], [ 500496.229999999981374, 240870.79 ], [ 500498.229999999981374, 240870.29 ], [ 500499.729999999981374, 240867.79 ], [ 500500.729999999981374, 240867.79 ], [ 500499.729999999981374, 240865.79 ], [ 500511.729999999981374, 240852.79 ], [ 500511.729999999981374, 240850.79 ], [ 500512.729999999981374, 240850.29 ], [ 500513.229999999981374, 240848.29 ], [ 500512.729999999981374, 240846.29 ], [ 500513.729999999981374, 240845.79 ], [ 500514.729999999981374, 240842.79 ], [ 500514.729999999981374, 240839.79 ], [ 500512.729999999981374, 240837.29 ], [ 500497.229999999981374, 240837.29 ], [ 500495.229999999981374, 240838.29 ], [ 500494.729999999981374, 240839.79 ], [ 500492.729999999981374, 240840.29 ], [ 500492.229999999981374, 240843.29 ], [ 500490.729999999981374, 240843.79 ], [ 500490.729999999981374, 240844.79 ], [ 500489.229999999981374, 240844.79 ], [ 500489.229999999981374, 240846.79 ], [ 500487.229999999981374, 240848.29 ], [ 500486.729999999981374, 240850.79 ], [ 500485.729999999981374, 240851.29 ], [ 500485.729999999981374, 240853.29 ], [ 500484.229999999981374, 240854.29 ], [ 500482.729999999981374, 240858.29 ], [ 500481.729999999981374, 240858.29 ], [ 500478.229999999981374, 240870.79 ], [ 500477.229999999981374, 240871.79 ], [ 500478.729999999981374, 240880.79 ], [ 500483.229999999981374, 240883.29 ] ] ] } },
{ "type": "Feature", "properties": { "mainhabs": "Lowland fens,Reedbeds", "habcodes": "LFENS, RBEDS", "featdesc": null, "featcodes": null, "otherclass": null, "addhabs": "LCGRA", "primsource": "Reedbeds at Marston Vale Millenium Country Park 2008 (LFENS), Feedback from Natural England adviser or specialist 2023 (RBEDS)", "areaha": "0.1", "version": "Sep_25", "uid": "PHID50051354_024104829", "shape_length": null, "shape_area": null, "site": "millbrook", "pid": 34, "method": "vote" }, "geometry": { "type": "Polygon", "coordinates": [ [ [ 500508.229999999981374, 241068.79 ], [ 500511.229999999981374, 241067.79 ], [ 500514.729999999981374, 241064.29 ], [ 500514.729999999981374, 241062.79 ], [ 500515.729999999981374, 241062.79 ], [ 500517.729999999981374, 241059.29 ], [ 500517.729999999981374, 241057.79 ], [ 500520.229999999981374, 241055.29 ], [ 500520.229999999981374, 241053.29 ], [ 500526.229999999981374, 241046.79 ], [ 500526.229999999981374, 241044.79 ], [ 500527.729999999981374, 241043.29 ], [ 500527.729999999981374, 241037.29 ], [ 500526.729999999981374, 241033.79 ], [ 500527.729999999981374, 241033.29 ], [ 500527.729999999981374, 241025.29 ], [ 500526.729999999981374, 241025.29 ], [ 500526.729999999981374, 241023.29 ], [ 500522.229999999981374, 241023.79 ], [ 500521.729999999981374, 241024.79 ], [ 500518.729999999981374, 241025.29 ], [ 500514.729999999981374, 241028.29 ], [ 500513.229999999981374, 241028.29 ], [ 500509.229999999981374, 241032.29 ], [ 500507.229999999981374, 241032.79 ], [ 500506.229999999981374, 241035.29 ], [ 500504.229999999981374, 241036.79 ], [ 500503.729999999981374, 241039.79 ], [ 500501.729999999981374, 241041.79 ], [ 500500.229999999981374, 241046.29 ], [ 500499.729999999981374, 241056.29 ], [ 500500.729999999981374, 241056.79 ], [ 500501.729999999981374, 241060.29 ], [ 500503.729999999981374, 241062.29 ], [ 500505.229999999981374, 241065.79 ], [ 500508.229999999981374, 241067.79 ], [ 500508.229999999981374, 241068.79 ] ] ] } },
{ "type": "Feature", "properties": { "mainhabs": "Lowland fens,Reedbeds", "habcodes": "LFENS, RBEDS", "featdesc": null, "featcodes": null, "otherclass": null, "addhabs": "LCGRA", "primsource": "Reedbeds at Marston Vale Millenium Country Park 2008 (LFENS), Feedback from Natural England adviser or specialist 2023 (RBEDS)", "areaha": "0.02", "version": "Sep_25", "uid": "PHID50053341_024110446", "shape_length": null, "shape_area": null, "site": "millbrook", "pid": 35, "method": "vote" }, "geometry": { "type": "Polygon", "coordinates": [ [ [ 500511.229999999981374, 241115.29 ], [ 500522.229999999981374, 241113.79 ], [ 500525.229999999981374, 241112.29 ], [ 500527.729999999981374, 241108.79 ], [ 500529.229999999981374, 241108.79 ], [ 500531.229999999981374, 241106.79 ], [ 500534.229999999981374, 241106.29 ], [ 500538.729999999981374, 241103.29 ], [ 500541.729999999981374, 241103.29 ], [ 500546.229999999981374, 241099.29 ], [ 500547.729999999981374, 241099.79 ], [ 500551.229999999981374, 241098.79 ], [ 500551.729999999981374, 241097.79 ], [ 500552.729999999981374, 241098.29 ], [ 500554.229999999981374, 241096.29 ], [ 500556.229999999981374, 241096.29 ], [ 500556.729999999981374, 241094.29 ], [ 500555.229999999981374, 241094.29 ], [ 500554.729999999981374, 241095.79 ], [ 500553.729999999981374, 241095.29 ], [ 500553.229999999981374, 241096.29 ], [ 500534.229999999981374, 241096.29 ], [ 500534.229999999981374, 241097.29 ], [ 500532.729999999981374, 241097.29 ], [ 500529.229999999981374, 241100.29 ], [ 500526.729999999981374, 241100.79 ], [ 500526.729999999981374, 241101.79 ], [ 500524.729999999981374, 241101.79 ], [ 500522.229999999981374, 241104.79 ], [ 500518.729999999981374, 241104.79 ], [ 500517.229999999981374, 241105.29 ], [ 500517.229999999981374, 241106.29 ], [ 500513.229999999981374, 241107.29 ], [ 500512.729999999981374, 241113.79 ], [ 500510.229999999981374, 241114.29 ], [ 500511.229999999981374, 241115.29 ] ] ] } },
{ "type": "Feature", "properties": { "mainhabs": "Lowland fens,Reedbeds", "habcodes": "LFENS, RBEDS", "featdesc": null, "featcodes": null, "otherclass": null, "addhabs": "LCGRA", "primsource": "Reedbeds at Marston Vale Millenium Country Park 2008 (LFENS), Feedback from Natural England adviser or specialist 2023 (RBEDS)", "areaha": "0.07", "version": "Sep_25", "uid": "PHID50054149_024078128", "shape_length": null, "shape_area": null, "site": "millbrook", "pid": 36, "method": "vote" }, "geometry": { "type": "Polygon", "coordinates": [ [ [ 500529.729999999981374, 240797.29 ], [ 500535.729999999981374, 240797.29 ], [ 500536.729999999981374, 240795.79 ], [ 500538.729999999981374, 240795.29 ], [ 500538.729999999981374, 240794.29 ], [ 500541.229999999981374, 240793.79 ], [ 500541.729999999981374, 240788.79 ], [ 500544.729999999981374, 240786.29 ], [ 500545.229999999981374, 240784.79 ], [ 500549.729999999981374, 240784.29 ], [ 500551.729999999981374, 240781.79 ], [ 500554.229999999981374, 240780.79 ], [ 500556.229999999981374, 240775.79 ], [ 500558.229999999981374, 240774.29 ], [ 500558.229999999981374, 240772.29 ], [ 500559.229999999981374, 240771.79 ], [ 500559.229999999981374, 240768.29 ], [ 500558.229999999981374, 240767.29 ], [ 500542.729999999981374, 240766.79 ], [ 500530.729999999981374, 240768.79 ], [ 500527.729999999981374, 240770.29 ], [ 500528.229999999981374, 240783.79 ], [ 500527.229999999981374, 240787.79 ], [ 500527.229999999981374, 240794.29 ], [ 500529.729999999981374, 240797.29 ] ] ] } },
{ "type": "Feature", "properties": { "mainhabs": "Lowland fens,Reedbeds", "habcodes": "LFENS, RBEDS", "featdesc": null, "featcodes": null, "otherclass": null, "addhabs": "LCGRA", "primsource": "Reedbeds at Marston Vale Millenium Country Park 2008 (LFENS), Feedback from Natural England adviser or specialist 2023 (RBEDS)", "areaha": "3.67", "version": "Sep_25", "uid": "PHID50054513_024071086", "shape_length": null, "shape_area": null, "site": "millbrook", "pid": 37, "method": "vote" }, "geometry": { "type": "MultiPolygon", "coordinates": [ [ [ [ 500460.729999999981374, 240819.79 ], [ 500461.729999999981374, 240819.79 ], [ 500461.729999999981374, 240818.29 ], [ 500462.729999999981374, 240817.79 ], [ 500462.229999999981374, 240816.29 ], [ 500461.229999999981374, 240817.79 ], [ 500459.229999999981374, 240816.79 ], [ 500458.729999999981374, 240819.29 ], [ 500456.729999999981374, 240819.29 ], [ 500455.729999999981374, 240821.29 ], [ 500454.729999999981374, 240821.29 ], [ 500452.729999999981374, 240829.29 ], [ 500449.729999999981374, 240832.29 ], [ 500448.729999999981374, 240835.79 ], [ 500444.229999999981374, 240841.79 ], [ 500442.729999999981374, 240845.79 ], [ 500441.229999999981374, 240846.79 ], [ 500439.229999999981374, 240852.29 ], [ 500437.729999999981374, 240852.79 ], [ 500437.229999999981374, 240854.79 ], [ 500435.229999999981374, 240856.29 ], [ 500435.229999999981374, 240857.79 ], [ 500431.729999999981374, 240861.79 ], [ 500428.229999999981374, 240870.29 ], [ 500426.229999999981374, 240871.79 ], [ 500426.229999999981374, 240873.29 ], [ 500424.729999999981374, 240874.79 ], [ 500424.729999999981374, 240876.29 ], [ 500423.229999999981374, 240876.79 ], [ 500423.229999999981374, 240878.29 ], [ 500424.729999999981374, 240879.29 ], [ 500423.729999999981374, 240884.29 ], [ 500424.729999999981374, 240885.79 ], [ 500424.729999999981374, 240892.79 ], [ 500425.729999999981374, 240895.79 ], [ 500425.729999999981374, 240904.79 ], [ 500427.229999999981374, 240909.29 ], [ 500425.229999999981374, 240907.79 ], [ 500425.229999999981374, 240905.79 ], [ 500424.229999999981374, 240905.29 ], [ 500424.229999999981374, 240896.29 ], [ 500423.229999999981374, 240896.29 ], [ 500423.229999999981374, 240892.79 ], [ 500424.229999999981374, 240891.29 ], [ 500422.729999999981374, 240890.29 ], [ 500421.729999999981374, 240885.79 ], [ 500420.229999999981374, 240885.79 ], [ 500420.229999999981374, 240889.79 ], [ 500421.229999999981374, 240889.79 ], [ 500420.229999999981374, 240892.29 ], [ 500421.229999999981374, 240892.79 ], [ 500421.729999999981374, 240894.79 ], [ 500421.729999999981374, 240901.79 ], [ 500422.729999999981374, 240902.79 ], [ 500422.229999999981374, 240903.79 ], [ 500423.229999999981374, 240905.29 ], [ 500423.229999999981374, 240909.29 ], [ 500424.729999999981374, 240913.79 ], [ 500424.729999999981374, 240927.79 ], [ 500426.229999999981374, 240934.79 ], [ 500425.729999999981374, 240937.79 ], [ 500427.229999999981374, 240937.79 ], [ 500427.229999999981374, 240933.29 ], [ 500428.729999999981374, 240931.79 ], [ 500428.229999999981374, 240927.79 ], [ 500429.229999999981374, 240926.79 ], [ 500429.729999999981374, 240922.79 ], [ 500430.229999999981374, 240936.79 ], [ 500430.729999999981374, 240939.79 ], [ 500432.229999999981374, 240941.79 ], [ 500440.729999999981374, 240941.29 ], [ 500444.229999999981374, 240939.79 ], [ 500446.229999999981374, 240940.79 ], [ 500460.229999999981374, 240939.79 ], [ 500464.729999999981374, 240938.79 ], [ 500465.229999999981374, 240937.79 ], [ 500467.729999999981374, 240937.79 ], [ 500468.229999999981374, 240936.79 ], [ 500473.729999999981374, 240936.29 ], [ 500473.729999999981374, 240935.29 ], [ 500476.229999999981374, 240934.79 ], [ 500476.729999999981374, 240933.79 ], [ 500478.729999999981374, 240933.79 ], [ 500479.729999999981374, 240932.79 ], [ 500482.229999999981374, 240933.29 ], [ 500482.729999999981374, 240932.29 ], [ 500485.729999999981374, 240931.79 ], [ 500485.729999999981374, 240930.79 ], [ 500487.729999999981374, 240931.79 ], [ 500487.729999999981374, 240930.79 ], [ 500490.229999999981374, 240930.29 ], [ 500491.229999999981374, 240927.79 ], [ 500493.729999999981374, 240927.29 ], [ 500493.729999999981374, 240926.29 ], [ 500496.729999999981374, 240924.29 ], [ 500499.229999999981374, 240923.79 ], [ 500499.729999999981374, 240921.79 ], [ 500501.229999999981374, 240921.29 ], [ 500503.229999999981374, 240918.29 ], [ 500505.729999999981374, 240917.29 ], [ 500505.729999999981374, 240915.29 ], [ 500506.729999999981374, 240915.29 ], [ 500506.729999999981374, 240914.29 ], [ 500507.729999999981374, 240914.29 ], [ 500509.229999999981374, 240912.29 ], [ 500510.729999999981374, 240912.29 ], [ 500512.729999999981374, 240909.29 ], [ 500514.229999999981374, 240909.29 ], [ 500514.229999999981374, 240908.29 ], [ 500517.729999999981374, 240907.79 ], [ 500517.729999999981374, 240906.79 ], [ 500520.229999999981374, 240907.29 ], [ 500523.229999999981374, 240906.29 ], [ 500536.729999999981374, 240905.29 ], [ 500540.729999999981374, 240902.29 ], [ 500543.729999999981374, 240901.79 ], [ 500547.229999999981374, 240902.29 ], [ 500547.729999999981374, 240903.29 ], [ 500550.729999999981374, 240903.29 ], [ 500550.229999999981374, 240904.79 ], [ 500551.729999999981374, 240906.29 ], [ 500558.229999999981374, 240906.29 ], [ 500558.729999999981374, 240905.29 ], [ 500566.229999999981374, 240904.79 ], [ 500568.229999999981374, 240903.29 ], [ 500568.229999999981374, 240902.29 ], [ 500569.729999999981374, 240902.29 ], [ 500570.229999999981374, 240901.29 ], [ 500571.729999999981374, 240901.79 ], [ 500571.729999999981374, 240898.29 ], [ 500576.229999999981374, 240892.79 ], [ 500576.229999999981374, 240890.29 ], [ 500583.229999999981374, 240880.79 ], [ 500583.729999999981374, 240878.29 ], [ 500587.729999999981374, 240874.79 ], [ 500587.729999999981374, 240873.29 ], [ 500589.229999999981374, 240872.29 ], [ 500589.729999999981374, 240870.29 ], [ 500590.729999999981374, 240870.29 ], [ 500590.729999999981374, 240868.79 ], [ 500596.229999999981374, 240863.29 ], [ 500598.229999999981374, 240862.79 ], [ 500599.729999999981374, 240860.29 ], [ 500602.729999999981374, 240859.79 ], [ 500602.729999999981374, 240858.79 ], [ 500605.729999999981374, 240857.29 ], [ 500606.229999999981374, 240855.79 ], [ 500608.229999999981374, 240855.79 ], [ 500612.229999999981374, 240853.29 ], [ 500615.729999999981374, 240852.79 ], [ 500616.729999999981374, 240851.29 ], [ 500618.229999999981374, 240851.29 ], [ 500620.729999999981374, 240849.29 ], [ 500622.729999999981374, 240849.29 ], [ 500622.729999999981374, 240848.29 ], [ 500628.229999999981374, 240844.79 ], [ 500628.229999999981374, 240843.79 ], [ 500629.729999999981374, 240843.29 ], [ 500629.729999999981374, 240842.29 ], [ 500631.229999999981374, 240841.79 ], [ 500631.229999999981374, 240840.79 ], [ 500634.729999999981374, 240837.79 ], [ 500636.729999999981374, 240833.79 ], [ 500640.229999999981374, 240831.29 ], [ 500640.729999999981374, 240828.79 ], [ 500641.729999999981374, 240828.79 ], [ 500642.229999999981374, 240827.29 ], [ 500643.229999999981374, 240827.29 ], [ 500643.229999999981374, 240826.29 ], [ 500648.229999999981374, 240822.29 ], [ 500648.229999999981374, 240821.29 ], [ 500650.729999999981374, 240820.79 ], [ 500652.729999999981374, 240817.79 ], [ 500655.729999999981374, 240816.29 ], [ 500657.229999999981374, 240813.79 ], [ 500661.729999999981374, 240810.29 ], [ 500664.229999999981374, 240806.29 ], [ 500664.229999999981374, 240804.79 ], [ 500665.729999999981374, 240804.29 ], [ 500667.229999999981374, 240801.29 ], [ 500668.729999999981374, 240800.29 ], [ 500675.729999999981374, 240800.29 ], [ 500676.729999999981374, 240798.79 ], [ 500678.729999999981374, 240798.79 ], [ 500680.729999999981374, 240800.79 ], [ 500682.229999999981374, 240798.79 ], [ 500684.229999999981374, 240798.29 ], [ 500680.729999999981374, 240790.29 ], [ 500684.729999999981374, 240786.79 ], [ 500686.729999999981374, 240786.29 ], [ 500686.729999999981374, 240784.29 ], [ 500685.729999999981374, 240783.79 ], [ 500686.229999999981374, 240780.29 ], [ 500685.229999999981374, 240779.79 ], [ 500685.229999999981374, 240778.29 ], [ 500683.229999999981374, 240775.29 ], [ 500683.729999999981374, 240771.79 ], [ 500682.229999999981374, 240767.79 ], [ 500682.229999999981374, 240764.29 ], [ 500684.229999999981374, 240760.79 ], [ 500682.729999999981374, 240759.29 ], [ 500682.229999999981374, 240753.79 ], [ 500681.229999999981374, 240753.79 ], [ 500680.729999999981374, 240752.29 ], [ 500679.229999999981374, 240752.29 ], [ 500677.229999999981374, 240747.79 ], [ 500671.729999999981374, 240739.79 ], [ 500670.729999999981374, 240739.79 ], [ 500668.729999999981374, 240735.79 ], [ 500664.229999999981374, 240735.79 ], [ 500654.729999999981374, 240738.29 ], [ 500646.729999999981374, 240736.79 ], [ 500647.729999999981374, 240738.29 ], [ 500646.729999999981374, 240739.29 ], [ 500643.729999999981374, 240738.29 ], [ 500643.229999999981374, 240734.79 ], [ 500640.229999999981374, 240732.79 ], [ 500640.229999999981374, 240730.79 ], [ 500639.229999999981374, 240729.79 ], [ 500640.229999999981374, 240727.29 ], [ 500640.229999999981374, 240723.29 ], [ 500643.229999999981374, 240717.79 ], [ 500641.729999999981374, 240715.79 ], [ 500639.229999999981374, 240714.79 ], [ 500636.229999999981374, 240707.29 ], [ 500626.729999999981374, 240693.79 ], [ 500620.729999999981374, 240690.29 ], [ 500620.729999999981374, 240689.29 ], [ 500609.729999999981374, 240684.79 ], [ 500598.729999999981374, 240681.79 ], [ 500598.229999999981374, 240680.29 ], [ 500591.229999999981374, 240677.29 ], [ 500589.729999999981374, 240675.79 ], [ 500589.229999999981374, 240672.79 ], [ 500588.229999999981374, 240672.79 ], [ 500586.229999999981374, 240669.79 ], [ 500584.229999999981374, 240669.79 ], [ 500583.229999999981374, 240667.79 ], [ 500579.229999999981374, 240668.29 ], [ 500578.729999999981374, 240669.79 ], [ 500572.729999999981374, 240669.79 ], [ 500568.229999999981374, 240671.29 ], [ 500563.729999999981374, 240674.29 ], [ 500555.229999999981374, 240674.29 ], [ 500552.229999999981374, 240671.79 ], [ 500550.729999999981374, 240672.79 ], [ 500548.729999999981374, 240670.79 ], [ 500549.729999999981374, 240672.29 ], [ 500549.729999999981374, 240675.29 ], [ 500548.729999999981374, 240676.79 ], [ 500546.229999999981374, 240670.29 ], [ 500547.729999999981374, 240668.29 ], [ 500545.229999999981374, 240667.79 ], [ 500544.229999999981374, 240665.29 ], [ 500544.229999999981374, 240659.79 ], [ 500541.229999999981374, 240657.29 ], [ 500542.229999999981374, 240654.29 ], [ 500541.729999999981374, 240652.29 ], [ 500539.729999999981374, 240650.29 ], [ 500540.229999999981374, 240647.29 ], [ 500538.729999999981374, 240645.79 ], [ 500538.229999999981374, 240641.29 ], [ 500536.229999999981374, 240640.79 ], [ 500533.729999999981374, 240638.29 ], [ 500533.729999999981374, 240636.29 ], [ 500535.729999999981374, 240634.79 ], [ 500534.229999999981374, 240633.79 ], [ 500532.229999999981374, 240627.29 ], [ 500531.229999999981374, 240627.29 ], [ 500531.229999999981374, 240625.79 ], [ 500529.729999999981374, 240624.79 ], [ 500528.729999999981374, 240621.79 ], [ 500527.229999999981374, 240620.29 ], [ 500525.229999999981374, 240620.29 ], [ 500525.229999999981374, 240625.79 ], [ 500526.229999999981374, 240625.79 ], [ 500528.229999999981374, 240635.29 ], [ 500529.729999999981374, 240636.29 ], [ 500530.229999999981374, 240641.29 ], [ 500532.229999999981374, 240643.29 ], [ 500532.729999999981374, 240647.29 ], [ 500533.729999999981374, 240648.29 ], [ 500533.729999999981374, 240654.79 ], [ 500536.229999999981374, 240655.79 ], [ 500535.729999999981374, 240660.79 ], [ 500537.229999999981374, 240662.29 ], [ 500537.229999999981374, 240663.79 ], [ 500538.229999999981374, 240663.79 ], [ 500539.229999999981374, 240667.29 ], [ 500541.729999999981374, 240669.79 ], [ 500542.229999999981374, 240673.79 ], [ 500544.229999999981374, 240675.79 ], [ 500544.729999999981374, 240680.29 ], [ 500545.729999999981374, 240680.79 ], [ 500545.229999999981374, 240686.29 ], [ 500546.229999999981374, 240688.79 ], [ 500542.729999999981374, 240690.79 ], [ 500538.229999999981374, 240697.79 ], [ 500536.729999999981374, 240698.29 ], [ 500536.729999999981374, 240699.79 ], [ 500533.729999999981374, 240701.29 ], [ 500533.729999999981374, 240702.79 ], [ 500532.229999999981374, 240704.29 ], [ 500532.729999999981374, 240705.29 ], [ 500529.729999999981374, 240706.79 ], [ 500529.729999999981374, 240708.79 ], [ 500528.729999999981374, 240708.79 ], [ 500527.729999999981374, 240711.29 ], [ 500525.729999999981374, 240712.79 ], [ 500524.729999999981374, 240716.29 ], [ 500523.229999999981374, 240718.79 ], [ 500522.229999999981374, 240718.79 ], [ 500520.729999999981374, 240722.79 ], [ 500517.729999999981374, 240725.29 ], [ 500517.229999999981374, 240726.79 ], [ 500516.229999999981374, 240726.79 ], [ 500515.729999999981374, 240729.79 ], [ 500514.729999999981374, 240729.79 ], [ 500516.229999999981374, 240732.29 ], [ 500515.729999999981374, 240734.29 ], [ 500515.229999999981374, 240734.29 ], [ 500512.729999999981374, 240737.29 ], [ 500513.229999999981374, 240739.29 ], [ 500512.229999999981374, 240739.79 ], [ 500512.229999999981374, 240743.29 ], [ 500510.729999999981374, 240743.79 ], [ 500510.229999999981374, 240741.29 ], [ 500508.729999999981374, 240741.79 ], [ 500506.729999999981374, 240748.29 ], [ 500504.229999999981374, 240749.79 ], [ 500504.229999999981374, 240753.79 ], [ 500501.229999999981374, 240753.79 ], [ 500500.229999999981374, 240756.29 ], [ 500498.229999999981374, 240756.79 ], [ 500497.729999999981374, 240760.29 ], [ 500494.229999999981374, 240763.79 ], [ 500492.229999999981374, 240764.29 ], [ 500491.729999999981374, 240765.79 ], [ 500490.729999999981374, 240765.79 ], [ 500487.729999999981374, 240770.29 ], [ 500485.729999999981374, 240775.79 ], [ 500483.229999999981374, 240778.79 ], [ 500483.229999999981374, 240780.29 ], [ 500480.229999999981374, 240784.29 ], [ 500478.229999999981374, 240789.79 ], [ 500472.729999999981374, 240798.29 ], [ 500471.229999999981374, 240798.79 ], [ 500470.229999999981374, 240801.79 ], [ 500468.229999999981374, 240803.29 ], [ 500468.229999999981374, 240805.29 ], [ 500467.229999999981374, 240805.79 ], [ 500468.229999999981374, 240807.79 ], [ 500466.229999999981374, 240809.29 ], [ 500471.229999999981374, 240808.79 ], [ 500477.229999999981374, 240815.29 ], [ 500477.229999999981374, 240816.29 ], [ 500478.229999999981374, 240816.29 ], [ 500478.229999999981374, 240817.79 ], [ 500479.729999999981374, 240818.29 ], [ 500483.229999999981374, 240823.79 ], [ 500484.229999999981374, 240823.79 ], [ 500484.729999999981374, 240825.29 ], [ 500483.729999999981374, 240826.29 ], [ 500482.729999999981374, 240825.79 ], [ 500484.229999999981374, 240829.29 ], [ 500482.729999999981374, 240830.29 ], [ 500482.729999999981374, 240831.79 ], [ 500484.729999999981374, 240833.29 ], [ 500484.729999999981374, 240834.29 ], [ 500483.229999999981374, 240834.29 ], [ 500480.229999999981374, 240831.29 ], [ 500477.229999999981374, 240831.29 ], [ 500474.729999999981374, 240828.29 ], [ 500469.229999999981374, 240827.29 ], [ 500467.729999999981374, 240824.79 ], [ 500462.229999999981374, 240822.79 ], [ 500461.729999999981374, 240821.29 ], [ 500460.729999999981374, 240821.29 ], [ 500460.729999999981374, 240819.79 ] ], [ [ 500460.229999999981374, 240819.79 ], [ 500460.229999999981374, 240818.29 ], [ 500460.729999999981374, 240818.29 ], [ 500460.729999999981374, 240819.79 ], [ 500460.229999999981374, 240819.79 ] ], [ [ 500632.729999999981374, 240782.79 ], [ 500628.229999999981374, 240781.79 ], [ 500628.229999999981374, 240780.79 ], [ 500627.229999999981374, 240780.79 ], [ 500624.229999999981374, 240777.29 ], [ 500622.729999999981374, 240777.29 ], [ 500622.729999999981374, 240776.29 ], [ 500621.229999999981374, 240775.79 ], [ 500621.229999999981374, 240774.79 ], [ 500619.729999999981374, 240774.29 ], [ 500619.729999999981374, 240773.29 ], [ 500618.229999999981374, 240772.79 ], [ 500617.229999999981374, 240770.29 ], [ 500615.229999999981374, 240768.79 ], [ 500610.729999999981374, 240768.79 ], [ 500608.729999999981374, 240770.29 ], [ 500608.729999999981374, 240771.29 ], [ 500606.229999999981374, 240770.79 ], [ 500605.729999999981374, 240771.79 ], [ 500604.229999999981374, 240771.79 ], [ 500604.229999999981374, 240772.79 ], [ 500601.229999999981374, 240772.79 ], [ 500597.229999999981374, 240768.29 ], [ 500590.729999999981374, 240766.29 ], [ 500590.729999999981374, 240760.79 ], [ 500594.729999999981374, 240759.29 ], [ 500597.229999999981374, 240756.79 ], [ 500601.229999999981374, 240756.29 ], [ 500602.229999999981374, 240754.79 ], [ 500631.729999999981374, 240754.79 ], [ 500636.729999999981374, 240759.79 ], [ 500639.729999999981374, 240767.29 ], [ 500638.229999999981374, 240779.29 ], [ 500634.729999999981374, 240782.29 ], [ 500634.729999999981374, 240783.29 ], [ 500632.729999999981374, 240782.79 ] ], [ [ 500470.229999999981374, 240894.79 ], [ 500469.229999999981374, 240893.29 ], [ 500469.229999999981374, 240890.29 ], [ 500468.229999999981374, 240890.29 ], [ 500466.229999999981374, 240887.79 ], [ 500465.229999999981374, 240875.29 ], [ 500466.229999999981374, 240875.29 ], [ 500466.729999999981374, 240871.79 ], [ 500467.729999999981374, 240871.29 ], [ 500468.229999999981374, 240868.79 ], [ 500469.229999999981374, 240868.79 ], [ 500469.229999999981374, 240866.29 ], [ 500472.229999999981374, 240859.29 ], [ 500475.229999999981374, 240856.29 ], [ 500476.229999999981374, 240853.29 ], [ 500478.729999999981374, 240850.79 ], [ 500478.729999999981374, 240849.29 ], [ 500482.729999999981374, 240846.29 ], [ 500484.729999999981374, 240840.29 ], [ 500485.729999999981374, 240840.29 ], [ 500487.729999999981374, 240836.29 ], [ 500488.729999999981374, 240836.29 ], [ 500490.229999999981374, 240834.29 ], [ 500490.729999999981374, 240831.79 ], [ 500493.729999999981374, 240828.79 ], [ 500494.229999999981374, 240824.79 ], [ 500495.729999999981374, 240823.79 ], [ 500496.729999999981374, 240821.29 ], [ 500497.729999999981374, 240821.29 ], [ 500499.729999999981374, 240818.79 ], [ 500502.729999999981374, 240818.79 ], [ 500505.729999999981374, 240814.79 ], [ 500510.729999999981374, 240813.79 ], [ 500511.729999999981374, 240810.79 ], [ 500513.229999999981374, 240810.29 ], [ 500513.229999999981374, 240808.29 ], [ 500514.729999999981374, 240807.29 ], [ 500514.729999999981374, 240805.79 ], [ 500517.229999999981374, 240803.79 ], [ 500518.229999999981374, 240800.29 ], [ 500519.229999999981374, 240799.79 ], [ 500520.229999999981374, 240790.79 ], [ 500518.729999999981374, 240789.29 ], [ 500518.729999999981374, 240785.79 ], [ 500517.729999999981374, 240785.29 ], [ 500516.729999999981374, 240773.29 ], [ 500517.729999999981374, 240766.79 ], [ 500518.729999999981374, 240766.79 ], [ 500519.229999999981374, 240764.79 ], [ 500521.229999999981374, 240762.79 ], [ 500525.229999999981374, 240762.29 ], [ 500527.229999999981374, 240760.79 ], [ 500530.229999999981374, 240760.79 ], [ 500532.229999999981374, 240759.29 ], [ 500534.729999999981374, 240759.29 ], [ 500536.229999999981374, 240756.79 ], [ 500548.229999999981374, 240753.29 ], [ 500559.229999999981374, 240752.29 ], [ 500564.729999999981374, 240750.79 ], [ 500565.229999999981374, 240753.29 ], [ 500567.729999999981374, 240754.29 ], [ 500567.229999999981374, 240756.79 ], [ 500568.229999999981374, 240756.79 ], [ 500568.729999999981374, 240762.29 ], [ 500569.729999999981374, 240762.29 ], [ 500570.229999999981374, 240770.29 ], [ 500566.729999999981374, 240773.29 ], [ 500565.229999999981374, 240778.29 ], [ 500562.729999999981374, 240781.79 ], [ 500562.729999999981374, 240783.79 ], [ 500561.729999999981374, 240784.29 ], [ 500560.729999999981374, 240787.79 ], [ 500559.229999999981374, 240788.79 ], [ 500559.229999999981374, 240790.79 ], [ 500558.229999999981374, 240790.79 ], [ 500554.729999999981374, 240795.29 ], [ 500554.729999999981374, 240798.29 ], [ 500552.229999999981374, 240799.79 ], [ 500550.229999999981374, 240802.79 ], [ 500547.229999999981374, 240804.79 ], [ 500545.729999999981374, 240804.79 ], [ 500545.729999999981374, 240805.79 ], [ 500537.229999999981374, 240808.29 ], [ 500535.229999999981374, 240810.79 ], [ 500534.229999999981374, 240810.79 ], [ 500534.229999999981374, 240817.79 ], [ 500533.229999999981374, 240819.79 ], [ 500530.729999999981374, 240822.79 ], [ 500529.729999999981374, 240822.79 ], [ 500529.729999999981374, 240823.79 ], [ 500527.729999999981374, 240823.79 ], [ 500524.729999999981374, 240826.79 ], [ 500525.229999999981374, 240830.29 ], [ 500528.229999999981374, 240834.29 ], [ 500528.729999999981374, 240837.29 ], [ 500528.729999999981374, 240840.79 ], [ 500525.729999999981374, 240847.79 ], [ 500523.229999999981374, 240851.29 ], [ 500520.729999999981374, 240852.79 ], [ 500515.729999999981374, 240860.29 ], [ 500514.729999999981374, 240860.29 ], [ 500512.729999999981374, 240864.29 ], [ 500511.729999999981374, 240864.29 ], [ 500511.229999999981374, 240865.79 ], [ 500510.229999999981374, 240865.29 ], [ 500509.729999999981374, 240867.29 ], [ 500506.729999999981374, 240868.79 ], [ 500506.729999999981374, 240870.79 ], [ 500499.229999999981374, 240878.29 ], [ 500498.229999999981374, 240878.29 ], [ 500497.729999999981374, 240879.79 ], [ 500494.729999999981374, 240880.79 ], [ 500493.229999999981374, 240882.79 ], [ 500485.729999999981374, 240882.79 ], [ 500482.729999999981374, 240884.29 ], [ 500482.729999999981374, 240885.29 ], [ 500481.729999999981374, 240885.29 ], [ 500471.229999999981374, 240895.79 ], [ 500470.229999999981374, 240895.79 ], [ 500470.229999999981374, 240894.79 ] ], [ [ 500549.729999999981374, 240676.79 ], [ 500552.729999999981374, 240681.79 ], [ 500552.729999999981374, 240683.79 ], [ 500551.729999999981374, 240684.29 ], [ 500549.729999999981374, 240682.79 ], [ 500549.729999999981374, 240676.79 ] ], [ [ 500515.729999999981374, 240735.29 ], [ 500515.729999999981374, 240735.79 ], [ 500516.229999999981374, 240736.29 ], [ 500514.729999999981374, 240735.79 ], [ 500515.729999999981374, 240735.29 ] ], [ [ 500513.229999999981374, 240738.29 ], [ 500513.729999999981374, 240738.29 ], [ 500513.729999999981374, 240738.79 ], [ 500513.229999999981374, 240738.79 ], [ 500513.229999999981374, 240738.29 ] ], [ [ 500429.229999999981374, 240921.29 ], [ 500429.729999999981374, 240921.29 ], [ 500429.729999999981374, 240921.79 ], [ 500429.229999999981374, 240921.79 ], [ 500429.229999999981374, 240921.29 ] ], [ [ 500428.729999999981374, 240918.29 ], [ 500427.229999999981374, 240917.29 ], [ 500426.729999999981374, 240910.29 ], [ 500427.729999999981374, 240911.29 ], [ 500427.729999999981374, 240913.79 ], [ 500428.729999999981374, 240914.29 ], [ 500429.229999999981374, 240918.79 ], [ 500428.729999999981374, 240918.29 ] ], [ [ 500428.729999999981374, 240919.79 ], [ 500429.229999999981374, 240919.79 ], [ 500429.229999999981374, 240920.29 ], [ 500428.729999999981374, 240920.29 ], [ 500428.729999999981374, 240919.79 ] ] ], [ [ [ 500418.229999999981374, 240941.79 ], [ 500419.729999999981374, 240921.29 ], [ 500415.729999999981374, 240906.29 ], [ 500415.229999999981374, 240899.79 ], [ 500414.229999999981374, 240898.79 ], [ 500413.229999999981374, 240886.79 ], [ 500408.229999999981374, 240895.79 ], [ 500404.729999999981374, 240908.29 ], [ 500404.729999999981374, 240912.29 ], [ 500403.229999999981374, 240916.79 ], [ 500402.729999999981374, 240932.29 ], [ 500404.729999999981374, 240937.79 ], [ 500408.229999999981374, 240940.79 ], [ 500418.229999999981374, 240941.79 ] ] ] ] } },
{ "type": "Feature", "properties": { "mainhabs": "Lowland fens,Reedbeds", "habcodes": "LFENS, RBEDS", "featdesc": null, "featcodes": null, "otherclass": null, "addhabs": "LCGRA", "primsource": "Reedbeds at Marston Vale Millenium Country Park 2008 (LFENS), Feedback from Natural England adviser or specialist 2023 (RBEDS)", "areaha": "0.05", "version": "Sep_25", "uid": "PHID50058136_024096452", "shape_length": null, "shape_area": null, "site": "millbrook", "pid": 38, "method": "vote" }, "geometry": { "type": "Polygon", "coordinates": [ [ [ 500577.229999999981374, 240978.29 ], [ 500580.229999999981374, 240978.29 ], [ 500581.229999999981374, 240976.79 ], [ 500582.229999999981374, 240977.29 ], [ 500583.729999999981374, 240975.29 ], [ 500584.729999999981374, 240975.29 ], [ 500586.729999999981374, 240972.29 ], [ 500587.729999999981374, 240972.29 ], [ 500589.729999999981374, 240968.29 ], [ 500592.229999999981374, 240966.79 ], [ 500594.729999999981374, 240963.29 ], [ 500595.729999999981374, 240963.29 ], [ 500596.229999999981374, 240961.79 ], [ 500597.229999999981374, 240961.79 ], [ 500598.729999999981374, 240958.79 ], [ 500598.729999999981374, 240955.79 ], [ 500600.229999999981374, 240954.79 ], [ 500599.229999999981374, 240953.29 ], [ 500597.229999999981374, 240953.29 ], [ 500597.229999999981374, 240954.29 ], [ 500595.729999999981374, 240953.29 ], [ 500591.229999999981374, 240953.29 ], [ 500590.729999999981374, 240954.29 ], [ 500582.229999999981374, 240954.29 ], [ 500580.729999999981374, 240955.79 ], [ 500577.729999999981374, 240955.79 ], [ 500576.229999999981374, 240957.29 ], [ 500574.729999999981374, 240957.29 ], [ 500574.229999999981374, 240958.79 ], [ 500573.229999999981374, 240958.79 ], [ 500573.229999999981374, 240962.29 ], [ 500571.729999999981374, 240963.29 ], [ 500568.229999999981374, 240970.29 ], [ 500569.729999999981374, 240973.79 ], [ 500571.729999999981374, 240975.79 ], [ 500574.729999999981374, 240975.79 ], [ 500574.729999999981374, 240976.79 ], [ 500577.229999999981374, 240978.29 ] ] ] } },
{ "type": "Feature", "properties": { "mainhabs": "Lowland fens,Reedbeds", "habcodes": "LFENS, RBEDS", "featdesc": null, "featcodes": null, "otherclass": null, "addhabs": "LCGRA", "primsource": "Reedbeds at Marston Vale Millenium Country Park 2008 (LFENS), Feedback from Natural England adviser or specialist 2023 (RBEDS)", "areaha": "0.09", "version": "Sep_25", "uid": "PHID50060273_024105257", "shape_length": null, "shape_area": null, "site": "millbrook", "pid": 39, "method": "vote" }, "geometry": { "type": "Polygon", "coordinates": [ [ [ 500646.729999999981374, 241040.79 ], [ 500648.229999999981374, 241040.79 ], [ 500648.229999999981374, 241038.79 ], [ 500650.729999999981374, 241038.29 ], [ 500650.729999999981374, 241037.29 ], [ 500655.229999999981374, 241037.29 ], [ 500655.229999999981374, 241035.29 ], [ 500654.229999999981374, 241035.29 ], [ 500653.729999999981374, 241033.79 ], [ 500654.729999999981374, 241032.29 ], [ 500653.729999999981374, 241031.29 ], [ 500654.229999999981374, 241029.79 ], [ 500651.729999999981374, 241029.79 ], [ 500650.729999999981374, 241027.29 ], [ 500645.229999999981374, 241028.29 ], [ 500642.229999999981374, 241030.79 ], [ 500642.229999999981374, 241035.29 ], [ 500643.229999999981374, 241035.79 ], [ 500643.729999999981374, 241038.79 ], [ 500646.729999999981374, 241040.79 ] ] ] } },
{ "type": "Feature", "properties": { "mainhabs": "Lowland fens,Reedbeds", "habcodes": "LFENS, RBEDS", "featdesc": null, "featcodes": null, "otherclass": null, "addhabs": "LCGRA", "primsource": "Reedbeds at Marston Vale Millenium Country Park 2008 (LFENS), Feedback from Natural England adviser or specialist 2023 (RBEDS)", "areaha": "0.04", "version": "Sep_25", "uid": "PHID50062532_024076759", "shape_length": null, "shape_area": null, "site": "millbrook", "pid": 40, "method": "vote" }, "geometry": { "type": "Polygon", "coordinates": [ [ [ 500624.229999999981374, 240777.79 ], [ 500625.729999999981374, 240776.79 ], [ 500626.729999999981374, 240777.79 ], [ 500631.229999999981374, 240777.29 ], [ 500634.729999999981374, 240773.79 ], [ 500634.729999999981374, 240767.29 ], [ 500629.729999999981374, 240759.79 ], [ 500626.729999999981374, 240759.29 ], [ 500626.729999999981374, 240756.79 ], [ 500625.729999999981374, 240757.29 ], [ 500624.229999999981374, 240755.79 ], [ 500621.229999999981374, 240756.29 ], [ 500621.229999999981374, 240755.29 ], [ 500620.229999999981374, 240755.29 ], [ 500619.229999999981374, 240756.79 ], [ 500613.729999999981374, 240756.29 ], [ 500612.229999999981374, 240757.29 ], [ 500606.229999999981374, 240756.29 ], [ 500604.729999999981374, 240757.29 ], [ 500603.729999999981374, 240756.29 ], [ 500602.729999999981374, 240757.79 ], [ 500600.229999999981374, 240758.29 ], [ 500601.229999999981374, 240760.79 ], [ 500597.729999999981374, 240762.79 ], [ 500597.729999999981374, 240764.29 ], [ 500600.229999999981374, 240765.79 ], [ 500600.729999999981374, 240767.29 ], [ 500603.229999999981374, 240767.29 ], [ 500606.729999999981374, 240770.79 ], [ 500609.729999999981374, 240770.29 ], [ 500610.729999999981374, 240768.79 ], [ 500615.229999999981374, 240768.79 ], [ 500617.229999999981374, 240770.29 ], [ 500618.229999999981374, 240772.79 ], [ 500619.729999999981374, 240773.29 ], [ 500619.729999999981374, 240774.29 ], [ 500621.229999999981374, 240774.79 ], [ 500621.229999999981374, 240775.79 ], [ 500622.729999999981374, 240776.29 ], [ 500622.729999999981374, 240777.29 ], [ 500624.229999999981374, 240777.79 ] ] ] } },
{ "type": "Feature", "properties": { "mainhabs": "Lowland fens,Reedbeds", "habcodes": "LFENS, RBEDS", "featdesc": null, "featcodes": null, "otherclass": null, "addhabs": "LCGRA", "primsource": "Reedbeds at Marston Vale Millenium Country Park 2008 (LFENS), Feedback from Natural England adviser or specialist 2023 (RBEDS)", "areaha": "0.14", "version": "Sep_25", "uid": "PHID50063140_024091583", "shape_length": null, "shape_area": null, "site": "millbrook", "pid": 41, "method": "vote" }, "geometry": { "type": "Polygon", "coordinates": [ [ [ 500862.729999999981374, 240982.29 ], [ 500863.729999999981374, 240981.79 ], [ 500863.229999999981374, 240978.79 ], [ 500860.729999999981374, 240977.29 ], [ 500859.729999999981374, 240974.79 ], [ 500858.229999999981374, 240974.29 ], [ 500858.229999999981374, 240972.79 ], [ 500856.229999999981374, 240970.29 ], [ 500852.729999999981374, 240969.79 ], [ 500853.229999999981374, 240968.79 ], [ 500851.229999999981374, 240966.79 ], [ 500851.229999999981374, 240964.79 ], [ 500847.729999999981374, 240961.79 ], [ 500847.729999999981374, 240958.79 ], [ 500844.229999999981374, 240957.29 ], [ 500844.229999999981374, 240954.29 ], [ 500840.729999999981374, 240951.29 ], [ 500839.729999999981374, 240948.29 ], [ 500837.229999999981374, 240946.79 ], [ 500836.729999999981374, 240945.29 ], [ 500834.229999999981374, 240945.29 ], [ 500833.729999999981374, 240943.79 ], [ 500832.729999999981374, 240943.79 ], [ 500829.729999999981374, 240935.29 ], [ 500827.729999999981374, 240933.29 ], [ 500826.229999999981374, 240933.29 ], [ 500824.729999999981374, 240930.79 ], [ 500823.229999999981374, 240930.79 ], [ 500823.229999999981374, 240934.29 ], [ 500824.229999999981374, 240934.79 ], [ 500824.229999999981374, 240936.79 ], [ 500825.229999999981374, 240937.79 ], [ 500825.229999999981374, 240941.29 ], [ 500826.229999999981374, 240941.29 ], [ 500826.729999999981374, 240943.79 ], [ 500828.229999999981374, 240944.29 ], [ 500828.229999999981374, 240946.29 ], [ 500829.729999999981374, 240948.29 ], [ 500833.229999999981374, 240951.79 ], [ 500834.229999999981374, 240951.79 ], [ 500834.229999999981374, 240952.79 ], [ 500835.229999999981374, 240952.79 ], [ 500835.229999999981374, 240954.29 ], [ 500836.229999999981374, 240954.29 ], [ 500840.229999999981374, 240958.79 ], [ 500841.729999999981374, 240959.29 ], [ 500843.229999999981374, 240963.29 ], [ 500845.229999999981374, 240964.79 ], [ 500845.229999999981374, 240966.29 ], [ 500846.729999999981374, 240966.79 ], [ 500848.229999999981374, 240970.79 ], [ 500852.229999999981374, 240972.29 ], [ 500854.229999999981374, 240974.29 ], [ 500856.729999999981374, 240974.79 ], [ 500858.229999999981374, 240977.29 ], [ 500860.229999999981374, 240978.29 ], [ 500860.229999999981374, 240980.29 ], [ 500862.729999999981374, 240982.29 ] ] ] } },
{ "type": "Feature", "properties": { "mainhabs": "Lowland fens,Reedbeds", "habcodes": "LFENS, RBEDS", "featdesc": null, "featcodes": null, "otherclass": null, "addhabs": "LCGRA", "primsource": "Reedbeds at Marston Vale Millenium Country Park 2008 (LFENS), Feedback from Natural England adviser or specialist 2023 (RBEDS)", "areaha": "0.08", "version": "Sep_25", "uid": "PHID50068185_024089013", "shape_length": null, "shape_area": null, "site": "millbrook", "pid": 42, "method": "vote" }, "geometry": { "type": "Polygon", "coordinates": [ [ [ 500673.229999999981374, 240908.29 ], [ 500674.729999999981374, 240908.29 ], [ 500675.229999999981374, 240906.29 ], [ 500680.229999999981374, 240906.29 ], [ 500681.229999999981374, 240904.79 ], [ 500681.229999999981374, 240902.29 ], [ 500684.729999999981374, 240900.29 ], [ 500685.729999999981374, 240897.79 ], [ 500685.229999999981374, 240896.29 ], [ 500690.729999999981374, 240892.29 ], [ 500692.229999999981374, 240889.79 ], [ 500691.729999999981374, 240888.79 ], [ 500695.729999999981374, 240886.29 ], [ 500695.229999999981374, 240884.79 ], [ 500696.229999999981374, 240883.79 ], [ 500698.729999999981374, 240882.79 ], [ 500698.729999999981374, 240881.29 ], [ 500695.729999999981374, 240880.79 ], [ 500694.229999999981374, 240876.29 ], [ 500691.229999999981374, 240876.29 ], [ 500691.229999999981374, 240875.29 ], [ 500688.729999999981374, 240874.79 ], [ 500687.229999999981374, 240873.29 ], [ 500685.229999999981374, 240873.29 ], [ 500683.729999999981374, 240875.29 ], [ 500681.729999999981374, 240875.29 ], [ 500678.229999999981374, 240878.29 ], [ 500676.729999999981374, 240878.29 ], [ 500671.729999999981374, 240882.79 ], [ 500671.729999999981374, 240883.79 ], [ 500668.729999999981374, 240881.79 ], [ 500669.229999999981374, 240883.79 ], [ 500670.229999999981374, 240884.29 ], [ 500670.229999999981374, 240886.79 ], [ 500667.229999999981374, 240888.79 ], [ 500667.229999999981374, 240889.79 ], [ 500663.729999999981374, 240891.29 ], [ 500664.729999999981374, 240902.29 ], [ 500665.729999999981374, 240902.79 ], [ 500665.729999999981374, 240904.79 ], [ 500667.729999999981374, 240905.29 ], [ 500667.729999999981374, 240906.79 ], [ 500673.229999999981374, 240908.29 ] ] ] } },
{ "type": "Feature", "properties": { "mainhabs": "Lowland fens,Reedbeds", "habcodes": "LFENS, RBEDS", "featdesc": null, "featcodes": null, "otherclass": null, "addhabs": "LCGRA", "primsource": "Reedbeds at Marston Vale Millenium Country Park 2008 (LFENS), Feedback from Natural England adviser or specialist 2023 (RBEDS)", "areaha": "0.04", "version": "Sep_25", "uid": "PHID50069051_024094878", "shape_length": null, "shape_area": null, "site": "millbrook", "pid": 43, "method": "vote" }, "geometry": { "type": "Polygon", "coordinates": [ [ [ 500679.229999999981374, 240959.79 ], [ 500680.229999999981374, 240958.79 ], [ 500685.229999999981374, 240959.29 ], [ 500689.229999999981374, 240956.29 ], [ 500691.729999999981374, 240956.29 ], [ 500693.229999999981374, 240951.79 ], [ 500697.729999999981374, 240950.79 ], [ 500700.229999999981374, 240952.79 ], [ 500701.729999999981374, 240952.79 ], [ 500701.729999999981374, 240951.79 ], [ 500706.229999999981374, 240948.79 ], [ 500705.729999999981374, 240947.79 ], [ 500707.229999999981374, 240945.79 ], [ 500706.729999999981374, 240941.29 ], [ 500704.729999999981374, 240940.29 ], [ 500701.229999999981374, 240940.79 ], [ 500700.229999999981374, 240939.29 ], [ 500690.729999999981374, 240939.29 ], [ 500689.229999999981374, 240937.79 ], [ 500688.729999999981374, 240938.79 ], [ 500686.729999999981374, 240938.29 ], [ 500685.229999999981374, 240940.79 ], [ 500684.229999999981374, 240940.29 ], [ 500683.229999999981374, 240942.79 ], [ 500682.229999999981374, 240942.79 ], [ 500681.729999999981374, 240940.79 ], [ 500679.229999999981374, 240941.79 ], [ 500678.229999999981374, 240942.79 ], [ 500678.729999999981374, 240946.29 ], [ 500676.229999999981374, 240947.29 ], [ 500674.729999999981374, 240949.79 ], [ 500672.729999999981374, 240949.79 ], [ 500671.729999999981374, 240952.79 ], [ 500673.729999999981374, 240954.29 ], [ 500674.229999999981374, 240957.29 ], [ 500677.729999999981374, 240958.29 ], [ 500679.229999999981374, 240959.79 ] ] ] } },
{ "type": "Feature", "properties": { "mainhabs": "Lowland fens,Reedbeds", "habcodes": "LFENS, RBEDS", "featdesc": null, "featcodes": null, "otherclass": null, "addhabs": "LCGRA", "primsource": "Reedbeds at Marston Vale Millenium Country Park 2008 (LFENS), Feedback from Natural England adviser or specialist 2023 (RBEDS)", "areaha": "0.07", "version": "Sep_25", "uid": "PHID50072302_024090894", "shape_length": null, "shape_area": null, "site": "millbrook", "pid": 44, "method": "vote" }, "geometry": { "type": "Polygon", "coordinates": [ [ [ 500718.729999999981374, 240927.79 ], [ 500721.729999999981374, 240927.79 ], [ 500723.229999999981374, 240925.79 ], [ 500725.229999999981374, 240926.29 ], [ 500725.729999999981374, 240927.29 ], [ 500728.729999999981374, 240927.29 ], [ 500732.229999999981374, 240924.29 ], [ 500736.729999999981374, 240922.79 ], [ 500735.229999999981374, 240915.79 ], [ 500732.229999999981374, 240912.79 ], [ 500732.729999999981374, 240911.29 ], [ 500734.729999999981374, 240910.29 ], [ 500734.729999999981374, 240907.79 ], [ 500729.229999999981374, 240903.29 ], [ 500728.229999999981374, 240901.29 ], [ 500728.729999999981374, 240895.79 ], [ 500727.729999999981374, 240894.29 ], [ 500722.729999999981374, 240894.79 ], [ 500720.229999999981374, 240897.29 ], [ 500716.229999999981374, 240897.79 ], [ 500714.229999999981374, 240901.79 ], [ 500712.229999999981374, 240903.29 ], [ 500711.729999999981374, 240907.29 ], [ 500709.229999999981374, 240907.79 ], [ 500706.729999999981374, 240909.79 ], [ 500707.229999999981374, 240912.29 ], [ 500706.229999999981374, 240913.29 ], [ 500709.729999999981374, 240923.29 ], [ 500710.729999999981374, 240923.29 ], [ 500710.729999999981374, 240924.29 ], [ 500713.229999999981374, 240923.79 ], [ 500714.229999999981374, 240924.79 ], [ 500716.229999999981374, 240924.79 ], [ 500718.729999999981374, 240927.79 ] ] ] } },
{ "type": "Feature", "properties": { "mainhabs": "Lowland fens,Reedbeds", "habcodes": "LFENS, RBEDS", "featdesc": null, "featcodes": null, "otherclass": null, "addhabs": "LCGRA", "primsource": "Reedbeds at Marston Vale Millenium Country Park 2008 (LFENS), Feedback from Natural England adviser or specialist 2023 (RBEDS)", "areaha": "0.05", "version": "Sep_25", "uid": "PHID50075277_024096239", "shape_length": null, "shape_area": null, "site": "millbrook", "pid": 45, "method": "vote" }, "geometry": { "type": "Polygon", "coordinates": [ [ [ 500759.229999999981374, 240975.79 ], [ 500763.729999999981374, 240975.29 ], [ 500765.229999999981374, 240973.79 ], [ 500766.729999999981374, 240970.79 ], [ 500766.729999999981374, 240967.79 ], [ 500758.729999999981374, 240960.29 ], [ 500758.229999999981374, 240958.79 ], [ 500757.229999999981374, 240958.79 ], [ 500754.229999999981374, 240954.29 ], [ 500753.229999999981374, 240954.29 ], [ 500752.729999999981374, 240950.29 ], [ 500751.229999999981374, 240949.29 ], [ 500748.229999999981374, 240943.29 ], [ 500744.729999999981374, 240942.29 ], [ 500739.729999999981374, 240949.79 ], [ 500739.729999999981374, 240954.79 ], [ 500744.229999999981374, 240964.79 ], [ 500744.229999999981374, 240966.79 ], [ 500747.729999999981374, 240970.79 ], [ 500749.729999999981374, 240970.29 ], [ 500752.729999999981374, 240971.29 ], [ 500753.729999999981374, 240972.79 ], [ 500759.229999999981374, 240975.79 ] ] ] } },
{ "type": "Feature", "properties": { "mainhabs": "Lowland fens,Reedbeds", "habcodes": "LFENS, RBEDS", "featdesc": null, "featcodes": null, "otherclass": null, "addhabs": "LCGRA", "primsource": "Reedbeds at Marston Vale Millenium Country Park 2008 (LFENS), Feedback from Natural England adviser or specialist 2023 (RBEDS)", "areaha": "0.03", "version": "Sep_25", "uid": "PHID50078605_024098962", "shape_length": null, "shape_area": null, "site": "millbrook", "pid": 46, "method": "vote" }, "geometry": { "type": "Polygon", "coordinates": [ [ [ 500799.729999999981374, 240999.29 ], [ 500801.229999999981374, 240998.79 ], [ 500801.229999999981374, 240997.79 ], [ 500799.729999999981374, 240996.29 ], [ 500799.229999999981374, 240993.79 ], [ 500797.729999999981374, 240993.79 ], [ 500795.729999999981374, 240990.79 ], [ 500791.729999999981374, 240987.79 ], [ 500791.729999999981374, 240986.29 ], [ 500790.229999999981374, 240985.79 ], [ 500788.729999999981374, 240981.79 ], [ 500787.229999999981374, 240980.79 ], [ 500784.729999999981374, 240980.29 ], [ 500784.229999999981374, 240981.29 ], [ 500782.729999999981374, 240981.29 ], [ 500781.229999999981374, 240984.79 ], [ 500780.229999999981374, 240984.79 ], [ 500776.729999999981374, 240989.79 ], [ 500778.729999999981374, 240992.29 ], [ 500781.229999999981374, 240992.29 ], [ 500787.229999999981374, 240996.29 ], [ 500788.729999999981374, 240995.29 ], [ 500792.729999999981374, 240995.29 ], [ 500793.729999999981374, 240996.79 ], [ 500795.229999999981374, 240996.79 ], [ 500795.229999999981374, 240997.79 ], [ 500799.229999999981374, 240998.29 ], [ 500799.729999999981374, 240999.29 ] ] ] } },
{ "type": "Feature", "properties": { "mainhabs": "Lowland fens,Reedbeds", "habcodes": "LFENS, RBEDS", "featdesc": null, "featcodes": null, "otherclass": null, "addhabs": "LCGRA", "primsource": "Reedbeds at Marston Vale Millenium Country Park 2008 (LFENS), Feedback from Natural England adviser or specialist 2023 (RBEDS)", "areaha": "0.11", "version": "Sep_25", "uid": "PHID50078873_024093430", "shape_length": null, "shape_area": null, "site": "millbrook", "pid": 47, "method": "vote" }, "geometry": { "type": "Polygon", "coordinates": [ [ [ 500795.229999999981374, 240950.29 ], [ 500802.229999999981374, 240949.79 ], [ 500808.229999999981374, 240943.79 ], [ 500808.229999999981374, 240936.29 ], [ 500809.729999999981374, 240934.29 ], [ 500809.729999999981374, 240930.29 ], [ 500805.229999999981374, 240924.79 ], [ 500800.229999999981374, 240922.79 ], [ 500798.729999999981374, 240921.29 ], [ 500796.229999999981374, 240921.29 ], [ 500792.729999999981374, 240919.79 ], [ 500782.229999999981374, 240919.29 ], [ 500772.229999999981374, 240921.79 ], [ 500767.729999999981374, 240924.79 ], [ 500767.229999999981374, 240928.79 ], [ 500771.729999999981374, 240933.79 ], [ 500771.229999999981374, 240935.79 ], [ 500772.729999999981374, 240940.79 ], [ 500777.229999999981374, 240942.29 ], [ 500779.729999999981374, 240944.79 ], [ 500786.229999999981374, 240945.79 ], [ 500791.729999999981374, 240949.79 ], [ 500795.229999999981374, 240950.29 ] ] ] } }
]
}
