{
"type": "FeatureCollection",
"crs": { "type": "name", "properties": { "name": "urn:ogc:def:crs:EPSG::27700" } },
"features": [
{ "type": "Feature", "properties": { "mainhabs": "Coastal and floodplain grazing marsh", "habcodes": "CFPGM", "featdesc": null, "featcodes": null, "otherclass": null, "addhabs": null, "primsource": "Environment Agency Flood Zone 3 Oxfordshire digital data 2009 (CFPGM)", "areaha": "0.04", "version": "Sep_25", "uid": "PHID44558501_020942609", "shape_length": null, "shape_area": null, "site": "northfieldfarm", "pid": 0, "method": "grabcut2" }, "geometry": { "type": "Polygon", "coordinates": [ [ [ 445625.3491, 209470.575868731277296 ], [ 445625.8491, 209469.575868731277296 ], [ 445623.8491, 209468.075868731277296 ], [ 445624.3491, 209466.575868731277296 ], [ 445622.3491, 209466.075868731277296 ], [ 445621.8491, 209464.575868731277296 ], [ 445620.8491, 209464.575868731277296 ], [ 445620.8491, 209463.075868731277296 ], [ 445618.8491, 209462.575868731277296 ], [ 445617.8491, 209460.575868731277296 ], [ 445616.3491, 209460.075868731277296 ], [ 445616.3491, 209458.575868731277296 ], [ 445614.8491, 209458.075868731277296 ], [ 445615.3491, 209456.575868731277296 ], [ 445614.3491, 209456.575868731277296 ], [ 445612.3491, 209453.075868731277296 ], [ 445610.3491, 209452.575868731277296 ], [ 445608.3491, 209449.075868731277296 ], [ 445605.8491, 209448.575868731277296 ], [ 445605.8491, 209447.575868731277296 ], [ 445604.8491, 209447.575868731277296 ], [ 445600.3491, 209442.575868731277296 ], [ 445600.3491, 209441.575868731277296 ], [ 445598.3491, 209440.575868731277296 ], [ 445596.8491, 209437.075868731277296 ], [ 445595.3491, 209436.575868731277296 ], [ 445595.3491, 209434.575868731277296 ], [ 445591.3491, 209431.575868731277296 ], [ 445590.8491, 209429.075868731277296 ], [ 445588.8491, 209428.575868731277296 ], [ 445587.3491, 209425.075868731277296 ], [ 445583.3491, 209422.075868731277296 ], [ 445581.8491, 209418.075868731277296 ], [ 445579.3491, 209416.575868731277296 ], [ 445579.3491, 209414.575868731277296 ], [ 445576.3491, 209412.575868731277296 ], [ 445576.3491, 209410.575868731277296 ], [ 445572.8491, 209408.575868731277296 ], [ 445571.3491, 209405.075868731277296 ], [ 445567.3491, 209402.075868731277296 ], [ 445566.8491, 209400.575868731277296 ], [ 445565.8491, 209400.575868731277296 ], [ 445565.8491, 209398.575868731277296 ], [ 445561.8491, 209395.575868731277296 ], [ 445561.8491, 209394.575868731277296 ], [ 445560.8491, 209394.575868731277296 ], [ 445560.8491, 209393.075868731277296 ], [ 445559.3491, 209392.575868731277296 ], [ 445558.8491, 209390.575868731277296 ], [ 445555.3491, 209388.575868731277296 ], [ 445555.3491, 209386.575868731277296 ], [ 445551.3491, 209383.575868731277296 ], [ 445550.8491, 209381.075868731277296 ], [ 445549.8491, 209381.075868731277296 ], [ 445549.8491, 209379.575868731277296 ], [ 445548.8491, 209379.575868731277296 ], [ 445548.3491, 209378.075868731277296 ], [ 445547.3491, 209378.075868731277296 ], [ 445546.8491, 209375.575868731277296 ], [ 445544.8491, 209374.575868731277296 ], [ 445544.3491, 209372.575868731277296 ], [ 445543.3491, 209372.575868731277296 ], [ 445542.8491, 209370.075868731277296 ], [ 445540.8491, 209369.075868731277296 ], [ 445540.8491, 209367.575868731277296 ], [ 445538.8491, 209366.075868731277296 ], [ 445536.8491, 209366.575868731277296 ], [ 445536.8491, 209368.575868731277296 ], [ 445537.8491, 209368.575868731277296 ], [ 445537.8491, 209369.575868731277296 ], [ 445541.8491, 209373.075868731277296 ], [ 445543.8491, 209376.575868731277296 ], [ 445544.8491, 209376.575868731277296 ], [ 445544.8491, 209378.075868731277296 ], [ 445546.8491, 209379.075868731277296 ], [ 445546.8491, 209380.575868731277296 ], [ 445548.8491, 209381.575868731277296 ], [ 445565.3491, 209405.575868731277296 ], [ 445576.8491, 209419.075868731277296 ], [ 445576.8491, 209420.075868731277296 ], [ 445579.3491, 209422.075868731277296 ], [ 445579.3491, 209423.075868731277296 ], [ 445581.8491, 209425.075868731277296 ], [ 445581.8491, 209426.075868731277296 ], [ 445612.8491, 209456.575868731277296 ], [ 445612.8491, 209457.575868731277296 ], [ 445625.3491, 209470.575868731277296 ] ] ] } },
{ "type": "Feature", "properties": { "mainhabs": "Coastal and floodplain grazing marsh", "habcodes": "CFPGM", "featdesc": null, "featcodes": null, "otherclass": null, "addhabs": null, "primsource": "Environment Agency Flood Zone 3 Oxfordshire digital data 2009 (CFPGM)", "areaha": "0.04", "version": "Sep_25", "uid": "PHID44574718_020969518", "shape_length": null, "shape_area": null, "site": "northfieldfarm", "pid": 1, "method": "grabcut2" }, "geometry": { "type": "MultiPolygon", "coordinates": [ [ [ [ 445730.8491, 209647.075868731277296 ], [ 445734.3491, 209664.575868731277296 ], [ 445738.8491, 209679.575868731277296 ], [ 445745.3491, 209695.575868731277296 ], [ 445752.8491, 209710.075868731277296 ], [ 445758.8491, 209719.075868731277296 ], [ 445766.8491, 209728.075868731277296 ], [ 445768.8491, 209734.075868731277296 ], [ 445770.3491, 209735.575868731277296 ], [ 445770.3491, 209737.575868731277296 ], [ 445775.8491, 209741.575868731277296 ], [ 445778.3491, 209741.075868731277296 ], [ 445778.3491, 209742.075868731277296 ], [ 445779.8491, 209742.575868731277296 ], [ 445780.3491, 209746.075868731277296 ], [ 445781.3491, 209746.075868731277296 ], [ 445785.3491, 209750.075868731277296 ], [ 445788.3491, 209751.075868731277296 ], [ 445789.8491, 209753.075868731277296 ], [ 445792.3491, 209753.575868731277296 ], [ 445792.8491, 209746.575868731277296 ], [ 445778.3491, 209735.075868731277296 ], [ 445777.3491, 209732.075868731277296 ], [ 445776.3491, 209732.075868731277296 ], [ 445776.3491, 209730.575868731277296 ], [ 445775.3491, 209730.575868731277296 ], [ 445775.3491, 209729.075868731277296 ], [ 445774.3491, 209729.075868731277296 ], [ 445774.3491, 209727.575868731277296 ], [ 445772.3491, 209726.075868731277296 ], [ 445772.3491, 209725.075868731277296 ], [ 445771.3491, 209725.075868731277296 ], [ 445771.3491, 209724.075868731277296 ], [ 445768.8491, 209723.075868731277296 ], [ 445765.3491, 209723.575868731277296 ], [ 445763.8491, 209719.575868731277296 ], [ 445751.8491, 209705.575868731277296 ], [ 445738.8491, 209666.575868731277296 ], [ 445734.3491, 209656.075868731277296 ], [ 445731.3491, 209644.575868731277296 ], [ 445730.8491, 209647.075868731277296 ] ] ], [ [ [ 445730.8491, 209642.075868731277296 ], [ 445723.8491, 209607.575868731277296 ], [ 445721.8491, 209599.575868731277296 ], [ 445719.8491, 209596.575868731277296 ], [ 445719.8491, 209595.575868731277296 ], [ 445720.8491, 209595.575868731277296 ], [ 445720.3491, 209589.075868731277296 ], [ 445718.3491, 209587.575868731277296 ], [ 445717.8491, 209584.075868731277296 ], [ 445716.8491, 209584.075868731277296 ], [ 445716.8491, 209582.575868731277296 ], [ 445715.3491, 209582.075868731277296 ], [ 445715.3491, 209580.075868731277296 ], [ 445712.8491, 209578.575868731277296 ], [ 445712.3491, 209576.075868731277296 ], [ 445710.3491, 209575.575868731277296 ], [ 445709.8491, 209573.075868731277296 ], [ 445708.3491, 209572.075868731277296 ], [ 445707.3491, 209573.575868731277296 ], [ 445706.3491, 209573.075868731277296 ], [ 445706.3491, 209575.075868731277296 ], [ 445707.8491, 209576.075868731277296 ], [ 445710.3491, 209582.075868731277296 ], [ 445712.3491, 209584.075868731277296 ], [ 445712.3491, 209585.575868731277296 ], [ 445713.8491, 209586.575868731277296 ], [ 445714.3491, 209589.075868731277296 ], [ 445715.8491, 209590.075868731277296 ], [ 445719.8491, 209597.575868731277296 ], [ 445721.8491, 209610.075868731277296 ], [ 445727.3491, 209629.575868731277296 ], [ 445730.3491, 209644.575868731277296 ], [ 445730.8491, 209642.075868731277296 ] ] ] ] } },
{ "type": "Feature", "properties": { "mainhabs": "Coastal and floodplain grazing marsh", "habcodes": "CFPGM", "featdesc": null, "featcodes": null, "otherclass": null, "addhabs": null, "primsource": "Environment Agency Flood Zone 3 Oxfordshire digital data 2009 (CFPGM)", "areaha": "0.02", "version": "Sep_25", "uid": "PHID44611190_020973711", "shape_length": null, "shape_area": null, "site": "northfieldfarm", "pid": 2, "method": "grabcut2" }, "geometry": { "type": "Polygon", "coordinates": [ [ [ 446158.3491, 209768.075868731277296 ], [ 446160.3491, 209767.075868731277296 ], [ 446160.3491, 209766.075868731277296 ], [ 446156.8491, 209763.575868731277296 ], [ 446156.3491, 209762.075868731277296 ], [ 446154.3491, 209762.075868731277296 ], [ 446152.3491, 209758.575868731277296 ], [ 446149.8491, 209758.075868731277296 ], [ 446148.8491, 209756.075868731277296 ], [ 446146.3491, 209755.575868731277296 ], [ 446146.3491, 209754.575868731277296 ], [ 446143.3491, 209754.075868731277296 ], [ 446142.3491, 209752.075868731277296 ], [ 446136.8491, 209750.075868731277296 ], [ 446135.3491, 209748.075868731277296 ], [ 446129.8491, 209746.075868731277296 ], [ 446128.3491, 209744.075868731277296 ], [ 446124.8491, 209743.575868731277296 ], [ 446124.8491, 209742.575868731277296 ], [ 446122.8491, 209743.075868731277296 ], [ 446120.8491, 209740.075868731277296 ], [ 446117.8491, 209739.575868731277296 ], [ 446117.8491, 209738.575868731277296 ], [ 446116.3491, 209738.075868731277296 ], [ 446113.8491, 209738.575868731277296 ], [ 446113.8491, 209737.075868731277296 ], [ 446112.3491, 209737.075868731277296 ], [ 446112.3491, 209736.075868731277296 ], [ 446104.8491, 209734.075868731277296 ], [ 446103.3491, 209732.075868731277296 ], [ 446099.3491, 209731.575868731277296 ], [ 446099.3491, 209730.575868731277296 ], [ 446096.3491, 209730.075868731277296 ], [ 446096.3491, 209729.075868731277296 ], [ 446094.3491, 209729.075868731277296 ], [ 446094.3491, 209728.075868731277296 ], [ 446090.3491, 209727.575868731277296 ], [ 446090.3491, 209726.575868731277296 ], [ 446087.3491, 209726.075868731277296 ], [ 446087.3491, 209725.075868731277296 ], [ 446084.8491, 209725.075868731277296 ], [ 446084.8491, 209724.075868731277296 ], [ 446081.8491, 209723.575868731277296 ], [ 446081.8491, 209722.575868731277296 ], [ 446078.3491, 209722.075868731277296 ], [ 446078.3491, 209721.075868731277296 ], [ 446076.3491, 209721.075868731277296 ], [ 446076.3491, 209720.075868731277296 ], [ 446072.8491, 209719.575868731277296 ], [ 446072.8491, 209718.575868731277296 ], [ 446068.8491, 209718.075868731277296 ], [ 446067.3491, 209716.075868731277296 ], [ 446060.8491, 209714.075868731277296 ], [ 446060.8491, 209713.075868731277296 ], [ 446059.3491, 209713.075868731277296 ], [ 446057.8491, 209714.575868731277296 ], [ 446073.3491, 209723.075868731277296 ], [ 446075.3491, 209723.075868731277296 ], [ 446076.8491, 209724.575868731277296 ], [ 446080.8491, 209724.575868731277296 ], [ 446084.3491, 209728.075868731277296 ], [ 446087.8491, 209729.075868731277296 ], [ 446090.3491, 209731.075868731277296 ], [ 446092.3491, 209731.075868731277296 ], [ 446093.8491, 209732.575868731277296 ], [ 446099.3491, 209734.075868731277296 ], [ 446099.8491, 209735.075868731277296 ], [ 446103.3491, 209735.575868731277296 ], [ 446105.3491, 209737.075868731277296 ], [ 446121.3491, 209743.075868731277296 ], [ 446121.3491, 209744.075868731277296 ], [ 446123.3491, 209744.575868731277296 ], [ 446125.8491, 209747.075868731277296 ], [ 446130.8491, 209749.575868731277296 ], [ 446131.8491, 209751.075868731277296 ], [ 446133.3491, 209751.075868731277296 ], [ 446133.3491, 209752.075868731277296 ], [ 446136.8491, 209753.575868731277296 ], [ 446137.8491, 209755.075868731277296 ], [ 446139.3491, 209755.075868731277296 ], [ 446139.3491, 209756.075868731277296 ], [ 446142.3491, 209757.075868731277296 ], [ 446143.8491, 209759.075868731277296 ], [ 446145.3491, 209759.075868731277296 ], [ 446146.3491, 209760.575868731277296 ], [ 446152.3491, 209763.575868731277296 ], [ 446153.3491, 209765.075868731277296 ], [ 446154.8491, 209765.075868731277296 ], [ 446158.3491, 209768.075868731277296 ] ] ] } },
{ "type": "Feature", "properties": { "mainhabs": "Coastal and floodplain grazing marsh", "habcodes": "CFPGM", "featdesc": null, "featcodes": null, "otherclass": null, "addhabs": null, "primsource": "Environment Agency Flood Zone 3 Oxfordshire digital data 2009 (CFPGM)", "areaha": "0.01", "version": "Sep_25", "uid": "PHID44642908_020997336", "shape_length": null, "shape_area": null, "site": "northfieldfarm", "pid": 3, "method": "grabcut2" }, "geometry": { "type": "Polygon", "coordinates": [ [ [ 446459.3491, 209988.075868731277296 ], [ 446460.3491, 209988.075868731277296 ], [ 446462.3491, 209985.575868731277296 ], [ 446460.3491, 209983.075868731277296 ], [ 446455.3491, 209982.075868731277296 ], [ 446452.8491, 209980.075868731277296 ], [ 446450.3491, 209979.575868731277296 ], [ 446449.3491, 209978.075868731277296 ], [ 446445.8491, 209977.575868731277296 ], [ 446444.3491, 209976.075868731277296 ], [ 446436.3491, 209973.575868731277296 ], [ 446434.8491, 209972.075868731277296 ], [ 446432.3491, 209972.075868731277296 ], [ 446432.3491, 209971.075868731277296 ], [ 446430.8491, 209971.075868731277296 ], [ 446430.3491, 209970.075868731277296 ], [ 446427.3491, 209970.075868731277296 ], [ 446424.3491, 209968.075868731277296 ], [ 446416.8491, 209966.075868731277296 ], [ 446416.3491, 209965.075868731277296 ], [ 446410.3491, 209963.575868731277296 ], [ 446408.3491, 209962.075868731277296 ], [ 446400.3491, 209959.575868731277296 ], [ 446398.8491, 209960.075868731277296 ], [ 446394.8491, 209958.075868731277296 ], [ 446392.8491, 209958.075868731277296 ], [ 446391.8491, 209960.075868731277296 ], [ 446390.8491, 209960.075868731277296 ], [ 446392.3491, 209964.075868731277296 ], [ 446393.8491, 209965.075868731277296 ], [ 446396.3491, 209965.075868731277296 ], [ 446396.3491, 209966.075868731277296 ], [ 446398.8491, 209966.075868731277296 ], [ 446399.3491, 209967.075868731277296 ], [ 446400.3491, 209966.575868731277296 ], [ 446402.3491, 209968.075868731277296 ], [ 446409.8491, 209970.075868731277296 ], [ 446410.3491, 209971.075868731277296 ], [ 446413.3491, 209971.075868731277296 ], [ 446415.8491, 209973.075868731277296 ], [ 446422.3491, 209972.575868731277296 ], [ 446423.3491, 209974.075868731277296 ], [ 446426.3491, 209974.075868731277296 ], [ 446426.3491, 209975.075868731277296 ], [ 446429.3491, 209974.575868731277296 ], [ 446434.3491, 209978.575868731277296 ], [ 446434.8491, 209980.075868731277296 ], [ 446440.8491, 209980.575868731277296 ], [ 446442.3491, 209982.075868731277296 ], [ 446443.8491, 209981.575868731277296 ], [ 446444.3491, 209982.575868731277296 ], [ 446446.8491, 209982.075868731277296 ], [ 446450.8491, 209985.075868731277296 ], [ 446454.8491, 209984.575868731277296 ], [ 446456.8491, 209987.575868731277296 ], [ 446459.3491, 209988.075868731277296 ] ] ] } },
{ "type": "Feature", "properties": { "mainhabs": "Coastal and floodplain grazing marsh", "habcodes": "CFPGM", "featdesc": null, "featcodes": null, "otherclass": null, "addhabs": null, "primsource": "Environment Agency Flood Zone 3 Oxfordshire digital data 2009 (CFPGM)", "areaha": "0.11", "version": "Sep_25", "uid": "PHID44645343_020967364", "shape_length": null, "shape_area": null, "site": "northfieldfarm", "pid": 4, "method": "grabcut2" }, "geometry": { "type": "Polygon", "coordinates": [ [ [ 446497.3491, 209704.075868731277296 ], [ 446498.3491, 209704.075868731277296 ], [ 446498.8491, 209702.075868731277296 ], [ 446499.8491, 209702.075868731277296 ], [ 446499.8491, 209699.575868731277296 ], [ 446497.3491, 209696.575868731277296 ], [ 446492.8491, 209694.575868731277296 ], [ 446492.8491, 209693.075868731277296 ], [ 446489.3491, 209686.575868731277296 ], [ 446478.8491, 209678.075868731277296 ], [ 446471.3491, 209674.075868731277296 ], [ 446463.3491, 209673.075868731277296 ], [ 446456.3491, 209670.575868731277296 ], [ 446447.8491, 209669.075868731277296 ], [ 446434.8491, 209664.075868731277296 ], [ 446428.3491, 209660.075868731277296 ], [ 446426.3491, 209660.075868731277296 ], [ 446422.3491, 209657.075868731277296 ], [ 446420.8491, 209657.075868731277296 ], [ 446420.3491, 209656.075868731277296 ], [ 446418.3491, 209656.075868731277296 ], [ 446418.3491, 209655.075868731277296 ], [ 446410.3491, 209651.575868731277296 ], [ 446410.3491, 209650.575868731277296 ], [ 446406.8491, 209649.575868731277296 ], [ 446405.8491, 209648.075868731277296 ], [ 446394.3491, 209643.075868731277296 ], [ 446393.8491, 209642.075868731277296 ], [ 446392.3491, 209642.075868731277296 ], [ 446390.3491, 209640.075868731277296 ], [ 446387.8491, 209640.075868731277296 ], [ 446388.3491, 209642.075868731277296 ], [ 446386.8491, 209642.575868731277296 ], [ 446386.8491, 209647.575868731277296 ], [ 446390.3491, 209648.075868731277296 ], [ 446391.3491, 209650.075868731277296 ], [ 446392.8491, 209650.575868731277296 ], [ 446397.3491, 209650.575868731277296 ], [ 446399.8491, 209654.075868731277296 ], [ 446405.8491, 209656.575868731277296 ], [ 446406.8491, 209658.075868731277296 ], [ 446408.3491, 209658.075868731277296 ], [ 446411.3491, 209660.075868731277296 ], [ 446413.3491, 209659.575868731277296 ], [ 446415.8491, 209661.075868731277296 ], [ 446416.8491, 209660.575868731277296 ], [ 446418.8491, 209664.075868731277296 ], [ 446422.3491, 209664.575868731277296 ], [ 446422.8491, 209666.075868731277296 ], [ 446424.3491, 209666.075868731277296 ], [ 446426.3491, 209668.075868731277296 ], [ 446428.3491, 209668.075868731277296 ], [ 446430.3491, 209670.075868731277296 ], [ 446432.3491, 209670.075868731277296 ], [ 446434.3491, 209672.075868731277296 ], [ 446436.3491, 209672.075868731277296 ], [ 446436.3491, 209673.075868731277296 ], [ 446443.8491, 209676.075868731277296 ], [ 446446.3491, 209678.075868731277296 ], [ 446448.3491, 209678.075868731277296 ], [ 446452.8491, 209681.575868731277296 ], [ 446464.3491, 209686.575868731277296 ], [ 446465.8491, 209688.075868731277296 ], [ 446467.3491, 209688.075868731277296 ], [ 446468.3491, 209689.575868731277296 ], [ 446479.8491, 209694.575868731277296 ], [ 446481.3491, 209696.075868731277296 ], [ 446482.8491, 209696.075868731277296 ], [ 446484.8491, 209698.075868731277296 ], [ 446492.3491, 209701.075868731277296 ], [ 446492.8491, 209702.075868731277296 ], [ 446495.3491, 209703.075868731277296 ], [ 446496.3491, 209702.575868731277296 ], [ 446497.3491, 209704.075868731277296 ] ] ] } },
{ "type": "Feature", "properties": { "mainhabs": "Coastal and floodplain grazing marsh", "habcodes": "CFPGM", "featdesc": null, "featcodes": null, "otherclass": null, "addhabs": null, "primsource": "Environment Agency Flood Zone 3 Oxfordshire digital data 2009 (CFPGM)", "areaha": "5.77", "version": "Sep_25", "uid": "PHID44700748_021006392", "shape_length": null, "shape_area": null, "site": "northfieldfarm", "pid": 5, "method": "grabcut2" }, "geometry": { "type": "Polygon", "coordinates": [ [ [ 447124.8491, 210210.575868731277296 ], [ 447136.3491, 210210.075868731277296 ], [ 447137.8491, 210209.075868731277296 ], [ 447139.8491, 210209.075868731277296 ], [ 447140.3491, 210210.075868731277296 ], [ 447143.8491, 210209.075868731277296 ], [ 447144.3491, 210210.075868731277296 ], [ 447147.3491, 210210.075868731277296 ], [ 447147.8491, 210209.075868731277296 ], [ 447150.8491, 210209.075868731277296 ], [ 447151.3491, 210208.075868731277296 ], [ 447157.3491, 210208.075868731277296 ], [ 447157.8491, 210206.575868731277296 ], [ 447162.8491, 210205.075868731277296 ], [ 447164.3491, 210202.575868731277296 ], [ 447165.8491, 210203.075868731277296 ], [ 447165.8491, 210202.075868731277296 ], [ 447171.3491, 210199.075868731277296 ], [ 447173.8491, 210194.575868731277296 ], [ 447176.8491, 210194.075868731277296 ], [ 447176.8491, 210192.575868731277296 ], [ 447179.8491, 210190.075868731277296 ], [ 447180.3491, 210188.075868731277296 ], [ 447181.8491, 210187.575868731277296 ], [ 447181.3491, 210185.075868731277296 ], [ 447183.8491, 210182.075868731277296 ], [ 447183.8491, 210179.575868731277296 ], [ 447181.8491, 210177.575868731277296 ], [ 447182.8491, 210176.075868731277296 ], [ 447182.3491, 210171.075868731277296 ], [ 447182.8491, 210170.075868731277296 ], [ 447186.8491, 210170.075868731277296 ], [ 447186.3491, 210160.575868731277296 ], [ 447185.8491, 210158.075868731277296 ], [ 447184.8491, 210158.075868731277296 ], [ 447183.3491, 210156.075868731277296 ], [ 447183.8491, 210153.575868731277296 ], [ 447179.8491, 210153.575868731277296 ], [ 447179.8491, 210152.575868731277296 ], [ 447176.3491, 210149.575868731277296 ], [ 447175.8491, 210147.075868731277296 ], [ 447171.8491, 210145.075868731277296 ], [ 447171.8491, 210144.075868731277296 ], [ 447168.3491, 210145.075868731277296 ], [ 447165.8491, 210141.075868731277296 ], [ 447163.8491, 210140.075868731277296 ], [ 447163.8491, 210138.575868731277296 ], [ 447161.8491, 210137.575868731277296 ], [ 447161.8491, 210135.075868731277296 ], [ 447158.8491, 210133.575868731277296 ], [ 447159.3491, 210132.075868731277296 ], [ 447155.8491, 210129.075868731277296 ], [ 447155.8491, 210128.075868731277296 ], [ 447158.3491, 210126.075868731277296 ], [ 447157.8491, 210124.075868731277296 ], [ 447161.8491, 210123.075868731277296 ], [ 447164.8491, 210121.075868731277296 ], [ 447164.8491, 210119.575868731277296 ], [ 447163.3491, 210118.075868731277296 ], [ 447164.8491, 210115.575868731277296 ], [ 447164.8491, 210113.575868731277296 ], [ 447163.8491, 210113.075868731277296 ], [ 447164.8491, 210109.575868731277296 ], [ 447164.3491, 210107.075868731277296 ], [ 447162.3491, 210109.575868731277296 ], [ 447163.8491, 210111.575868731277296 ], [ 447162.8491, 210112.075868731277296 ], [ 447163.3491, 210113.575868731277296 ], [ 447161.8491, 210114.075868731277296 ], [ 447161.3491, 210120.575868731277296 ], [ 447158.3491, 210123.075868731277296 ], [ 447155.8491, 210120.575868731277296 ], [ 447154.8491, 210114.075868731277296 ], [ 447152.8491, 210110.075868731277296 ], [ 447152.8491, 210107.075868731277296 ], [ 447150.3491, 210100.075868731277296 ], [ 447151.8491, 210098.075868731277296 ], [ 447153.8491, 210098.075868731277296 ], [ 447154.8491, 210096.575868731277296 ], [ 447152.3491, 210094.075868731277296 ], [ 447149.8491, 210089.075868731277296 ], [ 447147.8491, 210088.075868731277296 ], [ 447147.8491, 210085.075868731277296 ], [ 447145.8491, 210083.075868731277296 ], [ 447145.8491, 210081.575868731277296 ], [ 447141.8491, 210080.075868731277296 ], [ 447139.8491, 210077.575868731277296 ], [ 447139.3491, 210071.575868731277296 ], [ 447138.3491, 210070.575868731277296 ], [ 447133.3491, 210071.075868731277296 ], [ 447130.8491, 210068.575868731277296 ], [ 447130.8491, 210067.075868731277296 ], [ 447132.8491, 210065.575868731277296 ], [ 447132.8491, 210064.075868731277296 ], [ 447133.8491, 210064.075868731277296 ], [ 447135.3491, 210062.075868731277296 ], [ 447135.8491, 210054.575868731277296 ], [ 447137.8491, 210054.575868731277296 ], [ 447137.3491, 210052.075868731277296 ], [ 447136.3491, 210051.575868731277296 ], [ 447136.3491, 210047.575868731277296 ], [ 447138.8491, 210046.075868731277296 ], [ 447139.8491, 210047.575868731277296 ], [ 447144.3491, 210047.075868731277296 ], [ 447145.8491, 210049.075868731277296 ], [ 447147.3491, 210049.075868731277296 ], [ 447148.3491, 210046.575868731277296 ], [ 447149.8491, 210047.075868731277296 ], [ 447150.8491, 210046.075868731277296 ], [ 447150.8491, 210044.075868731277296 ], [ 447149.8491, 210044.075868731277296 ], [ 447148.3491, 210042.075868731277296 ], [ 447148.3491, 210040.575868731277296 ], [ 447145.8491, 210040.075868731277296 ], [ 447142.8491, 210036.575868731277296 ], [ 447143.3491, 210034.575868731277296 ], [ 447149.3491, 210030.075868731277296 ], [ 447150.3491, 210028.075868731277296 ], [ 447153.8491, 210026.075868731277296 ], [ 447154.8491, 210024.075868731277296 ], [ 447155.8491, 210024.075868731277296 ], [ 447157.8491, 210020.075868731277296 ], [ 447159.8491, 210020.575868731277296 ], [ 447159.8491, 210021.575868731277296 ], [ 447162.8491, 210021.575868731277296 ], [ 447163.8491, 210020.575868731277296 ], [ 447162.8491, 210015.575868731277296 ], [ 447167.3491, 210011.075868731277296 ], [ 447167.8491, 210008.075868731277296 ], [ 447169.3491, 210007.575868731277296 ], [ 447169.8491, 210004.575868731277296 ], [ 447172.8491, 210005.075868731277296 ], [ 447173.3491, 210006.075868731277296 ], [ 447176.3491, 210005.575868731277296 ], [ 447177.3491, 209999.575868731277296 ], [ 447176.3491, 209998.575868731277296 ], [ 447175.3491, 210000.075868731277296 ], [ 447173.8491, 210000.075868731277296 ], [ 447169.8491, 209998.075868731277296 ], [ 447166.8491, 209998.575868731277296 ], [ 447165.8491, 209997.075868731277296 ], [ 447163.3491, 209996.075868731277296 ], [ 447152.3491, 209994.075868731277296 ], [ 447141.3491, 209990.075868731277296 ], [ 447138.3491, 209990.075868731277296 ], [ 447134.3491, 209988.075868731277296 ], [ 447123.3491, 209986.075868731277296 ], [ 447119.3491, 209984.075868731277296 ], [ 447116.3491, 209984.075868731277296 ], [ 447113.8491, 209982.575868731277296 ], [ 447108.3491, 209982.075868731277296 ], [ 447105.3491, 209980.075868731277296 ], [ 447094.3491, 209978.075868731277296 ], [ 447090.3491, 209976.075868731277296 ], [ 447087.3491, 209976.075868731277296 ], [ 447082.8491, 209974.075868731277296 ], [ 447076.8491, 209973.075868731277296 ], [ 447075.8491, 209972.075868731277296 ], [ 447064.3491, 209970.075868731277296 ], [ 447053.3491, 209966.075868731277296 ], [ 447050.3491, 209966.075868731277296 ], [ 447046.3491, 209964.075868731277296 ], [ 447013.3491, 209956.575868731277296 ], [ 447005.8491, 209956.075868731277296 ], [ 446992.3491, 209952.075868731277296 ], [ 446972.3491, 209950.075868731277296 ], [ 446963.8491, 209948.075868731277296 ], [ 446952.3491, 209949.575868731277296 ], [ 446941.3491, 209947.075868731277296 ], [ 446940.3491, 209946.075868731277296 ], [ 446936.8491, 209946.075868731277296 ], [ 446932.3491, 209944.075868731277296 ], [ 446928.3491, 209944.075868731277296 ], [ 446926.3491, 209943.075868731277296 ], [ 446923.8491, 209943.575868731277296 ], [ 446920.3491, 209942.075868731277296 ], [ 446912.3491, 209942.075868731277296 ], [ 446895.8491, 209938.575868731277296 ], [ 446893.8491, 209939.075868731277296 ], [ 446888.8491, 209938.075868731277296 ], [ 446885.3491, 209936.075868731277296 ], [ 446882.3491, 209936.075868731277296 ], [ 446880.3491, 209934.575868731277296 ], [ 446876.3491, 209934.075868731277296 ], [ 446874.3491, 209932.575868731277296 ], [ 446870.3491, 209932.075868731277296 ], [ 446868.3491, 209930.575868731277296 ], [ 446858.8491, 209928.075868731277296 ], [ 446856.3491, 209926.075868731277296 ], [ 446852.8491, 209925.575868731277296 ], [ 446852.3491, 209924.575868731277296 ], [ 446849.3491, 209924.075868731277296 ], [ 446846.3491, 209922.075868731277296 ], [ 446838.3491, 209919.575868731277296 ], [ 446836.8491, 209918.075868731277296 ], [ 446834.3491, 209918.075868731277296 ], [ 446831.3491, 209916.075868731277296 ], [ 446829.3491, 209916.075868731277296 ], [ 446823.3491, 209912.575868731277296 ], [ 446821.3491, 209913.075868731277296 ], [ 446819.3491, 209916.575868731277296 ], [ 446818.8491, 209920.075868731277296 ], [ 446816.8491, 209958.575868731277296 ], [ 446816.3491, 209959.575868731277296 ], [ 446812.3491, 209959.575868731277296 ], [ 446806.3491, 209958.075868731277296 ], [ 446804.8491, 209959.575868731277296 ], [ 446806.3491, 209961.575868731277296 ], [ 446811.8491, 209962.575868731277296 ], [ 446812.8491, 209964.075868731277296 ], [ 446814.3491, 209964.075868731277296 ], [ 446819.8491, 209968.075868731277296 ], [ 446821.3491, 209968.075868731277296 ], [ 446822.3491, 209969.575868731277296 ], [ 446826.3491, 209971.075868731277296 ], [ 446826.3491, 209972.075868731277296 ], [ 446827.8491, 209972.075868731277296 ], [ 446828.8491, 209973.575868731277296 ], [ 446832.3491, 209974.575868731277296 ], [ 446833.3491, 209976.075868731277296 ], [ 446835.8491, 209976.575868731277296 ], [ 446836.8491, 209978.075868731277296 ], [ 446838.3491, 209978.075868731277296 ], [ 446842.8491, 209981.575868731277296 ], [ 446850.3491, 209985.075868731277296 ], [ 446850.3491, 209986.075868731277296 ], [ 446852.3491, 209986.075868731277296 ], [ 446854.3491, 209988.075868731277296 ], [ 446856.3491, 209988.075868731277296 ], [ 446858.3491, 209990.075868731277296 ], [ 446860.3491, 209990.075868731277296 ], [ 446862.3491, 209992.075868731277296 ], [ 446863.8491, 209992.075868731277296 ], [ 446864.3491, 209993.075868731277296 ], [ 446876.3491, 209998.575868731277296 ], [ 446880.3491, 210002.575868731277296 ], [ 446884.8491, 210004.075868731277296 ], [ 446886.3491, 210006.075868731277296 ], [ 446888.3491, 210006.075868731277296 ], [ 446888.3491, 210007.075868731277296 ], [ 446890.8491, 210008.075868731277296 ], [ 446890.3491, 210013.075868731277296 ], [ 446886.3491, 210024.575868731277296 ], [ 446886.3491, 210027.575868731277296 ], [ 446882.3491, 210038.575868731277296 ], [ 446882.3491, 210041.575868731277296 ], [ 446878.3491, 210053.075868731277296 ], [ 446878.3491, 210056.075868731277296 ], [ 446876.3491, 210060.075868731277296 ], [ 446876.3491, 210063.075868731277296 ], [ 446874.3491, 210067.075868731277296 ], [ 446874.3491, 210070.075868731277296 ], [ 446872.3491, 210074.075868731277296 ], [ 446872.3491, 210077.075868731277296 ], [ 446870.3491, 210081.575868731277296 ], [ 446868.3491, 210091.575868731277296 ], [ 446864.3491, 210102.575868731277296 ], [ 446864.3491, 210105.575868731277296 ], [ 446862.3491, 210110.075868731277296 ], [ 446862.3491, 210112.575868731277296 ], [ 446858.3491, 210125.575868731277296 ], [ 446856.3491, 210125.575868731277296 ], [ 446856.3491, 210127.575868731277296 ], [ 446855.3491, 210127.575868731277296 ], [ 446854.3491, 210126.575868731277296 ], [ 446849.3491, 210126.075868731277296 ], [ 446846.3491, 210124.575868731277296 ], [ 446843.3491, 210124.575868731277296 ], [ 446843.8491, 210127.575868731277296 ], [ 446845.3491, 210127.075868731277296 ], [ 446846.3491, 210128.075868731277296 ], [ 446850.3491, 210128.075868731277296 ], [ 446852.8491, 210130.075868731277296 ], [ 446856.8491, 210129.075868731277296 ], [ 446857.8491, 210130.075868731277296 ], [ 446867.3491, 210130.075868731277296 ], [ 446868.8491, 210129.075868731277296 ], [ 446869.3491, 210130.075868731277296 ], [ 446874.8491, 210130.075868731277296 ], [ 446877.3491, 210129.075868731277296 ], [ 446880.3491, 210131.075868731277296 ], [ 446882.3491, 210131.075868731277296 ], [ 446882.3491, 210130.075868731277296 ], [ 446883.8491, 210129.575868731277296 ], [ 446886.3491, 210130.575868731277296 ], [ 446888.3491, 210129.075868731277296 ], [ 446888.3491, 210130.075868731277296 ], [ 446890.3491, 210130.075868731277296 ], [ 446890.8491, 210131.075868731277296 ], [ 446893.3491, 210129.075868731277296 ], [ 446898.8491, 210129.075868731277296 ], [ 446900.3491, 210127.075868731277296 ], [ 446902.3491, 210128.575868731277296 ], [ 446906.3491, 210128.075868731277296 ], [ 446906.8491, 210129.075868731277296 ], [ 446908.3491, 210129.075868731277296 ], [ 446908.3491, 210128.075868731277296 ], [ 446911.3491, 210128.075868731277296 ], [ 446914.3491, 210129.075868731277296 ], [ 446914.3491, 210128.075868731277296 ], [ 446920.8491, 210128.575868731277296 ], [ 446927.8491, 210127.575868731277296 ], [ 446929.8491, 210128.575868731277296 ], [ 446930.3491, 210127.575868731277296 ], [ 446934.3491, 210128.075868731277296 ], [ 446934.8491, 210126.575868731277296 ], [ 446940.3491, 210126.575868731277296 ], [ 446940.3491, 210127.575868731277296 ], [ 446942.3491, 210129.075868731277296 ], [ 446943.8491, 210128.575868731277296 ], [ 446944.3491, 210130.075868731277296 ], [ 446952.3491, 210130.075868731277296 ], [ 446953.3491, 210131.575868731277296 ], [ 446955.3491, 210130.075868731277296 ], [ 446956.3491, 210132.075868731277296 ], [ 446961.3491, 210132.075868731277296 ], [ 446962.3491, 210133.575868731277296 ], [ 446964.3491, 210134.075868731277296 ], [ 446966.8491, 210134.075868731277296 ], [ 446968.3491, 210133.075868731277296 ], [ 446969.3491, 210134.575868731277296 ], [ 446974.3491, 210136.075868731277296 ], [ 446975.8491, 210138.075868731277296 ], [ 446977.8491, 210138.075868731277296 ], [ 446978.8491, 210137.075868731277296 ], [ 446981.3491, 210138.075868731277296 ], [ 446982.3491, 210140.075868731277296 ], [ 446985.8491, 210141.075868731277296 ], [ 446987.3491, 210143.075868731277296 ], [ 446988.3491, 210143.075868731277296 ], [ 446988.3491, 210144.075868731277296 ], [ 446991.8491, 210144.075868731277296 ], [ 446992.8491, 210145.575868731277296 ], [ 446996.3491, 210146.075868731277296 ], [ 446998.8491, 210148.075868731277296 ], [ 447002.3491, 210148.075868731277296 ], [ 447004.8491, 210150.075868731277296 ], [ 447008.3491, 210150.575868731277296 ], [ 447015.3491, 210156.075868731277296 ], [ 447016.8491, 210156.075868731277296 ], [ 447020.3491, 210159.075868731277296 ], [ 447022.3491, 210159.075868731277296 ], [ 447023.8491, 210161.075868731277296 ], [ 447026.8491, 210160.575868731277296 ], [ 447032.8491, 210166.075868731277296 ], [ 447033.8491, 210166.075868731277296 ], [ 447034.3491, 210167.575868731277296 ], [ 447038.3491, 210168.075868731277296 ], [ 447039.8491, 210170.075868731277296 ], [ 447048.8491, 210172.075868731277296 ], [ 447050.3491, 210174.075868731277296 ], [ 447051.8491, 210173.575868731277296 ], [ 447052.3491, 210174.575868731277296 ], [ 447055.8491, 210174.575868731277296 ], [ 447056.8491, 210176.075868731277296 ], [ 447060.8491, 210178.075868731277296 ], [ 447060.8491, 210180.075868731277296 ], [ 447062.3491, 210181.575868731277296 ], [ 447064.3491, 210181.575868731277296 ], [ 447064.3491, 210183.075868731277296 ], [ 447065.8491, 210184.075868731277296 ], [ 447066.3491, 210186.075868731277296 ], [ 447067.8491, 210185.575868731277296 ], [ 447070.3491, 210187.575868731277296 ], [ 447071.8491, 210187.075868731277296 ], [ 447073.8491, 210190.075868731277296 ], [ 447075.8491, 210190.075868731277296 ], [ 447077.8491, 210192.075868731277296 ], [ 447085.3491, 210193.075868731277296 ], [ 447085.8491, 210194.075868731277296 ], [ 447086.8491, 210193.575868731277296 ], [ 447088.8491, 210196.075868731277296 ], [ 447094.3491, 210198.075868731277296 ], [ 447095.3491, 210200.075868731277296 ], [ 447098.3491, 210200.575868731277296 ], [ 447099.3491, 210202.075868731277296 ], [ 447102.8491, 210202.575868731277296 ], [ 447104.3491, 210204.075868731277296 ], [ 447106.8491, 210204.075868731277296 ], [ 447109.8491, 210206.075868731277296 ], [ 447120.8491, 210208.075868731277296 ], [ 447121.8491, 210209.575868731277296 ], [ 447124.8491, 210210.575868731277296 ] ], [ [ 447136.3491, 210053.575868731277296 ], [ 447136.3491, 210052.575868731277296 ], [ 447136.8491, 210052.575868731277296 ], [ 447136.8491, 210053.575868731277296 ], [ 447136.3491, 210053.575868731277296 ] ], [ [ 447131.8491, 210044.075868731277296 ], [ 447131.8491, 210043.575868731277296 ], [ 447132.3491, 210043.575868731277296 ], [ 447132.3491, 210044.075868731277296 ], [ 447131.8491, 210044.075868731277296 ] ], [ [ 447131.8491, 210046.075868731277296 ], [ 447131.8491, 210045.575868731277296 ], [ 447132.3491, 210045.575868731277296 ], [ 447132.3491, 210046.075868731277296 ], [ 447131.8491, 210046.075868731277296 ] ] ] } },
{ "type": "Feature", "properties": { "mainhabs": "Coastal and floodplain grazing marsh", "habcodes": "CFPGM", "featdesc": null, "featcodes": null, "otherclass": null, "addhabs": null, "primsource": "Environment Agency Flood Zone 3 Oxfordshire digital data 2009 (CFPGM)", "areaha": "0.01", "version": "Sep_25", "uid": "PHID44715403_021010333", "shape_length": null, "shape_area": null, "site": "northfieldfarm", "pid": 6, "method": "grabcut2" }, "geometry": { "type": "Polygon", "coordinates": [ [ [ 447158.3491, 210123.075868731277296 ], [ 447161.3491, 210120.575868731277296 ], [ 447160.8491, 210119.575868731277296 ], [ 447161.8491, 210119.075868731277296 ], [ 447161.8491, 210114.075868731277296 ], [ 447163.3491, 210113.575868731277296 ], [ 447162.8491, 210112.075868731277296 ], [ 447163.8491, 210111.575868731277296 ], [ 447162.3491, 210109.575868731277296 ], [ 447163.8491, 210107.575868731277296 ], [ 447163.8491, 210104.075868731277296 ], [ 447161.8491, 210100.575868731277296 ], [ 447158.8491, 210098.075868731277296 ], [ 447153.8491, 210097.075868731277296 ], [ 447153.8491, 210098.075868731277296 ], [ 447151.8491, 210098.075868731277296 ], [ 447150.3491, 210100.075868731277296 ], [ 447152.8491, 210107.075868731277296 ], [ 447152.8491, 210110.075868731277296 ], [ 447154.8491, 210114.075868731277296 ], [ 447155.8491, 210120.575868731277296 ], [ 447158.3491, 210123.075868731277296 ] ] ] } },
{ "type": "Feature", "properties": { "mainhabs": "Coastal and floodplain grazing marsh", "habcodes": "CFPGM", "featdesc": null, "featcodes": null, "otherclass": null, "addhabs": null, "primsource": "Higher Level Stewardship 2011 (CFPGM)", "areaha": "0.32", "version": "Sep_25", "uid": "PHID44733724_021014608", "shape_length": null, "shape_area": null, "site": "northfieldfarm", "pid": 7, "method": "grabcut2" }, "geometry": { "type": "MultiPolygon", "coordinates": [ [ [ [ 447605.3491, 210245.575868731277296 ], [ 447606.3491, 210244.075868731277296 ], [ 447605.8491, 210240.575868731277296 ], [ 447603.8491, 210240.075868731277296 ], [ 447603.3491, 210238.575868731277296 ], [ 447596.8491, 210236.075868731277296 ], [ 447595.8491, 210234.075868731277296 ], [ 447593.8491, 210234.075868731277296 ], [ 447589.3491, 210230.575868731277296 ], [ 447587.8491, 210231.075868731277296 ], [ 447587.3491, 210230.075868731277296 ], [ 447585.8491, 210230.075868731277296 ], [ 447582.3491, 210227.075868731277296 ], [ 447579.8491, 210227.075868731277296 ], [ 447576.3491, 210229.575868731277296 ], [ 447578.3491, 210231.575868731277296 ], [ 447585.8491, 210234.075868731277296 ], [ 447585.8491, 210236.075868731277296 ], [ 447588.3491, 210236.075868731277296 ], [ 447589.8491, 210238.075868731277296 ], [ 447593.8491, 210238.075868731277296 ], [ 447595.8491, 210240.075868731277296 ], [ 447597.3491, 210240.075868731277296 ], [ 447597.8491, 210241.575868731277296 ], [ 447601.8491, 210242.575868731277296 ], [ 447604.8491, 210246.075868731277296 ], [ 447605.3491, 210245.575868731277296 ] ] ], [ [ [ 447538.8491, 210213.075868731277296 ], [ 447541.8491, 210214.075868731277296 ], [ 447542.3491, 210215.575868731277296 ], [ 447543.8491, 210215.575868731277296 ], [ 447545.8491, 210217.575868731277296 ], [ 447546.3491, 210219.575868731277296 ], [ 447549.8491, 210219.575868731277296 ], [ 447551.3491, 210218.575868731277296 ], [ 447551.8491, 210220.075868731277296 ], [ 447555.8491, 210220.075868731277296 ], [ 447556.3491, 210221.575868731277296 ], [ 447559.3491, 210221.575868731277296 ], [ 447558.8491, 210223.075868731277296 ], [ 447561.8491, 210223.075868731277296 ], [ 447561.8491, 210224.075868731277296 ], [ 447564.3491, 210223.075868731277296 ], [ 447565.3491, 210223.575868731277296 ], [ 447565.8491, 210222.075868731277296 ], [ 447566.8491, 210222.075868731277296 ], [ 447563.3491, 210219.075868731277296 ], [ 447557.8491, 210217.075868731277296 ], [ 447557.8491, 210216.075868731277296 ], [ 447555.8491, 210216.075868731277296 ], [ 447553.8491, 210214.075868731277296 ], [ 447551.8491, 210214.075868731277296 ], [ 447537.3491, 210206.075868731277296 ], [ 447535.8491, 210206.575868731277296 ], [ 447533.8491, 210209.575868731277296 ], [ 447535.8491, 210212.075868731277296 ], [ 447537.8491, 210212.075868731277296 ], [ 447536.3491, 210214.075868731277296 ], [ 447538.3491, 210214.075868731277296 ], [ 447538.8491, 210213.075868731277296 ] ], [ [ 447537.8491, 210213.575868731277296 ], [ 447537.8491, 210213.075868731277296 ], [ 447538.3491, 210213.075868731277296 ], [ 447538.3491, 210213.575868731277296 ], [ 447537.8491, 210213.575868731277296 ] ] ], [ [ [ 447504.3491, 210194.575868731277296 ], [ 447503.3491, 210196.075868731277296 ], [ 447506.3491, 210198.575868731277296 ], [ 447507.3491, 210198.075868731277296 ], [ 447507.3491, 210196.575868731277296 ], [ 447508.3491, 210197.075868731277296 ], [ 447509.3491, 210196.075868731277296 ], [ 447508.8491, 210194.575868731277296 ], [ 447509.8491, 210192.575868731277296 ], [ 447505.8491, 210191.575868731277296 ], [ 447505.3491, 210190.075868731277296 ], [ 447501.8491, 210189.075868731277296 ], [ 447501.8491, 210188.075868731277296 ], [ 447497.8491, 210187.075868731277296 ], [ 447497.8491, 210186.075868731277296 ], [ 447492.8491, 210184.075868731277296 ], [ 447491.3491, 210182.075868731277296 ], [ 447487.8491, 210181.075868731277296 ], [ 447487.8491, 210180.075868731277296 ], [ 447482.8491, 210178.075868731277296 ], [ 447481.8491, 210176.575868731277296 ], [ 447477.8491, 210175.575868731277296 ], [ 447477.8491, 210174.575868731277296 ], [ 447475.8491, 210174.575868731277296 ], [ 447472.3491, 210172.075868731277296 ], [ 447460.3491, 210167.575868731277296 ], [ 447459.8491, 210166.575868731277296 ], [ 447453.8491, 210165.075868731277296 ], [ 447453.8491, 210164.075868731277296 ], [ 447447.3491, 210163.575868731277296 ], [ 447445.8491, 210162.075868731277296 ], [ 447440.8491, 210162.075868731277296 ], [ 447440.3491, 210161.075868731277296 ], [ 447428.3491, 210161.075868731277296 ], [ 447414.8491, 210159.075868731277296 ], [ 447390.3491, 210159.075868731277296 ], [ 447381.8491, 210157.075868731277296 ], [ 447381.3491, 210156.075868731277296 ], [ 447373.8491, 210155.075868731277296 ], [ 447366.3491, 210152.075868731277296 ], [ 447360.3491, 210152.075868731277296 ], [ 447355.8491, 210150.075868731277296 ], [ 447347.8491, 210149.575868731277296 ], [ 447344.3491, 210148.075868731277296 ], [ 447341.8491, 210148.075868731277296 ], [ 447339.8491, 210146.075868731277296 ], [ 447337.8491, 210146.075868731277296 ], [ 447336.8491, 210144.575868731277296 ], [ 447334.8491, 210144.075868731277296 ], [ 447333.8491, 210142.075868731277296 ], [ 447332.3491, 210142.075868731277296 ], [ 447330.8491, 210140.075868731277296 ], [ 447329.8491, 210140.075868731277296 ], [ 447329.8491, 210138.575868731277296 ], [ 447327.8491, 210137.575868731277296 ], [ 447327.8491, 210136.075868731277296 ], [ 447326.8491, 210136.075868731277296 ], [ 447323.8491, 210131.075868731277296 ], [ 447321.8491, 210130.075868731277296 ], [ 447321.3491, 210128.075868731277296 ], [ 447319.8491, 210127.575868731277296 ], [ 447319.8491, 210126.075868731277296 ], [ 447317.8491, 210125.075868731277296 ], [ 447317.8491, 210123.575868731277296 ], [ 447315.8491, 210122.075868731277296 ], [ 447315.8491, 210120.575868731277296 ], [ 447314.3491, 210119.575868731277296 ], [ 447313.8491, 210117.575868731277296 ], [ 447307.3491, 210110.575868731277296 ], [ 447306.8491, 210108.575868731277296 ], [ 447304.8491, 210106.575868731277296 ], [ 447305.8491, 210106.075868731277296 ], [ 447305.8491, 210103.575868731277296 ], [ 447303.8491, 210102.075868731277296 ], [ 447303.8491, 210100.075868731277296 ], [ 447302.3491, 210099.575868731277296 ], [ 447301.8491, 210096.575868731277296 ], [ 447299.8491, 210094.575868731277296 ], [ 447299.3491, 210091.575868731277296 ], [ 447298.3491, 210091.575868731277296 ], [ 447297.8491, 210088.075868731277296 ], [ 447295.8491, 210086.575868731277296 ], [ 447295.8491, 210084.075868731277296 ], [ 447293.8491, 210081.575868731277296 ], [ 447293.8491, 210079.075868731277296 ], [ 447291.8491, 210077.075868731277296 ], [ 447291.3491, 210074.575868731277296 ], [ 447290.3491, 210074.575868731277296 ], [ 447289.8491, 210072.075868731277296 ], [ 447288.3491, 210071.075868731277296 ], [ 447284.8491, 210064.575868731277296 ], [ 447280.8491, 210062.075868731277296 ], [ 447279.3491, 210059.575868731277296 ], [ 447277.8491, 210059.575868731277296 ], [ 447277.8491, 210058.575868731277296 ], [ 447273.8491, 210057.075868731277296 ], [ 447273.8491, 210056.075868731277296 ], [ 447271.3491, 210055.575868731277296 ], [ 447271.3491, 210054.575868731277296 ], [ 447268.8491, 210054.075868731277296 ], [ 447267.8491, 210052.075868731277296 ], [ 447265.8491, 210052.075868731277296 ], [ 447265.8491, 210051.075868731277296 ], [ 447262.3491, 210050.075868731277296 ], [ 447262.3491, 210049.075868731277296 ], [ 447260.8491, 210049.075868731277296 ], [ 447260.3491, 210048.075868731277296 ], [ 447256.8491, 210047.575868731277296 ], [ 447256.8491, 210046.575868731277296 ], [ 447255.3491, 210046.075868731277296 ], [ 447250.8491, 210046.075868731277296 ], [ 447245.8491, 210044.575868731277296 ], [ 447221.8491, 210046.075868731277296 ], [ 447214.8491, 210048.075868731277296 ], [ 447211.8491, 210050.075868731277296 ], [ 447206.3491, 210051.075868731277296 ], [ 447205.8491, 210052.075868731277296 ], [ 447202.3491, 210052.075868731277296 ], [ 447193.8491, 210056.575868731277296 ], [ 447193.8491, 210057.575868731277296 ], [ 447191.8491, 210058.075868731277296 ], [ 447190.8491, 210059.575868731277296 ], [ 447192.3491, 210061.575868731277296 ], [ 447199.8491, 210057.575868731277296 ], [ 447202.8491, 210058.075868731277296 ], [ 447207.8491, 210055.575868731277296 ], [ 447209.8491, 210056.075868731277296 ], [ 447210.8491, 210054.575868731277296 ], [ 447213.3491, 210054.075868731277296 ], [ 447214.3491, 210052.075868731277296 ], [ 447216.3491, 210052.075868731277296 ], [ 447216.8491, 210051.075868731277296 ], [ 447218.3491, 210052.075868731277296 ], [ 447219.8491, 210052.075868731277296 ], [ 447220.3491, 210051.075868731277296 ], [ 447228.3491, 210051.575868731277296 ], [ 447229.3491, 210050.075868731277296 ], [ 447232.3491, 210049.575868731277296 ], [ 447236.3491, 210052.575868731277296 ], [ 447242.3491, 210052.075868731277296 ], [ 447242.8491, 210051.075868731277296 ], [ 447244.3491, 210052.075868731277296 ], [ 447251.8491, 210052.075868731277296 ], [ 447252.8491, 210054.075868731277296 ], [ 447256.3491, 210054.575868731277296 ], [ 447259.3491, 210056.575868731277296 ], [ 447261.3491, 210056.075868731277296 ], [ 447261.8491, 210057.575868731277296 ], [ 447264.3491, 210058.575868731277296 ], [ 447263.8491, 210059.575868731277296 ], [ 447265.3491, 210061.075868731277296 ], [ 447267.8491, 210061.075868731277296 ], [ 447267.8491, 210062.075868731277296 ], [ 447268.8491, 210062.075868731277296 ], [ 447271.8491, 210066.075868731277296 ], [ 447275.3491, 210066.075868731277296 ], [ 447275.8491, 210067.575868731277296 ], [ 447277.3491, 210067.575868731277296 ], [ 447278.8491, 210069.075868731277296 ], [ 447280.8491, 210068.575868731277296 ], [ 447282.8491, 210070.575868731277296 ], [ 447283.8491, 210074.075868731277296 ], [ 447288.3491, 210078.075868731277296 ], [ 447287.3491, 210083.575868731277296 ], [ 447289.8491, 210087.075868731277296 ], [ 447289.3491, 210090.075868731277296 ], [ 447289.8491, 210092.075868731277296 ], [ 447290.8491, 210092.075868731277296 ], [ 447291.8491, 210094.075868731277296 ], [ 447291.8491, 210096.075868731277296 ], [ 447292.8491, 210097.075868731277296 ], [ 447292.3491, 210098.575868731277296 ], [ 447293.8491, 210098.575868731277296 ], [ 447296.8491, 210100.575868731277296 ], [ 447298.3491, 210103.075868731277296 ], [ 447297.3491, 210105.575868731277296 ], [ 447298.8491, 210107.075868731277296 ], [ 447299.8491, 210106.575868731277296 ], [ 447299.8491, 210109.075868731277296 ], [ 447300.8491, 210108.575868731277296 ], [ 447301.8491, 210109.575868731277296 ], [ 447300.8491, 210111.575868731277296 ], [ 447302.8491, 210112.075868731277296 ], [ 447304.8491, 210114.575868731277296 ], [ 447304.8491, 210116.075868731277296 ], [ 447303.8491, 210116.075868731277296 ], [ 447304.3491, 210117.575868731277296 ], [ 447307.8491, 210120.575868731277296 ], [ 447307.8491, 210122.075868731277296 ], [ 447308.8491, 210122.075868731277296 ], [ 447310.3491, 210124.075868731277296 ], [ 447311.8491, 210124.075868731277296 ], [ 447311.8491, 210125.575868731277296 ], [ 447313.8491, 210127.075868731277296 ], [ 447314.8491, 210130.075868731277296 ], [ 447317.8491, 210132.075868731277296 ], [ 447317.8491, 210134.075868731277296 ], [ 447319.3491, 210134.575868731277296 ], [ 447318.8491, 210136.075868731277296 ], [ 447321.3491, 210139.075868731277296 ], [ 447321.8491, 210143.575868731277296 ], [ 447327.3491, 210146.575868731277296 ], [ 447327.3491, 210147.575868731277296 ], [ 447332.3491, 210152.575868731277296 ], [ 447331.8491, 210154.075868731277296 ], [ 447332.8491, 210155.075868731277296 ], [ 447334.8491, 210154.575868731277296 ], [ 447339.8491, 210157.575868731277296 ], [ 447343.8491, 210158.075868731277296 ], [ 447344.3491, 210159.575868731277296 ], [ 447348.8491, 210160.575868731277296 ], [ 447350.8491, 210164.075868731277296 ], [ 447355.8491, 210164.075868731277296 ], [ 447356.8491, 210166.075868731277296 ], [ 447358.8491, 210165.075868731277296 ], [ 447361.8491, 210168.075868731277296 ], [ 447364.8491, 210167.575868731277296 ], [ 447367.3491, 210168.075868731277296 ], [ 447367.8491, 210169.575868731277296 ], [ 447372.8491, 210169.075868731277296 ], [ 447374.8491, 210170.575868731277296 ], [ 447377.8491, 210170.075868731277296 ], [ 447378.3491, 210171.575868731277296 ], [ 447382.8491, 210171.575868731277296 ], [ 447384.3491, 210170.075868731277296 ], [ 447386.3491, 210173.075868731277296 ], [ 447389.3491, 210172.575868731277296 ], [ 447389.8491, 210173.575868731277296 ], [ 447390.8491, 210173.575868731277296 ], [ 447391.8491, 210171.075868731277296 ], [ 447394.8491, 210168.575868731277296 ], [ 447398.8491, 210167.075868731277296 ], [ 447399.8491, 210167.075868731277296 ], [ 447401.3491, 210169.075868731277296 ], [ 447403.8491, 210168.075868731277296 ], [ 447403.8491, 210169.075868731277296 ], [ 447405.3491, 210169.575868731277296 ], [ 447407.3491, 210168.075868731277296 ], [ 447408.8491, 210169.075868731277296 ], [ 447409.8491, 210168.075868731277296 ], [ 447412.8491, 210168.075868731277296 ], [ 447414.3491, 210169.075868731277296 ], [ 447415.8491, 210169.075868731277296 ], [ 447415.8491, 210168.075868731277296 ], [ 447423.3491, 210168.075868731277296 ], [ 447423.8491, 210169.075868731277296 ], [ 447425.8491, 210168.575868731277296 ], [ 447431.3491, 210170.575868731277296 ], [ 447434.8491, 210169.575868731277296 ], [ 447442.8491, 210170.575868731277296 ], [ 447443.8491, 210172.075868731277296 ], [ 447447.3491, 210172.075868731277296 ], [ 447449.3491, 210175.075868731277296 ], [ 447455.3491, 210176.075868731277296 ], [ 447456.3491, 210178.075868731277296 ], [ 447458.3491, 210178.075868731277296 ], [ 447460.3491, 210180.075868731277296 ], [ 447464.8491, 210180.075868731277296 ], [ 447466.8491, 210177.575868731277296 ], [ 447469.8491, 210180.075868731277296 ], [ 447473.8491, 210181.575868731277296 ], [ 447477.8491, 210181.575868731277296 ], [ 447479.3491, 210184.075868731277296 ], [ 447481.8491, 210184.075868731277296 ], [ 447482.8491, 210185.575868731277296 ], [ 447485.3491, 210186.075868731277296 ], [ 447485.8491, 210187.575868731277296 ], [ 447488.8491, 210188.575868731277296 ], [ 447489.8491, 210187.575868731277296 ], [ 447493.8491, 210187.575868731277296 ], [ 447495.3491, 210188.575868731277296 ], [ 447495.3491, 210190.075868731277296 ], [ 447493.8491, 210190.575868731277296 ], [ 447494.8491, 210192.075868731277296 ], [ 447496.8491, 210190.575868731277296 ], [ 447501.3491, 210194.075868731277296 ], [ 447503.8491, 210193.575868731277296 ], [ 447504.8491, 210195.075868731277296 ], [ 447504.3491, 210194.575868731277296 ] ], [ [ 447504.8491, 210195.075868731277296 ], [ 447505.3491, 210195.075868731277296 ], [ 447505.3491, 210195.575868731277296 ], [ 447504.8491, 210195.575868731277296 ], [ 447504.8491, 210195.075868731277296 ] ], [ [ 447505.3491, 210195.575868731277296 ], [ 447505.8491, 210195.575868731277296 ], [ 447505.8491, 210196.075868731277296 ], [ 447505.3491, 210196.075868731277296 ], [ 447505.3491, 210195.575868731277296 ] ], [ [ 447298.8491, 210104.075868731277296 ], [ 447298.8491, 210104.575868731277296 ], [ 447298.3491, 210104.575868731277296 ], [ 447298.3491, 210104.075868731277296 ], [ 447298.8491, 210104.075868731277296 ] ], [ [ 447298.8491, 210104.575868731277296 ], [ 447299.3491, 210104.575868731277296 ], [ 447299.3491, 210105.075868731277296 ], [ 447298.8491, 210105.075868731277296 ], [ 447298.8491, 210104.575868731277296 ] ] ], [ [ [ 447166.3491, 210090.575868731277296 ], [ 447167.8491, 210090.075868731277296 ], [ 447167.8491, 210088.075868731277296 ], [ 447169.3491, 210086.575868731277296 ], [ 447167.8491, 210084.075868731277296 ], [ 447166.8491, 210084.075868731277296 ], [ 447166.8491, 210082.075868731277296 ], [ 447160.8491, 210082.575868731277296 ], [ 447159.8491, 210083.575868731277296 ], [ 447160.3491, 210085.575868731277296 ], [ 447161.8491, 210086.075868731277296 ], [ 447161.8491, 210087.575868731277296 ], [ 447163.8491, 210089.075868731277296 ], [ 447163.8491, 210090.075868731277296 ], [ 447165.3491, 210091.075868731277296 ], [ 447166.3491, 210090.575868731277296 ] ] ] ] } },
{ "type": "Feature", "properties": { "mainhabs": "Coastal and floodplain grazing marsh", "habcodes": "CFPGM", "featdesc": null, "featcodes": null, "otherclass": null, "addhabs": null, "primsource": "Higher Level Stewardship 2011 (CFPGM)", "areaha": "44.99", "version": "Sep_25", "uid": "PHID44763235_020991317", "shape_length": null, "shape_area": null, "site": "northfieldfarm", "pid": 8, "method": "grabcut2" }, "geometry": { "type": "Polygon", "coordinates": [ [ [ 447731.3491, 210285.575868731277296 ], [ 447743.3491, 210283.575868731277296 ], [ 447751.8491, 210285.575868731277296 ], [ 447836.8491, 210285.575868731277296 ], [ 447839.3491, 210285.075868731277296 ], [ 447839.3491, 210284.075868731277296 ], [ 447843.8491, 210283.575868731277296 ], [ 447843.8491, 210282.575868731277296 ], [ 447847.8491, 210282.075868731277296 ], [ 447848.8491, 210280.075868731277296 ], [ 447850.3491, 210279.575868731277296 ], [ 447850.3491, 210278.075868731277296 ], [ 447851.3491, 210278.075868731277296 ], [ 447851.8491, 210276.075868731277296 ], [ 447853.8491, 210275.575868731277296 ], [ 447854.3491, 210273.075868731277296 ], [ 447857.8491, 210270.575868731277296 ], [ 447859.3491, 210266.575868731277296 ], [ 447863.3491, 210263.575868731277296 ], [ 447863.8491, 210261.075868731277296 ], [ 447865.8491, 210260.075868731277296 ], [ 447865.8491, 210258.575868731277296 ], [ 447867.3491, 210258.075868731277296 ], [ 447867.8491, 210256.075868731277296 ], [ 447870.3491, 210255.575868731277296 ], [ 447871.3491, 210254.075868731277296 ], [ 447873.8491, 210254.075868731277296 ], [ 447874.3491, 210252.075868731277296 ], [ 447877.8491, 210251.575868731277296 ], [ 447877.8491, 210250.575868731277296 ], [ 447880.8491, 210250.075868731277296 ], [ 447882.3491, 210248.075868731277296 ], [ 447887.3491, 210246.075868731277296 ], [ 447887.3491, 210245.075868731277296 ], [ 447888.8491, 210245.075868731277296 ], [ 447891.8491, 210239.575868731277296 ], [ 447894.3491, 210239.575868731277296 ], [ 447894.3491, 210238.575868731277296 ], [ 447896.8491, 210238.075868731277296 ], [ 447897.8491, 210239.575868731277296 ], [ 447899.3491, 210239.575868731277296 ], [ 447899.3491, 210238.575868731277296 ], [ 447902.3491, 210238.075868731277296 ], [ 447903.3491, 210236.075868731277296 ], [ 447905.8491, 210235.575868731277296 ], [ 447907.3491, 210233.075868731277296 ], [ 447909.8491, 210234.075868731277296 ], [ 447910.3491, 210232.075868731277296 ], [ 447913.8491, 210231.575868731277296 ], [ 447913.8491, 210230.575868731277296 ], [ 447915.8491, 210230.075868731277296 ], [ 447915.8491, 210229.075868731277296 ], [ 447917.8491, 210229.075868731277296 ], [ 447918.3491, 210227.575868731277296 ], [ 447919.8491, 210227.575868731277296 ], [ 447919.8491, 210226.575868731277296 ], [ 447923.3491, 210226.075868731277296 ], [ 447923.3491, 210225.075868731277296 ], [ 447925.8491, 210225.075868731277296 ], [ 447925.8491, 210224.075868731277296 ], [ 447931.8491, 210222.075868731277296 ], [ 447931.8491, 210221.075868731277296 ], [ 447933.8491, 210221.075868731277296 ], [ 447933.8491, 210220.075868731277296 ], [ 447936.8491, 210219.575868731277296 ], [ 447936.8491, 210218.575868731277296 ], [ 447939.8491, 210218.075868731277296 ], [ 447939.8491, 210217.075868731277296 ], [ 447941.8491, 210217.075868731277296 ], [ 447941.8491, 210216.075868731277296 ], [ 447944.8491, 210215.575868731277296 ], [ 447945.8491, 210214.075868731277296 ], [ 447947.8491, 210214.075868731277296 ], [ 447947.8491, 210213.075868731277296 ], [ 447949.8491, 210213.075868731277296 ], [ 447949.8491, 210212.075868731277296 ], [ 447951.8491, 210211.575868731277296 ], [ 447951.8491, 210210.575868731277296 ], [ 447955.8491, 210210.075868731277296 ], [ 447955.8491, 210209.075868731277296 ], [ 447957.8491, 210209.075868731277296 ], [ 447957.8491, 210208.075868731277296 ], [ 447960.8491, 210207.575868731277296 ], [ 447960.8491, 210206.575868731277296 ], [ 447963.8491, 210206.075868731277296 ], [ 447963.8491, 210205.075868731277296 ], [ 447966.3491, 210205.075868731277296 ], [ 447966.3491, 210204.075868731277296 ], [ 447969.8491, 210203.575868731277296 ], [ 447969.8491, 210202.575868731277296 ], [ 447972.8491, 210202.075868731277296 ], [ 447974.3491, 210199.575868731277296 ], [ 447976.8491, 210199.575868731277296 ], [ 447976.8491, 210198.575868731277296 ], [ 447979.8491, 210198.075868731277296 ], [ 447979.8491, 210197.075868731277296 ], [ 447981.8491, 210197.075868731277296 ], [ 447981.8491, 210196.075868731277296 ], [ 447984.8491, 210195.575868731277296 ], [ 447984.8491, 210194.575868731277296 ], [ 447986.8491, 210194.075868731277296 ], [ 447985.3491, 210192.075868731277296 ], [ 447984.3491, 210192.075868731277296 ], [ 447985.3491, 210188.575868731277296 ], [ 447983.8491, 210188.075868731277296 ], [ 447984.8491, 210183.075868731277296 ], [ 447985.8491, 210183.075868731277296 ], [ 447985.8491, 210181.075868731277296 ], [ 447987.3491, 210179.575868731277296 ], [ 447987.8491, 210174.075868731277296 ], [ 447988.8491, 210173.075868731277296 ], [ 447988.8491, 210161.575868731277296 ], [ 447985.3491, 210109.075868731277296 ], [ 447984.8491, 210078.575868731277296 ], [ 447983.8491, 210076.075868731277296 ], [ 447983.3491, 210039.575868731277296 ], [ 447982.3491, 210035.075868731277296 ], [ 447981.8491, 210017.575868731277296 ], [ 447981.8491, 210004.075868731277296 ], [ 447982.8491, 210004.075868731277296 ], [ 447982.8491, 209998.075868731277296 ], [ 447981.8491, 209998.075868731277296 ], [ 447981.3491, 209978.075868731277296 ], [ 447981.3491, 209968.575868731277296 ], [ 447983.8491, 209967.075868731277296 ], [ 447984.3491, 209961.575868731277296 ], [ 447984.3491, 209944.575868731277296 ], [ 447981.8491, 209943.075868731277296 ], [ 447981.8491, 209896.575868731277296 ], [ 447982.8491, 209896.575868731277296 ], [ 447982.8491, 209888.075868731277296 ], [ 447981.8491, 209888.075868731277296 ], [ 447981.3491, 209884.575868731277296 ], [ 447981.3491, 209880.575868731277296 ], [ 447983.8491, 209879.075868731277296 ], [ 447983.8491, 209878.075868731277296 ], [ 447982.3491, 209877.075868731277296 ], [ 447983.3491, 209874.075868731277296 ], [ 447982.3491, 209874.075868731277296 ], [ 447981.8491, 209872.075868731277296 ], [ 447980.8491, 209872.075868731277296 ], [ 447980.8491, 209866.575868731277296 ], [ 447979.3491, 209866.075868731277296 ], [ 447979.3491, 209860.075868731277296 ], [ 447978.3491, 209860.075868731277296 ], [ 447978.3491, 209857.575868731277296 ], [ 447976.8491, 209856.075868731277296 ], [ 447977.8491, 209852.575868731277296 ], [ 447977.3491, 209849.575868731277296 ], [ 447978.3491, 209848.575868731277296 ], [ 447978.3491, 209846.075868731277296 ], [ 447979.3491, 209846.075868731277296 ], [ 447979.8491, 209838.075868731277296 ], [ 447980.8491, 209838.075868731277296 ], [ 447980.8491, 209836.075868731277296 ], [ 447981.8491, 209836.075868731277296 ], [ 447982.3491, 209830.075868731277296 ], [ 447983.8491, 209829.075868731277296 ], [ 447983.3491, 209826.075868731277296 ], [ 447984.8491, 209824.075868731277296 ], [ 447985.8491, 209824.075868731277296 ], [ 447986.3491, 209822.075868731277296 ], [ 447987.3491, 209822.075868731277296 ], [ 447987.8491, 209820.075868731277296 ], [ 447989.8491, 209819.575868731277296 ], [ 447990.3491, 209814.575868731277296 ], [ 447991.3491, 209814.575868731277296 ], [ 447993.8491, 209811.575868731277296 ], [ 447995.3491, 209811.575868731277296 ], [ 447995.8491, 209813.075868731277296 ], [ 447997.8491, 209813.075868731277296 ], [ 447998.3491, 209811.575868731277296 ], [ 448001.8491, 209810.075868731277296 ], [ 448002.3491, 209806.575868731277296 ], [ 447999.8491, 209805.075868731277296 ], [ 447999.8491, 209803.575868731277296 ], [ 448001.8491, 209802.075868731277296 ], [ 448005.3491, 209802.075868731277296 ], [ 448004.3491, 209801.075868731277296 ], [ 448004.8491, 209798.075868731277296 ], [ 448005.8491, 209798.075868731277296 ], [ 448005.8491, 209796.075868731277296 ], [ 448009.8491, 209793.075868731277296 ], [ 448009.8491, 209792.075868731277296 ], [ 448011.8491, 209792.075868731277296 ], [ 448011.8491, 209793.575868731277296 ], [ 448013.8491, 209794.575868731277296 ], [ 448015.3491, 209794.075868731277296 ], [ 448015.8491, 209792.075868731277296 ], [ 448017.8491, 209791.575868731277296 ], [ 448016.8491, 209789.075868731277296 ], [ 448015.8491, 209789.075868731277296 ], [ 448015.8491, 209784.075868731277296 ], [ 448017.8491, 209783.575868731277296 ], [ 448018.3491, 209781.075868731277296 ], [ 448019.3491, 209781.075868731277296 ], [ 448019.3491, 209780.075868731277296 ], [ 448023.3491, 209777.075868731277296 ], [ 448023.8491, 209775.575868731277296 ], [ 448024.8491, 209775.575868731277296 ], [ 448024.8491, 209774.575868731277296 ], [ 448026.3491, 209774.075868731277296 ], [ 448026.3491, 209773.075868731277296 ], [ 448027.3491, 209773.075868731277296 ], [ 448027.3491, 209771.575868731277296 ], [ 448024.3491, 209772.575868731277296 ], [ 448022.3491, 209776.075868731277296 ], [ 448015.8491, 209776.075868731277296 ], [ 448016.8491, 209774.075868731277296 ], [ 448017.8491, 209774.075868731277296 ], [ 448017.8491, 209769.575868731277296 ], [ 448022.3491, 209762.575868731277296 ], [ 448023.8491, 209763.075868731277296 ], [ 448023.8491, 209762.075868731277296 ], [ 448025.8491, 209761.075868731277296 ], [ 448027.8491, 209758.075868731277296 ], [ 448031.8491, 209758.075868731277296 ], [ 448031.8491, 209754.575868731277296 ], [ 448032.8491, 209754.575868731277296 ], [ 448032.3491, 209750.075868731277296 ], [ 448032.8491, 209748.075868731277296 ], [ 448033.8491, 209748.075868731277296 ], [ 448033.8491, 209746.575868731277296 ], [ 448032.8491, 209746.575868731277296 ], [ 448032.8491, 209744.075868731277296 ], [ 448034.3491, 209743.575868731277296 ], [ 448034.3491, 209741.075868731277296 ], [ 448035.3491, 209741.075868731277296 ], [ 448037.8491, 209736.075868731277296 ], [ 448039.8491, 209736.075868731277296 ], [ 448040.8491, 209732.075868731277296 ], [ 448041.8491, 209732.075868731277296 ], [ 448042.3491, 209729.075868731277296 ], [ 448040.3491, 209730.075868731277296 ], [ 448039.8491, 209732.075868731277296 ], [ 448036.3491, 209732.575868731277296 ], [ 448033.8491, 209732.575868731277296 ], [ 448031.8491, 209729.575868731277296 ], [ 448030.8491, 209729.575868731277296 ], [ 448033.3491, 209715.575868731277296 ], [ 448033.3491, 209701.575868731277296 ], [ 448030.8491, 209690.575868731277296 ], [ 448030.8491, 209683.575868731277296 ], [ 448029.8491, 209683.075868731277296 ], [ 448029.8491, 209678.075868731277296 ], [ 448028.8491, 209678.075868731277296 ], [ 448028.8491, 209670.075868731277296 ], [ 448027.8491, 209670.075868731277296 ], [ 448027.8491, 209667.575868731277296 ], [ 448031.3491, 209665.075868731277296 ], [ 448031.3491, 209663.575868731277296 ], [ 448027.8491, 209661.075868731277296 ], [ 448027.3491, 209658.075868731277296 ], [ 448026.3491, 209658.075868731277296 ], [ 448025.8491, 209654.075868731277296 ], [ 448024.8491, 209654.075868731277296 ], [ 448025.8491, 209648.075868731277296 ], [ 448024.8491, 209647.575868731277296 ], [ 448025.8491, 209646.575868731277296 ], [ 448024.3491, 209646.075868731277296 ], [ 448024.8491, 209644.075868731277296 ], [ 448022.8491, 209642.575868731277296 ], [ 448023.3491, 209641.075868731277296 ], [ 448021.8491, 209640.075868731277296 ], [ 448020.8491, 209636.575868731277296 ], [ 448019.8491, 209636.075868731277296 ], [ 448019.8491, 209631.575868731277296 ], [ 448021.8491, 209629.575868731277296 ], [ 448020.8491, 209622.075868731277296 ], [ 448019.8491, 209621.575868731277296 ], [ 448021.3491, 209620.075868731277296 ], [ 448023.8491, 209620.575868731277296 ], [ 448023.3491, 209614.075868731277296 ], [ 448022.3491, 209614.075868731277296 ], [ 448021.8491, 209612.075868731277296 ], [ 448020.8491, 209612.075868731277296 ], [ 448020.8491, 209610.575868731277296 ], [ 448021.8491, 209610.575868731277296 ], [ 448021.8491, 209608.075868731277296 ], [ 448023.8491, 209606.575868731277296 ], [ 448023.8491, 209602.075868731277296 ], [ 448024.8491, 209602.075868731277296 ], [ 448025.8491, 209598.075868731277296 ], [ 448027.8491, 209596.575868731277296 ], [ 448028.8491, 209594.075868731277296 ], [ 448030.8491, 209593.075868731277296 ], [ 448030.3491, 209590.075868731277296 ], [ 448031.3491, 209590.075868731277296 ], [ 448031.3491, 209588.075868731277296 ], [ 448030.3491, 209588.075868731277296 ], [ 448030.3491, 209586.075868731277296 ], [ 448031.8491, 209585.075868731277296 ], [ 448031.8491, 209581.075868731277296 ], [ 448033.3491, 209579.075868731277296 ], [ 448033.8491, 209574.575868731277296 ], [ 448037.3491, 209572.575868731277296 ], [ 448037.3491, 209568.575868731277296 ], [ 448041.8491, 209564.075868731277296 ], [ 448044.3491, 209554.075868731277296 ], [ 448045.8491, 209553.575868731277296 ], [ 448045.8491, 209548.075868731277296 ], [ 448049.8491, 209542.575868731277296 ], [ 448053.8491, 209542.075868731277296 ], [ 448054.3491, 209539.575868731277296 ], [ 448052.8491, 209538.075868731277296 ], [ 448052.8491, 209535.575868731277296 ], [ 448053.8491, 209532.075868731277296 ], [ 448055.8491, 209530.575868731277296 ], [ 448056.8491, 209527.075868731277296 ], [ 448059.8491, 209525.075868731277296 ], [ 448059.3491, 209519.575868731277296 ], [ 448059.8491, 209518.575868731277296 ], [ 448061.8491, 209518.075868731277296 ], [ 448062.3491, 209514.575868731277296 ], [ 448061.8491, 209512.575868731277296 ], [ 448059.8491, 209511.075868731277296 ], [ 448061.8491, 209509.575868731277296 ], [ 448062.3491, 209500.575868731277296 ], [ 448063.3491, 209500.575868731277296 ], [ 448062.8491, 209498.575868731277296 ], [ 448063.8491, 209497.075868731277296 ], [ 448062.3491, 209496.575868731277296 ], [ 448061.8491, 209493.075868731277296 ], [ 448059.8491, 209492.575868731277296 ], [ 448058.3491, 209489.075868731277296 ], [ 448061.8491, 209486.575868731277296 ], [ 448061.8491, 209483.575868731277296 ], [ 448063.8491, 209482.075868731277296 ], [ 448063.8491, 209476.575868731277296 ], [ 448065.8491, 209475.575868731277296 ], [ 448065.8491, 209474.575868731277296 ], [ 448068.8491, 209474.075868731277296 ], [ 448070.3491, 209471.575868731277296 ], [ 448071.3491, 209471.575868731277296 ], [ 448071.3491, 209469.075868731277296 ], [ 448072.8491, 209468.575868731277296 ], [ 448072.8491, 209466.575868731277296 ], [ 448071.8491, 209466.075868731277296 ], [ 448073.8491, 209464.575868731277296 ], [ 448075.8491, 209464.575868731277296 ], [ 448076.8491, 209462.575868731277296 ], [ 448078.3491, 209462.075868731277296 ], [ 448078.3491, 209460.575868731277296 ], [ 448079.3491, 209460.575868731277296 ], [ 448079.8491, 209457.075868731277296 ], [ 448077.8491, 209455.575868731277296 ], [ 448077.8491, 209452.575868731277296 ], [ 448075.8491, 209451.575868731277296 ], [ 448075.8491, 209450.075868731277296 ], [ 448077.8491, 209449.075868731277296 ], [ 448077.8491, 209447.575868731277296 ], [ 448075.3491, 209446.075868731277296 ], [ 448075.3491, 209440.575868731277296 ], [ 448078.3491, 209438.075868731277296 ], [ 448078.3491, 209437.075868731277296 ], [ 448081.8491, 209438.575868731277296 ], [ 448082.3491, 209437.075868731277296 ], [ 448083.3491, 209437.075868731277296 ], [ 448083.8491, 209434.075868731277296 ], [ 448084.8491, 209434.075868731277296 ], [ 448084.8491, 209432.575868731277296 ], [ 448085.8491, 209432.575868731277296 ], [ 448083.3491, 209429.075868731277296 ], [ 448081.8491, 209428.575868731277296 ], [ 448082.3491, 209425.075868731277296 ], [ 448083.3491, 209425.075868731277296 ], [ 448083.8491, 209422.575868731277296 ], [ 448084.8491, 209422.075868731277296 ], [ 448088.8491, 209423.575868731277296 ], [ 448088.8491, 209422.575868731277296 ], [ 448090.3491, 209422.075868731277296 ], [ 448091.8491, 209414.575868731277296 ], [ 448092.8491, 209414.575868731277296 ], [ 448093.8491, 209406.575868731277296 ], [ 448095.8491, 209404.075868731277296 ], [ 448095.8491, 209402.575868731277296 ], [ 448098.3491, 209402.075868731277296 ], [ 448097.8491, 209399.575868731277296 ], [ 448099.8491, 209399.575868731277296 ], [ 448099.8491, 209398.575868731277296 ], [ 448103.3491, 209396.575868731277296 ], [ 448103.3491, 209394.575868731277296 ], [ 448107.3491, 209391.575868731277296 ], [ 448107.8491, 209389.075868731277296 ], [ 448109.8491, 209388.575868731277296 ], [ 448111.8491, 209385.075868731277296 ], [ 448114.3491, 209384.575868731277296 ], [ 448116.8491, 209381.075868731277296 ], [ 448117.8491, 209381.075868731277296 ], [ 448116.8491, 209378.575868731277296 ], [ 448120.8491, 209375.575868731277296 ], [ 448119.3491, 209373.075868731277296 ], [ 448118.3491, 209373.075868731277296 ], [ 448120.8491, 209363.575868731277296 ], [ 448118.3491, 209362.075868731277296 ], [ 448118.3491, 209356.575868731277296 ], [ 448119.8491, 209355.575868731277296 ], [ 448119.8491, 209353.075868731277296 ], [ 448118.3491, 209352.575868731277296 ], [ 448118.3491, 209350.075868731277296 ], [ 448119.3491, 209350.075868731277296 ], [ 448119.3491, 209348.575868731277296 ], [ 448118.3491, 209348.575868731277296 ], [ 448117.8491, 209346.575868731277296 ], [ 448115.3491, 209347.075868731277296 ], [ 448114.3491, 209348.575868731277296 ], [ 448111.3491, 209348.575868731277296 ], [ 448105.3491, 209351.075868731277296 ], [ 448106.3491, 209354.575868731277296 ], [ 448107.3491, 209355.075868731277296 ], [ 448105.3491, 209358.075868731277296 ], [ 448105.3491, 209360.575868731277296 ], [ 448100.8491, 209360.575868731277296 ], [ 448096.3491, 209362.075868731277296 ], [ 448083.8491, 209363.575868731277296 ], [ 448082.3491, 209364.575868731277296 ], [ 448082.3491, 209366.575868731277296 ], [ 448079.8491, 209366.575868731277296 ], [ 448075.8491, 209368.575868731277296 ], [ 448070.8491, 209369.075868731277296 ], [ 448070.3491, 209370.075868731277296 ], [ 448065.3491, 209370.575868731277296 ], [ 448061.3491, 209372.575868731277296 ], [ 448050.8491, 209374.575868731277296 ], [ 448049.8491, 209375.575868731277296 ], [ 448041.8491, 209377.075868731277296 ], [ 448039.3491, 209378.575868731277296 ], [ 448036.3491, 209378.575868731277296 ], [ 448032.3491, 209380.575868731277296 ], [ 448021.8491, 209382.575868731277296 ], [ 448020.8491, 209383.575868731277296 ], [ 448018.8491, 209383.575868731277296 ], [ 448018.3491, 209384.575868731277296 ], [ 448014.8491, 209384.575868731277296 ], [ 448012.3491, 209386.075868731277296 ], [ 448004.3491, 209387.575868731277296 ], [ 448003.8491, 209388.575868731277296 ], [ 448000.3491, 209388.575868731277296 ], [ 447997.8491, 209390.075868731277296 ], [ 447992.8491, 209390.575868731277296 ], [ 447983.3491, 209394.075868731277296 ], [ 447978.3491, 209394.575868731277296 ], [ 447977.8491, 209395.575868731277296 ], [ 447974.3491, 209396.575868731277296 ], [ 447963.8491, 209398.575868731277296 ], [ 447960.3491, 209400.575868731277296 ], [ 447950.3491, 209402.575868731277296 ], [ 447949.8491, 209408.575868731277296 ], [ 447948.8491, 209408.575868731277296 ], [ 447947.8491, 209413.575868731277296 ], [ 447945.8491, 209416.575868731277296 ], [ 447945.8491, 209418.575868731277296 ], [ 447944.8491, 209419.075868731277296 ], [ 447944.8491, 209422.075868731277296 ], [ 447943.8491, 209422.575868731277296 ], [ 447943.3491, 209432.575868731277296 ], [ 447941.8491, 209435.575868731277296 ], [ 447941.8491, 209440.575868731277296 ], [ 447940.8491, 209440.575868731277296 ], [ 447939.8491, 209444.575868731277296 ], [ 447938.3491, 209445.575868731277296 ], [ 447936.8491, 209449.075868731277296 ], [ 447935.8491, 209449.075868731277296 ], [ 447935.3491, 209451.575868731277296 ], [ 447934.3491, 209451.575868731277296 ], [ 447934.3491, 209453.075868731277296 ], [ 447932.3491, 209454.575868731277296 ], [ 447930.8491, 209458.575868731277296 ], [ 447929.3491, 209459.575868731277296 ], [ 447928.8491, 209461.575868731277296 ], [ 447926.8491, 209463.575868731277296 ], [ 447926.8491, 209465.075868731277296 ], [ 447925.3491, 209465.575868731277296 ], [ 447922.8491, 209470.075868731277296 ], [ 447918.3491, 209473.075868731277296 ], [ 447916.8491, 209471.575868731277296 ], [ 447914.8491, 209471.575868731277296 ], [ 447913.3491, 209469.575868731277296 ], [ 447910.3491, 209469.075868731277296 ], [ 447906.3491, 209466.075868731277296 ], [ 447903.3491, 209465.075868731277296 ], [ 447902.3491, 209465.075868731277296 ], [ 447902.3491, 209466.075868731277296 ], [ 447900.8491, 209466.075868731277296 ], [ 447900.8491, 209465.075868731277296 ], [ 447891.8491, 209465.075868731277296 ], [ 447891.3491, 209466.575868731277296 ], [ 447889.8491, 209466.075868731277296 ], [ 447890.3491, 209472.075868731277296 ], [ 447891.8491, 209473.075868731277296 ], [ 447891.8491, 209474.575868731277296 ], [ 447892.8491, 209474.575868731277296 ], [ 447894.3491, 209478.575868731277296 ], [ 447894.3491, 209486.575868731277296 ], [ 447893.8491, 209494.575868731277296 ], [ 447891.8491, 209497.575868731277296 ], [ 447891.8491, 209500.575868731277296 ], [ 447889.3491, 209502.075868731277296 ], [ 447878.8491, 209502.075868731277296 ], [ 447872.3491, 209500.575868731277296 ], [ 447849.8491, 209501.075868731277296 ], [ 447836.8491, 209502.575868731277296 ], [ 447813.3491, 209509.575868731277296 ], [ 447811.3491, 209503.575868731277296 ], [ 447808.8491, 209503.575868731277296 ], [ 447808.8491, 209504.575868731277296 ], [ 447806.3491, 209505.075868731277296 ], [ 447805.8491, 209503.575868731277296 ], [ 447803.8491, 209503.575868731277296 ], [ 447802.3491, 209506.075868731277296 ], [ 447799.3491, 209506.075868731277296 ], [ 447799.3491, 209505.075868731277296 ], [ 447796.8491, 209504.575868731277296 ], [ 447793.8491, 209500.575868731277296 ], [ 447792.8491, 209500.575868731277296 ], [ 447792.8491, 209499.575868731277296 ], [ 447791.8491, 209499.575868731277296 ], [ 447791.3491, 209495.575868731277296 ], [ 447781.8491, 209495.575868731277296 ], [ 447781.3491, 209494.075868731277296 ], [ 447765.8491, 209494.075868731277296 ], [ 447760.8491, 209496.075868731277296 ], [ 447760.3491, 209495.075868731277296 ], [ 447747.3491, 209494.075868731277296 ], [ 447742.8491, 209495.075868731277296 ], [ 447724.8491, 209494.575868731277296 ], [ 447723.8491, 209493.075868731277296 ], [ 447721.8491, 209494.075868731277296 ], [ 447718.3491, 209493.575868731277296 ], [ 447717.3491, 209495.075868731277296 ], [ 447693.3491, 209494.575868731277296 ], [ 447688.8491, 209493.575868731277296 ], [ 447687.3491, 209490.575868731277296 ], [ 447685.8491, 209494.075868731277296 ], [ 447684.8491, 209494.075868731277296 ], [ 447684.8491, 209495.575868731277296 ], [ 447686.3491, 209496.575868731277296 ], [ 447686.3491, 209499.575868731277296 ], [ 447685.8491, 209502.075868731277296 ], [ 447683.8491, 209503.575868731277296 ], [ 447685.3491, 209505.075868731277296 ], [ 447683.8491, 209506.075868731277296 ], [ 447683.3491, 209508.575868731277296 ], [ 447679.3491, 209509.075868731277296 ], [ 447676.8491, 209512.575868731277296 ], [ 447675.3491, 209513.075868731277296 ], [ 447675.3491, 209514.575868731277296 ], [ 447674.3491, 209514.575868731277296 ], [ 447674.3491, 209518.075868731277296 ], [ 447671.8491, 209519.575868731277296 ], [ 447671.3491, 209529.075868731277296 ], [ 447670.3491, 209529.075868731277296 ], [ 447670.3491, 209530.075868731277296 ], [ 447667.8491, 209532.075868731277296 ], [ 447663.3491, 209532.075868731277296 ], [ 447662.3491, 209534.075868731277296 ], [ 447660.8491, 209534.075868731277296 ], [ 447659.8491, 209532.075868731277296 ], [ 447658.3491, 209531.575868731277296 ], [ 447654.3491, 209531.575868731277296 ], [ 447653.8491, 209533.075868731277296 ], [ 447652.8491, 209533.075868731277296 ], [ 447652.8491, 209534.575868731277296 ], [ 447650.3491, 209536.075868731277296 ], [ 447649.8491, 209539.575868731277296 ], [ 447647.8491, 209540.075868731277296 ], [ 447646.3491, 209543.575868731277296 ], [ 447643.8491, 209545.075868731277296 ], [ 447643.3491, 209548.075868731277296 ], [ 447646.3491, 209550.575868731277296 ], [ 447646.3491, 209551.575868731277296 ], [ 447647.3491, 209551.575868731277296 ], [ 447647.8491, 209556.075868731277296 ], [ 447649.8491, 209557.075868731277296 ], [ 447649.8491, 209558.075868731277296 ], [ 447646.3491, 209560.075868731277296 ], [ 447646.3491, 209563.575868731277296 ], [ 447644.8491, 209564.075868731277296 ], [ 447644.8491, 209565.075868731277296 ], [ 447643.3491, 209565.075868731277296 ], [ 447643.3491, 209566.075868731277296 ], [ 447638.3491, 209566.075868731277296 ], [ 447637.8491, 209567.575868731277296 ], [ 447635.3491, 209568.075868731277296 ], [ 447633.8491, 209570.575868731277296 ], [ 447632.8491, 209570.575868731277296 ], [ 447632.8491, 209575.575868731277296 ], [ 447630.3491, 209577.075868731277296 ], [ 447629.8491, 209579.575868731277296 ], [ 447627.8491, 209580.075868731277296 ], [ 447627.3491, 209582.075868731277296 ], [ 447626.3491, 209582.075868731277296 ], [ 447625.8491, 209586.075868731277296 ], [ 447624.8491, 209586.075868731277296 ], [ 447624.8491, 209588.075868731277296 ], [ 447623.8491, 209588.075868731277296 ], [ 447623.3491, 209594.575868731277296 ], [ 447619.8491, 209597.075868731277296 ], [ 447619.3491, 209598.575868731277296 ], [ 447616.8491, 209598.575868731277296 ], [ 447615.3491, 209601.075868731277296 ], [ 447613.8491, 209600.075868731277296 ], [ 447612.8491, 209602.075868731277296 ], [ 447611.8491, 209602.075868731277296 ], [ 447612.8491, 209602.575868731277296 ], [ 447612.8491, 209604.075868731277296 ], [ 447611.8491, 209604.075868731277296 ], [ 447611.3491, 209606.075868731277296 ], [ 447607.8491, 209608.075868731277296 ], [ 447605.8491, 209611.575868731277296 ], [ 447602.3491, 209613.075868731277296 ], [ 447602.3491, 209614.075868731277296 ], [ 447598.3491, 209617.075868731277296 ], [ 447597.8491, 209618.575868731277296 ], [ 447593.8491, 209619.575868731277296 ], [ 447592.8491, 209618.075868731277296 ], [ 447588.8491, 209618.575868731277296 ], [ 447585.8491, 209622.575868731277296 ], [ 447584.8491, 209622.575868731277296 ], [ 447584.8491, 209626.075868731277296 ], [ 447583.3491, 209626.575868731277296 ], [ 447583.3491, 209627.575868731277296 ], [ 447580.8491, 209627.575868731277296 ], [ 447580.8491, 209626.575868731277296 ], [ 447579.3491, 209626.075868731277296 ], [ 447579.3491, 209624.075868731277296 ], [ 447575.8491, 209622.075868731277296 ], [ 447575.3491, 209620.075868731277296 ], [ 447573.8491, 209620.075868731277296 ], [ 447572.8491, 209622.075868731277296 ], [ 447569.8491, 209622.575868731277296 ], [ 447569.8491, 209623.575868731277296 ], [ 447566.3491, 209624.075868731277296 ], [ 447565.8491, 209626.075868731277296 ], [ 447563.8491, 209626.075868731277296 ], [ 447563.3491, 209627.575868731277296 ], [ 447561.8491, 209628.075868731277296 ], [ 447561.8491, 209630.075868731277296 ], [ 447559.8491, 209630.575868731277296 ], [ 447557.8491, 209634.075868731277296 ], [ 447555.8491, 209634.575868731277296 ], [ 447555.3491, 209637.075868731277296 ], [ 447551.3491, 209640.075868731277296 ], [ 447551.3491, 209641.075868731277296 ], [ 447550.3491, 209641.075868731277296 ], [ 447549.8491, 209643.575868731277296 ], [ 447547.8491, 209644.075868731277296 ], [ 447547.3491, 209646.075868731277296 ], [ 447551.3491, 209649.075868731277296 ], [ 447551.8491, 209650.575868731277296 ], [ 447552.8491, 209650.575868731277296 ], [ 447552.8491, 209652.075868731277296 ], [ 447554.3491, 209653.075868731277296 ], [ 447553.8491, 209658.075868731277296 ], [ 447551.3491, 209658.075868731277296 ], [ 447550.3491, 209659.575868731277296 ], [ 447547.8491, 209660.075868731277296 ], [ 447547.8491, 209661.075868731277296 ], [ 447546.3491, 209661.075868731277296 ], [ 447545.8491, 209662.575868731277296 ], [ 447544.8491, 209662.575868731277296 ], [ 447544.8491, 209663.575868731277296 ], [ 447541.8491, 209662.575868731277296 ], [ 447541.8491, 209663.575868731277296 ], [ 447539.8491, 209664.075868731277296 ], [ 447540.8491, 209666.075868731277296 ], [ 447536.8491, 209669.075868731277296 ], [ 447536.8491, 209671.575868731277296 ], [ 447532.8491, 209674.575868731277296 ], [ 447532.8491, 209675.575868731277296 ], [ 447531.8491, 209675.575868731277296 ], [ 447532.8491, 209677.075868731277296 ], [ 447530.3491, 209678.575868731277296 ], [ 447531.3491, 209681.075868731277296 ], [ 447528.8491, 209682.575868731277296 ], [ 447528.8491, 209683.575868731277296 ], [ 447524.8491, 209684.075868731277296 ], [ 447523.3491, 209686.575868731277296 ], [ 447519.8491, 209686.575868731277296 ], [ 447519.3491, 209688.075868731277296 ], [ 447518.3491, 209688.075868731277296 ], [ 447518.3491, 209690.075868731277296 ], [ 447515.8491, 209691.575868731277296 ], [ 447515.3491, 209694.075868731277296 ], [ 447514.3491, 209694.075868731277296 ], [ 447515.3491, 209695.575868731277296 ], [ 447513.8491, 209695.575868731277296 ], [ 447511.8491, 209697.075868731277296 ], [ 447511.3491, 209699.575868731277296 ], [ 447509.8491, 209700.075868731277296 ], [ 447509.8491, 209702.075868731277296 ], [ 447507.8491, 209702.575868731277296 ], [ 447507.3491, 209703.575868731277296 ], [ 447507.8491, 209707.575868731277296 ], [ 447509.8491, 209708.075868731277296 ], [ 447510.3491, 209711.575868731277296 ], [ 447513.8491, 209714.075868731277296 ], [ 447513.8491, 209718.075868731277296 ], [ 447511.8491, 209718.575868731277296 ], [ 447510.8491, 209721.075868731277296 ], [ 447509.8491, 209720.575868731277296 ], [ 447509.8491, 209718.075868731277296 ], [ 447507.8491, 209715.575868731277296 ], [ 447507.3491, 209720.075868731277296 ], [ 447508.8491, 209722.075868731277296 ], [ 447509.8491, 209722.075868731277296 ], [ 447509.8491, 209723.575868731277296 ], [ 447512.3491, 209727.075868731277296 ], [ 447514.3491, 209726.575868731277296 ], [ 447513.8491, 209729.075868731277296 ], [ 447511.8491, 209730.075868731277296 ], [ 447509.8491, 209726.575868731277296 ], [ 447506.3491, 209726.575868731277296 ], [ 447505.8491, 209728.075868731277296 ], [ 447504.8491, 209728.075868731277296 ], [ 447504.8491, 209731.575868731277296 ], [ 447503.8491, 209731.575868731277296 ], [ 447503.3491, 209743.575868731277296 ], [ 447500.8491, 209745.075868731277296 ], [ 447500.8491, 209746.575868731277296 ], [ 447499.8491, 209746.575868731277296 ], [ 447499.3491, 209748.075868731277296 ], [ 447498.3491, 209748.075868731277296 ], [ 447497.8491, 209750.575868731277296 ], [ 447495.3491, 209752.075868731277296 ], [ 447495.3491, 209754.075868731277296 ], [ 447493.8491, 209754.575868731277296 ], [ 447493.8491, 209755.575868731277296 ], [ 447490.3491, 209756.075868731277296 ], [ 447489.8491, 209758.075868731277296 ], [ 447487.8491, 209758.575868731277296 ], [ 447487.3491, 209760.075868731277296 ], [ 447485.8491, 209759.575868731277296 ], [ 447485.8491, 209758.575868731277296 ], [ 447483.3491, 209758.575868731277296 ], [ 447483.3491, 209759.575868731277296 ], [ 447479.3491, 209760.075868731277296 ], [ 447476.8491, 209763.575868731277296 ], [ 447475.8491, 209763.575868731277296 ], [ 447475.3491, 209767.575868731277296 ], [ 447472.8491, 209769.075868731277296 ], [ 447472.8491, 209770.075868731277296 ], [ 447467.8491, 209770.575868731277296 ], [ 447467.3491, 209774.075868731277296 ], [ 447463.8491, 209776.075868731277296 ], [ 447463.3491, 209778.075868731277296 ], [ 447458.3491, 209778.575868731277296 ], [ 447457.8491, 209780.075868731277296 ], [ 447455.3491, 209780.075868731277296 ], [ 447455.3491, 209781.075868731277296 ], [ 447451.8491, 209779.575868731277296 ], [ 447451.3491, 209781.075868731277296 ], [ 447450.3491, 209781.075868731277296 ], [ 447448.8491, 209787.575868731277296 ], [ 447446.3491, 209789.075868731277296 ], [ 447445.8491, 209790.575868731277296 ], [ 447445.8491, 209794.075868731277296 ], [ 447447.3491, 209794.575868731277296 ], [ 447447.3491, 209797.075868731277296 ], [ 447445.8491, 209798.075868731277296 ], [ 447445.8491, 209804.075868731277296 ], [ 447447.3491, 209810.575868731277296 ], [ 447445.8491, 209811.575868731277296 ], [ 447445.8491, 209814.075868731277296 ], [ 447444.8491, 209814.075868731277296 ], [ 447444.8491, 209815.575868731277296 ], [ 447445.8491, 209815.575868731277296 ], [ 447445.8491, 209818.575868731277296 ], [ 447444.8491, 209818.575868731277296 ], [ 447444.8491, 209822.075868731277296 ], [ 447443.3491, 209822.575868731277296 ], [ 447443.3491, 209825.075868731277296 ], [ 447444.8491, 209826.075868731277296 ], [ 447444.8491, 209827.575868731277296 ], [ 447443.8491, 209827.575868731277296 ], [ 447443.3491, 209830.075868731277296 ], [ 447441.8491, 209830.575868731277296 ], [ 447441.8491, 209831.575868731277296 ], [ 447439.8491, 209832.075868731277296 ], [ 447439.8491, 209835.575868731277296 ], [ 447438.3491, 209836.075868731277296 ], [ 447437.8491, 209838.075868731277296 ], [ 447435.3491, 209838.075868731277296 ], [ 447434.3491, 209836.075868731277296 ], [ 447432.8491, 209836.075868731277296 ], [ 447431.3491, 209838.575868731277296 ], [ 447430.3491, 209838.575868731277296 ], [ 447429.8491, 209841.075868731277296 ], [ 447427.8491, 209842.575868731277296 ], [ 447426.3491, 209842.075868731277296 ], [ 447426.3491, 209841.075868731277296 ], [ 447416.8491, 209841.075868731277296 ], [ 447416.8491, 209842.075868731277296 ], [ 447411.3491, 209842.575868731277296 ], [ 447411.3491, 209843.575868731277296 ], [ 447395.8491, 209844.075868731277296 ], [ 447395.8491, 209845.075868731277296 ], [ 447391.8491, 209845.075868731277296 ], [ 447391.3491, 209846.575868731277296 ], [ 447390.3491, 209846.575868731277296 ], [ 447389.8491, 209850.575868731277296 ], [ 447387.3491, 209852.075868731277296 ], [ 447387.3491, 209854.075868731277296 ], [ 447385.8491, 209854.575868731277296 ], [ 447385.8491, 209855.575868731277296 ], [ 447383.8491, 209856.075868731277296 ], [ 447383.3491, 209858.075868731277296 ], [ 447378.3491, 209860.075868731277296 ], [ 447378.3491, 209861.075868731277296 ], [ 447376.8491, 209861.075868731277296 ], [ 447375.8491, 209862.575868731277296 ], [ 447371.3491, 209861.075868731277296 ], [ 447371.3491, 209862.075868731277296 ], [ 447368.8491, 209862.575868731277296 ], [ 447367.3491, 209861.075868731277296 ], [ 447365.8491, 209863.575868731277296 ], [ 447364.8491, 209863.575868731277296 ], [ 447365.8491, 209864.075868731277296 ], [ 447366.3491, 209866.075868731277296 ], [ 447367.3491, 209866.075868731277296 ], [ 447367.8491, 209868.075868731277296 ], [ 447367.3491, 209872.075868731277296 ], [ 447366.3491, 209872.075868731277296 ], [ 447365.8491, 209874.075868731277296 ], [ 447363.8491, 209874.075868731277296 ], [ 447363.3491, 209875.575868731277296 ], [ 447359.3491, 209876.075868731277296 ], [ 447358.3491, 209878.075868731277296 ], [ 447355.8491, 209878.075868731277296 ], [ 447355.3491, 209879.575868731277296 ], [ 447352.8491, 209880.075868731277296 ], [ 447351.3491, 209882.075868731277296 ], [ 447340.8491, 209881.075868731277296 ], [ 447340.8491, 209880.075868731277296 ], [ 447337.8491, 209880.075868731277296 ], [ 447336.8491, 209878.575868731277296 ], [ 447333.8491, 209878.575868731277296 ], [ 447332.8491, 209877.075868731277296 ], [ 447330.3491, 209877.075868731277296 ], [ 447330.3491, 209876.075868731277296 ], [ 447324.8491, 209876.075868731277296 ], [ 447323.3491, 209875.575868731277296 ], [ 447323.3491, 209874.575868731277296 ], [ 447310.3491, 209874.575868731277296 ], [ 447308.8491, 209872.075868731277296 ], [ 447306.3491, 209871.575868731277296 ], [ 447306.3491, 209870.575868731277296 ], [ 447302.3491, 209870.575868731277296 ], [ 447302.3491, 209871.575868731277296 ], [ 447291.3491, 209872.075868731277296 ], [ 447289.8491, 209874.075868731277296 ], [ 447282.3491, 209874.575868731277296 ], [ 447281.8491, 209876.075868731277296 ], [ 447277.8491, 209876.075868731277296 ], [ 447276.8491, 209878.075868731277296 ], [ 447274.3491, 209878.075868731277296 ], [ 447272.8491, 209880.075868731277296 ], [ 447269.8491, 209880.075868731277296 ], [ 447268.8491, 209882.075868731277296 ], [ 447266.3491, 209882.075868731277296 ], [ 447265.8491, 209883.575868731277296 ], [ 447261.8491, 209884.075868731277296 ], [ 447259.3491, 209887.575868731277296 ], [ 447257.8491, 209888.075868731277296 ], [ 447257.8491, 209889.075868731277296 ], [ 447256.8491, 209889.075868731277296 ], [ 447256.8491, 209890.075868731277296 ], [ 447254.3491, 209890.575868731277296 ], [ 447252.8491, 209893.075868731277296 ], [ 447251.8491, 209893.075868731277296 ], [ 447251.8491, 209894.075868731277296 ], [ 447245.8491, 209894.575868731277296 ], [ 447243.8491, 209893.075868731277296 ], [ 447243.8491, 209894.075868731277296 ], [ 447241.8491, 209895.575868731277296 ], [ 447242.3491, 209897.075868731277296 ], [ 447243.3491, 209897.075868731277296 ], [ 447243.3491, 209902.575868731277296 ], [ 447242.3491, 209902.575868731277296 ], [ 447240.8491, 209906.575868731277296 ], [ 447239.8491, 209906.575868731277296 ], [ 447239.3491, 209909.075868731277296 ], [ 447235.3491, 209912.075868731277296 ], [ 447235.3491, 209914.575868731277296 ], [ 447231.8491, 209917.075868731277296 ], [ 447231.3491, 209919.575868731277296 ], [ 447228.8491, 209921.075868731277296 ], [ 447228.8491, 209922.575868731277296 ], [ 447227.8491, 209922.575868731277296 ], [ 447227.3491, 209928.075868731277296 ], [ 447226.3491, 209928.075868731277296 ], [ 447224.8491, 209932.075868731277296 ], [ 447223.8491, 209932.075868731277296 ], [ 447223.8491, 209934.575868731277296 ], [ 447223.3491, 209936.075868731277296 ], [ 447222.3491, 209936.075868731277296 ], [ 447221.8491, 209939.575868731277296 ], [ 447220.8491, 209939.575868731277296 ], [ 447220.8491, 209941.075868731277296 ], [ 447219.3491, 209942.075868731277296 ], [ 447219.3491, 209952.075868731277296 ], [ 447218.3491, 209952.075868731277296 ], [ 447217.8491, 209954.075868731277296 ], [ 447215.8491, 209954.575868731277296 ], [ 447215.3491, 209958.075868731277296 ], [ 447212.8491, 209959.575868731277296 ], [ 447212.8491, 209961.075868731277296 ], [ 447210.3491, 209962.575868731277296 ], [ 447209.8491, 209965.075868731277296 ], [ 447207.8491, 209966.075868731277296 ], [ 447207.3491, 209970.575868731277296 ], [ 447203.8491, 209973.075868731277296 ], [ 447203.3491, 209976.075868731277296 ], [ 447202.3491, 209976.075868731277296 ], [ 447201.8491, 209982.075868731277296 ], [ 447199.8491, 209982.575868731277296 ], [ 447198.3491, 209987.575868731277296 ], [ 447194.3491, 209990.575868731277296 ], [ 447193.8491, 209992.075868731277296 ], [ 447192.8491, 209992.075868731277296 ], [ 447192.8491, 209994.075868731277296 ], [ 447189.8491, 209996.075868731277296 ], [ 447189.8491, 209997.075868731277296 ], [ 447188.8491, 209997.075868731277296 ], [ 447188.8491, 210000.075868731277296 ], [ 447187.8491, 210000.075868731277296 ], [ 447187.3491, 210002.075868731277296 ], [ 447183.8491, 210004.075868731277296 ], [ 447183.3491, 210006.075868731277296 ], [ 447180.8491, 210007.575868731277296 ], [ 447180.8491, 210010.075868731277296 ], [ 447179.3491, 210010.575868731277296 ], [ 447179.3491, 210011.575868731277296 ], [ 447176.8491, 210012.075868731277296 ], [ 447173.8491, 210016.075868731277296 ], [ 447172.8491, 210016.075868731277296 ], [ 447172.8491, 210017.075868731277296 ], [ 447170.3491, 210017.075868731277296 ], [ 447167.3491, 210021.075868731277296 ], [ 447166.3491, 210021.075868731277296 ], [ 447165.8491, 210024.075868731277296 ], [ 447162.3491, 210026.575868731277296 ], [ 447161.8491, 210028.075868731277296 ], [ 447160.8491, 210028.075868731277296 ], [ 447160.8491, 210029.075868731277296 ], [ 447159.8491, 210029.075868731277296 ], [ 447159.3491, 210030.575868731277296 ], [ 447158.3491, 210030.575868731277296 ], [ 447157.8491, 210032.075868731277296 ], [ 447156.8491, 210032.075868731277296 ], [ 447155.3491, 210037.075868731277296 ], [ 447154.3491, 210037.075868731277296 ], [ 447155.8491, 210042.075868731277296 ], [ 447157.8491, 210042.575868731277296 ], [ 447156.8491, 210045.075868731277296 ], [ 447155.8491, 210045.075868731277296 ], [ 447155.8491, 210054.075868731277296 ], [ 447156.8491, 210054.075868731277296 ], [ 447156.8491, 210055.575868731277296 ], [ 447158.3491, 210056.075868731277296 ], [ 447157.8491, 210060.075868731277296 ], [ 447158.3491, 210062.575868731277296 ], [ 447159.3491, 210062.575868731277296 ], [ 447159.3491, 210063.575868731277296 ], [ 447157.8491, 210064.075868731277296 ], [ 447158.3491, 210071.575868731277296 ], [ 447155.8491, 210073.075868731277296 ], [ 447154.8491, 210076.575868731277296 ], [ 447159.8491, 210083.575868731277296 ], [ 447160.8491, 210082.575868731277296 ], [ 447166.8491, 210082.075868731277296 ], [ 447166.8491, 210084.075868731277296 ], [ 447167.8491, 210084.075868731277296 ], [ 447167.8491, 210085.075868731277296 ], [ 447169.8491, 210086.575868731277296 ], [ 447170.3491, 210083.575868731277296 ], [ 447171.8491, 210082.575868731277296 ], [ 447171.8491, 210080.075868731277296 ], [ 447172.8491, 210080.075868731277296 ], [ 447172.8491, 210078.575868731277296 ], [ 447174.3491, 210078.075868731277296 ], [ 447174.3491, 210076.075868731277296 ], [ 447175.8491, 210075.575868731277296 ], [ 447175.8491, 210070.575868731277296 ], [ 447177.8491, 210069.575868731277296 ], [ 447178.3491, 210068.075868731277296 ], [ 447180.8491, 210067.575868731277296 ], [ 447179.8491, 210065.575868731277296 ], [ 447181.8491, 210064.075868731277296 ], [ 447184.3491, 210064.075868731277296 ], [ 447185.8491, 210065.075868731277296 ], [ 447185.8491, 210064.075868731277296 ], [ 447189.8491, 210061.075868731277296 ], [ 447190.3491, 210059.575868731277296 ], [ 447191.3491, 210059.575868731277296 ], [ 447191.8491, 210058.075868731277296 ], [ 447192.8491, 210058.075868731277296 ], [ 447192.8491, 210057.075868731277296 ], [ 447196.8491, 210055.575868731277296 ], [ 447197.8491, 210054.075868731277296 ], [ 447199.8491, 210054.075868731277296 ], [ 447199.8491, 210053.075868731277296 ], [ 447202.3491, 210052.075868731277296 ], [ 447211.8491, 210050.075868731277296 ], [ 447211.8491, 210049.075868731277296 ], [ 447217.8491, 210047.575868731277296 ], [ 447218.3491, 210046.575868731277296 ], [ 447227.8491, 210046.075868731277296 ], [ 447227.8491, 210045.075868731277296 ], [ 447245.8491, 210044.575868731277296 ], [ 447256.8491, 210046.575868731277296 ], [ 447256.8491, 210047.575868731277296 ], [ 447260.8491, 210048.075868731277296 ], [ 447262.3491, 210050.075868731277296 ], [ 447265.8491, 210050.575868731277296 ], [ 447266.3491, 210052.075868731277296 ], [ 447268.8491, 210053.075868731277296 ], [ 447268.8491, 210054.075868731277296 ], [ 447273.8491, 210056.075868731277296 ], [ 447273.8491, 210057.075868731277296 ], [ 447275.8491, 210057.075868731277296 ], [ 447275.8491, 210058.075868731277296 ], [ 447279.3491, 210059.575868731277296 ], [ 447280.8491, 210062.075868731277296 ], [ 447284.8491, 210064.575868731277296 ], [ 447287.8491, 210070.075868731277296 ], [ 447288.8491, 210070.075868731277296 ], [ 447288.8491, 210071.575868731277296 ], [ 447289.8491, 210071.575868731277296 ], [ 447291.8491, 210077.075868731277296 ], [ 447293.8491, 210078.575868731277296 ], [ 447294.3491, 210082.575868731277296 ], [ 447295.3491, 210082.575868731277296 ], [ 447295.8491, 210084.075868731277296 ], [ 447295.8491, 210086.575868731277296 ], [ 447296.8491, 210086.575868731277296 ], [ 447296.8491, 210088.075868731277296 ], [ 447298.3491, 210089.075868731277296 ], [ 447298.3491, 210091.575868731277296 ], [ 447299.3491, 210091.575868731277296 ], [ 447299.8491, 210094.575868731277296 ], [ 447301.8491, 210096.075868731277296 ], [ 447302.3491, 210099.575868731277296 ], [ 447303.8491, 210100.075868731277296 ], [ 447303.8491, 210102.075868731277296 ], [ 447305.8491, 210102.575868731277296 ], [ 447305.8491, 210106.075868731277296 ], [ 447304.8491, 210106.575868731277296 ], [ 447306.8491, 210108.575868731277296 ], [ 447307.3491, 210110.575868731277296 ], [ 447313.8491, 210117.575868731277296 ], [ 447314.3491, 210119.575868731277296 ], [ 447315.8491, 210120.575868731277296 ], [ 447315.8491, 210122.075868731277296 ], [ 447316.8491, 210122.075868731277296 ], [ 447318.8491, 210126.075868731277296 ], [ 447319.8491, 210126.075868731277296 ], [ 447319.8491, 210127.575868731277296 ], [ 447321.3491, 210128.075868731277296 ], [ 447321.8491, 210130.075868731277296 ], [ 447325.8491, 210133.075868731277296 ], [ 447326.3491, 210135.575868731277296 ], [ 447327.8491, 210136.075868731277296 ], [ 447327.8491, 210137.575868731277296 ], [ 447331.3491, 210140.075868731277296 ], [ 447332.3491, 210142.075868731277296 ], [ 447333.8491, 210142.075868731277296 ], [ 447334.3491, 210143.575868731277296 ], [ 447336.8491, 210144.075868731277296 ], [ 447337.8491, 210146.075868731277296 ], [ 447339.8491, 210146.075868731277296 ], [ 447342.3491, 210148.075868731277296 ], [ 447345.8491, 210148.075868731277296 ], [ 447345.8491, 210149.075868731277296 ], [ 447351.3491, 210149.075868731277296 ], [ 447351.3491, 210150.075868731277296 ], [ 447358.3491, 210150.575868731277296 ], [ 447358.8491, 210151.575868731277296 ], [ 447360.8491, 210152.075868731277296 ], [ 447367.3491, 210152.075868731277296 ], [ 447367.8491, 210153.075868731277296 ], [ 447370.3491, 210153.075868731277296 ], [ 447372.3491, 210154.575868731277296 ], [ 447381.8491, 210156.075868731277296 ], [ 447381.8491, 210157.075868731277296 ], [ 447384.8491, 210157.075868731277296 ], [ 447387.8491, 210158.575868731277296 ], [ 447394.3491, 210158.575868731277296 ], [ 447394.8491, 210159.575868731277296 ], [ 447414.8491, 210159.075868731277296 ], [ 447428.3491, 210161.075868731277296 ], [ 447440.8491, 210161.075868731277296 ], [ 447440.8491, 210162.075868731277296 ], [ 447445.8491, 210162.075868731277296 ], [ 447447.3491, 210162.575868731277296 ], [ 447447.3491, 210163.575868731277296 ], [ 447451.3491, 210163.575868731277296 ], [ 447453.8491, 210164.075868731277296 ], [ 447453.8491, 210165.075868731277296 ], [ 447456.8491, 210165.075868731277296 ], [ 447456.8491, 210166.075868731277296 ], [ 447463.8491, 210168.075868731277296 ], [ 447463.8491, 210169.075868731277296 ], [ 447469.8491, 210170.575868731277296 ], [ 447469.8491, 210171.575868731277296 ], [ 447472.8491, 210172.075868731277296 ], [ 447472.8491, 210173.075868731277296 ], [ 447474.3491, 210173.075868731277296 ], [ 447475.8491, 210174.575868731277296 ], [ 447477.8491, 210174.575868731277296 ], [ 447477.8491, 210175.575868731277296 ], [ 447481.8491, 210176.075868731277296 ], [ 447482.8491, 210178.075868731277296 ], [ 447485.8491, 210178.575868731277296 ], [ 447486.3491, 210180.075868731277296 ], [ 447487.8491, 210180.075868731277296 ], [ 447487.8491, 210181.075868731277296 ], [ 447489.8491, 210181.075868731277296 ], [ 447489.8491, 210182.075868731277296 ], [ 447493.8491, 210183.575868731277296 ], [ 447499.8491, 210188.075868731277296 ], [ 447501.8491, 210188.075868731277296 ], [ 447501.8491, 210189.075868731277296 ], [ 447505.3491, 210190.075868731277296 ], [ 447505.8491, 210191.575868731277296 ], [ 447509.3491, 210192.075868731277296 ], [ 447509.8491, 210193.075868731277296 ], [ 447508.8491, 210195.575868731277296 ], [ 447514.3491, 210200.075868731277296 ], [ 447514.3491, 210201.075868731277296 ], [ 447516.3491, 210201.075868731277296 ], [ 447517.8491, 210203.575868731277296 ], [ 447520.8491, 210204.075868731277296 ], [ 447520.8491, 210205.075868731277296 ], [ 447524.8491, 210205.075868731277296 ], [ 447527.8491, 210208.075868731277296 ], [ 447529.8491, 210208.075868731277296 ], [ 447529.8491, 210209.075868731277296 ], [ 447531.8491, 210208.575868731277296 ], [ 447533.8491, 210211.575868731277296 ], [ 447535.3491, 210211.075868731277296 ], [ 447533.8491, 210209.075868731277296 ], [ 447535.8491, 210207.575868731277296 ], [ 447535.8491, 210206.575868731277296 ], [ 447537.8491, 210206.075868731277296 ], [ 447539.8491, 210207.075868731277296 ], [ 447539.8491, 210208.075868731277296 ], [ 447541.8491, 210208.075868731277296 ], [ 447543.8491, 210210.075868731277296 ], [ 447549.3491, 210212.075868731277296 ], [ 447551.8491, 210214.075868731277296 ], [ 447553.8491, 210214.075868731277296 ], [ 447554.8491, 210215.575868731277296 ], [ 447557.8491, 210216.075868731277296 ], [ 447557.8491, 210217.075868731277296 ], [ 447559.3491, 210217.075868731277296 ], [ 447559.8491, 210218.075868731277296 ], [ 447565.8491, 210220.575868731277296 ], [ 447566.8491, 210222.075868731277296 ], [ 447565.8491, 210222.075868731277296 ], [ 447564.8491, 210224.075868731277296 ], [ 447567.3491, 210225.075868731277296 ], [ 447567.8491, 210226.575868731277296 ], [ 447571.8491, 210226.575868731277296 ], [ 447571.8491, 210227.575868731277296 ], [ 447572.8491, 210227.075868731277296 ], [ 447573.3491, 210228.075868731277296 ], [ 447575.3491, 210228.075868731277296 ], [ 447575.3491, 210229.075868731277296 ], [ 447576.8491, 210229.075868731277296 ], [ 447578.3491, 210226.575868731277296 ], [ 447581.8491, 210226.075868731277296 ], [ 447583.3491, 210226.575868731277296 ], [ 447583.3491, 210227.575868731277296 ], [ 447585.8491, 210228.075868731277296 ], [ 447585.8491, 210229.075868731277296 ], [ 447588.8491, 210228.075868731277296 ], [ 447590.3491, 210230.075868731277296 ], [ 447592.8491, 210230.575868731277296 ], [ 447592.3491, 210232.075868731277296 ], [ 447593.3491, 210232.575868731277296 ], [ 447596.8491, 210232.075868731277296 ], [ 447597.8491, 210234.575868731277296 ], [ 447599.3491, 210234.575868731277296 ], [ 447600.8491, 210237.075868731277296 ], [ 447602.3491, 210237.075868731277296 ], [ 447603.8491, 210239.575868731277296 ], [ 447605.8491, 210240.075868731277296 ], [ 447606.3491, 210246.075868731277296 ], [ 447609.8491, 210248.075868731277296 ], [ 447609.8491, 210249.075868731277296 ], [ 447612.8491, 210249.075868731277296 ], [ 447613.8491, 210250.575868731277296 ], [ 447617.8491, 210250.075868731277296 ], [ 447618.3491, 210251.575868731277296 ], [ 447619.3491, 210251.575868731277296 ], [ 447619.3491, 210255.575868731277296 ], [ 447620.8491, 210256.075868731277296 ], [ 447620.8491, 210257.075868731277296 ], [ 447628.8491, 210258.575868731277296 ], [ 447628.8491, 210259.575868731277296 ], [ 447629.8491, 210259.575868731277296 ], [ 447629.8491, 210258.575868731277296 ], [ 447631.8491, 210257.075868731277296 ], [ 447631.8491, 210259.575868731277296 ], [ 447633.8491, 210260.075868731277296 ], [ 447633.8491, 210261.075868731277296 ], [ 447635.8491, 210261.075868731277296 ], [ 447635.8491, 210260.075868731277296 ], [ 447637.8491, 210259.575868731277296 ], [ 447637.8491, 210258.575868731277296 ], [ 447639.3491, 210258.575868731277296 ], [ 447639.8491, 210260.075868731277296 ], [ 447643.8491, 210260.075868731277296 ], [ 447645.8491, 210258.075868731277296 ], [ 447650.3491, 210258.075868731277296 ], [ 447651.8491, 210260.075868731277296 ], [ 447655.3491, 210261.075868731277296 ], [ 447658.3491, 210265.075868731277296 ], [ 447664.8491, 210265.075868731277296 ], [ 447664.8491, 210266.075868731277296 ], [ 447666.3491, 210266.575868731277296 ], [ 447666.3491, 210270.075868731277296 ], [ 447667.8491, 210270.575868731277296 ], [ 447667.8491, 210271.575868731277296 ], [ 447671.3491, 210272.075868731277296 ], [ 447674.3491, 210267.575868731277296 ], [ 447679.8491, 210268.075868731277296 ], [ 447679.8491, 210269.075868731277296 ], [ 447685.8491, 210268.075868731277296 ], [ 447685.8491, 210269.075868731277296 ], [ 447688.8491, 210269.075868731277296 ], [ 447688.8491, 210270.075868731277296 ], [ 447691.3491, 210270.075868731277296 ], [ 447691.8491, 210271.575868731277296 ], [ 447693.8491, 210272.075868731277296 ], [ 447692.8491, 210274.075868731277296 ], [ 447693.8491, 210274.075868731277296 ], [ 447694.3491, 210275.575868731277296 ], [ 447695.3491, 210275.575868731277296 ], [ 447697.8491, 210278.575868731277296 ], [ 447699.3491, 210278.575868731277296 ], [ 447700.8491, 210276.075868731277296 ], [ 447701.8491, 210276.075868731277296 ], [ 447702.3491, 210278.075868731277296 ], [ 447704.8491, 210278.075868731277296 ], [ 447704.8491, 210279.575868731277296 ], [ 447707.3491, 210281.075868731277296 ], [ 447708.8491, 210278.575868731277296 ], [ 447711.3491, 210279.575868731277296 ], [ 447711.3491, 210278.575868731277296 ], [ 447713.8491, 210278.075868731277296 ], [ 447714.3491, 210280.075868731277296 ], [ 447715.3491, 210280.075868731277296 ], [ 447715.8491, 210282.075868731277296 ], [ 447717.8491, 210282.575868731277296 ], [ 447717.8491, 210283.575868731277296 ], [ 447718.3491, 210282.575868731277296 ], [ 447723.8491, 210282.575868731277296 ], [ 447723.8491, 210283.575868731277296 ], [ 447725.8491, 210284.075868731277296 ], [ 447725.8491, 210285.075868731277296 ], [ 447731.3491, 210285.575868731277296 ] ], [ [ 448015.8491, 209776.075868731277296 ], [ 448015.3491, 209778.075868731277296 ], [ 448013.8491, 209779.075868731277296 ], [ 448014.8491, 209776.575868731277296 ], [ 448015.8491, 209776.075868731277296 ] ], [ [ 448110.3491, 209382.075868731277296 ], [ 448109.8491, 209381.075868731277296 ], [ 448111.3491, 209380.575868731277296 ], [ 448110.8491, 209382.075868731277296 ], [ 448110.3491, 209382.075868731277296 ] ], [ [ 447648.8491, 209549.075868731277296 ], [ 447648.8491, 209548.075868731277296 ], [ 447649.8491, 209548.075868731277296 ], [ 447649.3491, 209549.075868731277296 ], [ 447648.8491, 209549.075868731277296 ] ], [ [ 447647.3491, 209548.075868731277296 ], [ 447647.3491, 209547.575868731277296 ], [ 447647.8491, 209547.575868731277296 ], [ 447647.8491, 209548.075868731277296 ], [ 447647.3491, 209548.075868731277296 ] ], [ [ 447535.3491, 209674.075868731277296 ], [ 447535.3491, 209673.075868731277296 ], [ 447535.8491, 209673.075868731277296 ], [ 447535.8491, 209674.075868731277296 ], [ 447535.3491, 209674.075868731277296 ] ], [ [ 447528.8491, 209685.075868731277296 ], [ 447528.8491, 209684.075868731277296 ], [ 447529.8491, 209684.075868731277296 ], [ 447529.3491, 209685.075868731277296 ], [ 447528.8491, 209685.075868731277296 ] ], [ [ 447520.8491, 209694.575868731277296 ], [ 447520.8491, 209693.075868731277296 ], [ 447521.8491, 209693.075868731277296 ], [ 447521.8491, 209694.575868731277296 ], [ 447520.8491, 209694.575868731277296 ] ], [ [ 447513.8491, 209697.075868731277296 ], [ 447513.8491, 209696.075868731277296 ], [ 447514.3491, 209696.075868731277296 ], [ 447514.3491, 209697.075868731277296 ], [ 447513.8491, 209697.075868731277296 ] ], [ [ 447512.3491, 209724.075868731277296 ], [ 447512.3491, 209723.575868731277296 ], [ 447512.8491, 209723.575868731277296 ], [ 447512.8491, 209724.075868731277296 ], [ 447512.3491, 209724.075868731277296 ] ], [ [ 447499.8491, 209758.075868731277296 ], [ 447499.8491, 209757.075868731277296 ], [ 447500.8491, 209757.075868731277296 ], [ 447500.8491, 209758.075868731277296 ], [ 447499.8491, 209758.075868731277296 ] ], [ [ 447497.8491, 209759.575868731277296 ], [ 447497.8491, 209758.575868731277296 ], [ 447498.3491, 209758.575868731277296 ], [ 447498.3491, 209759.575868731277296 ], [ 447497.8491, 209759.575868731277296 ] ], [ [ 447498.3491, 209759.575868731277296 ], [ 447499.3491, 209759.575868731277296 ], [ 447498.8491, 209760.575868731277296 ], [ 447498.3491, 209760.575868731277296 ], [ 447498.3491, 209759.575868731277296 ] ], [ [ 447498.3491, 209757.075868731277296 ], [ 447498.3491, 209756.075868731277296 ], [ 447499.3491, 209756.075868731277296 ], [ 447499.3491, 209757.075868731277296 ], [ 447498.3491, 209757.075868731277296 ] ], [ [ 447491.8491, 209760.075868731277296 ], [ 447491.8491, 209759.575868731277296 ], [ 447492.8491, 209759.575868731277296 ], [ 447492.8491, 209760.075868731277296 ], [ 447491.8491, 209760.075868731277296 ] ], [ [ 447488.8491, 209759.575868731277296 ], [ 447488.8491, 209758.575868731277296 ], [ 447489.8491, 209758.575868731277296 ], [ 447489.8491, 209759.575868731277296 ], [ 447488.8491, 209759.575868731277296 ] ], [ [ 447476.8491, 209768.075868731277296 ], [ 447476.8491, 209767.575868731277296 ], [ 447477.8491, 209767.575868731277296 ], [ 447477.8491, 209768.075868731277296 ], [ 447476.8491, 209768.075868731277296 ] ] ] } },
{ "type": "Feature", "properties": { "mainhabs": "Coastal and floodplain grazing marsh", "habcodes": "CFPGM", "featdesc": null, "featcodes": null, "otherclass": null, "addhabs": null, "primsource": "Higher Level Stewardship 2011 (CFPGM)", "areaha": "0.08", "version": "Sep_25", "uid": "PHID44803202_020965087", "shape_length": null, "shape_area": null, "site": "northfieldfarm", "pid": 9, "method": "grabcut2" }, "geometry": { "type": "MultiPolygon", "coordinates": [ [ [ [ 448023.3491, 209613.575868731277296 ], [ 448026.3491, 209610.075868731277296 ], [ 448026.3491, 209607.575868731277296 ], [ 448027.8491, 209606.075868731277296 ], [ 448030.8491, 209606.075868731277296 ], [ 448031.8491, 209605.075868731277296 ], [ 448032.3491, 209603.075868731277296 ], [ 448031.3491, 209601.075868731277296 ], [ 448033.8491, 209599.075868731277296 ], [ 448033.8491, 209596.075868731277296 ], [ 448035.3491, 209595.575868731277296 ], [ 448035.3491, 209592.575868731277296 ], [ 448038.8491, 209590.075868731277296 ], [ 448038.8491, 209588.075868731277296 ], [ 448037.8491, 209586.075868731277296 ], [ 448036.8491, 209586.075868731277296 ], [ 448036.8491, 209584.075868731277296 ], [ 448041.3491, 209582.075868731277296 ], [ 448040.8491, 209578.075868731277296 ], [ 448041.8491, 209578.075868731277296 ], [ 448041.8491, 209575.575868731277296 ], [ 448040.8491, 209574.075868731277296 ], [ 448042.3491, 209573.075868731277296 ], [ 448041.8491, 209571.075868731277296 ], [ 448044.3491, 209568.075868731277296 ], [ 448044.3491, 209565.075868731277296 ], [ 448045.8491, 209561.575868731277296 ], [ 448048.3491, 209559.575868731277296 ], [ 448047.8491, 209555.575868731277296 ], [ 448056.8491, 209545.075868731277296 ], [ 448057.8491, 209545.575868731277296 ], [ 448059.8491, 209544.075868731277296 ], [ 448059.8491, 209542.075868731277296 ], [ 448061.3491, 209541.075868731277296 ], [ 448060.3491, 209538.075868731277296 ], [ 448063.3491, 209535.075868731277296 ], [ 448061.8491, 209531.075868731277296 ], [ 448061.8491, 209523.575868731277296 ], [ 448062.8491, 209522.575868731277296 ], [ 448063.8491, 209516.575868731277296 ], [ 448064.3491, 209503.575868731277296 ], [ 448065.8491, 209502.075868731277296 ], [ 448066.3491, 209490.575868731277296 ], [ 448064.3491, 209491.075868731277296 ], [ 448064.8491, 209492.575868731277296 ], [ 448063.8491, 209492.575868731277296 ], [ 448063.3491, 209494.575868731277296 ], [ 448062.3491, 209495.075868731277296 ], [ 448062.3491, 209496.075868731277296 ], [ 448063.8491, 209496.575868731277296 ], [ 448062.8491, 209499.075868731277296 ], [ 448062.8491, 209503.575868731277296 ], [ 448063.8491, 209504.575868731277296 ], [ 448062.3491, 209505.575868731277296 ], [ 448061.3491, 209510.575868731277296 ], [ 448062.3491, 209518.575868731277296 ], [ 448059.8491, 209519.075868731277296 ], [ 448060.8491, 209522.075868731277296 ], [ 448059.8491, 209522.575868731277296 ], [ 448059.8491, 209525.075868731277296 ], [ 448058.3491, 209527.575868731277296 ], [ 448056.3491, 209536.575868731277296 ], [ 448055.3491, 209537.075868731277296 ], [ 448052.3491, 209544.575868731277296 ], [ 448051.3491, 209544.575868731277296 ], [ 448050.8491, 209547.075868731277296 ], [ 448045.3491, 209554.575868731277296 ], [ 448043.3491, 209562.575868731277296 ], [ 448040.8491, 209568.075868731277296 ], [ 448039.3491, 209569.075868731277296 ], [ 448039.3491, 209572.075868731277296 ], [ 448038.3491, 209572.575868731277296 ], [ 448037.8491, 209576.075868731277296 ], [ 448036.8491, 209576.575868731277296 ], [ 448036.3491, 209580.075868731277296 ], [ 448035.3491, 209580.575868731277296 ], [ 448035.3491, 209583.575868731277296 ], [ 448034.3491, 209584.075868731277296 ], [ 448032.3491, 209592.575868731277296 ], [ 448027.3491, 209599.575868731277296 ], [ 448027.3491, 209601.075868731277296 ], [ 448026.3491, 209601.075868731277296 ], [ 448025.8491, 209603.075868731277296 ], [ 448024.8491, 209603.575868731277296 ], [ 448023.8491, 209607.575868731277296 ], [ 448021.8491, 209609.075868731277296 ], [ 448021.3491, 209612.075868731277296 ], [ 448022.8491, 209614.075868731277296 ], [ 448023.3491, 209613.575868731277296 ] ] ], [ [ [ 448053.8491, 209717.075868731277296 ], [ 448054.3491, 209712.575868731277296 ], [ 448055.8491, 209710.075868731277296 ], [ 448056.8491, 209710.075868731277296 ], [ 448057.3491, 209707.075868731277296 ], [ 448056.8491, 209704.575868731277296 ], [ 448055.3491, 209703.075868731277296 ], [ 448055.3491, 209696.075868731277296 ], [ 448051.8491, 209688.075868731277296 ], [ 448050.8491, 209688.075868731277296 ], [ 448050.8491, 209686.075868731277296 ], [ 448049.8491, 209685.575868731277296 ], [ 448048.8491, 209679.575868731277296 ], [ 448047.8491, 209679.075868731277296 ], [ 448047.8491, 209677.075868731277296 ], [ 448044.8491, 209672.575868731277296 ], [ 448045.3491, 209670.575868731277296 ], [ 448043.8491, 209669.075868731277296 ], [ 448043.3491, 209666.575868731277296 ], [ 448041.8491, 209666.075868731277296 ], [ 448042.8491, 209662.075868731277296 ], [ 448040.8491, 209660.075868731277296 ], [ 448037.8491, 209652.075868731277296 ], [ 448033.8491, 209652.075868731277296 ], [ 448033.8491, 209651.075868731277296 ], [ 448031.8491, 209650.075868731277296 ], [ 448031.8491, 209646.075868731277296 ], [ 448030.3491, 209644.075868731277296 ], [ 448031.3491, 209642.075868731277296 ], [ 448030.3491, 209641.575868731277296 ], [ 448029.8491, 209639.575868731277296 ], [ 448025.8491, 209637.575868731277296 ], [ 448025.8491, 209632.075868731277296 ], [ 448024.3491, 209630.075868731277296 ], [ 448024.8491, 209626.075868731277296 ], [ 448023.8491, 209620.575868731277296 ], [ 448021.8491, 209620.075868731277296 ], [ 448022.8491, 209635.575868731277296 ], [ 448026.3491, 209644.075868731277296 ], [ 448027.3491, 209644.075868731277296 ], [ 448025.3491, 209647.575868731277296 ], [ 448025.8491, 209650.575868731277296 ], [ 448027.8491, 209652.075868731277296 ], [ 448027.8491, 209654.075868731277296 ], [ 448032.8491, 209659.575868731277296 ], [ 448031.8491, 209663.075868731277296 ], [ 448034.3491, 209665.075868731277296 ], [ 448037.8491, 209666.075868731277296 ], [ 448038.3491, 209669.075868731277296 ], [ 448039.8491, 209670.075868731277296 ], [ 448038.3491, 209672.575868731277296 ], [ 448040.3491, 209675.075868731277296 ], [ 448040.8491, 209678.075868731277296 ], [ 448044.8491, 209686.075868731277296 ], [ 448045.8491, 209687.575868731277296 ], [ 448047.8491, 209688.075868731277296 ], [ 448048.3491, 209693.075868731277296 ], [ 448051.3491, 209696.075868731277296 ], [ 448050.8491, 209700.575868731277296 ], [ 448051.8491, 209700.575868731277296 ], [ 448052.8491, 209702.575868731277296 ], [ 448053.3491, 209708.075868731277296 ], [ 448052.3491, 209708.075868731277296 ], [ 448051.3491, 209706.075868731277296 ], [ 448050.8491, 209709.075868731277296 ], [ 448049.3491, 209710.075868731277296 ], [ 448048.3491, 209712.575868731277296 ], [ 448050.3491, 209714.075868731277296 ], [ 448049.8491, 209715.075868731277296 ], [ 448051.8491, 209718.075868731277296 ], [ 448053.8491, 209718.075868731277296 ], [ 448053.8491, 209717.075868731277296 ] ] ], [ [ [ 448034.8491, 209754.575868731277296 ], [ 448039.8491, 209754.075868731277296 ], [ 448041.8491, 209745.075868731277296 ], [ 448040.8491, 209743.075868731277296 ], [ 448042.3491, 209742.075868731277296 ], [ 448042.3491, 209740.075868731277296 ], [ 448043.3491, 209740.075868731277296 ], [ 448042.8491, 209737.575868731277296 ], [ 448045.3491, 209736.075868731277296 ], [ 448046.3491, 209734.075868731277296 ], [ 448048.3491, 209734.075868731277296 ], [ 448051.3491, 209730.575868731277296 ], [ 448051.3491, 209729.075868731277296 ], [ 448049.3491, 209726.575868731277296 ], [ 448049.8491, 209725.075868731277296 ], [ 448048.3491, 209724.075868731277296 ], [ 448048.8491, 209722.075868731277296 ], [ 448047.8491, 209723.575868731277296 ], [ 448045.8491, 209723.075868731277296 ], [ 448045.8491, 209724.075868731277296 ], [ 448044.3491, 209724.575868731277296 ], [ 448043.8491, 209727.075868731277296 ], [ 448042.3491, 209728.075868731277296 ], [ 448042.3491, 209730.075868731277296 ], [ 448043.3491, 209730.575868731277296 ], [ 448042.3491, 209730.575868731277296 ], [ 448040.8491, 209735.575868731277296 ], [ 448039.8491, 209735.575868731277296 ], [ 448039.3491, 209737.075868731277296 ], [ 448038.3491, 209737.075868731277296 ], [ 448038.3491, 209738.075868731277296 ], [ 448035.3491, 209740.575868731277296 ], [ 448034.8491, 209744.075868731277296 ], [ 448033.3491, 209745.575868731277296 ], [ 448033.8491, 209748.075868731277296 ], [ 448032.3491, 209753.075868731277296 ], [ 448032.3491, 209754.075868731277296 ], [ 448034.8491, 209754.575868731277296 ] ] ], [ [ [ 448022.8491, 209775.575868731277296 ], [ 448023.8491, 209773.075868731277296 ], [ 448025.3491, 209772.575868731277296 ], [ 448026.3491, 209770.075868731277296 ], [ 448027.8491, 209769.575868731277296 ], [ 448027.3491, 209766.075868731277296 ], [ 448029.3491, 209764.075868731277296 ], [ 448031.3491, 209763.575868731277296 ], [ 448031.3491, 209760.075868731277296 ], [ 448030.3491, 209760.075868731277296 ], [ 448030.3491, 209758.075868731277296 ], [ 448028.8491, 209758.075868731277296 ], [ 448023.3491, 209766.075868731277296 ], [ 448022.3491, 209766.075868731277296 ], [ 448021.8491, 209767.575868731277296 ], [ 448018.3491, 209770.075868731277296 ], [ 448017.8491, 209774.075868731277296 ], [ 448015.8491, 209775.075868731277296 ], [ 448015.8491, 209776.075868731277296 ], [ 448022.8491, 209775.575868731277296 ] ] ], [ [ [ 448008.3491, 209804.075868731277296 ], [ 448009.3491, 209803.075868731277296 ], [ 448008.8491, 209800.575868731277296 ], [ 448011.8491, 209799.575868731277296 ], [ 448011.8491, 209798.575868731277296 ], [ 448014.3491, 209796.575868731277296 ], [ 448011.8491, 209793.575868731277296 ], [ 448011.8491, 209792.075868731277296 ], [ 448009.8491, 209792.075868731277296 ], [ 448008.3491, 209794.575868731277296 ], [ 448008.3491, 209796.575868731277296 ], [ 448007.3491, 209797.075868731277296 ], [ 448007.3491, 209799.575868731277296 ], [ 448004.8491, 209802.575868731277296 ], [ 448006.3491, 209804.575868731277296 ], [ 448008.3491, 209804.075868731277296 ] ] ] ] } },
{ "type": "Feature", "properties": { "mainhabs": "Coastal and floodplain grazing marsh", "habcodes": "CFPGM", "featdesc": null, "featcodes": null, "otherclass": null, "addhabs": null, "primsource": "Higher Level Stewardship 2011 (CFPGM)", "areaha": "1.66", "version": "Sep_25", "uid": "PHID44805674_021011369", "shape_length": null, "shape_area": null, "site": "northfieldfarm", "pid": 10, "method": "grabcut2" }, "geometry": { "type": "MultiPolygon", "coordinates": [ [ [ [ 447987.8491, 210194.075868731277296 ], [ 447989.3491, 210193.575868731277296 ], [ 447989.3491, 210192.575868731277296 ], [ 447993.3491, 210192.575868731277296 ], [ 447993.8491, 210191.075868731277296 ], [ 447994.8491, 210191.075868731277296 ], [ 447994.8491, 210190.075868731277296 ], [ 447993.8491, 210190.075868731277296 ], [ 447994.8491, 210188.575868731277296 ], [ 447997.8491, 210188.075868731277296 ], [ 447997.8491, 210187.075868731277296 ], [ 448000.3491, 210187.075868731277296 ], [ 448000.3491, 210186.075868731277296 ], [ 448003.8491, 210185.575868731277296 ], [ 448003.8491, 210184.575868731277296 ], [ 448005.3491, 210184.575868731277296 ], [ 448005.8491, 210183.075868731277296 ], [ 448008.3491, 210183.075868731277296 ], [ 448008.3491, 210182.075868731277296 ], [ 448011.8491, 210181.575868731277296 ], [ 448013.3491, 210179.075868731277296 ], [ 448014.8491, 210179.075868731277296 ], [ 448014.8491, 210178.075868731277296 ], [ 448017.3491, 210176.575868731277296 ], [ 448018.8491, 210172.575868731277296 ], [ 448019.8491, 210172.575868731277296 ], [ 448018.8491, 210172.075868731277296 ], [ 448018.8491, 210170.075868731277296 ], [ 448023.8491, 210167.075868731277296 ], [ 448024.3491, 210164.075868731277296 ], [ 448025.3491, 210164.075868731277296 ], [ 448025.8491, 210162.075868731277296 ], [ 448027.8491, 210161.575868731277296 ], [ 448028.3491, 210160.075868731277296 ], [ 448030.8491, 210160.575868731277296 ], [ 448031.8491, 210159.075868731277296 ], [ 448033.8491, 210159.075868731277296 ], [ 448033.8491, 210158.075868731277296 ], [ 448038.8491, 210157.575868731277296 ], [ 448038.8491, 210156.575868731277296 ], [ 448041.3491, 210156.075868731277296 ], [ 448041.8491, 210154.075868731277296 ], [ 448043.8491, 210153.575868731277296 ], [ 448044.3491, 210152.075868731277296 ], [ 448046.8491, 210152.075868731277296 ], [ 448046.8491, 210151.075868731277296 ], [ 448048.3491, 210151.075868731277296 ], [ 448049.8491, 210148.575868731277296 ], [ 448052.3491, 210148.075868731277296 ], [ 448054.8491, 210144.575868731277296 ], [ 448057.8491, 210144.075868731277296 ], [ 448057.8491, 210143.075868731277296 ], [ 448058.8491, 210143.075868731277296 ], [ 448058.8491, 210142.075868731277296 ], [ 448062.8491, 210139.075868731277296 ], [ 448062.8491, 210137.575868731277296 ], [ 448063.8491, 210137.575868731277296 ], [ 448065.3491, 210135.075868731277296 ], [ 448066.8491, 210135.075868731277296 ], [ 448066.8491, 210134.075868731277296 ], [ 448067.8491, 210134.075868731277296 ], [ 448068.3491, 210132.575868731277296 ], [ 448069.3491, 210132.575868731277296 ], [ 448069.8491, 210131.075868731277296 ], [ 448070.8491, 210131.075868731277296 ], [ 448070.8491, 210130.075868731277296 ], [ 448074.8491, 210127.075868731277296 ], [ 448073.8491, 210124.075868731277296 ], [ 448074.8491, 210124.075868731277296 ], [ 448074.8491, 210122.075868731277296 ], [ 448077.3491, 210120.575868731277296 ], [ 448076.3491, 210120.075868731277296 ], [ 448076.3491, 210118.075868731277296 ], [ 448077.8491, 210117.575868731277296 ], [ 448077.3491, 210109.575868731277296 ], [ 448076.3491, 210109.575868731277296 ], [ 448075.8491, 210105.575868731277296 ], [ 448074.8491, 210105.575868731277296 ], [ 448074.8491, 210099.075868731277296 ], [ 448073.8491, 210099.075868731277296 ], [ 448073.8491, 210096.075868731277296 ], [ 448072.3491, 210095.075868731277296 ], [ 448073.3491, 210093.575868731277296 ], [ 448072.3491, 210093.575868731277296 ], [ 448071.8491, 210091.075868731277296 ], [ 448070.8491, 210091.075868731277296 ], [ 448069.3491, 210088.575868731277296 ], [ 448065.3491, 210087.075868731277296 ], [ 448065.3491, 210086.075868731277296 ], [ 448062.8491, 210084.575868731277296 ], [ 448062.8491, 210083.075868731277296 ], [ 448061.8491, 210083.075868731277296 ], [ 448061.3491, 210081.575868731277296 ], [ 448058.8491, 210081.575868731277296 ], [ 448058.8491, 210080.575868731277296 ], [ 448053.3491, 210080.575868731277296 ], [ 448052.3491, 210079.075868731277296 ], [ 448050.8491, 210079.075868731277296 ], [ 448050.8491, 210080.075868731277296 ], [ 448047.8491, 210079.075868731277296 ], [ 448047.8491, 210080.075868731277296 ], [ 448046.8491, 210080.075868731277296 ], [ 448046.8491, 210079.075868731277296 ], [ 448045.8491, 210079.075868731277296 ], [ 448045.8491, 210080.075868731277296 ], [ 448043.8491, 210081.575868731277296 ], [ 448043.8491, 210080.575868731277296 ], [ 448029.8491, 210080.075868731277296 ], [ 448029.8491, 210079.075868731277296 ], [ 448028.3491, 210079.075868731277296 ], [ 448027.8491, 210080.075868731277296 ], [ 448027.8491, 210079.075868731277296 ], [ 448025.3491, 210079.075868731277296 ], [ 448025.3491, 210078.075868731277296 ], [ 448022.8491, 210077.575868731277296 ], [ 448022.8491, 210076.575868731277296 ], [ 448020.3491, 210075.075868731277296 ], [ 448021.3491, 210072.075868731277296 ], [ 448020.3491, 210072.075868731277296 ], [ 448019.8491, 210070.075868731277296 ], [ 448017.8491, 210069.575868731277296 ], [ 448017.3491, 210068.075868731277296 ], [ 448015.8491, 210068.075868731277296 ], [ 448015.8491, 210067.075868731277296 ], [ 448014.8491, 210067.075868731277296 ], [ 448014.8491, 210066.075868731277296 ], [ 448013.8491, 210066.075868731277296 ], [ 448013.3491, 210064.575868731277296 ], [ 448009.3491, 210061.575868731277296 ], [ 448009.3491, 210060.075868731277296 ], [ 448008.3491, 210060.075868731277296 ], [ 448007.8491, 210054.075868731277296 ], [ 448005.8491, 210053.575868731277296 ], [ 448005.8491, 210051.075868731277296 ], [ 448004.3491, 210050.075868731277296 ], [ 448003.8491, 210047.075868731277296 ], [ 448000.3491, 210045.575868731277296 ], [ 447999.8491, 210043.075868731277296 ], [ 447998.8491, 210043.075868731277296 ], [ 447997.3491, 210040.575868731277296 ], [ 447995.8491, 210041.575868731277296 ], [ 447995.8491, 210040.575868731277296 ], [ 447993.8491, 210040.075868731277296 ], [ 447993.3491, 210030.075868731277296 ], [ 447992.3491, 210030.075868731277296 ], [ 447991.8491, 210028.075868731277296 ], [ 447991.8491, 210023.075868731277296 ], [ 447992.3491, 210021.575868731277296 ], [ 447993.3491, 210021.575868731277296 ], [ 447993.3491, 210010.075868731277296 ], [ 447994.8491, 210009.575868731277296 ], [ 447994.8491, 210006.075868731277296 ], [ 447993.8491, 210006.075868731277296 ], [ 447993.3491, 210004.575868731277296 ], [ 447995.8491, 210003.075868731277296 ], [ 447995.8491, 210002.075868731277296 ], [ 447993.8491, 210001.575868731277296 ], [ 447993.8491, 209999.075868731277296 ], [ 447994.8491, 209999.075868731277296 ], [ 447994.8491, 209995.075868731277296 ], [ 447993.8491, 209995.075868731277296 ], [ 447993.8491, 209994.075868731277296 ], [ 447995.8491, 209993.575868731277296 ], [ 447995.8491, 209992.575868731277296 ], [ 447997.3491, 209992.075868731277296 ], [ 447997.8491, 209988.575868731277296 ], [ 447999.8491, 209988.075868731277296 ], [ 448001.8491, 209981.575868731277296 ], [ 448006.3491, 209975.575868731277296 ], [ 448005.8491, 209973.575868731277296 ], [ 448006.8491, 209973.575868731277296 ], [ 448006.8491, 209972.575868731277296 ], [ 448008.3491, 209972.075868731277296 ], [ 448008.3491, 209970.075868731277296 ], [ 448009.3491, 209970.075868731277296 ], [ 448009.3491, 209966.075868731277296 ], [ 448012.3491, 209962.075868731277296 ], [ 448012.3491, 209959.075868731277296 ], [ 448013.3491, 209959.075868731277296 ], [ 448013.8491, 209956.575868731277296 ], [ 448015.8491, 209956.075868731277296 ], [ 448015.8491, 209954.075868731277296 ], [ 448017.3491, 209953.575868731277296 ], [ 448017.3491, 209952.575868731277296 ], [ 448019.8491, 209952.075868731277296 ], [ 448021.8491, 209948.575868731277296 ], [ 448024.3491, 209950.075868731277296 ], [ 448027.8491, 209948.075868731277296 ], [ 448028.3491, 209946.075868731277296 ], [ 448029.8491, 209946.075868731277296 ], [ 448029.3491, 209947.075868731277296 ], [ 448030.3491, 209948.075868731277296 ], [ 448030.8491, 209947.075868731277296 ], [ 448033.3491, 209947.075868731277296 ], [ 448033.3491, 209946.075868731277296 ], [ 448044.3491, 209945.575868731277296 ], [ 448044.3491, 209944.575868731277296 ], [ 448050.8491, 209944.075868731277296 ], [ 448050.8491, 209943.075868731277296 ], [ 448053.3491, 209943.075868731277296 ], [ 448053.3491, 209942.075868731277296 ], [ 448056.3491, 209942.075868731277296 ], [ 448057.3491, 209943.575868731277296 ], [ 448061.8491, 209945.575868731277296 ], [ 448062.8491, 209945.075868731277296 ], [ 448062.8491, 209946.075868731277296 ], [ 448066.3491, 209947.575868731277296 ], [ 448070.3491, 209948.075868731277296 ], [ 448069.8491, 209947.075868731277296 ], [ 448070.8491, 209947.075868731277296 ], [ 448071.8491, 209948.575868731277296 ], [ 448078.8491, 209949.575868731277296 ], [ 448080.3491, 209950.575868731277296 ], [ 448081.8491, 209949.575868731277296 ], [ 448081.8491, 209946.075868731277296 ], [ 448083.8491, 209945.575868731277296 ], [ 448083.8491, 209944.575868731277296 ], [ 448085.3491, 209944.575868731277296 ], [ 448087.8491, 209948.075868731277296 ], [ 448089.8491, 209948.075868731277296 ], [ 448089.8491, 209947.075868731277296 ], [ 448093.3491, 209946.075868731277296 ], [ 448097.3491, 209940.575868731277296 ], [ 448099.8491, 209940.075868731277296 ], [ 448100.3491, 209937.575868731277296 ], [ 448101.3491, 209937.575868731277296 ], [ 448102.8491, 209935.075868731277296 ], [ 448104.3491, 209935.075868731277296 ], [ 448105.3491, 209933.075868731277296 ], [ 448105.3491, 209927.075868731277296 ], [ 448102.8491, 209923.075868731277296 ], [ 448099.3491, 209920.575868731277296 ], [ 448090.3491, 209920.075868731277296 ], [ 448089.8491, 209916.575868731277296 ], [ 448085.8491, 209916.575868731277296 ], [ 448085.8491, 209917.575868731277296 ], [ 448081.3491, 209917.575868731277296 ], [ 448081.3491, 209916.575868731277296 ], [ 448079.8491, 209916.575868731277296 ], [ 448079.8491, 209918.075868731277296 ], [ 448076.8491, 209918.075868731277296 ], [ 448073.8491, 209916.075868731277296 ], [ 448073.8491, 209914.075868731277296 ], [ 448071.8491, 209914.075868731277296 ], [ 448070.8491, 209912.575868731277296 ], [ 448068.3491, 209912.575868731277296 ], [ 448067.8491, 209913.575868731277296 ], [ 448067.8491, 209912.575868731277296 ], [ 448065.3491, 209912.075868731277296 ], [ 448060.3491, 209912.075868731277296 ], [ 448058.8491, 209912.575868731277296 ], [ 448058.8491, 209913.575868731277296 ], [ 448053.3491, 209914.075868731277296 ], [ 448048.3491, 209913.575868731277296 ], [ 448047.8491, 209915.075868731277296 ], [ 448046.8491, 209915.075868731277296 ], [ 448046.8491, 209914.075868731277296 ], [ 448044.3491, 209912.575868731277296 ], [ 448043.8491, 209910.075868731277296 ], [ 448041.3491, 209909.575868731277296 ], [ 448040.3491, 209908.075868731277296 ], [ 448037.8491, 209908.075868731277296 ], [ 448037.8491, 209907.075868731277296 ], [ 448034.8491, 209907.075868731277296 ], [ 448033.8491, 209908.575868731277296 ], [ 448027.8491, 209908.075868731277296 ], [ 448025.3491, 209910.075868731277296 ], [ 448022.8491, 209909.575868731277296 ], [ 448022.8491, 209908.575868731277296 ], [ 448021.8491, 209908.575868731277296 ], [ 448018.8491, 209904.575868731277296 ], [ 448012.3491, 209904.575868731277296 ], [ 448010.3491, 209902.075868731277296 ], [ 448008.3491, 209902.575868731277296 ], [ 448005.8491, 209901.575868731277296 ], [ 448003.3491, 209898.575868731277296 ], [ 447999.3491, 209896.075868731277296 ], [ 447997.8491, 209893.575868731277296 ], [ 447996.8491, 209893.575868731277296 ], [ 447988.8491, 209885.575868731277296 ], [ 447988.3491, 209884.075868731277296 ], [ 447986.8491, 209883.575868731277296 ], [ 447985.8491, 209881.075868731277296 ], [ 447984.3491, 209880.075868731277296 ], [ 447984.8491, 209878.075868731277296 ], [ 447983.8491, 209878.075868731277296 ], [ 447983.8491, 209879.075868731277296 ], [ 447981.3491, 209880.575868731277296 ], [ 447981.8491, 209888.075868731277296 ], [ 447982.8491, 209888.075868731277296 ], [ 447982.8491, 209896.575868731277296 ], [ 447981.8491, 209896.575868731277296 ], [ 447981.8491, 209943.075868731277296 ], [ 447984.3491, 209944.575868731277296 ], [ 447983.8491, 209967.075868731277296 ], [ 447981.3491, 209968.575868731277296 ], [ 447981.8491, 209998.075868731277296 ], [ 447982.8491, 209998.075868731277296 ], [ 447982.8491, 210004.075868731277296 ], [ 447981.8491, 210004.075868731277296 ], [ 447981.8491, 210017.575868731277296 ], [ 447982.3491, 210035.075868731277296 ], [ 447983.3491, 210039.575868731277296 ], [ 447983.8491, 210076.075868731277296 ], [ 447984.8491, 210078.575868731277296 ], [ 447985.3491, 210109.075868731277296 ], [ 447988.8491, 210161.575868731277296 ], [ 447988.8491, 210173.075868731277296 ], [ 447987.8491, 210174.075868731277296 ], [ 447987.3491, 210179.575868731277296 ], [ 447985.8491, 210181.075868731277296 ], [ 447985.8491, 210183.075868731277296 ], [ 447984.8491, 210183.075868731277296 ], [ 447983.8491, 210188.075868731277296 ], [ 447985.3491, 210188.575868731277296 ], [ 447984.3491, 210192.075868731277296 ], [ 447987.8491, 210194.075868731277296 ] ], [ [ 448077.3491, 209948.575868731277296 ], [ 448077.8491, 209948.575868731277296 ], [ 448077.8491, 209949.075868731277296 ], [ 448077.3491, 209949.075868731277296 ], [ 448077.3491, 209948.575868731277296 ] ], [ [ 448066.3491, 209946.075868731277296 ], [ 448066.3491, 209945.575868731277296 ], [ 448068.3491, 209945.575868731277296 ], [ 448068.3491, 209946.075868731277296 ], [ 448066.3491, 209946.075868731277296 ] ], [ [ 448068.3491, 209946.075868731277296 ], [ 448069.8491, 209946.075868731277296 ], [ 448069.8491, 209946.575868731277296 ], [ 448068.3491, 209946.575868731277296 ], [ 448068.3491, 209946.075868731277296 ] ], [ [ 448062.8491, 209943.075868731277296 ], [ 448064.3491, 209943.075868731277296 ], [ 448064.3491, 209944.075868731277296 ], [ 448062.8491, 209944.075868731277296 ], [ 448062.8491, 209943.075868731277296 ] ], [ [ 448058.3491, 209942.075868731277296 ], [ 448058.8491, 209942.075868731277296 ], [ 448058.8491, 209942.575868731277296 ], [ 448058.3491, 209942.575868731277296 ], [ 448058.3491, 209942.075868731277296 ] ], [ [ 448058.3491, 209942.575868731277296 ], [ 448058.3491, 209943.075868731277296 ], [ 448057.8491, 209943.075868731277296 ], [ 448057.8491, 209942.575868731277296 ], [ 448058.3491, 209942.575868731277296 ] ] ], [ [ [ 448036.3491, 209732.575868731277296 ], [ 448039.8491, 209732.075868731277296 ], [ 448040.3491, 209730.075868731277296 ], [ 448041.8491, 209729.575868731277296 ], [ 448041.8491, 209728.075868731277296 ], [ 448043.8491, 209727.075868731277296 ], [ 448044.3491, 209724.575868731277296 ], [ 448045.3491, 209724.575868731277296 ], [ 448045.3491, 209723.075868731277296 ], [ 448044.3491, 209723.075868731277296 ], [ 448044.3491, 209718.075868731277296 ], [ 448045.3491, 209718.075868731277296 ], [ 448045.8491, 209714.075868731277296 ], [ 448046.8491, 209714.075868731277296 ], [ 448046.8491, 209711.075868731277296 ], [ 448047.8491, 209711.075868731277296 ], [ 448048.3491, 209708.575868731277296 ], [ 448049.3491, 209708.575868731277296 ], [ 448050.8491, 209706.075868731277296 ], [ 448051.8491, 209706.075868731277296 ], [ 448052.3491, 209708.075868731277296 ], [ 448053.3491, 209708.075868731277296 ], [ 448053.3491, 209704.575868731277296 ], [ 448051.8491, 209700.575868731277296 ], [ 448050.8491, 209700.575868731277296 ], [ 448051.3491, 209696.075868731277296 ], [ 448048.3491, 209693.075868731277296 ], [ 448047.8491, 209688.075868731277296 ], [ 448045.8491, 209687.575868731277296 ], [ 448043.3491, 209683.575868731277296 ], [ 448038.8491, 209672.575868731277296 ], [ 448036.3491, 209672.575868731277296 ], [ 448035.8491, 209671.075868731277296 ], [ 448034.8491, 209671.075868731277296 ], [ 448034.8491, 209668.575868731277296 ], [ 448033.8491, 209668.575868731277296 ], [ 448033.3491, 209667.075868731277296 ], [ 448030.8491, 209667.075868731277296 ], [ 448030.8491, 209666.075868731277296 ], [ 448029.8491, 209666.075868731277296 ], [ 448029.3491, 209668.075868731277296 ], [ 448028.3491, 209668.075868731277296 ], [ 448028.3491, 209670.075868731277296 ], [ 448029.3491, 209670.075868731277296 ], [ 448029.8491, 209683.075868731277296 ], [ 448030.8491, 209683.075868731277296 ], [ 448030.8491, 209690.575868731277296 ], [ 448033.3491, 209701.575868731277296 ], [ 448033.3491, 209715.575868731277296 ], [ 448030.8491, 209729.575868731277296 ], [ 448031.8491, 209729.575868731277296 ], [ 448033.8491, 209732.575868731277296 ], [ 448036.3491, 209732.575868731277296 ] ] ] ] } },
{ "type": "Feature", "properties": { "mainhabs": "Coastal and floodplain grazing marsh", "habcodes": "CFPGM", "featdesc": null, "featcodes": null, "otherclass": null, "addhabs": null, "primsource": "Higher Level Stewardship 2011 (CFPGM)", "areaha": "0.05", "version": "Sep_25", "uid": "PHID44807576_020991695", "shape_length": null, "shape_area": null, "site": "northfieldfarm", "pid": 11, "method": "grabcut2" }, "geometry": { "type": "MultiPolygon", "coordinates": [ [ [ [ 448104.8491, 209937.075868731277296 ], [ 448105.8491, 209936.075868731277296 ], [ 448105.8491, 209931.075868731277296 ], [ 448109.8491, 209928.575868731277296 ], [ 448109.8491, 209925.075868731277296 ], [ 448106.8491, 209924.075868731277296 ], [ 448105.8491, 209922.075868731277296 ], [ 448104.8491, 209922.075868731277296 ], [ 448100.3491, 209917.075868731277296 ], [ 448097.8491, 209917.075868731277296 ], [ 448097.3491, 209916.075868731277296 ], [ 448090.3491, 209916.075868731277296 ], [ 448090.3491, 209920.075868731277296 ], [ 448099.3491, 209920.575868731277296 ], [ 448104.3491, 209925.075868731277296 ], [ 448105.3491, 209927.075868731277296 ], [ 448105.3491, 209933.075868731277296 ], [ 448103.3491, 209936.075868731277296 ], [ 448104.3491, 209936.575868731277296 ], [ 448103.8491, 209938.075868731277296 ], [ 448104.8491, 209938.075868731277296 ], [ 448104.8491, 209937.075868731277296 ] ] ], [ [ [ 448079.8491, 209916.575868731277296 ], [ 448079.8491, 209914.075868731277296 ], [ 448077.8491, 209914.075868731277296 ], [ 448077.3491, 209913.075868731277296 ], [ 448073.8491, 209912.075868731277296 ], [ 448071.8491, 209912.575868731277296 ], [ 448073.8491, 209914.075868731277296 ], [ 448073.8491, 209916.075868731277296 ], [ 448076.8491, 209918.075868731277296 ], [ 448079.8491, 209918.075868731277296 ], [ 448079.8491, 209916.575868731277296 ] ] ], [ [ [ 448075.3491, 209951.075868731277296 ], [ 448076.8491, 209952.075868731277296 ], [ 448078.8491, 209950.575868731277296 ], [ 448074.8491, 209950.075868731277296 ], [ 448071.8491, 209948.075868731277296 ], [ 448066.3491, 209947.575868731277296 ], [ 448062.8491, 209946.075868731277296 ], [ 448062.8491, 209945.075868731277296 ], [ 448060.8491, 209945.575868731277296 ], [ 448060.8491, 209947.575868731277296 ], [ 448063.3491, 209950.075868731277296 ], [ 448071.8491, 209950.575868731277296 ], [ 448072.8491, 209952.075868731277296 ], [ 448074.8491, 209952.075868731277296 ], [ 448075.3491, 209951.075868731277296 ] ] ], [ [ [ 448015.8491, 209904.575868731277296 ], [ 448017.3491, 209904.575868731277296 ], [ 448018.3491, 209902.575868731277296 ], [ 448013.8491, 209900.075868731277296 ], [ 448011.8491, 209900.075868731277296 ], [ 448011.8491, 209899.075868731277296 ], [ 448009.8491, 209898.575868731277296 ], [ 448007.8491, 209896.075868731277296 ], [ 448004.8491, 209896.075868731277296 ], [ 448002.3491, 209892.575868731277296 ], [ 447998.3491, 209890.575868731277296 ], [ 447998.8491, 209889.075868731277296 ], [ 447997.3491, 209885.575868731277296 ], [ 447993.8491, 209885.075868731277296 ], [ 447992.8491, 209886.075868731277296 ], [ 447989.8491, 209883.575868731277296 ], [ 447989.8491, 209882.075868731277296 ], [ 447987.8491, 209881.075868731277296 ], [ 447987.8491, 209876.575868731277296 ], [ 447985.8491, 209876.075868731277296 ], [ 447983.8491, 209872.075868731277296 ], [ 447983.8491, 209870.075868731277296 ], [ 447982.3491, 209869.075868731277296 ], [ 447984.3491, 209864.575868731277296 ], [ 447983.8491, 209859.575868731277296 ], [ 447980.8491, 209858.075868731277296 ], [ 447980.8491, 209855.075868731277296 ], [ 447982.8491, 209853.575868731277296 ], [ 447982.8491, 209852.075868731277296 ], [ 447981.3491, 209851.075868731277296 ], [ 447981.3491, 209847.575868731277296 ], [ 447983.8491, 209844.575868731277296 ], [ 447983.8491, 209842.075868731277296 ], [ 447985.3491, 209838.575868731277296 ], [ 447984.3491, 209836.075868731277296 ], [ 447981.8491, 209836.075868731277296 ], [ 447980.3491, 209838.075868731277296 ], [ 447979.8491, 209844.575868731277296 ], [ 447978.8491, 209848.075868731277296 ], [ 447977.8491, 209848.575868731277296 ], [ 447977.8491, 209856.575868731277296 ], [ 447978.8491, 209859.575868731277296 ], [ 447979.8491, 209860.075868731277296 ], [ 447979.8491, 209865.575868731277296 ], [ 447981.8491, 209868.575868731277296 ], [ 447981.3491, 209872.075868731277296 ], [ 447983.8491, 209874.575868731277296 ], [ 447982.8491, 209876.575868731277296 ], [ 447984.8491, 209878.075868731277296 ], [ 447984.8491, 209880.075868731277296 ], [ 447986.8491, 209883.575868731277296 ], [ 447988.3491, 209884.075868731277296 ], [ 447988.8491, 209885.575868731277296 ], [ 447996.8491, 209893.575868731277296 ], [ 447997.8491, 209893.575868731277296 ], [ 447999.3491, 209896.075868731277296 ], [ 448003.3491, 209898.575868731277296 ], [ 448005.8491, 209901.575868731277296 ], [ 448008.3491, 209902.575868731277296 ], [ 448010.3491, 209902.075868731277296 ], [ 448012.3491, 209904.575868731277296 ], [ 448015.8491, 209904.575868731277296 ] ] ], [ [ [ 448001.3491, 209987.575868731277296 ], [ 448002.3491, 209985.075868731277296 ], [ 448004.8491, 209983.575868731277296 ], [ 448005.8491, 209979.075868731277296 ], [ 448009.8491, 209974.075868731277296 ], [ 448009.8491, 209971.575868731277296 ], [ 448008.8491, 209970.575868731277296 ], [ 448005.8491, 209974.075868731277296 ], [ 448006.3491, 209975.575868731277296 ], [ 448005.3491, 209977.575868731277296 ], [ 448003.8491, 209978.575868731277296 ], [ 448003.3491, 209980.575868731277296 ], [ 448001.3491, 209982.575868731277296 ], [ 448001.3491, 209984.075868731277296 ], [ 448000.3491, 209984.575868731277296 ], [ 448000.3491, 209988.075868731277296 ], [ 448001.3491, 209987.575868731277296 ] ] ] ] } },
{ "type": "Feature", "properties": { "mainhabs": "Coastal and floodplain grazing marsh,Lowland meadows", "habcodes": "CFPGM, LMEAD", "featdesc": null, "featcodes": null, "otherclass": null, "addhabs": null, "primsource": "Environment Agency Flood Zone 3 Oxfordshire digital data 2009 (CFPGM), Feedback from Natural England adviser or specialist 2021 (LMEAD)", "areaha": "14.11", "version": "Sep_25", "uid": "PHID44596554_020952527", "shape_length": null, "shape_area": null, "site": "northfieldfarm", "pid": 12, "method": "grabcut2" }, "geometry": { "type": "MultiPolygon", "coordinates": [ [ [ [ 445949.8491, 209646.075868731277296 ], [ 445951.3491, 209646.075868731277296 ], [ 445952.8491, 209647.575868731277296 ], [ 445951.8491, 209653.075868731277296 ], [ 445953.8491, 209653.075868731277296 ], [ 445955.3491, 209655.075868731277296 ], [ 445958.3491, 209655.575868731277296 ], [ 445958.3491, 209654.575868731277296 ], [ 445959.3491, 209654.575868731277296 ], [ 445959.3491, 209655.575868731277296 ], [ 445961.8491, 209655.575868731277296 ], [ 445964.8491, 209659.575868731277296 ], [ 445967.3491, 209660.075868731277296 ], [ 445968.8491, 209662.075868731277296 ], [ 445970.3491, 209662.075868731277296 ], [ 445971.3491, 209665.075868731277296 ], [ 445974.3491, 209665.075868731277296 ], [ 445974.3491, 209666.075868731277296 ], [ 445976.3491, 209666.575868731277296 ], [ 445976.3491, 209667.575868731277296 ], [ 445978.3491, 209668.075868731277296 ], [ 445979.8491, 209670.075868731277296 ], [ 445981.8491, 209669.075868731277296 ], [ 445982.3491, 209670.575868731277296 ], [ 445985.8491, 209671.575868731277296 ], [ 445988.8491, 209676.075868731277296 ], [ 445991.3491, 209676.075868731277296 ], [ 445992.3491, 209678.075868731277296 ], [ 445994.3491, 209678.075868731277296 ], [ 445996.8491, 209680.075868731277296 ], [ 445996.8491, 209681.075868731277296 ], [ 445998.3491, 209681.075868731277296 ], [ 445998.3491, 209682.075868731277296 ], [ 446003.3491, 209684.075868731277296 ], [ 446004.3491, 209686.075868731277296 ], [ 446005.8491, 209686.575868731277296 ], [ 446005.8491, 209692.075868731277296 ], [ 446004.8491, 209692.075868731277296 ], [ 446004.8491, 209693.075868731277296 ], [ 446006.3491, 209697.075868731277296 ], [ 446008.3491, 209698.075868731277296 ], [ 446008.8491, 209696.075868731277296 ], [ 446009.8491, 209696.075868731277296 ], [ 446010.3491, 209698.075868731277296 ], [ 446012.3491, 209698.575868731277296 ], [ 446012.3491, 209699.575868731277296 ], [ 446013.3491, 209699.075868731277296 ], [ 446014.3491, 209700.075868731277296 ], [ 446016.3491, 209700.075868731277296 ], [ 446016.3491, 209701.075868731277296 ], [ 446018.3491, 209701.075868731277296 ], [ 446018.3491, 209702.075868731277296 ], [ 446020.3491, 209702.575868731277296 ], [ 446019.3491, 209705.075868731277296 ], [ 446020.3491, 209705.075868731277296 ], [ 446021.8491, 209707.575868731277296 ], [ 446024.8491, 209707.575868731277296 ], [ 446024.8491, 209706.575868731277296 ], [ 446025.8491, 209706.575868731277296 ], [ 446027.3491, 209708.575868731277296 ], [ 446030.8491, 209708.075868731277296 ], [ 446032.3491, 209709.575868731277296 ], [ 446032.3491, 209711.575868731277296 ], [ 446033.8491, 209713.075868731277296 ], [ 446034.3491, 209717.075868731277296 ], [ 446035.3491, 209717.075868731277296 ], [ 446035.3491, 209718.075868731277296 ], [ 446039.3491, 209719.575868731277296 ], [ 446041.3491, 209718.075868731277296 ], [ 446043.3491, 209718.075868731277296 ], [ 446043.3491, 209717.075868731277296 ], [ 446045.8491, 209718.075868731277296 ], [ 446045.8491, 209717.075868731277296 ], [ 446048.3491, 209716.075868731277296 ], [ 446048.8491, 209718.075868731277296 ], [ 446052.3491, 209718.575868731277296 ], [ 446054.8491, 209721.075868731277296 ], [ 446058.3491, 209721.075868731277296 ], [ 446058.3491, 209722.075868731277296 ], [ 446060.3491, 209722.575868731277296 ], [ 446060.8491, 209724.075868731277296 ], [ 446062.3491, 209724.075868731277296 ], [ 446062.3491, 209726.075868731277296 ], [ 446065.8491, 209728.075868731277296 ], [ 446072.3491, 209728.075868731277296 ], [ 446073.8491, 209727.575868731277296 ], [ 446073.8491, 209726.575868731277296 ], [ 446080.8491, 209726.575868731277296 ], [ 446080.8491, 209727.575868731277296 ], [ 446081.8491, 209727.575868731277296 ], [ 446084.8491, 209731.575868731277296 ], [ 446084.3491, 209738.575868731277296 ], [ 446086.3491, 209740.075868731277296 ], [ 446086.3491, 209741.075868731277296 ], [ 446087.3491, 209741.075868731277296 ], [ 446087.3491, 209742.075868731277296 ], [ 446089.8491, 209742.075868731277296 ], [ 446090.3491, 209743.575868731277296 ], [ 446092.3491, 209744.075868731277296 ], [ 446095.3491, 209740.075868731277296 ], [ 446096.8491, 209740.075868731277296 ], [ 446096.8491, 209741.075868731277296 ], [ 446099.3491, 209741.075868731277296 ], [ 446102.3491, 209745.075868731277296 ], [ 446106.3491, 209746.575868731277296 ], [ 446106.8491, 209748.075868731277296 ], [ 446108.8491, 209746.575868731277296 ], [ 446108.8491, 209747.575868731277296 ], [ 446109.8491, 209747.575868731277296 ], [ 446110.3491, 209749.075868731277296 ], [ 446111.3491, 209748.575868731277296 ], [ 446112.3491, 209750.575868731277296 ], [ 446114.3491, 209750.575868731277296 ], [ 446114.3491, 209751.575868731277296 ], [ 446116.3491, 209752.075868731277296 ], [ 446116.8491, 209754.075868731277296 ], [ 446121.3491, 209754.075868731277296 ], [ 446122.8491, 209752.075868731277296 ], [ 446126.3491, 209752.075868731277296 ], [ 446127.8491, 209751.075868731277296 ], [ 446129.8491, 209753.075868731277296 ], [ 446132.8491, 209759.075868731277296 ], [ 446135.8491, 209762.075868731277296 ], [ 446137.3491, 209762.075868731277296 ], [ 446140.8491, 209766.575868731277296 ], [ 446144.3491, 209766.575868731277296 ], [ 446144.8491, 209768.075868731277296 ], [ 446146.3491, 209768.075868731277296 ], [ 446146.3491, 209769.075868731277296 ], [ 446148.3491, 209770.575868731277296 ], [ 446150.3491, 209770.575868731277296 ], [ 446150.3491, 209771.575868731277296 ], [ 446152.3491, 209772.075868731277296 ], [ 446152.3491, 209773.075868731277296 ], [ 446157.8491, 209774.575868731277296 ], [ 446157.8491, 209775.575868731277296 ], [ 446159.3491, 209776.075868731277296 ], [ 446162.3491, 209780.075868731277296 ], [ 446164.3491, 209780.075868731277296 ], [ 446166.3491, 209775.575868731277296 ], [ 446168.3491, 209776.075868731277296 ], [ 446168.3491, 209777.075868731277296 ], [ 446171.3491, 209775.575868731277296 ], [ 446171.3491, 209774.075868731277296 ], [ 446169.8491, 209773.075868731277296 ], [ 446170.3491, 209771.575868731277296 ], [ 446172.8491, 209769.575868731277296 ], [ 446172.8491, 209768.075868731277296 ], [ 446173.8491, 209768.075868731277296 ], [ 446174.3491, 209766.075868731277296 ], [ 446175.8491, 209765.075868731277296 ], [ 446176.3491, 209762.575868731277296 ], [ 446178.3491, 209760.075868731277296 ], [ 446178.3491, 209758.075868731277296 ], [ 446179.3491, 209758.075868731277296 ], [ 446182.8491, 209750.575868731277296 ], [ 446184.3491, 209749.575868731277296 ], [ 446184.8491, 209747.075868731277296 ], [ 446186.3491, 209746.075868731277296 ], [ 446186.3491, 209744.075868731277296 ], [ 446187.3491, 209744.075868731277296 ], [ 446188.3491, 209740.575868731277296 ], [ 446192.3491, 209735.575868731277296 ], [ 446192.3491, 209734.075868731277296 ], [ 446196.3491, 209729.575868731277296 ], [ 446196.3491, 209728.075868731277296 ], [ 446197.3491, 209728.075868731277296 ], [ 446198.8491, 209724.575868731277296 ], [ 446200.3491, 209723.575868731277296 ], [ 446200.3491, 209722.075868731277296 ], [ 446201.3491, 209722.075868731277296 ], [ 446202.8491, 209718.575868731277296 ], [ 446204.3491, 209717.575868731277296 ], [ 446204.8491, 209714.575868731277296 ], [ 446205.8491, 209714.575868731277296 ], [ 446207.3491, 209711.575868731277296 ], [ 446208.3491, 209711.575868731277296 ], [ 446208.8491, 209709.075868731277296 ], [ 446209.8491, 209709.075868731277296 ], [ 446210.8491, 209706.575868731277296 ], [ 446212.3491, 209705.575868731277296 ], [ 446212.3491, 209704.075868731277296 ], [ 446214.3491, 209702.575868731277296 ], [ 446214.3491, 209701.075868731277296 ], [ 446216.3491, 209699.575868731277296 ], [ 446216.3491, 209698.075868731277296 ], [ 446217.3491, 209698.075868731277296 ], [ 446218.8491, 209694.575868731277296 ], [ 446220.3491, 209693.575868731277296 ], [ 446220.3491, 209692.075868731277296 ], [ 446221.8491, 209692.075868731277296 ], [ 446223.8491, 209689.575868731277296 ], [ 446224.3491, 209687.075868731277296 ], [ 446226.3491, 209685.575868731277296 ], [ 446227.3491, 209682.075868731277296 ], [ 446228.3491, 209682.075868731277296 ], [ 446228.3491, 209680.075868731277296 ], [ 446232.3491, 209675.575868731277296 ], [ 446232.3491, 209674.075868731277296 ], [ 446233.8491, 209673.575868731277296 ], [ 446235.3491, 209670.075868731277296 ], [ 446236.3491, 209670.075868731277296 ], [ 446236.3491, 209668.075868731277296 ], [ 446240.3491, 209663.575868731277296 ], [ 446240.3491, 209662.075868731277296 ], [ 446241.8491, 209661.075868731277296 ], [ 446243.3491, 209657.075868731277296 ], [ 446244.3491, 209657.075868731277296 ], [ 446244.8491, 209654.575868731277296 ], [ 446246.3491, 209654.075868731277296 ], [ 446246.3491, 209652.075868731277296 ], [ 446248.3491, 209651.075868731277296 ], [ 446248.8491, 209649.075868731277296 ], [ 446249.8491, 209648.575868731277296 ], [ 446249.8491, 209646.575868731277296 ], [ 446251.3491, 209646.075868731277296 ], [ 446251.3491, 209644.075868731277296 ], [ 446252.3491, 209644.075868731277296 ], [ 446252.3491, 209642.575868731277296 ], [ 446253.8491, 209642.075868731277296 ], [ 446254.3491, 209639.575868731277296 ], [ 446256.3491, 209638.575868731277296 ], [ 446256.3491, 209636.075868731277296 ], [ 446260.3491, 209633.075868731277296 ], [ 446262.8491, 209628.075868731277296 ], [ 446263.8491, 209628.075868731277296 ], [ 446268.3491, 209619.075868731277296 ], [ 446268.3491, 209616.075868731277296 ], [ 446269.3491, 209615.575868731277296 ], [ 446270.8491, 209610.075868731277296 ], [ 446259.3491, 209609.575868731277296 ], [ 446248.3491, 209610.575868731277296 ], [ 446186.3491, 209584.575868731277296 ], [ 446132.3491, 209556.575868731277296 ], [ 446112.8491, 209544.075868731277296 ], [ 446097.8491, 209531.575868731277296 ], [ 446084.8491, 209524.575868731277296 ], [ 446084.3491, 209523.575868731277296 ], [ 446049.8491, 209506.575868731277296 ], [ 446023.3491, 209489.575868731277296 ], [ 445993.3491, 209475.575868731277296 ], [ 445977.8491, 209470.575868731277296 ], [ 445954.3491, 209465.575868731277296 ], [ 445907.8491, 209457.575868731277296 ], [ 445881.8491, 209455.075868731277296 ], [ 445861.8491, 209451.575868731277296 ], [ 445802.8491, 209432.575868731277296 ], [ 445801.3491, 209433.075868731277296 ], [ 445800.8491, 209436.575868731277296 ], [ 445798.3491, 209438.075868731277296 ], [ 445799.8491, 209431.575868731277296 ], [ 445739.8491, 209413.075868731277296 ], [ 445704.3491, 209399.575868731277296 ], [ 445691.8491, 209392.575868731277296 ], [ 445671.3491, 209379.075868731277296 ], [ 445623.3491, 209355.575868731277296 ], [ 445622.8491, 209354.575868731277296 ], [ 445614.8491, 209351.075868731277296 ], [ 445614.3491, 209350.075868731277296 ], [ 445610.3491, 209348.575868731277296 ], [ 445609.8491, 209347.575868731277296 ], [ 445587.8491, 209335.575868731277296 ], [ 445565.3491, 209321.075868731277296 ], [ 445524.8491, 209290.575868731277296 ], [ 445503.3491, 209277.075868731277296 ], [ 445499.3491, 209273.075868731277296 ], [ 445496.3491, 209271.575868731277296 ], [ 445494.3491, 209268.575868731277296 ], [ 445488.3491, 209274.575868731277296 ], [ 445484.8491, 209274.575868731277296 ], [ 445484.3491, 209276.575868731277296 ], [ 445480.8491, 209278.575868731277296 ], [ 445480.3491, 209280.575868731277296 ], [ 445476.8491, 209282.575868731277296 ], [ 445476.3491, 209284.575868731277296 ], [ 445472.8491, 209286.575868731277296 ], [ 445472.3491, 209288.575868731277296 ], [ 445470.8491, 209289.075868731277296 ], [ 445470.8491, 209293.075868731277296 ], [ 445467.8491, 209296.075868731277296 ], [ 445477.3491, 209303.075868731277296 ], [ 445479.3491, 209306.075868731277296 ], [ 445480.3491, 209306.075868731277296 ], [ 445480.8491, 209307.575868731277296 ], [ 445481.8491, 209307.575868731277296 ], [ 445481.8491, 209308.575868731277296 ], [ 445482.8491, 209308.575868731277296 ], [ 445483.3491, 209310.075868731277296 ], [ 445484.3491, 209310.075868731277296 ], [ 445484.8491, 209311.575868731277296 ], [ 445485.8491, 209311.575868731277296 ], [ 445485.8491, 209312.575868731277296 ], [ 445486.8491, 209312.575868731277296 ], [ 445487.3491, 209314.075868731277296 ], [ 445490.8491, 209316.575868731277296 ], [ 445490.8491, 209318.075868731277296 ], [ 445494.8491, 209320.575868731277296 ], [ 445494.8491, 209322.075868731277296 ], [ 445496.3491, 209322.575868731277296 ], [ 445496.8491, 209324.575868731277296 ], [ 445498.8491, 209325.075868731277296 ], [ 445500.8491, 209328.575868731277296 ], [ 445502.8491, 209329.075868731277296 ], [ 445503.3491, 209331.575868731277296 ], [ 445504.3491, 209331.575868731277296 ], [ 445504.3491, 209332.575868731277296 ], [ 445505.8491, 209333.075868731277296 ], [ 445505.8491, 209334.075868731277296 ], [ 445506.8491, 209334.075868731277296 ], [ 445509.8491, 209338.075868731277296 ], [ 445510.8491, 209338.075868731277296 ], [ 445511.3491, 209340.575868731277296 ], [ 445512.3491, 209340.575868731277296 ], [ 445512.8491, 209342.075868731277296 ], [ 445515.3491, 209342.575868731277296 ], [ 445515.3491, 209344.575868731277296 ], [ 445518.8491, 209346.575868731277296 ], [ 445519.3491, 209348.575868731277296 ], [ 445522.8491, 209350.575868731277296 ], [ 445524.8491, 209354.075868731277296 ], [ 445526.8491, 209354.575868731277296 ], [ 445527.3491, 209357.075868731277296 ], [ 445528.3491, 209357.075868731277296 ], [ 445528.3491, 209358.075868731277296 ], [ 445532.3491, 209361.075868731277296 ], [ 445532.8491, 209363.575868731277296 ], [ 445533.8491, 209363.575868731277296 ], [ 445536.3491, 209367.075868731277296 ], [ 445538.8491, 209366.075868731277296 ], [ 445540.8491, 209367.575868731277296 ], [ 445540.8491, 209369.075868731277296 ], [ 445542.8491, 209370.075868731277296 ], [ 445543.3491, 209372.575868731277296 ], [ 445544.3491, 209372.575868731277296 ], [ 445544.8491, 209374.575868731277296 ], [ 445546.8491, 209375.575868731277296 ], [ 445547.3491, 209378.075868731277296 ], [ 445548.3491, 209378.075868731277296 ], [ 445548.8491, 209379.575868731277296 ], [ 445549.8491, 209379.575868731277296 ], [ 445549.8491, 209381.075868731277296 ], [ 445550.8491, 209381.075868731277296 ], [ 445551.3491, 209383.575868731277296 ], [ 445555.3491, 209386.575868731277296 ], [ 445555.3491, 209388.575868731277296 ], [ 445556.3491, 209388.575868731277296 ], [ 445556.8491, 209390.075868731277296 ], [ 445558.8491, 209390.575868731277296 ], [ 445559.3491, 209392.575868731277296 ], [ 445560.8491, 209393.075868731277296 ], [ 445560.8491, 209394.575868731277296 ], [ 445561.8491, 209394.575868731277296 ], [ 445561.8491, 209395.575868731277296 ], [ 445565.8491, 209398.575868731277296 ], [ 445565.8491, 209400.575868731277296 ], [ 445566.8491, 209400.575868731277296 ], [ 445567.3491, 209402.075868731277296 ], [ 445571.3491, 209405.075868731277296 ], [ 445572.8491, 209408.575868731277296 ], [ 445576.3491, 209410.575868731277296 ], [ 445576.3491, 209412.575868731277296 ], [ 445579.3491, 209414.575868731277296 ], [ 445579.3491, 209416.575868731277296 ], [ 445581.8491, 209418.075868731277296 ], [ 445583.3491, 209422.075868731277296 ], [ 445587.3491, 209425.075868731277296 ], [ 445588.8491, 209428.575868731277296 ], [ 445590.8491, 209429.075868731277296 ], [ 445591.3491, 209431.575868731277296 ], [ 445595.3491, 209434.575868731277296 ], [ 445595.3491, 209436.575868731277296 ], [ 445596.8491, 209437.075868731277296 ], [ 445598.3491, 209440.575868731277296 ], [ 445600.3491, 209441.575868731277296 ], [ 445600.3491, 209442.575868731277296 ], [ 445604.8491, 209447.575868731277296 ], [ 445605.8491, 209447.575868731277296 ], [ 445605.8491, 209448.575868731277296 ], [ 445608.3491, 209449.075868731277296 ], [ 445610.3491, 209452.575868731277296 ], [ 445613.8491, 209454.575868731277296 ], [ 445614.3491, 209456.575868731277296 ], [ 445615.3491, 209456.575868731277296 ], [ 445614.8491, 209458.075868731277296 ], [ 445616.3491, 209458.575868731277296 ], [ 445616.3491, 209460.075868731277296 ], [ 445617.8491, 209460.575868731277296 ], [ 445618.8491, 209462.575868731277296 ], [ 445620.8491, 209463.075868731277296 ], [ 445620.8491, 209464.575868731277296 ], [ 445621.8491, 209464.575868731277296 ], [ 445622.3491, 209466.075868731277296 ], [ 445624.3491, 209466.575868731277296 ], [ 445623.8491, 209468.075868731277296 ], [ 445628.8491, 209473.075868731277296 ], [ 445628.8491, 209474.075868731277296 ], [ 445632.3491, 209476.575868731277296 ], [ 445632.3491, 209478.075868731277296 ], [ 445634.3491, 209479.075868731277296 ], [ 445636.3491, 209482.575868731277296 ], [ 445638.3491, 209483.575868731277296 ], [ 445637.8491, 209484.575868731277296 ], [ 445639.8491, 209485.075868731277296 ], [ 445640.3491, 209486.575868731277296 ], [ 445641.8491, 209487.075868731277296 ], [ 445641.8491, 209488.575868731277296 ], [ 445644.8491, 209490.575868731277296 ], [ 445648.8491, 209496.575868731277296 ], [ 445651.3491, 209498.075868731277296 ], [ 445657.3491, 209506.075868731277296 ], [ 445673.3491, 209523.575868731277296 ], [ 445683.3491, 209538.075868731277296 ], [ 445686.3491, 209541.075868731277296 ], [ 445687.3491, 209543.575868731277296 ], [ 445690.3491, 209546.575868731277296 ], [ 445690.3491, 209548.075868731277296 ], [ 445691.3491, 209548.075868731277296 ], [ 445691.3491, 209550.075868731277296 ], [ 445692.8491, 209550.575868731277296 ], [ 445693.8491, 209554.075868731277296 ], [ 445695.3491, 209554.575868731277296 ], [ 445695.3491, 209556.075868731277296 ], [ 445696.3491, 209556.075868731277296 ], [ 445696.3491, 209558.075868731277296 ], [ 445696.8491, 209559.575868731277296 ], [ 445698.3491, 209560.075868731277296 ], [ 445698.3491, 209562.075868731277296 ], [ 445700.3491, 209562.575868731277296 ], [ 445700.8491, 209566.075868731277296 ], [ 445701.8491, 209566.075868731277296 ], [ 445701.8491, 209567.575868731277296 ], [ 445703.3491, 209568.075868731277296 ], [ 445704.3491, 209571.575868731277296 ], [ 445706.8491, 209573.575868731277296 ], [ 445708.8491, 209572.075868731277296 ], [ 445710.3491, 209575.575868731277296 ], [ 445712.3491, 209576.075868731277296 ], [ 445712.8491, 209578.575868731277296 ], [ 445715.3491, 209580.075868731277296 ], [ 445715.3491, 209582.075868731277296 ], [ 445716.3491, 209582.075868731277296 ], [ 445716.8491, 209584.075868731277296 ], [ 445717.8491, 209584.075868731277296 ], [ 445718.3491, 209587.575868731277296 ], [ 445720.3491, 209589.075868731277296 ], [ 445720.8491, 209595.575868731277296 ], [ 445719.8491, 209595.575868731277296 ], [ 445719.8491, 209596.575868731277296 ], [ 445721.8491, 209599.575868731277296 ], [ 445723.8491, 209607.575868731277296 ], [ 445731.3491, 209646.575868731277296 ], [ 445751.8491, 209705.575868731277296 ], [ 445763.8491, 209719.575868731277296 ], [ 445765.3491, 209723.575868731277296 ], [ 445768.8491, 209722.575868731277296 ], [ 445768.8491, 209723.575868731277296 ], [ 445771.3491, 209724.075868731277296 ], [ 445771.3491, 209725.075868731277296 ], [ 445773.8491, 209726.575868731277296 ], [ 445774.3491, 209729.075868731277296 ], [ 445775.3491, 209729.075868731277296 ], [ 445775.3491, 209730.575868731277296 ], [ 445776.3491, 209730.575868731277296 ], [ 445776.8491, 209732.075868731277296 ], [ 445780.3491, 209732.075868731277296 ], [ 445780.8491, 209734.075868731277296 ], [ 445784.3491, 209736.075868731277296 ], [ 445784.8491, 209738.075868731277296 ], [ 445788.3491, 209740.075868731277296 ], [ 445790.3491, 209743.575868731277296 ], [ 445792.3491, 209744.075868731277296 ], [ 445792.8491, 209746.075868731277296 ], [ 445793.8491, 209746.075868731277296 ], [ 445792.3491, 209747.575868731277296 ], [ 445792.8491, 209752.075868731277296 ], [ 445793.8491, 209752.075868731277296 ], [ 445794.3491, 209754.075868731277296 ], [ 445796.3491, 209754.575868731277296 ], [ 445796.3491, 209755.575868731277296 ], [ 445797.8491, 209755.575868731277296 ], [ 445798.3491, 209757.075868731277296 ], [ 445801.8491, 209757.075868731277296 ], [ 445802.3491, 209755.575868731277296 ], [ 445804.3491, 209756.075868731277296 ], [ 445805.8491, 209758.075868731277296 ], [ 445808.3491, 209758.575868731277296 ], [ 445810.3491, 209762.075868731277296 ], [ 445811.3491, 209762.075868731277296 ], [ 445812.3491, 209764.075868731277296 ], [ 445813.8491, 209764.075868731277296 ], [ 445814.3491, 209765.575868731277296 ], [ 445820.8491, 209769.075868731277296 ], [ 445820.8491, 209770.075868731277296 ], [ 445823.3491, 209770.575868731277296 ], [ 445823.3491, 209771.575868731277296 ], [ 445825.8491, 209772.075868731277296 ], [ 445826.8491, 209774.075868731277296 ], [ 445828.3491, 209774.075868731277296 ], [ 445829.3491, 209775.575868731277296 ], [ 445832.3491, 209776.575868731277296 ], [ 445835.3491, 209779.575868731277296 ], [ 445839.3491, 209781.075868731277296 ], [ 445839.3491, 209783.575868731277296 ], [ 445841.8491, 209783.575868731277296 ], [ 445842.3491, 209782.075868731277296 ], [ 445844.3491, 209782.075868731277296 ], [ 445845.3491, 209780.075868731277296 ], [ 445844.3491, 209779.075868731277296 ], [ 445844.3491, 209778.075868731277296 ], [ 445845.3491, 209778.075868731277296 ], [ 445844.8491, 209776.075868731277296 ], [ 445845.8491, 209776.075868731277296 ], [ 445847.3491, 209773.075868731277296 ], [ 445848.3491, 209773.075868731277296 ], [ 445848.3491, 209772.075868731277296 ], [ 445852.3491, 209769.075868731277296 ], [ 445852.3491, 209767.575868731277296 ], [ 445853.8491, 209766.075868731277296 ], [ 445856.3491, 209765.075868731277296 ], [ 445858.3491, 209761.075868731277296 ], [ 445862.3491, 209758.075868731277296 ], [ 445862.8491, 209756.075868731277296 ], [ 445865.8491, 209754.075868731277296 ], [ 445866.3491, 209752.075868731277296 ], [ 445870.3491, 209749.075868731277296 ], [ 445870.3491, 209747.575868731277296 ], [ 445872.8491, 209746.075868731277296 ], [ 445874.3491, 209742.575868731277296 ], [ 445876.3491, 209742.075868731277296 ], [ 445876.3491, 209740.575868731277296 ], [ 445878.3491, 209739.575868731277296 ], [ 445878.3491, 209737.075868731277296 ], [ 445879.3491, 209737.075868731277296 ], [ 445879.3491, 209736.075868731277296 ], [ 445880.3491, 209736.075868731277296 ], [ 445880.8491, 209734.575868731277296 ], [ 445884.3491, 209732.075868731277296 ], [ 445884.3491, 209730.575868731277296 ], [ 445886.3491, 209730.075868731277296 ], [ 445887.3491, 209728.075868731277296 ], [ 445889.8491, 209727.575868731277296 ], [ 445889.8491, 209726.575868731277296 ], [ 445891.8491, 209725.075868731277296 ], [ 445891.3491, 209723.075868731277296 ], [ 445893.8491, 209722.075868731277296 ], [ 445894.3491, 209719.575868731277296 ], [ 445895.3491, 209719.575868731277296 ], [ 445896.8491, 209717.575868731277296 ], [ 445896.8491, 209716.075868731277296 ], [ 445900.3491, 209714.075868731277296 ], [ 445900.8491, 209712.075868731277296 ], [ 445902.3491, 209711.575868731277296 ], [ 445902.3491, 209710.075868731277296 ], [ 445905.8491, 209707.075868731277296 ], [ 445907.3491, 209704.075868731277296 ], [ 445908.3491, 209704.075868731277296 ], [ 445908.8491, 209702.575868731277296 ], [ 445910.3491, 209702.075868731277296 ], [ 445910.8491, 209700.075868731277296 ], [ 445913.8491, 209698.075868731277296 ], [ 445913.3491, 209695.575868731277296 ], [ 445914.3491, 209694.075868731277296 ], [ 445915.3491, 209694.075868731277296 ], [ 445922.3491, 209684.575868731277296 ], [ 445923.8491, 209684.075868731277296 ], [ 445924.3491, 209682.075868731277296 ], [ 445925.8491, 209681.575868731277296 ], [ 445930.3491, 209675.075868731277296 ], [ 445932.3491, 209674.075868731277296 ], [ 445932.3491, 209672.575868731277296 ], [ 445934.3491, 209671.575868731277296 ], [ 445934.3491, 209670.075868731277296 ], [ 445936.3491, 209669.075868731277296 ], [ 445948.3491, 209653.075868731277296 ], [ 445950.3491, 209652.075868731277296 ], [ 445950.3491, 209650.575868731277296 ], [ 445951.8491, 209650.075868731277296 ], [ 445951.8491, 209649.075868731277296 ], [ 445948.3491, 209647.075868731277296 ], [ 445948.3491, 209646.075868731277296 ], [ 445949.8491, 209646.075868731277296 ] ], [ [ 446155.8491, 209767.575868731277296 ], [ 446152.3491, 209766.075868731277296 ], [ 446151.8491, 209764.075868731277296 ], [ 446149.3491, 209764.075868731277296 ], [ 446146.3491, 209760.575868731277296 ], [ 446143.3491, 209760.075868731277296 ], [ 446138.3491, 209755.575868731277296 ], [ 446132.3491, 209753.075868731277296 ], [ 446132.3491, 209752.075868731277296 ], [ 446130.8491, 209752.075868731277296 ], [ 446129.3491, 209750.075868731277296 ], [ 446125.8491, 209748.575868731277296 ], [ 446124.3491, 209749.075868731277296 ], [ 446124.3491, 209748.075868731277296 ], [ 446121.3491, 209746.075868731277296 ], [ 446119.8491, 209746.075868731277296 ], [ 446118.3491, 209744.075868731277296 ], [ 446116.3491, 209744.075868731277296 ], [ 446115.8491, 209742.575868731277296 ], [ 446110.8491, 209741.575868731277296 ], [ 446110.3491, 209740.075868731277296 ], [ 446108.3491, 209740.075868731277296 ], [ 446107.8491, 209739.075868731277296 ], [ 446106.3491, 209739.575868731277296 ], [ 446106.3491, 209738.575868731277296 ], [ 446104.3491, 209737.575868731277296 ], [ 446097.3491, 209736.575868731277296 ], [ 446095.3491, 209734.075868731277296 ], [ 446094.3491, 209734.075868731277296 ], [ 446094.3491, 209735.075868731277296 ], [ 446091.3491, 209734.075868731277296 ], [ 446090.3491, 209732.075868731277296 ], [ 446088.3491, 209731.075868731277296 ], [ 446087.8491, 209729.075868731277296 ], [ 446084.3491, 209728.075868731277296 ], [ 446080.8491, 209724.575868731277296 ], [ 446071.3491, 209724.075868731277296 ], [ 446068.8491, 209722.075868731277296 ], [ 446067.8491, 209723.075868731277296 ], [ 446065.3491, 209720.075868731277296 ], [ 446064.3491, 209720.075868731277296 ], [ 446063.8491, 209718.575868731277296 ], [ 446061.3491, 209718.075868731277296 ], [ 446060.8491, 209717.075868731277296 ], [ 446059.3491, 209717.575868731277296 ], [ 446057.8491, 209714.575868731277296 ], [ 446059.3491, 209713.075868731277296 ], [ 446060.8491, 209713.075868731277296 ], [ 446060.8491, 209714.075868731277296 ], [ 446067.3491, 209716.075868731277296 ], [ 446068.8491, 209718.075868731277296 ], [ 446072.8491, 209718.575868731277296 ], [ 446072.8491, 209719.575868731277296 ], [ 446076.3491, 209720.075868731277296 ], [ 446076.3491, 209721.075868731277296 ], [ 446078.3491, 209721.075868731277296 ], [ 446078.3491, 209722.075868731277296 ], [ 446081.8491, 209722.575868731277296 ], [ 446081.8491, 209723.575868731277296 ], [ 446084.8491, 209724.075868731277296 ], [ 446084.8491, 209725.075868731277296 ], [ 446087.3491, 209725.075868731277296 ], [ 446087.3491, 209726.075868731277296 ], [ 446090.3491, 209726.575868731277296 ], [ 446090.3491, 209727.575868731277296 ], [ 446094.3491, 209728.075868731277296 ], [ 446094.3491, 209729.075868731277296 ], [ 446096.3491, 209729.075868731277296 ], [ 446096.3491, 209730.075868731277296 ], [ 446099.3491, 209730.575868731277296 ], [ 446099.3491, 209731.575868731277296 ], [ 446103.3491, 209732.075868731277296 ], [ 446104.8491, 209734.075868731277296 ], [ 446112.3491, 209736.075868731277296 ], [ 446112.3491, 209737.075868731277296 ], [ 446113.8491, 209737.075868731277296 ], [ 446113.8491, 209738.575868731277296 ], [ 446117.8491, 209738.575868731277296 ], [ 446117.8491, 209739.575868731277296 ], [ 446120.8491, 209740.075868731277296 ], [ 446122.8491, 209743.075868731277296 ], [ 446124.8491, 209742.575868731277296 ], [ 446124.8491, 209743.575868731277296 ], [ 446128.3491, 209744.075868731277296 ], [ 446128.3491, 209745.075868731277296 ], [ 446132.3491, 209746.575868731277296 ], [ 446132.3491, 209747.575868731277296 ], [ 446135.3491, 209748.075868731277296 ], [ 446135.3491, 209749.075868731277296 ], [ 446139.3491, 209750.575868731277296 ], [ 446139.3491, 209751.575868731277296 ], [ 446142.3491, 209752.075868731277296 ], [ 446143.3491, 209754.075868731277296 ], [ 446148.8491, 209756.075868731277296 ], [ 446149.8491, 209758.075868731277296 ], [ 446151.3491, 209758.075868731277296 ], [ 446152.8491, 209760.075868731277296 ], [ 446153.8491, 209760.075868731277296 ], [ 446154.3491, 209762.075868731277296 ], [ 446156.3491, 209762.075868731277296 ], [ 446156.8491, 209763.575868731277296 ], [ 446160.3491, 209766.075868731277296 ], [ 446159.3491, 209768.075868731277296 ], [ 446155.8491, 209767.575868731277296 ] ], [ [ 445989.8491, 209480.575868731277296 ], [ 445990.3491, 209480.575868731277296 ], [ 445990.3491, 209481.075868731277296 ], [ 445989.8491, 209481.075868731277296 ], [ 445989.8491, 209480.575868731277296 ] ], [ [ 445946.3491, 209645.075868731277296 ], [ 445946.3491, 209644.575868731277296 ], [ 445946.8491, 209644.575868731277296 ], [ 445946.8491, 209645.075868731277296 ], [ 445946.3491, 209645.075868731277296 ] ], [ [ 445946.8491, 209645.075868731277296 ], [ 445948.3491, 209645.575868731277296 ], [ 445947.3491, 209646.075868731277296 ], [ 445947.3491, 209645.575868731277296 ], [ 445946.8491, 209645.075868731277296 ] ], [ [ 445944.3491, 209643.075868731277296 ], [ 445944.3491, 209642.575868731277296 ], [ 445944.8491, 209642.575868731277296 ], [ 445944.8491, 209643.075868731277296 ], [ 445944.3491, 209643.075868731277296 ] ], [ [ 445944.8491, 209643.075868731277296 ], [ 445945.3491, 209643.075868731277296 ], [ 445945.3491, 209643.575868731277296 ], [ 445944.8491, 209643.575868731277296 ], [ 445944.8491, 209643.075868731277296 ] ], [ [ 445945.3491, 209643.575868731277296 ], [ 445945.8491, 209643.575868731277296 ], [ 445945.8491, 209644.075868731277296 ], [ 445945.3491, 209644.075868731277296 ], [ 445945.3491, 209643.575868731277296 ] ], [ [ 445794.8491, 209457.575868731277296 ], [ 445794.3491, 209456.075868731277296 ], [ 445795.3491, 209455.575868731277296 ], [ 445795.8491, 209457.575868731277296 ], [ 445794.8491, 209457.575868731277296 ] ], [ [ 445573.8491, 209331.075868731277296 ], [ 445571.3491, 209330.075868731277296 ], [ 445570.3491, 209328.075868731277296 ], [ 445574.8491, 209330.575868731277296 ], [ 445574.8491, 209331.575868731277296 ], [ 445573.8491, 209331.075868731277296 ] ] ], [ [ [ 446241.3491, 209674.075868731277296 ], [ 446242.3491, 209672.575868731277296 ], [ 446244.8491, 209672.075868731277296 ], [ 446245.3491, 209668.575868731277296 ], [ 446243.8491, 209666.075868731277296 ], [ 446240.8491, 209670.075868731277296 ], [ 446240.3491, 209674.075868731277296 ], [ 446241.3491, 209674.075868731277296 ] ] ] ] } },
{ "type": "Feature", "properties": { "mainhabs": "Coastal and floodplain grazing marsh,Lowland meadows", "habcodes": "CFPGM, LMEAD", "featdesc": null, "featcodes": null, "otherclass": null, "addhabs": null, "primsource": "Environment Agency Flood Zone 3 Oxfordshire digital data 2009 (CFPGM), Feedback from Natural England adviser or specialist 2021 (LMEAD)", "areaha": "2.69", "version": "Sep_25", "uid": "PHID44627783_020972731", "shape_length": null, "shape_area": null, "site": "northfieldfarm", "pid": 13, "method": "grabcut2" }, "geometry": { "type": "Polygon", "coordinates": [ [ [ 446285.3491, 209845.075868731277296 ], [ 446289.8491, 209844.075868731277296 ], [ 446291.3491, 209844.575868731277296 ], [ 446292.8491, 209842.575868731277296 ], [ 446296.3491, 209843.075868731277296 ], [ 446296.3491, 209842.075868731277296 ], [ 446297.3491, 209842.075868731277296 ], [ 446298.3491, 209836.575868731277296 ], [ 446300.8491, 209833.575868731277296 ], [ 446300.3491, 209832.075868731277296 ], [ 446301.8491, 209831.575868731277296 ], [ 446302.3491, 209827.075868731277296 ], [ 446304.8491, 209824.575868731277296 ], [ 446304.3491, 209822.575868731277296 ], [ 446305.3491, 209820.075868731277296 ], [ 446306.3491, 209820.075868731277296 ], [ 446306.8491, 209816.075868731277296 ], [ 446305.8491, 209814.075868731277296 ], [ 446304.3491, 209813.575868731277296 ], [ 446304.3491, 209811.075868731277296 ], [ 446304.8491, 209808.575868731277296 ], [ 446306.3491, 209808.075868731277296 ], [ 446307.3491, 209806.075868731277296 ], [ 446307.3491, 209803.075868731277296 ], [ 446308.3491, 209802.075868731277296 ], [ 446307.8491, 209800.075868731277296 ], [ 446308.8491, 209799.575868731277296 ], [ 446307.8491, 209797.575868731277296 ], [ 446309.3491, 209796.075868731277296 ], [ 446311.3491, 209796.075868731277296 ], [ 446312.3491, 209794.075868731277296 ], [ 446314.3491, 209793.575868731277296 ], [ 446314.8491, 209792.075868731277296 ], [ 446316.3491, 209792.075868731277296 ], [ 446317.3491, 209790.075868731277296 ], [ 446318.3491, 209790.075868731277296 ], [ 446318.8491, 209786.075868731277296 ], [ 446320.3491, 209784.575868731277296 ], [ 446320.3491, 209782.075868731277296 ], [ 446322.3491, 209780.575868731277296 ], [ 446321.8491, 209778.075868731277296 ], [ 446320.8491, 209778.075868731277296 ], [ 446320.3491, 209776.575868731277296 ], [ 446320.8491, 209774.075868731277296 ], [ 446325.3491, 209772.075868731277296 ], [ 446325.3491, 209770.075868731277296 ], [ 446326.3491, 209769.575868731277296 ], [ 446326.3491, 209765.075868731277296 ], [ 446327.8491, 209764.075868731277296 ], [ 446327.8491, 209762.075868731277296 ], [ 446329.8491, 209759.575868731277296 ], [ 446329.8491, 209758.075868731277296 ], [ 446328.3491, 209757.075868731277296 ], [ 446327.8491, 209753.575868731277296 ], [ 446330.3491, 209751.075868731277296 ], [ 446327.8491, 209749.575868731277296 ], [ 446327.8491, 209748.575868731277296 ], [ 446328.3491, 209746.575868731277296 ], [ 446330.3491, 209745.575868731277296 ], [ 446330.3491, 209743.075868731277296 ], [ 446331.3491, 209742.575868731277296 ], [ 446331.3491, 209739.575868731277296 ], [ 446330.3491, 209738.075868731277296 ], [ 446331.3491, 209737.075868731277296 ], [ 446330.3491, 209735.575868731277296 ], [ 446332.3491, 209734.075868731277296 ], [ 446332.8491, 209732.075868731277296 ], [ 446333.8491, 209732.075868731277296 ], [ 446333.3491, 209730.575868731277296 ], [ 446334.3491, 209729.575868731277296 ], [ 446336.3491, 209730.075868731277296 ], [ 446337.3491, 209732.075868731277296 ], [ 446338.3491, 209732.075868731277296 ], [ 446339.3491, 209728.575868731277296 ], [ 446341.3491, 209727.075868731277296 ], [ 446342.8491, 209720.575868731277296 ], [ 446344.3491, 209719.075868731277296 ], [ 446344.3491, 209717.075868731277296 ], [ 446342.8491, 209715.075868731277296 ], [ 446343.3491, 209710.075868731277296 ], [ 446345.8491, 209707.075868731277296 ], [ 446350.3491, 209706.075868731277296 ], [ 446350.3491, 209695.075868731277296 ], [ 446353.8491, 209692.575868731277296 ], [ 446354.8491, 209687.075868731277296 ], [ 446356.3491, 209685.575868731277296 ], [ 446355.8491, 209677.575868731277296 ], [ 446358.3491, 209673.075868731277296 ], [ 446358.3491, 209669.075868731277296 ], [ 446360.8491, 209665.575868731277296 ], [ 446361.8491, 209666.075868731277296 ], [ 446364.3491, 209665.075868731277296 ], [ 446364.3491, 209657.575868731277296 ], [ 446363.3491, 209653.575868731277296 ], [ 446364.3491, 209653.075868731277296 ], [ 446364.3491, 209648.075868731277296 ], [ 446362.3491, 209648.075868731277296 ], [ 446361.3491, 209646.575868731277296 ], [ 446359.3491, 209647.075868731277296 ], [ 446356.3491, 209646.075868731277296 ], [ 446356.3491, 209643.575868731277296 ], [ 446354.3491, 209642.075868731277296 ], [ 446351.8491, 209642.075868731277296 ], [ 446350.3491, 209643.575868731277296 ], [ 446348.3491, 209642.075868731277296 ], [ 446348.3491, 209640.075868731277296 ], [ 446345.3491, 209640.075868731277296 ], [ 446344.3491, 209638.575868731277296 ], [ 446334.3491, 209638.075868731277296 ], [ 446332.3491, 209635.075868731277296 ], [ 446330.3491, 209635.575868731277296 ], [ 446327.8491, 209634.575868731277296 ], [ 446327.3491, 209635.575868731277296 ], [ 446325.8491, 209635.575868731277296 ], [ 446324.3491, 209633.575868731277296 ], [ 446319.8491, 209634.575868731277296 ], [ 446312.8491, 209631.575868731277296 ], [ 446312.3491, 209630.075868731277296 ], [ 446310.3491, 209631.075868731277296 ], [ 446309.8491, 209634.075868731277296 ], [ 446306.8491, 209635.075868731277296 ], [ 446306.3491, 209628.075868731277296 ], [ 446307.8491, 209627.075868731277296 ], [ 446308.3491, 209623.575868731277296 ], [ 446310.8491, 209623.575868731277296 ], [ 446320.3491, 209626.075868731277296 ], [ 446324.3491, 209626.075868731277296 ], [ 446329.8491, 209628.075868731277296 ], [ 446333.3491, 209628.075868731277296 ], [ 446339.3491, 209630.075868731277296 ], [ 446344.8491, 209630.075868731277296 ], [ 446350.3491, 209632.075868731277296 ], [ 446352.8491, 209631.575868731277296 ], [ 446341.8491, 209628.575868731277296 ], [ 446325.3491, 209621.075868731277296 ], [ 446301.8491, 209616.075868731277296 ], [ 446295.8491, 209615.575868731277296 ], [ 446290.3491, 209613.575868731277296 ], [ 446274.8491, 209610.575868731277296 ], [ 446267.3491, 209628.075868731277296 ], [ 446266.3491, 209628.075868731277296 ], [ 446266.3491, 209629.575868731277296 ], [ 446264.8491, 209630.575868731277296 ], [ 446263.3491, 209634.075868731277296 ], [ 446262.3491, 209634.075868731277296 ], [ 446262.3491, 209635.575868731277296 ], [ 446260.8491, 209636.575868731277296 ], [ 446259.3491, 209640.075868731277296 ], [ 446258.3491, 209640.075868731277296 ], [ 446258.3491, 209641.575868731277296 ], [ 446256.8491, 209642.575868731277296 ], [ 446255.3491, 209646.075868731277296 ], [ 446254.3491, 209646.075868731277296 ], [ 446254.3491, 209647.575868731277296 ], [ 446252.8491, 209648.575868731277296 ], [ 446251.3491, 209652.075868731277296 ], [ 446250.3491, 209652.075868731277296 ], [ 446250.3491, 209653.575868731277296 ], [ 446243.3491, 209663.575868731277296 ], [ 446243.3491, 209666.075868731277296 ], [ 446245.3491, 209668.575868731277296 ], [ 446244.8491, 209672.075868731277296 ], [ 446240.3491, 209674.075868731277296 ], [ 446235.8491, 209683.575868731277296 ], [ 446234.3491, 209683.075868731277296 ], [ 446234.3491, 209684.075868731277296 ], [ 446232.8491, 209684.075868731277296 ], [ 446231.8491, 209685.575868731277296 ], [ 446228.8491, 209685.075868731277296 ], [ 446228.3491, 209687.075868731277296 ], [ 446226.3491, 209688.575868731277296 ], [ 446226.3491, 209690.075868731277296 ], [ 446222.3491, 209694.575868731277296 ], [ 446222.3491, 209696.075868731277296 ], [ 446220.8491, 209697.075868731277296 ], [ 446220.3491, 209699.075868731277296 ], [ 446218.3491, 209700.575868731277296 ], [ 446218.3491, 209702.075868731277296 ], [ 446216.8491, 209703.075868731277296 ], [ 446216.3491, 209705.075868731277296 ], [ 446214.3491, 209706.575868731277296 ], [ 446214.3491, 209708.075868731277296 ], [ 446212.8491, 209709.075868731277296 ], [ 446212.3491, 209711.075868731277296 ], [ 446210.3491, 209712.575868731277296 ], [ 446210.3491, 209714.075868731277296 ], [ 446208.8491, 209715.075868731277296 ], [ 446208.3491, 209717.075868731277296 ], [ 446206.3491, 209718.575868731277296 ], [ 446206.3491, 209720.075868731277296 ], [ 446204.8491, 209721.075868731277296 ], [ 446204.3491, 209723.075868731277296 ], [ 446202.3491, 209724.575868731277296 ], [ 446202.3491, 209726.075868731277296 ], [ 446200.8491, 209727.075868731277296 ], [ 446200.3491, 209729.075868731277296 ], [ 446198.3491, 209730.575868731277296 ], [ 446198.3491, 209732.075868731277296 ], [ 446197.3491, 209732.075868731277296 ], [ 446195.8491, 209735.575868731277296 ], [ 446194.3491, 209736.575868731277296 ], [ 446194.3491, 209738.075868731277296 ], [ 446192.8491, 209739.075868731277296 ], [ 446192.3491, 209741.575868731277296 ], [ 446190.8491, 209742.575868731277296 ], [ 446187.3491, 209750.075868731277296 ], [ 446186.3491, 209750.075868731277296 ], [ 446186.3491, 209752.075868731277296 ], [ 446184.8491, 209753.075868731277296 ], [ 446184.3491, 209755.575868731277296 ], [ 446180.8491, 209760.075868731277296 ], [ 446177.8491, 209767.575868731277296 ], [ 446176.3491, 209768.575868731277296 ], [ 446176.3491, 209770.075868731277296 ], [ 446172.3491, 209774.075868731277296 ], [ 446172.3491, 209775.075868731277296 ], [ 446174.3491, 209776.075868731277296 ], [ 446174.8491, 209777.575868731277296 ], [ 446176.3491, 209777.075868731277296 ], [ 446177.8491, 209778.075868731277296 ], [ 446178.3491, 209781.075868731277296 ], [ 446180.3491, 209782.075868731277296 ], [ 446180.3491, 209783.075868731277296 ], [ 446182.3491, 209783.575868731277296 ], [ 446186.3491, 209788.575868731277296 ], [ 446196.8491, 209790.575868731277296 ], [ 446198.8491, 209792.075868731277296 ], [ 446204.8491, 209792.075868731277296 ], [ 446208.3491, 209794.575868731277296 ], [ 446208.3491, 209795.575868731277296 ], [ 446210.3491, 209795.075868731277296 ], [ 446210.8491, 209796.075868731277296 ], [ 446212.3491, 209796.075868731277296 ], [ 446212.8491, 209797.575868731277296 ], [ 446215.8491, 209797.075868731277296 ], [ 446218.8491, 209800.075868731277296 ], [ 446222.3491, 209800.075868731277296 ], [ 446223.8491, 209802.075868731277296 ], [ 446227.3491, 209802.075868731277296 ], [ 446228.3491, 209803.575868731277296 ], [ 446229.3491, 209802.575868731277296 ], [ 446232.3491, 209802.575868731277296 ], [ 446232.3491, 209803.575868731277296 ], [ 446234.3491, 209804.075868731277296 ], [ 446237.3491, 209806.575868731277296 ], [ 446237.3491, 209807.575868731277296 ], [ 446241.8491, 209812.075868731277296 ], [ 446243.3491, 209812.075868731277296 ], [ 446245.8491, 209814.575868731277296 ], [ 446247.8491, 209814.075868731277296 ], [ 446250.3491, 209817.575868731277296 ], [ 446252.3491, 209818.075868731277296 ], [ 446252.3491, 209819.075868731277296 ], [ 446256.3491, 209822.075868731277296 ], [ 446257.3491, 209824.075868731277296 ], [ 446258.3491, 209824.075868731277296 ], [ 446266.3491, 209831.075868731277296 ], [ 446266.3491, 209832.075868731277296 ], [ 446268.3491, 209832.575868731277296 ], [ 446268.3491, 209833.575868731277296 ], [ 446270.3491, 209834.075868731277296 ], [ 446270.3491, 209835.075868731277296 ], [ 446275.3491, 209838.075868731277296 ], [ 446276.8491, 209840.075868731277296 ], [ 446278.3491, 209840.075868731277296 ], [ 446285.3491, 209845.075868731277296 ] ], [ [ 446285.3491, 209623.075868731277296 ], [ 446283.8491, 209620.575868731277296 ], [ 446283.8491, 209618.075868731277296 ], [ 446289.8491, 209619.575868731277296 ], [ 446288.3491, 209620.575868731277296 ], [ 446288.3491, 209622.075868731277296 ], [ 446286.3491, 209622.075868731277296 ], [ 446286.3491, 209623.075868731277296 ], [ 446285.3491, 209623.075868731277296 ] ] ] } },
{ "type": "Feature", "properties": { "mainhabs": "Coastal and floodplain grazing marsh,Lowland meadows", "habcodes": "CFPGM, LMEAD", "featdesc": null, "featcodes": null, "otherclass": null, "addhabs": null, "primsource": "Environment Agency Flood Zone 3 Oxfordshire digital data 2009 (CFPGM), Feedback from Natural England adviser or specialist 2021 (LMEAD)", "areaha": "5.81", "version": "Sep_25", "uid": "PHID44781582_020930186", "shape_length": null, "shape_area": null, "site": "northfieldfarm", "pid": 14, "method": "grabcut2" }, "geometry": { "type": "MultiPolygon", "coordinates": [ [ [ [ 447706.3491, 209404.575868731277296 ], [ 447706.3491, 209407.575868731277296 ], [ 447705.3491, 209407.075868731277296 ], [ 447703.8491, 209408.575868731277296 ], [ 447703.8491, 209406.575868731277296 ], [ 447701.8491, 209405.075868731277296 ], [ 447698.3491, 209407.075868731277296 ], [ 447692.3491, 209414.575868731277296 ], [ 447691.3491, 209417.575868731277296 ], [ 447689.8491, 209418.575868731277296 ], [ 447689.8491, 209420.075868731277296 ], [ 447688.3491, 209420.575868731277296 ], [ 447686.3491, 209425.575868731277296 ], [ 447684.8491, 209440.075868731277296 ], [ 447687.8491, 209451.075868731277296 ], [ 447687.8491, 209456.075868731277296 ], [ 447692.3491, 209456.575868731277296 ], [ 447693.8491, 209458.075868731277296 ], [ 447693.8491, 209460.075868731277296 ], [ 447692.8491, 209460.575868731277296 ], [ 447692.8491, 209468.075868731277296 ], [ 447691.3491, 209469.075868731277296 ], [ 447691.8491, 209471.075868731277296 ], [ 447690.8491, 209472.075868731277296 ], [ 447691.8491, 209473.575868731277296 ], [ 447691.8491, 209480.575868731277296 ], [ 447690.8491, 209480.575868731277296 ], [ 447688.8491, 209483.075868731277296 ], [ 447683.3491, 209482.575868731277296 ], [ 447682.3491, 209484.575868731277296 ], [ 447683.8491, 209486.575868731277296 ], [ 447686.8491, 209487.075868731277296 ], [ 447688.8491, 209493.575868731277296 ], [ 447693.3491, 209494.575868731277296 ], [ 447717.3491, 209495.075868731277296 ], [ 447718.3491, 209493.575868731277296 ], [ 447721.8491, 209494.075868731277296 ], [ 447723.8491, 209493.075868731277296 ], [ 447724.8491, 209494.575868731277296 ], [ 447742.8491, 209495.075868731277296 ], [ 447747.3491, 209494.075868731277296 ], [ 447760.3491, 209495.075868731277296 ], [ 447760.8491, 209496.075868731277296 ], [ 447765.8491, 209494.075868731277296 ], [ 447773.8491, 209493.575868731277296 ], [ 447778.3491, 209494.575868731277296 ], [ 447778.8491, 209493.575868731277296 ], [ 447780.8491, 209493.575868731277296 ], [ 447781.8491, 209495.575868731277296 ], [ 447791.3491, 209495.575868731277296 ], [ 447791.3491, 209498.575868731277296 ], [ 447794.3491, 209501.075868731277296 ], [ 447794.3491, 209502.075868731277296 ], [ 447795.8491, 209502.575868731277296 ], [ 447795.8491, 209503.575868731277296 ], [ 447796.8491, 209503.575868731277296 ], [ 447796.8491, 209504.575868731277296 ], [ 447799.3491, 209505.075868731277296 ], [ 447799.3491, 209506.075868731277296 ], [ 447802.3491, 209506.075868731277296 ], [ 447803.8491, 209503.575868731277296 ], [ 447805.8491, 209503.575868731277296 ], [ 447806.3491, 209505.075868731277296 ], [ 447808.8491, 209504.575868731277296 ], [ 447808.8491, 209503.575868731277296 ], [ 447811.3491, 209503.575868731277296 ], [ 447812.3491, 209507.075868731277296 ], [ 447825.8491, 209503.575868731277296 ], [ 447826.8491, 209502.575868731277296 ], [ 447829.8491, 209502.575868731277296 ], [ 447833.8491, 209500.575868731277296 ], [ 447835.8491, 209501.075868731277296 ], [ 447841.8491, 209499.075868731277296 ], [ 447860.8491, 209498.575868731277296 ], [ 447862.3491, 209500.575868731277296 ], [ 447865.8491, 209501.075868731277296 ], [ 447871.3491, 209498.075868731277296 ], [ 447886.8491, 209498.575868731277296 ], [ 447887.8491, 209493.575868731277296 ], [ 447888.8491, 209492.575868731277296 ], [ 447889.8491, 209481.075868731277296 ], [ 447887.3491, 209475.575868731277296 ], [ 447885.8491, 209474.575868731277296 ], [ 447885.8491, 209471.575868731277296 ], [ 447884.8491, 209471.075868731277296 ], [ 447884.8491, 209467.575868731277296 ], [ 447885.8491, 209467.075868731277296 ], [ 447886.3491, 209464.075868731277296 ], [ 447885.8491, 209461.575868731277296 ], [ 447888.8491, 209460.075868731277296 ], [ 447893.8491, 209460.075868731277296 ], [ 447896.3491, 209462.075868731277296 ], [ 447897.8491, 209462.075868731277296 ], [ 447900.8491, 209466.075868731277296 ], [ 447902.3491, 209466.075868731277296 ], [ 447903.8491, 209463.575868731277296 ], [ 447906.3491, 209463.575868731277296 ], [ 447906.3491, 209462.575868731277296 ], [ 447907.8491, 209462.575868731277296 ], [ 447908.3491, 209463.575868731277296 ], [ 447909.8491, 209463.575868731277296 ], [ 447909.8491, 209464.575868731277296 ], [ 447911.8491, 209464.575868731277296 ], [ 447911.8491, 209465.575868731277296 ], [ 447915.8491, 209467.575868731277296 ], [ 447915.8491, 209468.575868731277296 ], [ 447920.8491, 209468.575868731277296 ], [ 447925.8491, 209459.575868731277296 ], [ 447926.3491, 209456.575868731277296 ], [ 447929.8491, 209452.075868731277296 ], [ 447930.8491, 209448.575868731277296 ], [ 447931.8491, 209448.575868731277296 ], [ 447931.8491, 209447.075868731277296 ], [ 447933.3491, 209446.075868731277296 ], [ 447937.3491, 209439.575868731277296 ], [ 447939.8491, 209422.575868731277296 ], [ 447943.8491, 209412.075868731277296 ], [ 447945.8491, 209409.575868731277296 ], [ 447946.3491, 209403.075868731277296 ], [ 447943.8491, 209402.575868731277296 ], [ 447942.8491, 209401.075868731277296 ], [ 447940.8491, 209400.575868731277296 ], [ 447939.3491, 209398.575868731277296 ], [ 447937.8491, 209398.575868731277296 ], [ 447936.3491, 209396.575868731277296 ], [ 447930.3491, 209392.575868731277296 ], [ 447925.8491, 209383.075868731277296 ], [ 447923.8491, 209382.075868731277296 ], [ 447923.8491, 209380.575868731277296 ], [ 447922.8491, 209380.575868731277296 ], [ 447921.8491, 209378.075868731277296 ], [ 447915.8491, 209371.575868731277296 ], [ 447915.8491, 209370.075868731277296 ], [ 447913.8491, 209368.075868731277296 ], [ 447913.8491, 209366.575868731277296 ], [ 447909.8491, 209360.075868731277296 ], [ 447909.8491, 209358.075868731277296 ], [ 447908.3491, 209356.575868731277296 ], [ 447905.3491, 209349.075868731277296 ], [ 447901.8491, 209346.575868731277296 ], [ 447903.8491, 209345.075868731277296 ], [ 447903.8491, 209344.075868731277296 ], [ 447902.3491, 209343.075868731277296 ], [ 447902.8491, 209341.575868731277296 ], [ 447901.8491, 209341.075868731277296 ], [ 447901.8491, 209339.575868731277296 ], [ 447899.8491, 209338.575868731277296 ], [ 447899.8491, 209335.075868731277296 ], [ 447898.3491, 209334.575868731277296 ], [ 447898.3491, 209330.575868731277296 ], [ 447895.3491, 209328.075868731277296 ], [ 447895.3491, 209326.575868731277296 ], [ 447893.8491, 209325.075868731277296 ], [ 447893.8491, 209322.575868731277296 ], [ 447891.3491, 209320.575868731277296 ], [ 447889.8491, 209314.575868731277296 ], [ 447890.8491, 209309.575868731277296 ], [ 447889.8491, 209309.075868731277296 ], [ 447889.3491, 209305.075868731277296 ], [ 447884.8491, 209301.575868731277296 ], [ 447885.3491, 209299.075868731277296 ], [ 447880.3491, 209300.575868731277296 ], [ 447878.8491, 209298.575868731277296 ], [ 447877.3491, 209300.575868731277296 ], [ 447871.8491, 209301.075868731277296 ], [ 447870.3491, 209298.575868731277296 ], [ 447873.3491, 209283.575868731277296 ], [ 447875.3491, 209284.575868731277296 ], [ 447875.8491, 209286.075868731277296 ], [ 447878.3491, 209286.575868731277296 ], [ 447879.8491, 209277.075868731277296 ], [ 447879.3491, 209269.575868731277296 ], [ 447872.3491, 209266.075868731277296 ], [ 447869.8491, 209266.075868731277296 ], [ 447864.3491, 209268.575868731277296 ], [ 447860.3491, 209268.575868731277296 ], [ 447859.3491, 209270.575868731277296 ], [ 447856.8491, 209270.575868731277296 ], [ 447855.8491, 209272.075868731277296 ], [ 447853.3491, 209272.075868731277296 ], [ 447851.8491, 209271.575868731277296 ], [ 447849.3491, 209268.075868731277296 ], [ 447848.8491, 209263.075868731277296 ], [ 447851.8491, 209244.575868731277296 ], [ 447854.8491, 209241.575868731277296 ], [ 447855.8491, 209241.575868731277296 ], [ 447855.8491, 209242.575868731277296 ], [ 447857.8491, 209244.075868731277296 ], [ 447858.8491, 209241.575868731277296 ], [ 447858.3491, 209228.575868731277296 ], [ 447857.3491, 209226.575868731277296 ], [ 447859.8491, 209224.075868731277296 ], [ 447861.8491, 209217.075868731277296 ], [ 447863.8491, 209215.575868731277296 ], [ 447866.3491, 209210.575868731277296 ], [ 447867.3491, 209210.575868731277296 ], [ 447866.8491, 209209.575868731277296 ], [ 447868.8491, 209206.575868731277296 ], [ 447869.8491, 209206.575868731277296 ], [ 447869.8491, 209205.075868731277296 ], [ 447873.8491, 209200.075868731277296 ], [ 447873.8491, 209198.575868731277296 ], [ 447875.3491, 209197.575868731277296 ], [ 447875.8491, 209195.575868731277296 ], [ 447877.8491, 209194.075868731277296 ], [ 447878.8491, 209190.575868731277296 ], [ 447879.8491, 209172.575868731277296 ], [ 447878.3491, 209170.575868731277296 ], [ 447877.8491, 209166.575868731277296 ], [ 447875.8491, 209163.575868731277296 ], [ 447875.8491, 209161.075868731277296 ], [ 447873.8491, 209158.075868731277296 ], [ 447873.3491, 209155.075868731277296 ], [ 447869.8491, 209149.575868731277296 ], [ 447869.3491, 209146.575868731277296 ], [ 447868.3491, 209146.075868731277296 ], [ 447867.8491, 209143.075868731277296 ], [ 447865.8491, 209140.575868731277296 ], [ 447865.8491, 209138.575868731277296 ], [ 447863.3491, 209133.075868731277296 ], [ 447862.3491, 209132.575868731277296 ], [ 447859.8491, 209125.075868731277296 ], [ 447856.8491, 209121.575868731277296 ], [ 447851.8491, 209122.575868731277296 ], [ 447847.8491, 209116.575868731277296 ], [ 447832.3491, 209110.575868731277296 ], [ 447831.8491, 209109.075868731277296 ], [ 447828.8491, 209106.575868731277296 ], [ 447824.8491, 209104.575868731277296 ], [ 447823.3491, 209102.575868731277296 ], [ 447817.8491, 209100.575868731277296 ], [ 447817.8491, 209099.575868731277296 ], [ 447815.8491, 209098.575868731277296 ], [ 447815.8491, 209090.075868731277296 ], [ 447817.8491, 209087.575868731277296 ], [ 447816.8491, 209086.075868731277296 ], [ 447817.3491, 209084.075868731277296 ], [ 447818.3491, 209083.575868731277296 ], [ 447817.8491, 209078.575868731277296 ], [ 447818.8491, 209072.575868731277296 ], [ 447820.3491, 209072.075868731277296 ], [ 447818.8491, 209070.575868731277296 ], [ 447819.3491, 209068.075868731277296 ], [ 447821.3491, 209070.575868731277296 ], [ 447820.8491, 209072.075868731277296 ], [ 447824.3491, 209074.075868731277296 ], [ 447825.3491, 209064.575868731277296 ], [ 447823.8491, 209052.575868731277296 ], [ 447822.8491, 209051.075868731277296 ], [ 447821.3491, 209050.075868731277296 ], [ 447819.8491, 209050.575868731277296 ], [ 447819.8491, 209052.575868731277296 ], [ 447821.3491, 209054.575868731277296 ], [ 447818.8491, 209056.075868731277296 ], [ 447818.8491, 209054.575868731277296 ], [ 447816.3491, 209052.075868731277296 ], [ 447816.3491, 209049.075868731277296 ], [ 447815.3491, 209050.075868731277296 ], [ 447813.8491, 209049.075868731277296 ], [ 447814.3491, 209048.075868731277296 ], [ 447815.8491, 209048.575868731277296 ], [ 447816.3491, 209045.575868731277296 ], [ 447814.3491, 209044.575868731277296 ], [ 447813.3491, 209042.575868731277296 ], [ 447800.3491, 209039.075868731277296 ], [ 447793.3491, 209039.075868731277296 ], [ 447789.3491, 209040.075868731277296 ], [ 447782.8491, 209034.575868731277296 ], [ 447781.3491, 209034.575868731277296 ], [ 447779.8491, 209036.575868731277296 ], [ 447779.8491, 209038.575868731277296 ], [ 447778.8491, 209038.575868731277296 ], [ 447777.8491, 209040.575868731277296 ], [ 447776.3491, 209040.575868731277296 ], [ 447775.3491, 209042.075868731277296 ], [ 447775.8491, 209043.075868731277296 ], [ 447777.8491, 209042.575868731277296 ], [ 447778.3491, 209043.575868731277296 ], [ 447779.3491, 209043.075868731277296 ], [ 447779.8491, 209044.075868731277296 ], [ 447781.8491, 209044.575868731277296 ], [ 447780.8491, 209046.075868731277296 ], [ 447778.8491, 209046.575868731277296 ], [ 447775.8491, 209044.575868731277296 ], [ 447773.8491, 209044.575868731277296 ], [ 447772.3491, 209046.075868731277296 ], [ 447770.3491, 209043.075868731277296 ], [ 447768.8491, 209043.075868731277296 ], [ 447769.8491, 209044.075868731277296 ], [ 447768.8491, 209045.575868731277296 ], [ 447771.8491, 209048.575868731277296 ], [ 447776.3491, 209048.575868731277296 ], [ 447777.8491, 209050.075868731277296 ], [ 447782.3491, 209049.075868731277296 ], [ 447788.3491, 209054.075868731277296 ], [ 447787.8491, 209058.575868731277296 ], [ 447785.8491, 209060.075868731277296 ], [ 447785.8491, 209062.575868731277296 ], [ 447782.3491, 209065.575868731277296 ], [ 447779.3491, 209065.575868731277296 ], [ 447777.8491, 209064.575868731277296 ], [ 447777.8491, 209062.575868731277296 ], [ 447774.8491, 209061.075868731277296 ], [ 447771.8491, 209062.575868731277296 ], [ 447765.8491, 209059.075868731277296 ], [ 447764.8491, 209056.575868731277296 ], [ 447763.8491, 209056.575868731277296 ], [ 447763.3491, 209051.075868731277296 ], [ 447759.8491, 209049.075868731277296 ], [ 447754.3491, 209038.575868731277296 ], [ 447751.3491, 209038.575868731277296 ], [ 447749.8491, 209034.575868731277296 ], [ 447747.8491, 209035.075868731277296 ], [ 447746.8491, 209031.075868731277296 ], [ 447745.8491, 209031.075868731277296 ], [ 447745.3491, 209033.075868731277296 ], [ 447744.3491, 209033.575868731277296 ], [ 447745.8491, 209036.075868731277296 ], [ 447745.3491, 209039.575868731277296 ], [ 447744.3491, 209040.575868731277296 ], [ 447745.8491, 209042.575868731277296 ], [ 447745.8491, 209045.575868731277296 ], [ 447744.8491, 209044.575868731277296 ], [ 447743.3491, 209044.575868731277296 ], [ 447743.3491, 209045.575868731277296 ], [ 447743.8491, 209046.575868731277296 ], [ 447745.8491, 209046.075868731277296 ], [ 447745.8491, 209048.575868731277296 ], [ 447747.3491, 209049.575868731277296 ], [ 447747.3491, 209054.575868731277296 ], [ 447746.3491, 209054.575868731277296 ], [ 447746.8491, 209055.575868731277296 ], [ 447744.8491, 209058.575868731277296 ], [ 447741.3491, 209059.075868731277296 ], [ 447741.3491, 209062.575868731277296 ], [ 447739.8491, 209062.575868731277296 ], [ 447736.8491, 209058.575868731277296 ], [ 447734.3491, 209059.575868731277296 ], [ 447733.3491, 209064.075868731277296 ], [ 447733.8491, 209070.075868731277296 ], [ 447732.8491, 209082.575868731277296 ], [ 447737.8491, 209099.575868731277296 ], [ 447739.8491, 209100.575868731277296 ], [ 447739.8491, 209101.575868731277296 ], [ 447741.8491, 209102.575868731277296 ], [ 447741.8491, 209103.575868731277296 ], [ 447743.8491, 209104.575868731277296 ], [ 447749.3491, 209110.575868731277296 ], [ 447750.3491, 209110.575868731277296 ], [ 447759.8491, 209120.575868731277296 ], [ 447760.8491, 209120.575868731277296 ], [ 447761.8491, 209122.575868731277296 ], [ 447765.8491, 209124.575868731277296 ], [ 447768.3491, 209128.075868731277296 ], [ 447769.8491, 209128.575868731277296 ], [ 447771.8491, 209132.075868731277296 ], [ 447773.8491, 209133.075868731277296 ], [ 447775.8491, 209139.575868731277296 ], [ 447777.8491, 209142.075868731277296 ], [ 447779.8491, 209148.075868731277296 ], [ 447780.8491, 209148.575868731277296 ], [ 447780.8491, 209150.075868731277296 ], [ 447776.8491, 209156.575868731277296 ], [ 447773.8491, 209156.575868731277296 ], [ 447769.8491, 209158.575868731277296 ], [ 447766.3491, 209158.575868731277296 ], [ 447764.3491, 209160.575868731277296 ], [ 447761.8491, 209160.575868731277296 ], [ 447761.3491, 209161.575868731277296 ], [ 447752.3491, 209164.575868731277296 ], [ 447750.3491, 209167.075868731277296 ], [ 447748.8491, 209192.575868731277296 ], [ 447753.8491, 209206.575868731277296 ], [ 447754.8491, 209206.575868731277296 ], [ 447754.8491, 209207.575868731277296 ], [ 447759.8491, 209212.075868731277296 ], [ 447759.8491, 209213.075868731277296 ], [ 447762.8491, 209216.575868731277296 ], [ 447763.8491, 209216.575868731277296 ], [ 447764.8491, 209218.575868731277296 ], [ 447769.3491, 209221.075868731277296 ], [ 447769.8491, 209222.575868731277296 ], [ 447771.8491, 209222.075868731277296 ], [ 447771.3491, 209219.075868731277296 ], [ 447772.3491, 209217.575868731277296 ], [ 447775.8491, 209217.575868731277296 ], [ 447775.8491, 209218.575868731277296 ], [ 447779.8491, 209219.575868731277296 ], [ 447780.3491, 209222.575868731277296 ], [ 447777.8491, 209224.075868731277296 ], [ 447777.8491, 209225.575868731277296 ], [ 447776.3491, 209227.075868731277296 ], [ 447780.3491, 209230.575868731277296 ], [ 447781.8491, 209230.575868731277296 ], [ 447781.8491, 209231.575868731277296 ], [ 447791.8491, 209240.575868731277296 ], [ 447791.8491, 209242.575868731277296 ], [ 447792.8491, 209243.075868731277296 ], [ 447793.8491, 209247.075868731277296 ], [ 447795.8491, 209249.575868731277296 ], [ 447795.3491, 209259.575868731277296 ], [ 447791.8491, 209266.575868731277296 ], [ 447789.8491, 209268.075868731277296 ], [ 447787.8491, 209271.575868731277296 ], [ 447785.8491, 209272.575868731277296 ], [ 447785.8491, 209273.575868731277296 ], [ 447783.8491, 209274.575868731277296 ], [ 447783.8491, 209275.575868731277296 ], [ 447781.8491, 209276.575868731277296 ], [ 447781.8491, 209277.575868731277296 ], [ 447779.8491, 209278.575868731277296 ], [ 447776.8491, 209282.575868731277296 ], [ 447775.8491, 209282.575868731277296 ], [ 447775.8491, 209284.075868731277296 ], [ 447774.3491, 209284.575868731277296 ], [ 447773.3491, 209286.575868731277296 ], [ 447773.8491, 209288.075868731277296 ], [ 447771.3491, 209289.075868731277296 ], [ 447771.3491, 209290.075868731277296 ], [ 447772.8491, 209290.575868731277296 ], [ 447774.8491, 209293.575868731277296 ], [ 447775.8491, 209293.575868731277296 ], [ 447774.8491, 209296.075868731277296 ], [ 447771.8491, 209298.075868731277296 ], [ 447763.3491, 209306.575868731277296 ], [ 447763.3491, 209307.575868731277296 ], [ 447761.8491, 209307.575868731277296 ], [ 447761.8491, 209308.575868731277296 ], [ 447760.3491, 209309.075868731277296 ], [ 447760.3491, 209310.575868731277296 ], [ 447758.3491, 209312.075868731277296 ], [ 447757.8491, 209314.575868731277296 ], [ 447755.8491, 209314.575868731277296 ], [ 447754.8491, 209312.575868731277296 ], [ 447752.3491, 209312.575868731277296 ], [ 447748.8491, 209320.575868731277296 ], [ 447747.8491, 209321.075868731277296 ], [ 447747.8491, 209322.575868731277296 ], [ 447746.3491, 209324.075868731277296 ], [ 447746.8491, 209325.075868731277296 ], [ 447750.3491, 209325.575868731277296 ], [ 447751.3491, 209329.575868731277296 ], [ 447748.8491, 209332.575868731277296 ], [ 447748.8491, 209335.575868731277296 ], [ 447745.8491, 209341.575868731277296 ], [ 447745.3491, 209344.575868731277296 ], [ 447742.3491, 209346.075868731277296 ], [ 447743.3491, 209348.575868731277296 ], [ 447742.3491, 209349.075868731277296 ], [ 447741.8491, 209353.575868731277296 ], [ 447739.8491, 209356.575868731277296 ], [ 447738.3491, 209362.575868731277296 ], [ 447736.3491, 209364.075868731277296 ], [ 447735.3491, 209369.575868731277296 ], [ 447735.8491, 209371.075868731277296 ], [ 447734.8491, 209371.575868731277296 ], [ 447733.3491, 209376.075868731277296 ], [ 447731.3491, 209376.575868731277296 ], [ 447730.3491, 209378.075868731277296 ], [ 447728.8491, 209378.075868731277296 ], [ 447727.3491, 209376.575868731277296 ], [ 447725.3491, 209377.075868731277296 ], [ 447725.3491, 209376.075868731277296 ], [ 447723.8491, 209377.075868731277296 ], [ 447723.8491, 209378.575868731277296 ], [ 447719.8491, 209383.075868731277296 ], [ 447719.8491, 209384.575868731277296 ], [ 447718.3491, 209385.575868731277296 ], [ 447718.8491, 209386.575868731277296 ], [ 447717.8491, 209386.575868731277296 ], [ 447717.8491, 209388.075868731277296 ], [ 447716.3491, 209389.075868731277296 ], [ 447715.8491, 209391.075868731277296 ], [ 447703.8491, 209402.575868731277296 ], [ 447704.3491, 209405.575868731277296 ], [ 447706.3491, 209404.575868731277296 ] ], [ [ 447706.3491, 209403.575868731277296 ], [ 447706.8491, 209403.575868731277296 ], [ 447706.8491, 209404.575868731277296 ], [ 447706.3491, 209404.575868731277296 ], [ 447706.3491, 209403.575868731277296 ] ], [ [ 447815.3491, 209050.075868731277296 ], [ 447815.8491, 209050.075868731277296 ], [ 447815.8491, 209050.575868731277296 ], [ 447815.3491, 209050.575868731277296 ], [ 447815.3491, 209050.075868731277296 ] ], [ [ 447755.8491, 209314.575868731277296 ], [ 447755.8491, 209316.575868731277296 ], [ 447756.8491, 209316.575868731277296 ], [ 447756.3491, 209318.575868731277296 ], [ 447754.3491, 209317.575868731277296 ], [ 447753.3491, 209318.575868731277296 ], [ 447752.3491, 209317.575868731277296 ], [ 447752.3491, 209316.075868731277296 ], [ 447754.3491, 209314.575868731277296 ], [ 447755.8491, 209314.575868731277296 ] ], [ [ 447875.8491, 209186.575868731277296 ], [ 447875.3491, 209186.575868731277296 ], [ 447875.3491, 209185.575868731277296 ], [ 447876.8491, 209186.075868731277296 ], [ 447876.3491, 209187.575868731277296 ], [ 447875.8491, 209186.575868731277296 ] ], [ [ 447874.3491, 209281.575868731277296 ], [ 447874.3491, 209280.075868731277296 ], [ 447875.8491, 209280.575868731277296 ], [ 447874.8491, 209282.075868731277296 ], [ 447874.3491, 209281.575868731277296 ] ], [ [ 447873.3491, 209301.075868731277296 ], [ 447873.8491, 209302.575868731277296 ], [ 447872.8491, 209303.575868731277296 ], [ 447873.8491, 209304.075868731277296 ], [ 447873.8491, 209305.575868731277296 ], [ 447872.8491, 209305.575868731277296 ], [ 447871.8491, 209302.575868731277296 ], [ 447871.8491, 209301.575868731277296 ], [ 447873.3491, 209301.075868731277296 ] ], [ [ 447871.8491, 209195.575868731277296 ], [ 447870.8491, 209194.075868731277296 ], [ 447871.8491, 209192.575868731277296 ], [ 447873.3491, 209192.575868731277296 ], [ 447873.8491, 209195.075868731277296 ], [ 447872.3491, 209196.075868731277296 ], [ 447871.8491, 209195.575868731277296 ] ], [ [ 447869.8491, 209201.575868731277296 ], [ 447869.8491, 209200.575868731277296 ], [ 447871.3491, 209201.075868731277296 ], [ 447870.3491, 209202.575868731277296 ], [ 447869.8491, 209201.575868731277296 ] ], [ [ 447852.3491, 209222.075868731277296 ], [ 447852.8491, 209220.575868731277296 ], [ 447854.3491, 209220.575868731277296 ], [ 447855.8491, 209219.075868731277296 ], [ 447854.8491, 209217.575868731277296 ], [ 447856.8491, 209215.075868731277296 ], [ 447858.3491, 209216.575868731277296 ], [ 447857.8491, 209219.575868731277296 ], [ 447858.8491, 209220.575868731277296 ], [ 447857.8491, 209221.075868731277296 ], [ 447858.3491, 209224.075868731277296 ], [ 447855.8491, 209225.575868731277296 ], [ 447855.8491, 209226.575868731277296 ], [ 447856.8491, 209226.575868731277296 ], [ 447855.8491, 209228.075868731277296 ], [ 447857.3491, 209228.575868731277296 ], [ 447857.8491, 209230.075868731277296 ], [ 447856.3491, 209230.575868731277296 ], [ 447854.8491, 209233.575868731277296 ], [ 447853.8491, 209233.575868731277296 ], [ 447852.8491, 209230.575868731277296 ], [ 447853.3491, 209228.575868731277296 ], [ 447852.3491, 209228.575868731277296 ], [ 447852.3491, 209226.575868731277296 ], [ 447853.8491, 209226.575868731277296 ], [ 447853.8491, 209224.575868731277296 ], [ 447852.3491, 209225.075868731277296 ], [ 447852.3491, 209222.075868731277296 ] ], [ [ 447852.3491, 209225.075868731277296 ], [ 447852.3491, 209225.575868731277296 ], [ 447851.8491, 209225.575868731277296 ], [ 447851.8491, 209225.075868731277296 ], [ 447852.3491, 209225.075868731277296 ] ], [ [ 447777.3491, 209289.575868731277296 ], [ 447778.8491, 209288.075868731277296 ], [ 447779.8491, 209288.575868731277296 ], [ 447778.8491, 209290.575868731277296 ], [ 447777.3491, 209289.575868731277296 ] ], [ [ 447778.8491, 209287.575868731277296 ], [ 447778.8491, 209286.575868731277296 ], [ 447779.3491, 209286.575868731277296 ], [ 447779.3491, 209287.575868731277296 ], [ 447778.8491, 209287.575868731277296 ] ], [ [ 447779.3491, 209287.575868731277296 ], [ 447779.8491, 209287.575868731277296 ], [ 447779.8491, 209288.075868731277296 ], [ 447779.3491, 209288.075868731277296 ], [ 447779.3491, 209287.575868731277296 ] ], [ [ 447776.8491, 209162.575868731277296 ], [ 447777.3491, 209162.575868731277296 ], [ 447777.3491, 209163.575868731277296 ], [ 447776.8491, 209163.575868731277296 ], [ 447776.8491, 209162.575868731277296 ] ], [ [ 447777.3491, 209290.575868731277296 ], [ 447776.3491, 209290.575868731277296 ], [ 447775.8491, 209291.075868731277296 ], [ 447775.8491, 209290.075868731277296 ], [ 447777.3491, 209290.575868731277296 ] ], [ [ 447774.8491, 209290.075868731277296 ], [ 447775.3491, 209290.075868731277296 ], [ 447775.3491, 209290.575868731277296 ], [ 447774.8491, 209290.575868731277296 ], [ 447774.8491, 209290.075868731277296 ] ], [ [ 447771.3491, 209065.575868731277296 ], [ 447770.3491, 209064.075868731277296 ], [ 447771.8491, 209063.075868731277296 ], [ 447772.3491, 209066.075868731277296 ], [ 447771.3491, 209065.575868731277296 ] ], [ [ 447760.8491, 209309.575868731277296 ], [ 447761.3491, 209309.575868731277296 ], [ 447761.3491, 209310.075868731277296 ], [ 447760.8491, 209310.075868731277296 ], [ 447760.8491, 209309.575868731277296 ] ], [ [ 447751.8491, 209325.075868731277296 ], [ 447749.8491, 209324.075868731277296 ], [ 447750.8491, 209319.075868731277296 ], [ 447753.8491, 209321.575868731277296 ], [ 447752.8491, 209326.575868731277296 ], [ 447751.8491, 209326.575868731277296 ], [ 447751.8491, 209325.075868731277296 ] ], [ [ 447752.3491, 209174.575868731277296 ], [ 447752.8491, 209174.575868731277296 ], [ 447752.8491, 209175.075868731277296 ], [ 447752.3491, 209175.075868731277296 ], [ 447752.3491, 209174.575868731277296 ] ], [ [ 447752.3491, 209175.575868731277296 ], [ 447752.8491, 209175.575868731277296 ], [ 447752.8491, 209176.575868731277296 ], [ 447752.3491, 209176.575868731277296 ], [ 447752.3491, 209175.575868731277296 ] ], [ [ 447750.8491, 209172.575868731277296 ], [ 447751.3491, 209172.575868731277296 ], [ 447751.3491, 209173.075868731277296 ], [ 447750.8491, 209173.075868731277296 ], [ 447750.8491, 209172.575868731277296 ] ], [ [ 447738.3491, 209093.575868731277296 ], [ 447738.8491, 209093.575868731277296 ], [ 447739.3491, 209093.075868731277296 ], [ 447739.3491, 209094.075868731277296 ], [ 447738.3491, 209093.575868731277296 ] ], [ [ 447735.8491, 209076.075868731277296 ], [ 447736.3491, 209076.075868731277296 ], [ 447736.3491, 209076.575868731277296 ], [ 447735.8491, 209076.575868731277296 ], [ 447735.8491, 209076.075868731277296 ] ], [ [ 447687.8491, 209438.575868731277296 ], [ 447688.8491, 209438.575868731277296 ], [ 447688.8491, 209439.075868731277296 ], [ 447687.8491, 209439.075868731277296 ], [ 447687.8491, 209438.575868731277296 ] ] ], [ [ [ 447858.3491, 209264.075868731277296 ], [ 447861.3491, 209264.075868731277296 ], [ 447861.8491, 209263.075868731277296 ], [ 447859.8491, 209262.575868731277296 ], [ 447857.8491, 209257.075868731277296 ], [ 447856.8491, 209257.075868731277296 ], [ 447855.8491, 209258.075868731277296 ], [ 447855.8491, 209263.075868731277296 ], [ 447858.3491, 209264.075868731277296 ] ] ] ] } },
{ "type": "Feature", "properties": { "mainhabs": "Good quality semi improved grassland", "habcodes": "GQSIG", "featdesc": null, "featcodes": null, "otherclass": null, "addhabs": "CFPGM", "primsource": "Feedback from Natural England adviser or specialist 2021 (GQSIG)", "areaha": "14.32", "version": "Sep_25", "uid": "PHID44664298_020988660", "shape_length": null, "shape_area": null, "site": "northfieldfarm", "pid": 15, "method": "grabcut2" }, "geometry": { "type": "Polygon", "coordinates": [ [ [ 446855.3491, 210127.575868731277296 ], [ 446856.3491, 210127.575868731277296 ], [ 446856.3491, 210125.575868731277296 ], [ 446858.3491, 210125.575868731277296 ], [ 446860.3491, 210120.075868731277296 ], [ 446860.3491, 210117.075868731277296 ], [ 446864.3491, 210105.575868731277296 ], [ 446864.3491, 210102.575868731277296 ], [ 446866.3491, 210098.575868731277296 ], [ 446868.3491, 210088.575868731277296 ], [ 446872.3491, 210077.075868731277296 ], [ 446872.3491, 210074.075868731277296 ], [ 446874.3491, 210070.075868731277296 ], [ 446874.3491, 210067.075868731277296 ], [ 446876.3491, 210063.075868731277296 ], [ 446876.3491, 210060.075868731277296 ], [ 446878.3491, 210056.075868731277296 ], [ 446878.3491, 210053.075868731277296 ], [ 446882.3491, 210041.575868731277296 ], [ 446882.3491, 210038.575868731277296 ], [ 446883.8491, 210036.075868731277296 ], [ 446884.3491, 210031.575868731277296 ], [ 446886.3491, 210027.575868731277296 ], [ 446886.3491, 210024.575868731277296 ], [ 446890.3491, 210013.075868731277296 ], [ 446890.8491, 210008.075868731277296 ], [ 446888.3491, 210007.075868731277296 ], [ 446888.3491, 210006.075868731277296 ], [ 446886.3491, 210006.075868731277296 ], [ 446884.8491, 210004.075868731277296 ], [ 446880.3491, 210002.575868731277296 ], [ 446876.3491, 209998.575868731277296 ], [ 446864.3491, 209993.075868731277296 ], [ 446863.8491, 209992.075868731277296 ], [ 446862.3491, 209992.075868731277296 ], [ 446860.3491, 209990.075868731277296 ], [ 446858.3491, 209990.075868731277296 ], [ 446856.3491, 209988.075868731277296 ], [ 446854.3491, 209988.075868731277296 ], [ 446852.3491, 209986.075868731277296 ], [ 446850.3491, 209986.075868731277296 ], [ 446850.3491, 209985.075868731277296 ], [ 446842.8491, 209981.575868731277296 ], [ 446838.3491, 209978.075868731277296 ], [ 446836.8491, 209978.075868731277296 ], [ 446835.8491, 209976.575868731277296 ], [ 446833.3491, 209976.075868731277296 ], [ 446832.3491, 209974.575868731277296 ], [ 446828.8491, 209973.575868731277296 ], [ 446827.8491, 209972.075868731277296 ], [ 446826.3491, 209972.075868731277296 ], [ 446826.3491, 209971.075868731277296 ], [ 446822.3491, 209969.575868731277296 ], [ 446817.8491, 209966.075868731277296 ], [ 446816.3491, 209966.075868731277296 ], [ 446814.3491, 209964.075868731277296 ], [ 446812.8491, 209964.075868731277296 ], [ 446811.8491, 209962.575868731277296 ], [ 446806.3491, 209961.575868731277296 ], [ 446804.8491, 209959.575868731277296 ], [ 446806.3491, 209958.075868731277296 ], [ 446812.3491, 209959.575868731277296 ], [ 446816.3491, 209959.575868731277296 ], [ 446816.8491, 209958.575868731277296 ], [ 446818.8491, 209920.075868731277296 ], [ 446819.3491, 209916.575868731277296 ], [ 446822.3491, 209912.075868731277296 ], [ 446816.8491, 209909.575868731277296 ], [ 446815.8491, 209908.075868731277296 ], [ 446814.3491, 209908.075868731277296 ], [ 446812.3491, 209906.075868731277296 ], [ 446810.8491, 209906.075868731277296 ], [ 446809.8491, 209904.575868731277296 ], [ 446807.8491, 209903.575868731277296 ], [ 446806.8491, 209904.075868731277296 ], [ 446805.8491, 209902.575868731277296 ], [ 446799.3491, 209899.575868731277296 ], [ 446794.8491, 209896.075868731277296 ], [ 446793.3491, 209896.075868731277296 ], [ 446792.3491, 209894.575868731277296 ], [ 446789.3491, 209893.575868731277296 ], [ 446788.3491, 209892.075868731277296 ], [ 446786.8491, 209892.075868731277296 ], [ 446781.8491, 209888.075868731277296 ], [ 446776.3491, 209886.075868731277296 ], [ 446771.8491, 209882.075868731277296 ], [ 446770.3491, 209882.075868731277296 ], [ 446768.3491, 209880.075868731277296 ], [ 446766.3491, 209879.575868731277296 ], [ 446766.3491, 209878.575868731277296 ], [ 446763.3491, 209877.575868731277296 ], [ 446762.3491, 209876.075868731277296 ], [ 446760.8491, 209876.075868731277296 ], [ 446759.3491, 209874.075868731277296 ], [ 446754.3491, 209872.075868731277296 ], [ 446752.3491, 209870.075868731277296 ], [ 446750.8491, 209870.075868731277296 ], [ 446749.8491, 209868.575868731277296 ], [ 446747.3491, 209868.075868731277296 ], [ 446746.8491, 209866.075868731277296 ], [ 446738.8491, 209868.575868731277296 ], [ 446732.3491, 209868.075868731277296 ], [ 446731.3491, 209866.575868731277296 ], [ 446728.8491, 209867.575868731277296 ], [ 446727.8491, 209866.075868731277296 ], [ 446722.8491, 209865.075868731277296 ], [ 446722.3491, 209864.075868731277296 ], [ 446720.3491, 209864.075868731277296 ], [ 446719.8491, 209863.075868731277296 ], [ 446714.8491, 209861.575868731277296 ], [ 446713.3491, 209860.075868731277296 ], [ 446706.3491, 209858.075868731277296 ], [ 446706.3491, 209857.075868731277296 ], [ 446701.3491, 209855.575868731277296 ], [ 446700.3491, 209854.075868731277296 ], [ 446697.8491, 209854.075868731277296 ], [ 446694.3491, 209850.575868731277296 ], [ 446691.3491, 209851.075868731277296 ], [ 446686.8491, 209849.075868731277296 ], [ 446686.3491, 209848.075868731277296 ], [ 446684.3491, 209848.075868731277296 ], [ 446680.3491, 209845.075868731277296 ], [ 446680.3491, 209844.075868731277296 ], [ 446674.3491, 209844.075868731277296 ], [ 446673.8491, 209843.075868731277296 ], [ 446664.8491, 209840.075868731277296 ], [ 446663.3491, 209838.075868731277296 ], [ 446659.3491, 209838.075868731277296 ], [ 446658.3491, 209836.575868731277296 ], [ 446652.3491, 209835.075868731277296 ], [ 446651.3491, 209833.575868731277296 ], [ 446648.3491, 209833.075868731277296 ], [ 446648.3491, 209832.075868731277296 ], [ 446644.3491, 209831.575868731277296 ], [ 446643.8491, 209830.075868731277296 ], [ 446640.3491, 209829.575868731277296 ], [ 446640.3491, 209828.575868731277296 ], [ 446636.8491, 209828.075868731277296 ], [ 446634.3491, 209826.075868731277296 ], [ 446629.3491, 209826.075868731277296 ], [ 446627.8491, 209824.075868731277296 ], [ 446624.3491, 209823.075868731277296 ], [ 446622.8491, 209823.575868731277296 ], [ 446619.8491, 209821.575868731277296 ], [ 446619.3491, 209820.075868731277296 ], [ 446613.3491, 209818.575868731277296 ], [ 446611.3491, 209816.575868731277296 ], [ 446607.8491, 209816.075868731277296 ], [ 446606.8491, 209814.575868731277296 ], [ 446604.8491, 209814.575868731277296 ], [ 446603.3491, 209813.075868731277296 ], [ 446600.8491, 209814.075868731277296 ], [ 446599.8491, 209812.075868731277296 ], [ 446597.8491, 209812.075868731277296 ], [ 446596.3491, 209810.075868731277296 ], [ 446592.8491, 209809.575868731277296 ], [ 446589.8491, 209807.075868731277296 ], [ 446588.3491, 209807.075868731277296 ], [ 446588.3491, 209806.075868731277296 ], [ 446581.8491, 209805.575868731277296 ], [ 446573.3491, 209798.075868731277296 ], [ 446572.3491, 209798.075868731277296 ], [ 446569.3491, 209794.075868731277296 ], [ 446568.3491, 209794.075868731277296 ], [ 446568.3491, 209793.075868731277296 ], [ 446565.3491, 209792.075868731277296 ], [ 446564.3491, 209790.075868731277296 ], [ 446562.3491, 209789.575868731277296 ], [ 446561.8491, 209788.075868731277296 ], [ 446557.3491, 209785.075868731277296 ], [ 446556.8491, 209782.075868731277296 ], [ 446554.8491, 209780.075868731277296 ], [ 446553.8491, 209777.075868731277296 ], [ 446554.8491, 209775.575868731277296 ], [ 446554.8491, 209772.075868731277296 ], [ 446556.3491, 209770.075868731277296 ], [ 446563.3491, 209770.075868731277296 ], [ 446564.3491, 209769.075868731277296 ], [ 446564.3491, 209766.575868731277296 ], [ 446566.3491, 209765.575868731277296 ], [ 446566.3491, 209764.075868731277296 ], [ 446564.3491, 209762.575868731277296 ], [ 446564.8491, 209760.075868731277296 ], [ 446568.3491, 209756.075868731277296 ], [ 446570.3491, 209755.075868731277296 ], [ 446572.3491, 209751.575868731277296 ], [ 446577.3491, 209746.575868731277296 ], [ 446578.8491, 209742.075868731277296 ], [ 446578.3491, 209739.575868731277296 ], [ 446576.8491, 209739.575868731277296 ], [ 446575.3491, 209738.075868731277296 ], [ 446572.3491, 209738.075868731277296 ], [ 446569.8491, 209736.075868731277296 ], [ 446566.8491, 209735.575868731277296 ], [ 446565.8491, 209734.075868731277296 ], [ 446558.8491, 209734.075868731277296 ], [ 446558.3491, 209732.575868731277296 ], [ 446557.3491, 209733.075868731277296 ], [ 446556.3491, 209732.075868731277296 ], [ 446556.3491, 209729.575868731277296 ], [ 446554.3491, 209728.075868731277296 ], [ 446552.3491, 209728.075868731277296 ], [ 446548.3491, 209725.075868731277296 ], [ 446546.3491, 209725.075868731277296 ], [ 446546.3491, 209724.075868731277296 ], [ 446542.8491, 209723.075868731277296 ], [ 446542.3491, 209722.075868731277296 ], [ 446540.3491, 209722.075868731277296 ], [ 446535.8491, 209718.575868731277296 ], [ 446532.8491, 209717.575868731277296 ], [ 446531.8491, 209716.075868731277296 ], [ 446530.3491, 209716.075868731277296 ], [ 446528.3491, 209714.075868731277296 ], [ 446526.3491, 209714.075868731277296 ], [ 446521.3491, 209710.075868731277296 ], [ 446516.3491, 209708.075868731277296 ], [ 446515.3491, 209706.575868731277296 ], [ 446514.3491, 209707.075868731277296 ], [ 446513.8491, 209706.075868731277296 ], [ 446512.3491, 209706.075868731277296 ], [ 446512.3491, 209705.075868731277296 ], [ 446504.3491, 209701.075868731277296 ], [ 446504.3491, 209700.075868731277296 ], [ 446502.3491, 209700.075868731277296 ], [ 446500.3491, 209698.075868731277296 ], [ 446498.3491, 209697.575868731277296 ], [ 446499.8491, 209699.575868731277296 ], [ 446499.8491, 209702.075868731277296 ], [ 446498.8491, 209702.075868731277296 ], [ 446498.3491, 209704.075868731277296 ], [ 446497.3491, 209704.075868731277296 ], [ 446496.3491, 209702.575868731277296 ], [ 446495.3491, 209703.075868731277296 ], [ 446486.3491, 209698.075868731277296 ], [ 446484.8491, 209698.075868731277296 ], [ 446482.8491, 209696.075868731277296 ], [ 446481.3491, 209696.075868731277296 ], [ 446470.8491, 209690.075868731277296 ], [ 446468.3491, 209689.575868731277296 ], [ 446467.3491, 209688.075868731277296 ], [ 446465.8491, 209688.075868731277296 ], [ 446455.3491, 209682.075868731277296 ], [ 446452.8491, 209681.575868731277296 ], [ 446448.3491, 209678.075868731277296 ], [ 446446.3491, 209678.075868731277296 ], [ 446439.8491, 209674.075868731277296 ], [ 446436.3491, 209673.075868731277296 ], [ 446436.3491, 209672.075868731277296 ], [ 446434.3491, 209672.075868731277296 ], [ 446432.3491, 209670.075868731277296 ], [ 446430.3491, 209670.075868731277296 ], [ 446428.3491, 209668.075868731277296 ], [ 446426.3491, 209668.075868731277296 ], [ 446424.3491, 209666.075868731277296 ], [ 446422.8491, 209666.075868731277296 ], [ 446422.3491, 209664.575868731277296 ], [ 446418.8491, 209664.075868731277296 ], [ 446416.8491, 209660.575868731277296 ], [ 446415.8491, 209661.075868731277296 ], [ 446413.3491, 209659.575868731277296 ], [ 446411.3491, 209660.075868731277296 ], [ 446399.8491, 209654.075868731277296 ], [ 446397.3491, 209650.575868731277296 ], [ 446392.8491, 209650.575868731277296 ], [ 446390.8491, 209649.575868731277296 ], [ 446390.3491, 209648.075868731277296 ], [ 446386.8491, 209647.575868731277296 ], [ 446386.8491, 209642.575868731277296 ], [ 446388.3491, 209642.075868731277296 ], [ 446388.3491, 209639.075868731277296 ], [ 446378.3491, 209636.075868731277296 ], [ 446372.8491, 209636.075868731277296 ], [ 446372.8491, 209637.575868731277296 ], [ 446371.8491, 209638.075868731277296 ], [ 446372.3491, 209640.575868731277296 ], [ 446371.3491, 209643.075868731277296 ], [ 446371.8491, 209645.575868731277296 ], [ 446370.8491, 209648.075868731277296 ], [ 446371.3491, 209650.075868731277296 ], [ 446370.3491, 209650.075868731277296 ], [ 446370.3491, 209654.075868731277296 ], [ 446368.8491, 209654.575868731277296 ], [ 446367.3491, 209658.075868731277296 ], [ 446363.8491, 209659.575868731277296 ], [ 446364.3491, 209665.075868731277296 ], [ 446360.8491, 209666.075868731277296 ], [ 446358.3491, 209669.075868731277296 ], [ 446358.3491, 209673.075868731277296 ], [ 446355.8491, 209677.575868731277296 ], [ 446356.3491, 209686.075868731277296 ], [ 446354.8491, 209687.075868731277296 ], [ 446353.8491, 209692.575868731277296 ], [ 446350.3491, 209695.075868731277296 ], [ 446350.3491, 209706.075868731277296 ], [ 446345.8491, 209707.075868731277296 ], [ 446343.3491, 209710.075868731277296 ], [ 446342.8491, 209715.075868731277296 ], [ 446344.8491, 209718.575868731277296 ], [ 446342.8491, 209720.575868731277296 ], [ 446341.3491, 209728.075868731277296 ], [ 446338.8491, 209729.575868731277296 ], [ 446338.3491, 209732.075868731277296 ], [ 446336.3491, 209731.075868731277296 ], [ 446336.3491, 209730.075868731277296 ], [ 446334.3491, 209729.575868731277296 ], [ 446333.3491, 209730.575868731277296 ], [ 446333.8491, 209732.075868731277296 ], [ 446332.3491, 209732.575868731277296 ], [ 446332.3491, 209734.075868731277296 ], [ 446330.3491, 209735.575868731277296 ], [ 446331.8491, 209738.575868731277296 ], [ 446330.8491, 209740.075868731277296 ], [ 446331.3491, 209743.075868731277296 ], [ 446330.3491, 209745.575868731277296 ], [ 446328.3491, 209746.575868731277296 ], [ 446327.8491, 209748.575868731277296 ], [ 446328.3491, 209750.075868731277296 ], [ 446330.3491, 209751.075868731277296 ], [ 446327.8491, 209753.575868731277296 ], [ 446328.3491, 209757.075868731277296 ], [ 446329.8491, 209758.075868731277296 ], [ 446329.8491, 209759.575868731277296 ], [ 446327.8491, 209762.075868731277296 ], [ 446327.8491, 209764.075868731277296 ], [ 446326.3491, 209765.075868731277296 ], [ 446326.3491, 209769.575868731277296 ], [ 446325.3491, 209770.075868731277296 ], [ 446325.3491, 209772.075868731277296 ], [ 446320.8491, 209774.075868731277296 ], [ 446320.3491, 209776.575868731277296 ], [ 446320.8491, 209778.075868731277296 ], [ 446321.8491, 209778.075868731277296 ], [ 446322.3491, 209780.575868731277296 ], [ 446320.3491, 209782.075868731277296 ], [ 446320.3491, 209784.575868731277296 ], [ 446318.8491, 209786.075868731277296 ], [ 446318.3491, 209790.075868731277296 ], [ 446316.3491, 209791.075868731277296 ], [ 446316.3491, 209792.075868731277296 ], [ 446314.8491, 209792.075868731277296 ], [ 446314.3491, 209793.575868731277296 ], [ 446312.3491, 209794.075868731277296 ], [ 446311.3491, 209796.075868731277296 ], [ 446309.3491, 209796.075868731277296 ], [ 446307.8491, 209797.575868731277296 ], [ 446308.8491, 209799.575868731277296 ], [ 446307.8491, 209800.075868731277296 ], [ 446308.3491, 209802.075868731277296 ], [ 446306.8491, 209805.075868731277296 ], [ 446307.3491, 209806.075868731277296 ], [ 446306.3491, 209808.075868731277296 ], [ 446304.8491, 209808.575868731277296 ], [ 446304.3491, 209811.075868731277296 ], [ 446304.3491, 209813.575868731277296 ], [ 446306.3491, 209814.575868731277296 ], [ 446306.8491, 209816.075868731277296 ], [ 446306.3491, 209820.075868731277296 ], [ 446305.3491, 209820.075868731277296 ], [ 446304.3491, 209822.575868731277296 ], [ 446304.8491, 209824.575868731277296 ], [ 446302.3491, 209827.075868731277296 ], [ 446301.8491, 209831.575868731277296 ], [ 446300.3491, 209832.075868731277296 ], [ 446300.8491, 209833.575868731277296 ], [ 446298.3491, 209836.575868731277296 ], [ 446297.3491, 209842.075868731277296 ], [ 446296.3491, 209842.075868731277296 ], [ 446296.3491, 209843.075868731277296 ], [ 446292.8491, 209842.575868731277296 ], [ 446291.3491, 209844.575868731277296 ], [ 446289.8491, 209844.075868731277296 ], [ 446286.8491, 209845.575868731277296 ], [ 446289.3491, 209849.575868731277296 ], [ 446288.3491, 209850.075868731277296 ], [ 446288.3491, 209862.075868731277296 ], [ 446290.3491, 209863.575868731277296 ], [ 446290.3491, 209868.575868731277296 ], [ 446292.3491, 209870.075868731277296 ], [ 446292.3491, 209872.075868731277296 ], [ 446290.8491, 209872.575868731277296 ], [ 446290.3491, 209875.575868731277296 ], [ 446288.8491, 209876.075868731277296 ], [ 446288.3491, 209880.575868731277296 ], [ 446286.8491, 209882.075868731277296 ], [ 446285.8491, 209885.575868731277296 ], [ 446286.3491, 209886.575868731277296 ], [ 446284.8491, 209888.075868731277296 ], [ 446284.8491, 209890.075868731277296 ], [ 446285.8491, 209890.075868731277296 ], [ 446287.3491, 209892.075868731277296 ], [ 446286.3491, 209902.575868731277296 ], [ 446284.8491, 209905.075868731277296 ], [ 446285.8491, 209908.075868731277296 ], [ 446282.3491, 209910.575868731277296 ], [ 446282.3491, 209911.575868731277296 ], [ 446277.8491, 209911.075868731277296 ], [ 446274.8491, 209915.075868731277296 ], [ 446273.8491, 209914.075868731277296 ], [ 446272.3491, 209915.075868731277296 ], [ 446270.8491, 209914.575868731277296 ], [ 446270.3491, 209916.075868731277296 ], [ 446268.3491, 209917.075868731277296 ], [ 446268.3491, 209923.075868731277296 ], [ 446266.8491, 209924.575868731277296 ], [ 446267.8491, 209928.075868731277296 ], [ 446266.8491, 209929.575868731277296 ], [ 446266.8491, 209933.075868731277296 ], [ 446268.3491, 209934.075868731277296 ], [ 446268.3491, 209937.075868731277296 ], [ 446266.3491, 209940.575868731277296 ], [ 446266.3491, 209943.075868731277296 ], [ 446267.3491, 209944.075868731277296 ], [ 446269.3491, 209944.075868731277296 ], [ 446270.3491, 209946.075868731277296 ], [ 446274.8491, 209946.075868731277296 ], [ 446273.8491, 209953.075868731277296 ], [ 446296.3491, 209948.075868731277296 ], [ 446318.3491, 209950.075868731277296 ], [ 446318.3491, 209944.075868731277296 ], [ 446317.3491, 209943.575868731277296 ], [ 446317.8491, 209941.575868731277296 ], [ 446316.3491, 209939.575868731277296 ], [ 446320.3491, 209938.075868731277296 ], [ 446322.3491, 209939.575868731277296 ], [ 446328.3491, 209941.075868731277296 ], [ 446328.8491, 209942.075868731277296 ], [ 446338.3491, 209944.075868731277296 ], [ 446340.3491, 209945.575868731277296 ], [ 446345.8491, 209946.075868731277296 ], [ 446355.3491, 209949.575868731277296 ], [ 446360.3491, 209950.075868731277296 ], [ 446361.3491, 209951.075868731277296 ], [ 446363.8491, 209951.075868731277296 ], [ 446364.3491, 209952.075868731277296 ], [ 446378.3491, 209954.075868731277296 ], [ 446383.8491, 209956.075868731277296 ], [ 446389.3491, 209956.575868731277296 ], [ 446391.8491, 209958.075868731277296 ], [ 446394.8491, 209958.075868731277296 ], [ 446398.8491, 209960.075868731277296 ], [ 446402.3491, 209960.075868731277296 ], [ 446410.3491, 209963.575868731277296 ], [ 446416.3491, 209965.075868731277296 ], [ 446416.8491, 209966.075868731277296 ], [ 446419.3491, 209966.075868731277296 ], [ 446422.3491, 209968.075868731277296 ], [ 446424.3491, 209968.075868731277296 ], [ 446427.3491, 209970.075868731277296 ], [ 446430.3491, 209970.075868731277296 ], [ 446430.8491, 209971.075868731277296 ], [ 446432.3491, 209971.075868731277296 ], [ 446432.3491, 209972.075868731277296 ], [ 446434.8491, 209972.075868731277296 ], [ 446436.3491, 209973.575868731277296 ], [ 446444.3491, 209976.075868731277296 ], [ 446445.8491, 209977.575868731277296 ], [ 446449.3491, 209978.075868731277296 ], [ 446450.3491, 209979.575868731277296 ], [ 446453.8491, 209980.575868731277296 ], [ 446455.3491, 209982.075868731277296 ], [ 446462.8491, 209984.075868731277296 ], [ 446469.3491, 209988.075868731277296 ], [ 446472.3491, 209988.575868731277296 ], [ 446473.8491, 209990.075868731277296 ], [ 446475.8491, 209990.075868731277296 ], [ 446478.3491, 209992.075868731277296 ], [ 446480.3491, 209992.075868731277296 ], [ 446482.8491, 209994.075868731277296 ], [ 446486.3491, 209995.075868731277296 ], [ 446486.8491, 209996.075868731277296 ], [ 446490.3491, 209996.075868731277296 ], [ 446490.3491, 209997.075868731277296 ], [ 446495.3491, 209998.575868731277296 ], [ 446500.8491, 210002.075868731277296 ], [ 446503.8491, 210002.575868731277296 ], [ 446504.3491, 210003.575868731277296 ], [ 446505.8491, 210003.575868731277296 ], [ 446509.8491, 210006.075868731277296 ], [ 446511.8491, 210006.075868731277296 ], [ 446514.3491, 210008.075868731277296 ], [ 446516.8491, 210008.075868731277296 ], [ 446519.3491, 210010.075868731277296 ], [ 446522.3491, 210010.575868731277296 ], [ 446522.3491, 210011.575868731277296 ], [ 446525.3491, 210012.075868731277296 ], [ 446526.3491, 210013.575868731277296 ], [ 446529.8491, 210014.575868731277296 ], [ 446530.8491, 210016.075868731277296 ], [ 446533.8491, 210016.575868731277296 ], [ 446534.3491, 210018.075868731277296 ], [ 446537.3491, 210018.575868731277296 ], [ 446538.3491, 210020.075868731277296 ], [ 446540.3491, 210020.075868731277296 ], [ 446541.3491, 210021.575868731277296 ], [ 446546.3491, 210024.075868731277296 ], [ 446548.3491, 210024.075868731277296 ], [ 446548.8491, 210025.575868731277296 ], [ 446551.8491, 210026.075868731277296 ], [ 446552.8491, 210027.575868731277296 ], [ 446556.3491, 210028.575868731277296 ], [ 446556.3491, 210029.575868731277296 ], [ 446562.3491, 210032.075868731277296 ], [ 446568.3491, 210036.075868731277296 ], [ 446570.3491, 210039.075868731277296 ], [ 446575.3491, 210041.575868731277296 ], [ 446574.3491, 210042.575868731277296 ], [ 446574.8491, 210046.075868731277296 ], [ 446579.8491, 210046.075868731277296 ], [ 446581.8491, 210048.075868731277296 ], [ 446584.3491, 210048.575868731277296 ], [ 446584.8491, 210050.075868731277296 ], [ 446586.3491, 210050.075868731277296 ], [ 446588.3491, 210052.075868731277296 ], [ 446588.3491, 210054.075868731277296 ], [ 446590.3491, 210053.075868731277296 ], [ 446591.8491, 210054.075868731277296 ], [ 446594.3491, 210054.075868731277296 ], [ 446596.3491, 210058.575868731277296 ], [ 446602.3491, 210062.075868731277296 ], [ 446603.3491, 210064.075868731277296 ], [ 446604.8491, 210064.075868731277296 ], [ 446606.8491, 210066.575868731277296 ], [ 446608.3491, 210066.575868731277296 ], [ 446612.3491, 210072.075868731277296 ], [ 446618.3491, 210077.075868731277296 ], [ 446618.3491, 210078.075868731277296 ], [ 446623.8491, 210080.575868731277296 ], [ 446624.8491, 210082.075868731277296 ], [ 446626.3491, 210082.075868731277296 ], [ 446627.3491, 210083.575868731277296 ], [ 446630.3491, 210084.575868731277296 ], [ 446634.8491, 210088.075868731277296 ], [ 446638.3491, 210089.075868731277296 ], [ 446640.3491, 210092.075868731277296 ], [ 446641.8491, 210092.075868731277296 ], [ 446642.3491, 210093.075868731277296 ], [ 446649.8491, 210096.575868731277296 ], [ 446651.8491, 210098.075868731277296 ], [ 446651.3491, 210099.575868731277296 ], [ 446652.3491, 210101.075868731277296 ], [ 446657.8491, 210104.075868731277296 ], [ 446658.8491, 210106.075868731277296 ], [ 446660.3491, 210104.075868731277296 ], [ 446662.8491, 210104.075868731277296 ], [ 446664.8491, 210107.075868731277296 ], [ 446664.3491, 210108.075868731277296 ], [ 446665.8491, 210109.575868731277296 ], [ 446666.3491, 210112.075868731277296 ], [ 446676.3491, 210114.075868731277296 ], [ 446680.3491, 210116.075868731277296 ], [ 446683.3491, 210116.075868731277296 ], [ 446684.3491, 210117.075868731277296 ], [ 446691.8491, 210119.075868731277296 ], [ 446694.3491, 210116.075868731277296 ], [ 446696.3491, 210116.075868731277296 ], [ 446697.3491, 210117.075868731277296 ], [ 446698.3491, 210116.075868731277296 ], [ 446698.3491, 210113.075868731277296 ], [ 446696.8491, 210112.075868731277296 ], [ 446697.8491, 210110.575868731277296 ], [ 446719.8491, 210113.075868731277296 ], [ 446720.8491, 210115.575868731277296 ], [ 446720.3491, 210118.075868731277296 ], [ 446722.3491, 210119.575868731277296 ], [ 446721.8491, 210121.075868731277296 ], [ 446723.8491, 210122.575868731277296 ], [ 446723.3491, 210123.575868731277296 ], [ 446725.8491, 210125.575868731277296 ], [ 446730.3491, 210126.075868731277296 ], [ 446737.8491, 210125.575868731277296 ], [ 446737.8491, 210123.075868731277296 ], [ 446736.3491, 210121.575868731277296 ], [ 446736.3491, 210119.575868731277296 ], [ 446737.8491, 210117.575868731277296 ], [ 446740.3491, 210117.075868731277296 ], [ 446740.8491, 210118.075868731277296 ], [ 446746.3491, 210118.075868731277296 ], [ 446748.3491, 210117.075868731277296 ], [ 446749.3491, 210117.575868731277296 ], [ 446751.3491, 210115.075868731277296 ], [ 446753.8491, 210115.075868731277296 ], [ 446762.3491, 210117.075868731277296 ], [ 446769.8491, 210116.575868731277296 ], [ 446770.3491, 210117.575868731277296 ], [ 446775.3491, 210118.075868731277296 ], [ 446786.3491, 210118.075868731277296 ], [ 446791.3491, 210119.075868731277296 ], [ 446791.8491, 210120.075868731277296 ], [ 446822.3491, 210122.075868731277296 ], [ 446833.3491, 210124.075868731277296 ], [ 446843.8491, 210124.075868731277296 ], [ 446849.3491, 210126.075868731277296 ], [ 446854.3491, 210126.575868731277296 ], [ 446855.3491, 210127.575868731277296 ] ], [ [ 446699.3491, 209959.575868731277296 ], [ 446699.3491, 209959.075868731277296 ], [ 446699.8491, 209959.075868731277296 ], [ 446699.8491, 209959.575868731277296 ], [ 446699.3491, 209959.575868731277296 ] ], [ [ 446281.3491, 209946.075868731277296 ], [ 446281.3491, 209945.075868731277296 ], [ 446283.3491, 209945.575868731277296 ], [ 446283.3491, 209946.075868731277296 ], [ 446281.3491, 209946.075868731277296 ] ] ] } },
{ "type": "Feature", "properties": { "mainhabs": "Good quality semi improved grassland", "habcodes": "GQSIG", "featdesc": null, "featcodes": null, "otherclass": null, "addhabs": null, "primsource": "Feedback from Natural England adviser or specialist 2021 (GQSIG)", "areaha": "12.84", "version": "Sep_25", "uid": "PHID44787356_020902719", "shape_length": null, "shape_area": null, "site": "northfieldfarm", "pid": 16, "method": "grabcut2" }, "geometry": { "type": "MultiPolygon", "coordinates": [ [ [ [ 448132.8491, 209336.575868731277296 ], [ 448133.8491, 209335.575868731277296 ], [ 448138.8491, 209335.575868731277296 ], [ 448139.3491, 209332.575868731277296 ], [ 448137.8491, 209330.575868731277296 ], [ 448137.3491, 209326.575868731277296 ], [ 448134.3491, 209320.575868731277296 ], [ 448131.8491, 209310.575868731277296 ], [ 448129.8491, 209308.575868731277296 ], [ 448129.3491, 209306.575868731277296 ], [ 448127.3491, 209306.575868731277296 ], [ 448125.8491, 209308.075868731277296 ], [ 448125.8491, 209310.575868731277296 ], [ 448123.8491, 209311.575868731277296 ], [ 448123.8491, 209316.075868731277296 ], [ 448125.3491, 209320.575868731277296 ], [ 448124.8491, 209322.575868731277296 ], [ 448127.8491, 209327.075868731277296 ], [ 448128.3491, 209332.075868731277296 ], [ 448131.8491, 209335.575868731277296 ], [ 448131.8491, 209336.575868731277296 ], [ 448132.8491, 209336.575868731277296 ] ] ], [ [ [ 447952.3491, 209402.575868731277296 ], [ 447955.3491, 209401.075868731277296 ], [ 447960.3491, 209400.575868731277296 ], [ 447963.8491, 209398.575868731277296 ], [ 447966.8491, 209398.575868731277296 ], [ 447969.8491, 209397.075868731277296 ], [ 447977.8491, 209395.575868731277296 ], [ 447978.3491, 209394.575868731277296 ], [ 447988.8491, 209392.575868731277296 ], [ 447992.8491, 209390.575868731277296 ], [ 447997.8491, 209390.075868731277296 ], [ 448000.3491, 209388.575868731277296 ], [ 448003.8491, 209388.575868731277296 ], [ 448004.3491, 209387.575868731277296 ], [ 448006.3491, 209387.575868731277296 ], [ 448007.3491, 209386.575868731277296 ], [ 448012.3491, 209386.075868731277296 ], [ 448014.8491, 209384.575868731277296 ], [ 448018.3491, 209384.575868731277296 ], [ 448018.8491, 209383.575868731277296 ], [ 448032.3491, 209380.575868731277296 ], [ 448036.3491, 209378.575868731277296 ], [ 448046.8491, 209376.575868731277296 ], [ 448050.8491, 209374.575868731277296 ], [ 448061.3491, 209372.575868731277296 ], [ 448065.3491, 209370.575868731277296 ], [ 448075.8491, 209368.575868731277296 ], [ 448079.8491, 209366.575868731277296 ], [ 448082.3491, 209366.575868731277296 ], [ 448082.3491, 209364.575868731277296 ], [ 448083.8491, 209363.575868731277296 ], [ 448096.3491, 209362.075868731277296 ], [ 448100.8491, 209360.575868731277296 ], [ 448105.3491, 209360.575868731277296 ], [ 448105.3491, 209358.075868731277296 ], [ 448107.3491, 209355.075868731277296 ], [ 448106.3491, 209354.575868731277296 ], [ 448105.3491, 209351.075868731277296 ], [ 448106.8491, 209349.575868731277296 ], [ 448108.8491, 209350.075868731277296 ], [ 448110.8491, 209348.575868731277296 ], [ 448113.8491, 209348.575868731277296 ], [ 448116.3491, 209346.575868731277296 ], [ 448119.3491, 209346.075868731277296 ], [ 448119.3491, 209344.575868731277296 ], [ 448118.3491, 209344.075868731277296 ], [ 448118.8491, 209339.075868731277296 ], [ 448117.8491, 209336.575868731277296 ], [ 448117.8491, 209332.575868731277296 ], [ 448114.3491, 209320.575868731277296 ], [ 448112.8491, 209319.575868731277296 ], [ 448111.3491, 209309.575868731277296 ], [ 448109.8491, 209307.575868731277296 ], [ 448109.8491, 209298.575868731277296 ], [ 448109.3491, 209297.075868731277296 ], [ 448107.8491, 209296.575868731277296 ], [ 448105.8491, 209288.575868731277296 ], [ 448105.8491, 209284.575868731277296 ], [ 448104.8491, 209283.575868731277296 ], [ 448105.8491, 209281.575868731277296 ], [ 448103.8491, 209280.575868731277296 ], [ 448105.8491, 209278.575868731277296 ], [ 448107.8491, 209279.075868731277296 ], [ 448108.3491, 209278.075868731277296 ], [ 448109.8491, 209278.075868731277296 ], [ 448110.8491, 209276.075868731277296 ], [ 448108.8491, 209269.575868731277296 ], [ 448105.8491, 209265.575868731277296 ], [ 448105.8491, 209262.575868731277296 ], [ 448104.3491, 209262.075868731277296 ], [ 448105.3491, 209261.075868731277296 ], [ 448105.3491, 209256.575868731277296 ], [ 448101.3491, 209246.075868731277296 ], [ 448085.3491, 209183.075868731277296 ], [ 448080.3491, 209172.575868731277296 ], [ 448072.3491, 209163.575868731277296 ], [ 448068.3491, 209154.575868731277296 ], [ 448067.3491, 209154.575868731277296 ], [ 448066.3491, 209139.575868731277296 ], [ 448062.8491, 209137.075868731277296 ], [ 448059.8491, 209136.575868731277296 ], [ 448046.8491, 209130.575868731277296 ], [ 448039.8491, 209142.575868731277296 ], [ 448037.8491, 209141.575868731277296 ], [ 448037.3491, 209140.075868731277296 ], [ 448038.3491, 209138.075868731277296 ], [ 448044.3491, 209129.075868731277296 ], [ 448034.3491, 209122.075868731277296 ], [ 448023.8491, 209112.075868731277296 ], [ 448012.3491, 209096.075868731277296 ], [ 448006.3491, 209085.075868731277296 ], [ 448000.8491, 209066.075868731277296 ], [ 447990.3491, 208988.575868731277296 ], [ 447982.8491, 208962.575868731277296 ], [ 447975.8491, 208950.075868731277296 ], [ 447969.8491, 208942.075868731277296 ], [ 447967.3491, 208940.075868731277296 ], [ 447967.3491, 208939.075868731277296 ], [ 447964.8491, 208937.575868731277296 ], [ 447959.8491, 208932.075868731277296 ], [ 447950.3491, 208925.075868731277296 ], [ 447925.3491, 208911.575868731277296 ], [ 447914.3491, 208904.575868731277296 ], [ 447910.3491, 208903.075868731277296 ], [ 447909.8491, 208902.075868731277296 ], [ 447906.8491, 208900.575868731277296 ], [ 447904.3491, 208901.075868731277296 ], [ 447902.3491, 208900.075868731277296 ], [ 447900.8491, 208899.075868731277296 ], [ 447900.3491, 208896.575868731277296 ], [ 447881.3491, 208887.575868731277296 ], [ 447880.8491, 208886.575868731277296 ], [ 447838.8491, 208864.575868731277296 ], [ 447838.3491, 208863.575868731277296 ], [ 447833.3491, 208861.575868731277296 ], [ 447832.8491, 208860.575868731277296 ], [ 447827.8491, 208858.575868731277296 ], [ 447827.3491, 208857.575868731277296 ], [ 447822.3491, 208855.575868731277296 ], [ 447821.8491, 208854.575868731277296 ], [ 447816.8491, 208852.575868731277296 ], [ 447816.3491, 208851.575868731277296 ], [ 447811.3491, 208849.575868731277296 ], [ 447810.8491, 208848.575868731277296 ], [ 447805.8491, 208846.575868731277296 ], [ 447805.3491, 208845.575868731277296 ], [ 447800.3491, 208843.575868731277296 ], [ 447799.8491, 208842.575868731277296 ], [ 447756.3491, 208819.575868731277296 ], [ 447750.3491, 208815.575868731277296 ], [ 447723.3491, 208802.575868731277296 ], [ 447722.8491, 208801.575868731277296 ], [ 447695.8491, 208788.575868731277296 ], [ 447689.3491, 208784.575868731277296 ], [ 447687.8491, 208784.575868731277296 ], [ 447671.8491, 208776.575868731277296 ], [ 447668.8491, 208774.075868731277296 ], [ 447649.8491, 208763.575868731277296 ], [ 447648.8491, 208766.575868731277296 ], [ 447641.8491, 208777.575868731277296 ], [ 447637.3491, 208780.575868731277296 ], [ 447630.8491, 208788.075868731277296 ], [ 447620.8491, 208806.575868731277296 ], [ 447620.8491, 208815.075868731277296 ], [ 447622.3491, 208820.575868731277296 ], [ 447634.3491, 208846.575868731277296 ], [ 447638.3491, 208858.575868731277296 ], [ 447639.3491, 208891.075868731277296 ], [ 447641.8491, 208900.075868731277296 ], [ 447645.8491, 208908.075868731277296 ], [ 447648.8491, 208917.075868731277296 ], [ 447654.3491, 208925.575868731277296 ], [ 447660.8491, 208932.075868731277296 ], [ 447666.3491, 208935.575868731277296 ], [ 447672.8491, 208942.575868731277296 ], [ 447678.8491, 208946.075868731277296 ], [ 447680.3491, 208948.075868731277296 ], [ 447692.3491, 208957.075868731277296 ], [ 447698.8491, 208960.575868731277296 ], [ 447706.3491, 208968.075868731277296 ], [ 447707.3491, 208968.075868731277296 ], [ 447718.3491, 208978.075868731277296 ], [ 447719.3491, 208978.075868731277296 ], [ 447722.3491, 208981.575868731277296 ], [ 447733.8491, 208989.575868731277296 ], [ 447738.3491, 208994.075868731277296 ], [ 447741.8491, 209004.075868731277296 ], [ 447744.8491, 209006.575868731277296 ], [ 447746.8491, 209006.575868731277296 ], [ 447748.8491, 209008.575868731277296 ], [ 447753.8491, 209008.075868731277296 ], [ 447766.3491, 209000.075868731277296 ], [ 447770.3491, 208994.575868731277296 ], [ 447776.8491, 208990.075868731277296 ], [ 447781.8491, 208989.575868731277296 ], [ 447783.8491, 208990.575868731277296 ], [ 447789.8491, 209002.575868731277296 ], [ 447792.8491, 209011.075868731277296 ], [ 447802.3491, 209026.075868731277296 ], [ 447802.8491, 209031.075868731277296 ], [ 447801.3491, 209036.575868731277296 ], [ 447801.8491, 209039.075868731277296 ], [ 447803.8491, 209040.575868731277296 ], [ 447813.3491, 209042.575868731277296 ], [ 447814.3491, 209044.575868731277296 ], [ 447819.3491, 209047.575868731277296 ], [ 447823.8491, 209052.575868731277296 ], [ 447825.3491, 209067.075868731277296 ], [ 447823.8491, 209074.075868731277296 ], [ 447823.8491, 209081.575868731277296 ], [ 447822.3491, 209090.575868731277296 ], [ 447823.3491, 209090.575868731277296 ], [ 447824.3491, 209093.575868731277296 ], [ 447825.8491, 209094.575868731277296 ], [ 447826.3491, 209096.575868731277296 ], [ 447827.3491, 209096.575868731277296 ], [ 447829.3491, 209100.575868731277296 ], [ 447830.3491, 209100.575868731277296 ], [ 447834.3491, 209104.575868731277296 ], [ 447835.8491, 209104.575868731277296 ], [ 447835.8491, 209105.575868731277296 ], [ 447847.3491, 209110.575868731277296 ], [ 447847.8491, 209112.075868731277296 ], [ 447849.8491, 209113.075868731277296 ], [ 447849.8491, 209114.575868731277296 ], [ 447850.8491, 209114.575868731277296 ], [ 447858.8491, 209123.575868731277296 ], [ 447861.8491, 209129.575868731277296 ], [ 447862.3491, 209132.575868731277296 ], [ 447863.3491, 209133.075868731277296 ], [ 447865.8491, 209138.575868731277296 ], [ 447865.8491, 209140.575868731277296 ], [ 447867.8491, 209143.075868731277296 ], [ 447867.8491, 209145.075868731277296 ], [ 447869.3491, 209146.575868731277296 ], [ 447869.8491, 209149.575868731277296 ], [ 447873.3491, 209155.075868731277296 ], [ 447873.8491, 209158.075868731277296 ], [ 447875.8491, 209161.075868731277296 ], [ 447875.8491, 209163.575868731277296 ], [ 447877.8491, 209166.575868731277296 ], [ 447878.3491, 209170.575868731277296 ], [ 447879.8491, 209172.575868731277296 ], [ 447879.8491, 209181.575868731277296 ], [ 447877.8491, 209194.075868731277296 ], [ 447873.8491, 209198.575868731277296 ], [ 447873.8491, 209200.075868731277296 ], [ 447869.8491, 209205.075868731277296 ], [ 447869.8491, 209206.575868731277296 ], [ 447868.8491, 209206.575868731277296 ], [ 447866.8491, 209209.575868731277296 ], [ 447867.3491, 209210.575868731277296 ], [ 447866.3491, 209210.575868731277296 ], [ 447863.8491, 209215.575868731277296 ], [ 447861.8491, 209217.075868731277296 ], [ 447859.8491, 209224.075868731277296 ], [ 447857.3491, 209226.575868731277296 ], [ 447858.3491, 209228.575868731277296 ], [ 447858.8491, 209241.575868731277296 ], [ 447855.8491, 209255.075868731277296 ], [ 447857.8491, 209257.075868731277296 ], [ 447859.8491, 209262.575868731277296 ], [ 447864.3491, 209264.575868731277296 ], [ 447866.8491, 209264.575868731277296 ], [ 447871.8491, 209262.575868731277296 ], [ 447875.8491, 209268.075868731277296 ], [ 447879.3491, 209269.575868731277296 ], [ 447879.8491, 209277.075868731277296 ], [ 447877.8491, 209286.575868731277296 ], [ 447877.3491, 209297.075868731277296 ], [ 447880.3491, 209300.575868731277296 ], [ 447885.8491, 209298.575868731277296 ], [ 447893.8491, 209297.575868731277296 ], [ 447891.8491, 209301.575868731277296 ], [ 447893.8491, 209304.075868731277296 ], [ 447894.3491, 209309.575868731277296 ], [ 447889.8491, 209312.575868731277296 ], [ 447889.8491, 209314.575868731277296 ], [ 447891.3491, 209320.575868731277296 ], [ 447893.8491, 209322.575868731277296 ], [ 447893.8491, 209325.075868731277296 ], [ 447894.8491, 209325.575868731277296 ], [ 447895.3491, 209328.075868731277296 ], [ 447898.3491, 209330.575868731277296 ], [ 447898.3491, 209334.575868731277296 ], [ 447899.8491, 209335.075868731277296 ], [ 447899.8491, 209338.575868731277296 ], [ 447901.8491, 209339.575868731277296 ], [ 447901.8491, 209341.075868731277296 ], [ 447902.8491, 209341.575868731277296 ], [ 447902.3491, 209343.075868731277296 ], [ 447903.8491, 209345.075868731277296 ], [ 447908.3491, 209347.575868731277296 ], [ 447909.8491, 209351.575868731277296 ], [ 447913.8491, 209353.575868731277296 ], [ 447914.3491, 209356.575868731277296 ], [ 447915.3491, 209356.575868731277296 ], [ 447917.8491, 209359.575868731277296 ], [ 447918.8491, 209365.575868731277296 ], [ 447922.8491, 209369.075868731277296 ], [ 447920.8491, 209372.075868731277296 ], [ 447925.8491, 209376.575868731277296 ], [ 447928.3491, 209382.075868731277296 ], [ 447931.8491, 209384.575868731277296 ], [ 447933.8491, 209389.575868731277296 ], [ 447935.8491, 209390.575868731277296 ], [ 447938.3491, 209394.575868731277296 ], [ 447946.3491, 209398.575868731277296 ], [ 447949.8491, 209401.575868731277296 ], [ 447949.8491, 209402.575868731277296 ], [ 447952.3491, 209402.575868731277296 ] ] ] ] } },
{ "type": "Feature", "properties": { "mainhabs": "Lowland fens", "habcodes": "LFENS", "featdesc": null, "featcodes": null, "otherclass": "Annex1(7230), NVC(M22 species-rich)", "addhabs": "PMGRP", "primsource": "Feedback from Natural England adviser or specialist 2021 (LFENS)", "areaha": "0.9", "version": "Sep_25", "uid": "PHID44664186_020980781", "shape_length": null, "shape_area": null, "site": "northfieldfarm", "pid": 17, "method": "grabcut2" }, "geometry": { "type": "Polygon", "coordinates": [ [ [ 446738.3491, 209868.575868731277296 ], [ 446746.8491, 209866.075868731277296 ], [ 446746.3491, 209861.575868731277296 ], [ 446748.3491, 209859.575868731277296 ], [ 446747.8491, 209858.575868731277296 ], [ 446748.8491, 209856.575868731277296 ], [ 446750.3491, 209855.575868731277296 ], [ 446752.3491, 209850.575868731277296 ], [ 446754.3491, 209849.075868731277296 ], [ 446757.8491, 209842.575868731277296 ], [ 446757.8491, 209840.075868731277296 ], [ 446756.3491, 209836.575868731277296 ], [ 446754.3491, 209836.075868731277296 ], [ 446753.3491, 209834.075868731277296 ], [ 446749.8491, 209832.075868731277296 ], [ 446748.3491, 209830.075868731277296 ], [ 446746.3491, 209830.075868731277296 ], [ 446745.3491, 209828.075868731277296 ], [ 446742.3491, 209826.575868731277296 ], [ 446740.3491, 209824.075868731277296 ], [ 446738.8491, 209824.075868731277296 ], [ 446725.8491, 209816.075868731277296 ], [ 446724.3491, 209816.075868731277296 ], [ 446722.3491, 209814.075868731277296 ], [ 446720.8491, 209814.075868731277296 ], [ 446720.3491, 209813.075868731277296 ], [ 446718.3491, 209813.075868731277296 ], [ 446718.3491, 209812.075868731277296 ], [ 446716.3491, 209812.075868731277296 ], [ 446714.3491, 209810.075868731277296 ], [ 446712.8491, 209810.075868731277296 ], [ 446699.8491, 209802.075868731277296 ], [ 446694.3491, 209800.075868731277296 ], [ 446692.3491, 209798.075868731277296 ], [ 446689.8491, 209798.075868731277296 ], [ 446684.3491, 209794.075868731277296 ], [ 446682.3491, 209794.075868731277296 ], [ 446681.3491, 209792.575868731277296 ], [ 446674.3491, 209789.575868731277296 ], [ 446673.3491, 209788.075868731277296 ], [ 446671.8491, 209788.075868731277296 ], [ 446665.8491, 209784.075868731277296 ], [ 446663.3491, 209783.575868731277296 ], [ 446662.3491, 209782.075868731277296 ], [ 446658.8491, 209781.575868731277296 ], [ 446657.8491, 209780.075868731277296 ], [ 446652.3491, 209778.075868731277296 ], [ 446650.3491, 209776.075868731277296 ], [ 446648.3491, 209776.075868731277296 ], [ 446648.3491, 209775.075868731277296 ], [ 446644.8491, 209774.075868731277296 ], [ 446642.8491, 209772.075868731277296 ], [ 446640.8491, 209772.075868731277296 ], [ 446635.8491, 209768.575868731277296 ], [ 446633.3491, 209768.075868731277296 ], [ 446632.3491, 209766.575868731277296 ], [ 446631.3491, 209767.075868731277296 ], [ 446628.8491, 209766.075868731277296 ], [ 446627.8491, 209764.575868731277296 ], [ 446624.3491, 209763.575868731277296 ], [ 446623.3491, 209762.075868731277296 ], [ 446620.8491, 209761.575868731277296 ], [ 446615.8491, 209758.075868731277296 ], [ 446614.3491, 209758.075868731277296 ], [ 446612.3491, 209756.075868731277296 ], [ 446610.3491, 209756.075868731277296 ], [ 446609.3491, 209754.575868731277296 ], [ 446600.8491, 209751.075868731277296 ], [ 446600.3491, 209750.075868731277296 ], [ 446598.3491, 209750.075868731277296 ], [ 446596.3491, 209748.075868731277296 ], [ 446594.3491, 209748.075868731277296 ], [ 446592.3491, 209746.075868731277296 ], [ 446590.3491, 209746.075868731277296 ], [ 446588.3491, 209744.075868731277296 ], [ 446584.8491, 209743.075868731277296 ], [ 446584.3491, 209742.075868731277296 ], [ 446582.3491, 209742.075868731277296 ], [ 446579.8491, 209740.075868731277296 ], [ 446578.8491, 209740.075868731277296 ], [ 446578.3491, 209744.075868731277296 ], [ 446576.3491, 209748.075868731277296 ], [ 446564.8491, 209760.075868731277296 ], [ 446564.3491, 209762.575868731277296 ], [ 446566.3491, 209764.075868731277296 ], [ 446566.3491, 209765.575868731277296 ], [ 446564.3491, 209766.575868731277296 ], [ 446564.3491, 209769.075868731277296 ], [ 446563.3491, 209770.075868731277296 ], [ 446557.8491, 209769.575868731277296 ], [ 446554.8491, 209772.075868731277296 ], [ 446554.8491, 209775.575868731277296 ], [ 446553.8491, 209777.075868731277296 ], [ 446554.8491, 209780.075868731277296 ], [ 446556.8491, 209782.075868731277296 ], [ 446557.3491, 209785.075868731277296 ], [ 446561.8491, 209788.075868731277296 ], [ 446562.3491, 209789.575868731277296 ], [ 446564.3491, 209790.075868731277296 ], [ 446565.3491, 209792.075868731277296 ], [ 446568.3491, 209793.075868731277296 ], [ 446570.3491, 209796.075868731277296 ], [ 446572.3491, 209797.075868731277296 ], [ 446572.3491, 209798.075868731277296 ], [ 446573.3491, 209798.075868731277296 ], [ 446581.8491, 209805.575868731277296 ], [ 446588.3491, 209806.075868731277296 ], [ 446588.3491, 209807.075868731277296 ], [ 446589.8491, 209807.075868731277296 ], [ 446592.8491, 209809.575868731277296 ], [ 446596.3491, 209810.075868731277296 ], [ 446597.8491, 209812.075868731277296 ], [ 446599.8491, 209812.075868731277296 ], [ 446600.8491, 209814.075868731277296 ], [ 446603.3491, 209813.075868731277296 ], [ 446604.8491, 209814.575868731277296 ], [ 446606.8491, 209814.575868731277296 ], [ 446607.8491, 209816.075868731277296 ], [ 446611.3491, 209816.575868731277296 ], [ 446613.3491, 209818.575868731277296 ], [ 446619.3491, 209820.075868731277296 ], [ 446620.3491, 209822.075868731277296 ], [ 446622.3491, 209822.575868731277296 ], [ 446622.8491, 209823.575868731277296 ], [ 446624.3491, 209823.075868731277296 ], [ 446627.8491, 209824.075868731277296 ], [ 446629.3491, 209826.075868731277296 ], [ 446634.3491, 209826.075868731277296 ], [ 446636.8491, 209828.075868731277296 ], [ 446640.3491, 209828.575868731277296 ], [ 446640.3491, 209829.575868731277296 ], [ 446643.8491, 209830.075868731277296 ], [ 446644.3491, 209831.575868731277296 ], [ 446648.3491, 209832.075868731277296 ], [ 446648.3491, 209833.075868731277296 ], [ 446652.3491, 209834.075868731277296 ], [ 446652.3491, 209835.075868731277296 ], [ 446658.3491, 209836.575868731277296 ], [ 446659.3491, 209838.075868731277296 ], [ 446663.3491, 209838.075868731277296 ], [ 446664.8491, 209840.075868731277296 ], [ 446673.8491, 209843.075868731277296 ], [ 446674.3491, 209844.075868731277296 ], [ 446680.3491, 209844.075868731277296 ], [ 446682.3491, 209847.075868731277296 ], [ 446684.3491, 209848.075868731277296 ], [ 446686.3491, 209848.075868731277296 ], [ 446686.8491, 209849.075868731277296 ], [ 446691.3491, 209851.075868731277296 ], [ 446694.3491, 209850.575868731277296 ], [ 446697.8491, 209854.075868731277296 ], [ 446700.3491, 209854.075868731277296 ], [ 446704.3491, 209857.075868731277296 ], [ 446706.3491, 209857.075868731277296 ], [ 446706.3491, 209858.075868731277296 ], [ 446713.3491, 209860.075868731277296 ], [ 446714.8491, 209861.575868731277296 ], [ 446719.8491, 209863.075868731277296 ], [ 446720.3491, 209864.075868731277296 ], [ 446722.3491, 209864.075868731277296 ], [ 446722.8491, 209865.075868731277296 ], [ 446727.8491, 209866.075868731277296 ], [ 446728.8491, 209867.575868731277296 ], [ 446731.3491, 209866.575868731277296 ], [ 446732.3491, 209868.075868731277296 ], [ 446738.3491, 209868.575868731277296 ] ] ] } },
{ "type": "Feature", "properties": { "mainhabs": "Lowland meadows", "habcodes": "LMEAD", "featdesc": null, "featcodes": null, "otherclass": null, "addhabs": "CFPGM", "primsource": "County Wildlife Site Survey Files 2001 (LMEAD)", "areaha": "0.01", "version": "Sep_25", "uid": "PHID44581668_020976771", "shape_length": null, "shape_area": null, "site": "northfieldfarm", "pid": 18, "method": "grabcut2" }, "geometry": { "type": "Polygon", "coordinates": [ [ [ 445837.8491, 209784.575868731277296 ], [ 445838.8491, 209784.575868731277296 ], [ 445839.8491, 209782.575868731277296 ], [ 445839.3491, 209781.075868731277296 ], [ 445835.3491, 209779.575868731277296 ], [ 445832.3491, 209776.575868731277296 ], [ 445829.3491, 209775.575868731277296 ], [ 445828.3491, 209774.075868731277296 ], [ 445826.8491, 209774.075868731277296 ], [ 445825.8491, 209772.075868731277296 ], [ 445823.3491, 209771.575868731277296 ], [ 445823.3491, 209770.575868731277296 ], [ 445820.8491, 209770.075868731277296 ], [ 445820.8491, 209769.075868731277296 ], [ 445814.3491, 209765.575868731277296 ], [ 445814.3491, 209764.575868731277296 ], [ 445812.3491, 209764.075868731277296 ], [ 445811.3491, 209762.075868731277296 ], [ 445810.3491, 209762.075868731277296 ], [ 445809.8491, 209760.075868731277296 ], [ 445808.8491, 209760.075868731277296 ], [ 445807.3491, 209758.075868731277296 ], [ 445805.8491, 209758.075868731277296 ], [ 445803.3491, 209755.575868731277296 ], [ 445801.8491, 209756.075868731277296 ], [ 445801.8491, 209757.075868731277296 ], [ 445798.3491, 209757.075868731277296 ], [ 445797.8491, 209755.575868731277296 ], [ 445794.3491, 209754.075868731277296 ], [ 445794.3491, 209753.075868731277296 ], [ 445792.3491, 209753.575868731277296 ], [ 445793.3491, 209756.075868731277296 ], [ 445801.8491, 209760.575868731277296 ], [ 445802.8491, 209762.075868731277296 ], [ 445804.3491, 209762.075868731277296 ], [ 445805.3491, 209763.575868731277296 ], [ 445808.3491, 209764.575868731277296 ], [ 445808.3491, 209765.575868731277296 ], [ 445811.3491, 209766.575868731277296 ], [ 445812.3491, 209768.075868731277296 ], [ 445813.8491, 209768.075868731277296 ], [ 445814.8491, 209769.575868731277296 ], [ 445816.3491, 209769.575868731277296 ], [ 445819.3491, 209772.075868731277296 ], [ 445822.3491, 209773.075868731277296 ], [ 445822.3491, 209774.075868731277296 ], [ 445824.3491, 209774.575868731277296 ], [ 445832.3491, 209781.575868731277296 ], [ 445837.8491, 209784.575868731277296 ] ], [ [ 445836.3491, 209781.575868731277296 ], [ 445836.3491, 209781.075868731277296 ], [ 445836.8491, 209781.075868731277296 ], [ 445836.8491, 209781.575868731277296 ], [ 445836.3491, 209781.575868731277296 ] ], [ [ 445836.8491, 209781.575868731277296 ], [ 445837.8491, 209781.575868731277296 ], [ 445837.8491, 209782.075868731277296 ], [ 445836.8491, 209782.075868731277296 ], [ 445836.8491, 209781.575868731277296 ] ] ] } },
{ "type": "Feature", "properties": { "mainhabs": "Lowland meadows", "habcodes": "LMEAD", "featdesc": null, "featcodes": null, "otherclass": null, "addhabs": "CFPGM", "primsource": "County Wildlife Site Survey Files 2001 (LMEAD)", "areaha": "4.18", "version": "Sep_25", "uid": "PHID44603190_020977567", "shape_length": null, "shape_area": null, "site": "northfieldfarm", "pid": 19, "method": "grabcut2" }, "geometry": { "type": "MultiPolygon", "coordinates": [ [ [ [ 446210.3491, 209936.575868731277296 ], [ 446208.8491, 209936.075868731277296 ], [ 446204.3491, 209930.075868731277296 ], [ 446203.3491, 209930.075868731277296 ], [ 446202.3491, 209928.075868731277296 ], [ 446201.3491, 209928.075868731277296 ], [ 446200.3491, 209926.075868731277296 ], [ 446190.3491, 209917.075868731277296 ], [ 446185.8491, 209910.575868731277296 ], [ 446184.3491, 209910.075868731277296 ], [ 446183.8491, 209908.075868731277296 ], [ 446182.3491, 209907.575868731277296 ], [ 446182.3491, 209906.575868731277296 ], [ 446180.3491, 209905.075868731277296 ], [ 446180.3491, 209904.075868731277296 ], [ 446179.3491, 209904.075868731277296 ], [ 446172.3491, 209894.575868731277296 ], [ 446170.8491, 209894.075868731277296 ], [ 446170.3491, 209892.075868731277296 ], [ 446169.3491, 209892.075868731277296 ], [ 446168.3491, 209890.075868731277296 ], [ 446164.8491, 209887.575868731277296 ], [ 446174.3491, 209901.575868731277296 ], [ 446186.3491, 209916.575868731277296 ], [ 446188.8491, 209921.575868731277296 ], [ 446201.8491, 209933.075868731277296 ], [ 446209.8491, 209938.075868731277296 ], [ 446210.3491, 209936.575868731277296 ] ] ], [ [ [ 446138.3491, 209850.575868731277296 ], [ 446140.3491, 209849.575868731277296 ], [ 446140.3491, 209848.075868731277296 ], [ 446137.8491, 209846.075868731277296 ], [ 446136.3491, 209843.075868731277296 ], [ 446136.3491, 209832.075868731277296 ], [ 446143.8491, 209817.575868731277296 ], [ 446144.8491, 209817.075868731277296 ], [ 446145.8491, 209813.575868731277296 ], [ 446146.8491, 209813.075868731277296 ], [ 446147.8491, 209810.075868731277296 ], [ 446156.8491, 209795.575868731277296 ], [ 446157.3491, 209793.075868731277296 ], [ 446159.3491, 209791.075868731277296 ], [ 446159.3491, 209789.575868731277296 ], [ 446165.3491, 209780.075868731277296 ], [ 446163.3491, 209781.075868731277296 ], [ 446159.8491, 209777.075868731277296 ], [ 446158.3491, 209776.575868731277296 ], [ 446156.8491, 209774.075868731277296 ], [ 446154.3491, 209774.075868731277296 ], [ 446153.8491, 209773.075868731277296 ], [ 446149.8491, 209772.075868731277296 ], [ 446147.3491, 209769.075868731277296 ], [ 446146.3491, 209769.075868731277296 ], [ 446146.3491, 209768.075868731277296 ], [ 446138.8491, 209766.075868731277296 ], [ 446138.3491, 209763.075868731277296 ], [ 446135.8491, 209762.075868731277296 ], [ 446132.8491, 209759.075868731277296 ], [ 446129.8491, 209753.075868731277296 ], [ 446127.8491, 209751.075868731277296 ], [ 446126.8491, 209752.075868731277296 ], [ 446122.8491, 209752.075868731277296 ], [ 446121.3491, 209754.075868731277296 ], [ 446120.3491, 209754.075868731277296 ], [ 446120.3491, 209756.575868731277296 ], [ 446117.3491, 209757.575868731277296 ], [ 446115.8491, 209756.075868731277296 ], [ 446116.3491, 209753.575868731277296 ], [ 446114.3491, 209751.575868731277296 ], [ 446112.8491, 209751.575868731277296 ], [ 446111.3491, 209748.575868731277296 ], [ 446110.3491, 209749.075868731277296 ], [ 446110.3491, 209748.075868731277296 ], [ 446108.3491, 209747.075868731277296 ], [ 446106.8491, 209748.075868731277296 ], [ 446106.3491, 209746.575868731277296 ], [ 446102.8491, 209745.575868731277296 ], [ 446102.3491, 209744.075868731277296 ], [ 446101.3491, 209744.075868731277296 ], [ 446098.8491, 209741.075868731277296 ], [ 446094.8491, 209740.575868731277296 ], [ 446093.8491, 209744.075868731277296 ], [ 446090.8491, 209746.075868731277296 ], [ 446088.3491, 209744.075868731277296 ], [ 446086.3491, 209744.075868731277296 ], [ 446086.3491, 209743.075868731277296 ], [ 446084.3491, 209741.575868731277296 ], [ 446084.8491, 209739.575868731277296 ], [ 446083.8491, 209736.575868731277296 ], [ 446080.3491, 209735.075868731277296 ], [ 446078.3491, 209732.075868731277296 ], [ 446075.3491, 209732.075868731277296 ], [ 446075.3491, 209728.075868731277296 ], [ 446072.3491, 209728.075868731277296 ], [ 446071.8491, 209729.075868731277296 ], [ 446065.3491, 209728.075868731277296 ], [ 446062.3491, 209726.075868731277296 ], [ 446062.3491, 209724.075868731277296 ], [ 446059.8491, 209724.075868731277296 ], [ 446058.3491, 209721.075868731277296 ], [ 446054.8491, 209721.075868731277296 ], [ 446050.8491, 209718.075868731277296 ], [ 446041.3491, 209718.075868731277296 ], [ 446038.8491, 209720.075868731277296 ], [ 446034.8491, 209718.075868731277296 ], [ 446033.8491, 209713.075868731277296 ], [ 446030.8491, 209708.075868731277296 ], [ 446027.3491, 209708.575868731277296 ], [ 446025.8491, 209707.075868731277296 ], [ 446025.3491, 209708.075868731277296 ], [ 446023.3491, 209708.575868731277296 ], [ 446021.8491, 209707.075868731277296 ], [ 446020.3491, 209707.075868731277296 ], [ 446018.8491, 209705.075868731277296 ], [ 446020.3491, 209703.075868731277296 ], [ 446017.8491, 209701.075868731277296 ], [ 446014.3491, 209700.575868731277296 ], [ 446013.3491, 209699.075868731277296 ], [ 446012.3491, 209699.575868731277296 ], [ 446010.3491, 209698.075868731277296 ], [ 446009.8491, 209696.075868731277296 ], [ 446008.3491, 209698.075868731277296 ], [ 446006.3491, 209698.075868731277296 ], [ 446004.8491, 209696.575868731277296 ], [ 446005.8491, 209686.575868731277296 ], [ 446004.3491, 209686.075868731277296 ], [ 446003.8491, 209684.575868731277296 ], [ 445998.3491, 209682.075868731277296 ], [ 445998.3491, 209681.075868731277296 ], [ 445996.8491, 209681.075868731277296 ], [ 445994.3491, 209678.075868731277296 ], [ 445992.3491, 209678.075868731277296 ], [ 445991.3491, 209676.075868731277296 ], [ 445988.3491, 209676.075868731277296 ], [ 445986.3491, 209672.075868731277296 ], [ 445984.8491, 209672.075868731277296 ], [ 445981.8491, 209669.575868731277296 ], [ 445979.8491, 209670.075868731277296 ], [ 445978.3491, 209668.075868731277296 ], [ 445976.3491, 209667.575868731277296 ], [ 445976.3491, 209666.575868731277296 ], [ 445974.3491, 209666.075868731277296 ], [ 445974.3491, 209665.075868731277296 ], [ 445972.8491, 209665.075868731277296 ], [ 445970.8491, 209667.075868731277296 ], [ 445970.3491, 209662.075868731277296 ], [ 445968.8491, 209662.075868731277296 ], [ 445966.8491, 209660.075868731277296 ], [ 445964.3491, 209660.075868731277296 ], [ 445962.3491, 209656.075868731277296 ], [ 445954.8491, 209655.075868731277296 ], [ 445953.8491, 209653.575868731277296 ], [ 445952.3491, 209654.075868731277296 ], [ 445951.8491, 209652.575868731277296 ], [ 445952.8491, 209647.575868731277296 ], [ 445951.3491, 209646.075868731277296 ], [ 445948.3491, 209646.075868731277296 ], [ 445948.3491, 209647.075868731277296 ], [ 445951.8491, 209649.075868731277296 ], [ 445951.8491, 209650.075868731277296 ], [ 445950.3491, 209650.575868731277296 ], [ 445950.3491, 209652.075868731277296 ], [ 445948.3491, 209653.075868731277296 ], [ 445936.3491, 209669.075868731277296 ], [ 445934.3491, 209670.075868731277296 ], [ 445934.3491, 209671.575868731277296 ], [ 445932.3491, 209672.575868731277296 ], [ 445932.3491, 209674.075868731277296 ], [ 445930.3491, 209675.075868731277296 ], [ 445925.8491, 209681.575868731277296 ], [ 445924.3491, 209682.075868731277296 ], [ 445923.8491, 209684.075868731277296 ], [ 445922.3491, 209684.575868731277296 ], [ 445915.3491, 209694.075868731277296 ], [ 445914.3491, 209694.075868731277296 ], [ 445913.3491, 209695.575868731277296 ], [ 445913.8491, 209698.075868731277296 ], [ 445910.8491, 209700.075868731277296 ], [ 445910.3491, 209702.075868731277296 ], [ 445909.3491, 209702.075868731277296 ], [ 445905.8491, 209707.075868731277296 ], [ 445902.3491, 209710.075868731277296 ], [ 445902.3491, 209711.575868731277296 ], [ 445900.8491, 209712.075868731277296 ], [ 445900.3491, 209714.075868731277296 ], [ 445897.3491, 209716.075868731277296 ], [ 445895.8491, 209719.575868731277296 ], [ 445894.3491, 209720.075868731277296 ], [ 445894.3491, 209721.575868731277296 ], [ 445891.3491, 209723.075868731277296 ], [ 445891.8491, 209725.075868731277296 ], [ 445890.3491, 209727.075868731277296 ], [ 445884.3491, 209730.575868731277296 ], [ 445884.3491, 209732.075868731277296 ], [ 445882.3491, 209733.075868731277296 ], [ 445882.3491, 209734.075868731277296 ], [ 445880.3491, 209735.575868731277296 ], [ 445880.3491, 209737.075868731277296 ], [ 445877.8491, 209740.075868731277296 ], [ 445876.3491, 209740.575868731277296 ], [ 445876.3491, 209742.075868731277296 ], [ 445875.3491, 209742.075868731277296 ], [ 445870.3491, 209749.075868731277296 ], [ 445868.3491, 209750.075868731277296 ], [ 445867.8491, 209752.075868731277296 ], [ 445866.8491, 209752.075868731277296 ], [ 445866.3491, 209753.575868731277296 ], [ 445862.8491, 209756.075868731277296 ], [ 445862.3491, 209758.075868731277296 ], [ 445861.3491, 209758.075868731277296 ], [ 445861.3491, 209759.075868731277296 ], [ 445857.3491, 209762.575868731277296 ], [ 445856.3491, 209765.075868731277296 ], [ 445852.3491, 209767.575868731277296 ], [ 445852.3491, 209769.575868731277296 ], [ 445850.8491, 209770.075868731277296 ], [ 445849.8491, 209772.075868731277296 ], [ 445847.3491, 209773.075868731277296 ], [ 445847.3491, 209775.575868731277296 ], [ 445845.3491, 209777.075868731277296 ], [ 445845.3491, 209778.075868731277296 ], [ 445844.3491, 209778.075868731277296 ], [ 445844.3491, 209779.075868731277296 ], [ 445850.3491, 209784.075868731277296 ], [ 445855.3491, 209786.075868731277296 ], [ 445856.3491, 209787.575868731277296 ], [ 445860.3491, 209789.075868731277296 ], [ 445860.3491, 209790.075868731277296 ], [ 445862.3491, 209790.075868731277296 ], [ 445866.8491, 209793.575868731277296 ], [ 445870.3491, 209794.575868731277296 ], [ 445870.8491, 209796.075868731277296 ], [ 445872.3491, 209796.075868731277296 ], [ 445878.3491, 209800.075868731277296 ], [ 445879.8491, 209800.075868731277296 ], [ 445880.8491, 209801.575868731277296 ], [ 445884.3491, 209803.075868731277296 ], [ 445884.3491, 209804.075868731277296 ], [ 445885.8491, 209804.075868731277296 ], [ 445886.3491, 209805.575868731277296 ], [ 445889.3491, 209806.575868731277296 ], [ 445892.3491, 209809.075868731277296 ], [ 445892.3491, 209810.075868731277296 ], [ 445893.8491, 209810.075868731277296 ], [ 445894.3491, 209811.575868731277296 ], [ 445896.3491, 209812.075868731277296 ], [ 445896.3491, 209813.075868731277296 ], [ 445897.3491, 209813.075868731277296 ], [ 445899.3491, 209815.575868731277296 ], [ 445901.3491, 209816.075868731277296 ], [ 445902.3491, 209818.075868731277296 ], [ 445904.3491, 209818.075868731277296 ], [ 445905.3491, 209819.575868731277296 ], [ 445910.3491, 209821.075868731277296 ], [ 445910.3491, 209822.075868731277296 ], [ 445913.8491, 209822.075868731277296 ], [ 445914.8491, 209823.075868731277296 ], [ 445920.8491, 209824.075868731277296 ], [ 445925.3491, 209826.075868731277296 ], [ 445928.3491, 209826.075868731277296 ], [ 445931.3491, 209827.575868731277296 ], [ 445938.3491, 209828.075868731277296 ], [ 445943.8491, 209830.075868731277296 ], [ 445946.8491, 209830.075868731277296 ], [ 445957.3491, 209834.075868731277296 ], [ 445969.8491, 209836.075868731277296 ], [ 445971.8491, 209837.575868731277296 ], [ 445975.8491, 209838.075868731277296 ], [ 445979.3491, 209840.075868731277296 ], [ 445982.3491, 209840.075868731277296 ], [ 445986.3491, 209842.075868731277296 ], [ 445989.3491, 209842.075868731277296 ], [ 445990.8491, 209843.075868731277296 ], [ 445992.3491, 209842.575868731277296 ], [ 445994.8491, 209844.075868731277296 ], [ 446003.3491, 209846.075868731277296 ], [ 446020.3491, 209846.075868731277296 ], [ 446020.3491, 209845.075868731277296 ], [ 446021.8491, 209844.575868731277296 ], [ 446027.8491, 209844.075868731277296 ], [ 446028.3491, 209843.075868731277296 ], [ 446034.8491, 209842.075868731277296 ], [ 446038.8491, 209840.075868731277296 ], [ 446044.3491, 209840.075868731277296 ], [ 446051.8491, 209837.575868731277296 ], [ 446055.3491, 209838.075868731277296 ], [ 446055.8491, 209837.075868731277296 ], [ 446069.3491, 209833.075868731277296 ], [ 446073.3491, 209830.075868731277296 ], [ 446083.8491, 209829.075868731277296 ], [ 446112.3491, 209836.575868731277296 ], [ 446112.3491, 209837.575868731277296 ], [ 446120.3491, 209840.075868731277296 ], [ 446120.3491, 209841.075868731277296 ], [ 446123.8491, 209842.075868731277296 ], [ 446125.8491, 209844.075868731277296 ], [ 446127.3491, 209844.075868731277296 ], [ 446129.3491, 209846.075868731277296 ], [ 446134.3491, 209848.075868731277296 ], [ 446135.8491, 209850.075868731277296 ], [ 446138.3491, 209850.575868731277296 ] ] ], [ [ [ 445973.8491, 209865.075868731277296 ], [ 445983.3491, 209863.575868731277296 ], [ 445998.8491, 209858.575868731277296 ], [ 446017.8491, 209855.075868731277296 ], [ 446024.3491, 209852.075868731277296 ], [ 446010.3491, 209854.075868731277296 ], [ 446001.3491, 209854.075868731277296 ], [ 445998.3491, 209852.075868731277296 ], [ 445995.8491, 209852.075868731277296 ], [ 445992.3491, 209850.075868731277296 ], [ 445989.3491, 209850.075868731277296 ], [ 445986.3491, 209848.075868731277296 ], [ 445978.3491, 209846.075868731277296 ], [ 445975.3491, 209844.075868731277296 ], [ 445972.3491, 209844.075868731277296 ], [ 445970.3491, 209842.575868731277296 ], [ 445958.3491, 209840.075868731277296 ], [ 445954.3491, 209838.075868731277296 ], [ 445951.3491, 209838.075868731277296 ], [ 445950.3491, 209837.075868731277296 ], [ 445937.8491, 209834.075868731277296 ], [ 445933.8491, 209832.075868731277296 ], [ 445929.8491, 209832.075868731277296 ], [ 445925.8491, 209830.075868731277296 ], [ 445922.8491, 209830.075868731277296 ], [ 445920.3491, 209828.575868731277296 ], [ 445906.8491, 209825.575868731277296 ], [ 445913.8491, 209832.575868731277296 ], [ 445914.8491, 209832.575868731277296 ], [ 445927.8491, 209845.575868731277296 ], [ 445928.3491, 209847.075868731277296 ], [ 445929.3491, 209847.075868731277296 ], [ 445939.3491, 209856.075868731277296 ], [ 445941.3491, 209856.575868731277296 ], [ 445945.8491, 209860.075868731277296 ], [ 445959.3491, 209864.575868731277296 ], [ 445966.3491, 209865.575868731277296 ], [ 445973.8491, 209865.075868731277296 ] ] ] ] } },
{ "type": "Feature", "properties": { "mainhabs": "Lowland meadows", "habcodes": "LMEAD", "featdesc": null, "featcodes": null, "otherclass": null, "addhabs": "CFPGM", "primsource": "County Wildlife Site Survey Files 2001 (LMEAD)", "areaha": "1.41", "version": "Sep_25", "uid": "PHID44621785_020985544", "shape_length": null, "shape_area": null, "site": "northfieldfarm", "pid": 20, "method": "grabcut2" }, "geometry": { "type": "Polygon", "coordinates": [ [ [ 446265.3491, 209937.575868731277296 ], [ 446267.3491, 209937.575868731277296 ], [ 446268.3491, 209936.575868731277296 ], [ 446268.3491, 209934.075868731277296 ], [ 446266.8491, 209933.575868731277296 ], [ 446266.8491, 209929.575868731277296 ], [ 446267.8491, 209927.075868731277296 ], [ 446266.8491, 209926.575868731277296 ], [ 446266.8491, 209924.575868731277296 ], [ 446268.3491, 209923.075868731277296 ], [ 446268.3491, 209917.075868731277296 ], [ 446270.3491, 209916.075868731277296 ], [ 446270.8491, 209910.575868731277296 ], [ 446272.3491, 209907.075868731277296 ], [ 446275.3491, 209904.575868731277296 ], [ 446276.8491, 209905.075868731277296 ], [ 446278.3491, 209904.075868731277296 ], [ 446281.8491, 209900.075868731277296 ], [ 446286.3491, 209898.075868731277296 ], [ 446287.3491, 209896.575868731277296 ], [ 446287.3491, 209892.075868731277296 ], [ 446285.8491, 209890.075868731277296 ], [ 446284.8491, 209890.075868731277296 ], [ 446284.8491, 209888.075868731277296 ], [ 446286.3491, 209886.575868731277296 ], [ 446286.8491, 209881.075868731277296 ], [ 446288.3491, 209880.075868731277296 ], [ 446288.8491, 209876.075868731277296 ], [ 446290.3491, 209875.575868731277296 ], [ 446290.8491, 209872.575868731277296 ], [ 446292.3491, 209872.075868731277296 ], [ 446292.3491, 209870.075868731277296 ], [ 446290.3491, 209868.575868731277296 ], [ 446290.3491, 209864.075868731277296 ], [ 446286.3491, 209860.575868731277296 ], [ 446283.3491, 209856.075868731277296 ], [ 446282.3491, 209856.075868731277296 ], [ 446278.3491, 209852.075868731277296 ], [ 446277.3491, 209850.075868731277296 ], [ 446273.3491, 209847.075868731277296 ], [ 446273.8491, 209846.075868731277296 ], [ 446272.3491, 209844.075868731277296 ], [ 446269.3491, 209842.075868731277296 ], [ 446269.3491, 209841.075868731277296 ], [ 446264.3491, 209836.075868731277296 ], [ 446262.3491, 209836.075868731277296 ], [ 446260.3491, 209833.075868731277296 ], [ 446258.8491, 209833.075868731277296 ], [ 446254.3491, 209827.575868731277296 ], [ 446252.3491, 209826.575868731277296 ], [ 446252.3491, 209825.075868731277296 ], [ 446246.3491, 209820.075868731277296 ], [ 446246.3491, 209819.075868731277296 ], [ 446243.3491, 209818.075868731277296 ], [ 446241.8491, 209816.075868731277296 ], [ 446239.8491, 209816.075868731277296 ], [ 446236.8491, 209813.075868731277296 ], [ 446232.8491, 209813.575868731277296 ], [ 446231.3491, 209812.075868731277296 ], [ 446229.8491, 209812.075868731277296 ], [ 446226.3491, 209809.075868731277296 ], [ 446226.3491, 209808.075868731277296 ], [ 446222.3491, 209808.075868731277296 ], [ 446222.3491, 209809.075868731277296 ], [ 446220.8491, 209809.075868731277296 ], [ 446218.8491, 209807.075868731277296 ], [ 446217.8491, 209804.075868731277296 ], [ 446213.8491, 209804.075868731277296 ], [ 446210.8491, 209802.075868731277296 ], [ 446206.3491, 209802.075868731277296 ], [ 446206.3491, 209801.075868731277296 ], [ 446202.8491, 209800.075868731277296 ], [ 446201.8491, 209798.075868731277296 ], [ 446200.3491, 209798.075868731277296 ], [ 446199.3491, 209796.575868731277296 ], [ 446199.3491, 209794.075868731277296 ], [ 446198.3491, 209794.075868731277296 ], [ 446198.3491, 209792.075868731277296 ], [ 446196.3491, 209792.075868731277296 ], [ 446194.3491, 209790.075868731277296 ], [ 446190.3491, 209790.075868731277296 ], [ 446188.3491, 209788.575868731277296 ], [ 446185.3491, 209788.075868731277296 ], [ 446184.8491, 209786.075868731277296 ], [ 446180.3491, 209783.075868731277296 ], [ 446178.3491, 209780.075868731277296 ], [ 446176.3491, 209779.075868731277296 ], [ 446176.3491, 209778.075868731277296 ], [ 446174.3491, 209777.075868731277296 ], [ 446174.3491, 209776.075868731277296 ], [ 446172.3491, 209778.075868731277296 ], [ 446170.3491, 209776.075868731277296 ], [ 446168.8491, 209777.575868731277296 ], [ 446167.8491, 209776.575868731277296 ], [ 446167.3491, 209778.575868731277296 ], [ 446163.8491, 209782.075868731277296 ], [ 446160.3491, 209789.075868731277296 ], [ 446159.3491, 209789.575868731277296 ], [ 446159.3491, 209791.075868731277296 ], [ 446157.3491, 209793.075868731277296 ], [ 446156.8491, 209795.575868731277296 ], [ 446145.8491, 209813.575868731277296 ], [ 446144.8491, 209817.075868731277296 ], [ 446143.8491, 209817.575868731277296 ], [ 446136.3491, 209832.075868731277296 ], [ 446136.3491, 209843.075868731277296 ], [ 446137.8491, 209846.075868731277296 ], [ 446140.3491, 209848.075868731277296 ], [ 446140.3491, 209849.575868731277296 ], [ 446138.3491, 209850.075868731277296 ], [ 446138.3491, 209851.575868731277296 ], [ 446140.3491, 209852.075868731277296 ], [ 446140.8491, 209853.575868731277296 ], [ 446141.8491, 209853.575868731277296 ], [ 446147.8491, 209860.075868731277296 ], [ 446150.3491, 209861.575868731277296 ], [ 446153.3491, 209866.075868731277296 ], [ 446156.3491, 209868.075868731277296 ], [ 446156.3491, 209869.575868731277296 ], [ 446157.8491, 209870.075868731277296 ], [ 446160.3491, 209873.075868731277296 ], [ 446160.3491, 209874.075868731277296 ], [ 446163.3491, 209876.075868731277296 ], [ 446166.3491, 209880.575868731277296 ], [ 446168.3491, 209881.575868731277296 ], [ 446169.3491, 209883.075868731277296 ], [ 446168.8491, 209884.575868731277296 ], [ 446170.8491, 209887.575868731277296 ], [ 446172.3491, 209888.075868731277296 ], [ 446172.3491, 209889.575868731277296 ], [ 446174.3491, 209891.075868731277296 ], [ 446174.3491, 209892.075868731277296 ], [ 446175.8491, 209892.575868731277296 ], [ 446177.3491, 209895.575868731277296 ], [ 446182.3491, 209900.575868731277296 ], [ 446184.8491, 209905.075868731277296 ], [ 446189.3491, 209910.075868731277296 ], [ 446190.3491, 209910.075868731277296 ], [ 446190.8491, 209912.075868731277296 ], [ 446192.3491, 209912.575868731277296 ], [ 446192.3491, 209914.075868731277296 ], [ 446193.3491, 209914.075868731277296 ], [ 446196.3491, 209918.075868731277296 ], [ 446197.8491, 209918.575868731277296 ], [ 446197.8491, 209919.575868731277296 ], [ 446206.3491, 209928.075868731277296 ], [ 446209.3491, 209928.075868731277296 ], [ 446209.8491, 209929.075868731277296 ], [ 446215.8491, 209930.075868731277296 ], [ 446216.8491, 209931.575868731277296 ], [ 446221.3491, 209932.575868731277296 ], [ 446222.8491, 209934.075868731277296 ], [ 446237.3491, 209934.575868731277296 ], [ 446247.8491, 209936.075868731277296 ], [ 446264.3491, 209936.075868731277296 ], [ 446265.3491, 209937.575868731277296 ] ] ] } },
{ "type": "Feature", "properties": { "mainhabs": "Lowland meadows", "habcodes": "LMEAD", "featdesc": null, "featcodes": null, "otherclass": null, "addhabs": null, "primsource": "Feedback from Natural England adviser or specialist 2021 (LMEAD)", "areaha": "0.06", "version": "Sep_25", "uid": "PHID44622185_020969343", "shape_length": null, "shape_area": null, "site": "northfieldfarm", "pid": 21, "method": "grabcut2" }, "geometry": { "type": "Polygon", "coordinates": [ [ [ 446171.8491, 209774.575868731277296 ], [ 446174.8491, 209772.075868731277296 ], [ 446176.3491, 209768.575868731277296 ], [ 446177.8491, 209767.575868731277296 ], [ 446180.8491, 209760.075868731277296 ], [ 446184.3491, 209755.575868731277296 ], [ 446184.8491, 209753.075868731277296 ], [ 446186.3491, 209752.075868731277296 ], [ 446186.3491, 209750.075868731277296 ], [ 446187.3491, 209750.075868731277296 ], [ 446190.8491, 209742.575868731277296 ], [ 446192.3491, 209741.575868731277296 ], [ 446192.8491, 209739.075868731277296 ], [ 446194.3491, 209738.075868731277296 ], [ 446194.3491, 209736.575868731277296 ], [ 446195.8491, 209735.575868731277296 ], [ 446197.3491, 209732.075868731277296 ], [ 446198.3491, 209732.075868731277296 ], [ 446198.3491, 209730.575868731277296 ], [ 446200.3491, 209729.075868731277296 ], [ 446204.8491, 209721.075868731277296 ], [ 446206.3491, 209720.075868731277296 ], [ 446206.3491, 209718.575868731277296 ], [ 446210.3491, 209714.075868731277296 ], [ 446210.3491, 209712.575868731277296 ], [ 446214.3491, 209708.075868731277296 ], [ 446214.3491, 209706.575868731277296 ], [ 446218.3491, 209702.075868731277296 ], [ 446218.3491, 209700.575868731277296 ], [ 446222.3491, 209696.075868731277296 ], [ 446222.3491, 209694.575868731277296 ], [ 446226.3491, 209690.075868731277296 ], [ 446226.3491, 209688.575868731277296 ], [ 446230.3491, 209684.075868731277296 ], [ 446230.3491, 209682.575868731277296 ], [ 446231.8491, 209681.575868731277296 ], [ 446233.3491, 209678.075868731277296 ], [ 446234.3491, 209678.075868731277296 ], [ 446234.3491, 209676.575868731277296 ], [ 446235.8491, 209675.575868731277296 ], [ 446237.3491, 209672.075868731277296 ], [ 446238.3491, 209672.075868731277296 ], [ 446238.3491, 209670.575868731277296 ], [ 446239.8491, 209669.575868731277296 ], [ 446241.3491, 209666.075868731277296 ], [ 446242.3491, 209666.075868731277296 ], [ 446242.3491, 209664.575868731277296 ], [ 446243.8491, 209663.575868731277296 ], [ 446245.3491, 209660.075868731277296 ], [ 446246.3491, 209660.075868731277296 ], [ 446246.3491, 209658.575868731277296 ], [ 446250.3491, 209653.575868731277296 ], [ 446250.3491, 209652.075868731277296 ], [ 446251.3491, 209652.075868731277296 ], [ 446252.8491, 209648.575868731277296 ], [ 446254.3491, 209647.575868731277296 ], [ 446254.3491, 209646.075868731277296 ], [ 446255.3491, 209646.075868731277296 ], [ 446256.8491, 209642.575868731277296 ], [ 446258.3491, 209641.575868731277296 ], [ 446258.3491, 209640.075868731277296 ], [ 446259.3491, 209640.075868731277296 ], [ 446260.8491, 209636.575868731277296 ], [ 446262.3491, 209635.575868731277296 ], [ 446262.3491, 209634.075868731277296 ], [ 446263.3491, 209634.075868731277296 ], [ 446264.8491, 209630.575868731277296 ], [ 446266.3491, 209629.575868731277296 ], [ 446266.3491, 209628.075868731277296 ], [ 446267.3491, 209628.075868731277296 ], [ 446274.8491, 209610.575868731277296 ], [ 446270.3491, 209610.575868731277296 ], [ 446269.3491, 209615.575868731277296 ], [ 446268.3491, 209616.075868731277296 ], [ 446268.3491, 209619.075868731277296 ], [ 446263.8491, 209628.075868731277296 ], [ 446262.8491, 209628.075868731277296 ], [ 446259.8491, 209634.075868731277296 ], [ 446258.8491, 209634.075868731277296 ], [ 446255.8491, 209640.075868731277296 ], [ 446254.8491, 209640.075868731277296 ], [ 446251.8491, 209646.075868731277296 ], [ 446250.8491, 209646.075868731277296 ], [ 446250.3491, 209648.075868731277296 ], [ 446248.3491, 209650.075868731277296 ], [ 446247.8491, 209652.075868731277296 ], [ 446246.8491, 209652.075868731277296 ], [ 446246.8491, 209653.575868731277296 ], [ 446244.3491, 209656.075868731277296 ], [ 446244.3491, 209657.575868731277296 ], [ 446242.3491, 209659.075868731277296 ], [ 446241.8491, 209661.075868731277296 ], [ 446240.3491, 209662.075868731277296 ], [ 446240.3491, 209663.575868731277296 ], [ 446236.3491, 209668.075868731277296 ], [ 446236.3491, 209670.075868731277296 ], [ 446235.3491, 209670.075868731277296 ], [ 446233.8491, 209673.575868731277296 ], [ 446232.3491, 209674.075868731277296 ], [ 446232.3491, 209675.575868731277296 ], [ 446228.3491, 209680.075868731277296 ], [ 446228.3491, 209682.075868731277296 ], [ 446227.3491, 209682.075868731277296 ], [ 446226.3491, 209685.575868731277296 ], [ 446224.3491, 209687.075868731277296 ], [ 446222.3491, 209692.075868731277296 ], [ 446218.8491, 209694.575868731277296 ], [ 446218.3491, 209696.575868731277296 ], [ 446216.3491, 209698.075868731277296 ], [ 446216.3491, 209699.575868731277296 ], [ 446214.8491, 209700.575868731277296 ], [ 446213.3491, 209704.075868731277296 ], [ 446212.3491, 209704.075868731277296 ], [ 446212.3491, 209705.575868731277296 ], [ 446210.8491, 209706.575868731277296 ], [ 446209.3491, 209710.075868731277296 ], [ 446208.3491, 209710.075868731277296 ], [ 446208.3491, 209711.575868731277296 ], [ 446205.3491, 209715.075868731277296 ], [ 446203.8491, 209719.575868731277296 ], [ 446202.3491, 209720.075868731277296 ], [ 446202.3491, 209722.075868731277296 ], [ 446200.8491, 209722.575868731277296 ], [ 446199.8491, 209725.575868731277296 ], [ 446198.3491, 209726.575868731277296 ], [ 446198.3491, 209728.075868731277296 ], [ 446194.3491, 209731.075868731277296 ], [ 446194.3491, 209733.575868731277296 ], [ 446190.8491, 209736.575868731277296 ], [ 446187.3491, 209744.075868731277296 ], [ 446186.3491, 209744.075868731277296 ], [ 446186.3491, 209746.075868731277296 ], [ 446184.3491, 209748.075868731277296 ], [ 446184.3491, 209749.575868731277296 ], [ 446182.8491, 209750.575868731277296 ], [ 446179.3491, 209758.075868731277296 ], [ 446178.3491, 209758.075868731277296 ], [ 446178.3491, 209760.075868731277296 ], [ 446176.3491, 209762.575868731277296 ], [ 446175.8491, 209765.075868731277296 ], [ 446169.8491, 209772.575868731277296 ], [ 446170.3491, 209774.075868731277296 ], [ 446171.8491, 209774.575868731277296 ] ] ] } },
{ "type": "Feature", "properties": { "mainhabs": "Lowland meadows", "habcodes": "LMEAD", "featdesc": null, "featcodes": null, "otherclass": null, "addhabs": null, "primsource": "Feedback from Natural England adviser or specialist 2021 (LMEAD)", "areaha": "0.04", "version": "Sep_25", "uid": "PHID44775356_020931808", "shape_length": null, "shape_area": null, "site": "northfieldfarm", "pid": 22, "method": "grabcut2" }, "geometry": { "type": "MultiPolygon", "coordinates": [ [ [ [ 447757.8491, 209314.575868731277296 ], [ 447758.3491, 209312.075868731277296 ], [ 447760.3491, 209310.575868731277296 ], [ 447760.3491, 209309.075868731277296 ], [ 447761.8491, 209308.575868731277296 ], [ 447761.8491, 209307.575868731277296 ], [ 447763.3491, 209307.575868731277296 ], [ 447763.3491, 209306.575868731277296 ], [ 447775.8491, 209294.575868731277296 ], [ 447772.8491, 209290.575868731277296 ], [ 447769.8491, 209290.575868731277296 ], [ 447769.8491, 209291.575868731277296 ], [ 447765.8491, 209294.575868731277296 ], [ 447765.8491, 209296.075868731277296 ], [ 447763.8491, 209297.575868731277296 ], [ 447763.8491, 209298.575868731277296 ], [ 447758.3491, 209303.575868731277296 ], [ 447756.8491, 209306.075868731277296 ], [ 447755.3491, 209306.575868731277296 ], [ 447755.3491, 209308.075868731277296 ], [ 447753.8491, 209309.575868731277296 ], [ 447753.8491, 209311.075868731277296 ], [ 447754.8491, 209310.575868731277296 ], [ 447754.8491, 209311.575868731277296 ], [ 447753.3491, 209312.575868731277296 ], [ 447754.8491, 209312.575868731277296 ], [ 447755.8491, 209314.575868731277296 ], [ 447757.8491, 209314.575868731277296 ] ] ], [ [ [ 447730.3491, 209378.075868731277296 ], [ 447731.3491, 209376.575868731277296 ], [ 447733.3491, 209376.075868731277296 ], [ 447734.8491, 209371.575868731277296 ], [ 447735.8491, 209371.075868731277296 ], [ 447735.3491, 209369.575868731277296 ], [ 447736.3491, 209364.075868731277296 ], [ 447738.3491, 209362.575868731277296 ], [ 447739.8491, 209356.575868731277296 ], [ 447741.8491, 209353.575868731277296 ], [ 447742.3491, 209349.075868731277296 ], [ 447743.3491, 209348.575868731277296 ], [ 447742.3491, 209346.075868731277296 ], [ 447745.3491, 209344.575868731277296 ], [ 447745.8491, 209341.575868731277296 ], [ 447748.8491, 209335.575868731277296 ], [ 447748.8491, 209332.575868731277296 ], [ 447751.3491, 209329.575868731277296 ], [ 447750.3491, 209325.575868731277296 ], [ 447746.8491, 209324.575868731277296 ], [ 447745.8491, 209325.075868731277296 ], [ 447745.3491, 209328.575868731277296 ], [ 447742.8491, 209334.075868731277296 ], [ 447741.8491, 209334.575868731277296 ], [ 447741.8491, 209336.575868731277296 ], [ 447736.3491, 209348.575868731277296 ], [ 447735.8491, 209352.075868731277296 ], [ 447733.8491, 209355.075868731277296 ], [ 447733.8491, 209358.075868731277296 ], [ 447731.8491, 209361.075868731277296 ], [ 447729.3491, 209370.075868731277296 ], [ 447727.8491, 209371.075868731277296 ], [ 447727.8491, 209372.575868731277296 ], [ 447725.3491, 209375.575868731277296 ], [ 447725.3491, 209377.075868731277296 ], [ 447727.3491, 209376.575868731277296 ], [ 447727.8491, 209377.575868731277296 ], [ 447730.3491, 209378.075868731277296 ] ] ] ] } },
{ "type": "Feature", "properties": { "mainhabs": "Lowland meadows", "habcodes": "LMEAD", "featdesc": null, "featcodes": null, "otherclass": null, "addhabs": "CFPGM", "primsource": "Feedback from Natural England adviser or specialist 2021 (LMEAD)", "areaha": "0.11", "version": "Sep_25", "uid": "PHID44776583_020904426", "shape_length": null, "shape_area": null, "site": "northfieldfarm", "pid": 23, "method": "grabcut2" }, "geometry": { "type": "MultiPolygon", "coordinates": [ [ [ [ 447781.3491, 209065.075868731277296 ], [ 447782.3491, 209065.575868731277296 ], [ 447785.8491, 209062.575868731277296 ], [ 447785.8491, 209060.075868731277296 ], [ 447787.8491, 209058.575868731277296 ], [ 447788.3491, 209056.575868731277296 ], [ 447787.8491, 209053.075868731277296 ], [ 447784.8491, 209050.575868731277296 ], [ 447783.3491, 209050.575868731277296 ], [ 447782.3491, 209049.075868731277296 ], [ 447777.8491, 209050.075868731277296 ], [ 447776.3491, 209048.575868731277296 ], [ 447771.8491, 209048.575868731277296 ], [ 447768.8491, 209045.575868731277296 ], [ 447769.8491, 209044.075868731277296 ], [ 447766.3491, 209041.075868731277296 ], [ 447765.3491, 209036.075868731277296 ], [ 447762.3491, 209034.575868731277296 ], [ 447761.8491, 209030.575868731277296 ], [ 447760.8491, 209030.575868731277296 ], [ 447759.8491, 209028.575868731277296 ], [ 447757.8491, 209029.075868731277296 ], [ 447756.8491, 209027.575868731277296 ], [ 447753.8491, 209029.075868731277296 ], [ 447751.8491, 209028.575868731277296 ], [ 447751.3491, 209024.575868731277296 ], [ 447750.3491, 209024.575868731277296 ], [ 447751.8491, 209022.575868731277296 ], [ 447747.3491, 209021.075868731277296 ], [ 447745.8491, 209023.075868731277296 ], [ 447746.3491, 209026.575868731277296 ], [ 447747.3491, 209027.075868731277296 ], [ 447747.3491, 209034.575868731277296 ], [ 447749.8491, 209034.575868731277296 ], [ 447751.3491, 209038.575868731277296 ], [ 447754.3491, 209038.575868731277296 ], [ 447759.8491, 209049.075868731277296 ], [ 447763.3491, 209051.075868731277296 ], [ 447763.8491, 209056.575868731277296 ], [ 447764.8491, 209056.575868731277296 ], [ 447767.3491, 209060.575868731277296 ], [ 447769.3491, 209060.575868731277296 ], [ 447771.8491, 209062.575868731277296 ], [ 447774.8491, 209061.075868731277296 ], [ 447777.8491, 209062.575868731277296 ], [ 447777.8491, 209064.575868731277296 ], [ 447779.3491, 209065.575868731277296 ], [ 447781.3491, 209065.075868731277296 ] ] ], [ [ [ 447774.8491, 209042.075868731277296 ], [ 447775.3491, 209041.575868731277296 ], [ 447773.8491, 209040.575868731277296 ], [ 447773.3491, 209038.075868731277296 ], [ 447771.8491, 209038.575868731277296 ], [ 447771.8491, 209037.575868731277296 ], [ 447769.8491, 209036.575868731277296 ], [ 447768.3491, 209040.575868731277296 ], [ 447769.8491, 209041.075868731277296 ], [ 447770.8491, 209042.575868731277296 ], [ 447770.3491, 209043.575868731277296 ], [ 447772.3491, 209046.075868731277296 ], [ 447773.8491, 209044.575868731277296 ], [ 447775.8491, 209044.575868731277296 ], [ 447778.8491, 209046.575868731277296 ], [ 447781.8491, 209045.075868731277296 ], [ 447779.3491, 209043.075868731277296 ], [ 447775.8491, 209043.075868731277296 ], [ 447774.8491, 209042.075868731277296 ] ], [ [ 447774.8491, 209042.075868731277296 ], [ 447774.8491, 209042.575868731277296 ], [ 447774.3491, 209042.575868731277296 ], [ 447774.3491, 209042.075868731277296 ], [ 447774.8491, 209042.075868731277296 ] ], [ [ 447773.8491, 209042.075868731277296 ], [ 447773.8491, 209043.075868731277296 ], [ 447772.8491, 209043.075868731277296 ], [ 447772.8491, 209042.075868731277296 ], [ 447773.8491, 209042.075868731277296 ] ] ], [ [ [ 447752.8491, 209026.575868731277296 ], [ 447753.3491, 209027.575868731277296 ], [ 447754.8491, 209026.575868731277296 ], [ 447756.3491, 209027.075868731277296 ], [ 447756.3491, 209024.075868731277296 ], [ 447757.3491, 209023.575868731277296 ], [ 447757.3491, 209022.575868731277296 ], [ 447753.8491, 209019.575868731277296 ], [ 447752.8491, 209019.575868731277296 ], [ 447753.8491, 209021.075868731277296 ], [ 447751.8491, 209022.075868731277296 ], [ 447754.3491, 209024.575868731277296 ], [ 447751.8491, 209026.075868731277296 ], [ 447752.8491, 209026.575868731277296 ] ] ] ] } },
{ "type": "Feature", "properties": { "mainhabs": "Lowland meadows", "habcodes": "LMEAD", "featdesc": null, "featcodes": null, "otherclass": null, "addhabs": null, "primsource": "Feedback from Natural England adviser or specialist 2021 (LMEAD)", "areaha": "0.03", "version": "Sep_25", "uid": "PHID44782577_020910244", "shape_length": null, "shape_area": null, "site": "northfieldfarm", "pid": 24, "method": "grabcut2" }, "geometry": { "type": "MultiPolygon", "coordinates": [ [ [ [ 447817.8491, 209087.575868731277296 ], [ 447815.8491, 209090.075868731277296 ], [ 447815.8491, 209098.575868731277296 ], [ 447816.8491, 209098.575868731277296 ], [ 447817.8491, 209100.575868731277296 ], [ 447823.3491, 209102.575868731277296 ], [ 447824.8491, 209104.575868731277296 ], [ 447831.3491, 209108.575868731277296 ], [ 447832.3491, 209110.575868731277296 ], [ 447847.8491, 209116.575868731277296 ], [ 447851.8491, 209122.575868731277296 ], [ 447853.8491, 209122.075868731277296 ], [ 447852.8491, 209119.075868731277296 ], [ 447851.8491, 209118.575868731277296 ], [ 447851.3491, 209115.075868731277296 ], [ 447848.3491, 209114.575868731277296 ], [ 447841.8491, 209110.575868731277296 ], [ 447839.8491, 209110.575868731277296 ], [ 447838.8491, 209109.075868731277296 ], [ 447833.3491, 209106.575868731277296 ], [ 447833.3491, 209105.575868731277296 ], [ 447827.3491, 209100.575868731277296 ], [ 447819.8491, 209097.575868731277296 ], [ 447819.8491, 209088.575868731277296 ], [ 447822.3491, 209074.575868731277296 ], [ 447819.8491, 209068.075868731277296 ], [ 447818.8491, 209070.575868731277296 ], [ 447820.3491, 209072.075868731277296 ], [ 447818.8491, 209072.575868731277296 ], [ 447817.8491, 209078.575868731277296 ], [ 447818.3491, 209083.575868731277296 ], [ 447816.8491, 209085.575868731277296 ], [ 447817.8491, 209087.575868731277296 ] ], [ [ 447817.8491, 209085.575868731277296 ], [ 447818.3491, 209085.575868731277296 ], [ 447818.8491, 209086.575868731277296 ], [ 447817.8491, 209086.575868731277296 ], [ 447817.8491, 209085.575868731277296 ] ] ], [ [ [ 447819.8491, 209056.075868731277296 ], [ 447821.3491, 209054.575868731277296 ], [ 447819.8491, 209052.575868731277296 ], [ 447820.3491, 209049.075868731277296 ], [ 447817.8491, 209047.575868731277296 ], [ 447815.8491, 209047.575868731277296 ], [ 447815.8491, 209048.575868731277296 ], [ 447814.3491, 209048.075868731277296 ], [ 447813.8491, 209049.075868731277296 ], [ 447814.8491, 209050.075868731277296 ], [ 447816.3491, 209049.075868731277296 ], [ 447816.3491, 209052.075868731277296 ], [ 447818.8491, 209054.575868731277296 ], [ 447818.8491, 209056.075868731277296 ], [ 447819.8491, 209056.075868731277296 ] ] ] ] } },
{ "type": "Feature", "properties": { "mainhabs": "Lowland meadows", "habcodes": "LMEAD", "featdesc": null, "featcodes": null, "otherclass": null, "addhabs": null, "primsource": "Feedback from Natural England adviser or specialist 2021 (LMEAD)", "areaha": "0.04", "version": "Sep_25", "uid": "PHID44785352_020924385", "shape_length": null, "shape_area": null, "site": "northfieldfarm", "pid": 25, "method": "grabcut2" }, "geometry": { "type": "MultiPolygon", "coordinates": [ [ [ [ 447872.3491, 209300.575868731277296 ], [ 447875.3491, 209300.575868731277296 ], [ 447875.3491, 209284.575868731277296 ], [ 447873.8491, 209283.575868731277296 ], [ 447870.3491, 209295.575868731277296 ], [ 447870.3491, 209298.575868731277296 ], [ 447871.3491, 209300.575868731277296 ], [ 447872.3491, 209300.575868731277296 ] ] ], [ [ [ 447869.8491, 209266.075868731277296 ], [ 447872.3491, 209266.575868731277296 ], [ 447874.8491, 209267.075868731277296 ], [ 447873.8491, 209264.575868731277296 ], [ 447870.8491, 209262.575868731277296 ], [ 447853.3491, 209269.575868731277296 ], [ 447855.3491, 209241.575868731277296 ], [ 447853.3491, 209242.575868731277296 ], [ 447851.3491, 209246.075868731277296 ], [ 447851.3491, 209250.575868731277296 ], [ 447849.3491, 209259.075868731277296 ], [ 447848.8491, 209266.075868731277296 ], [ 447849.8491, 209269.575868731277296 ], [ 447851.8491, 209270.575868731277296 ], [ 447851.8491, 209271.575868731277296 ], [ 447855.8491, 209272.075868731277296 ], [ 447856.8491, 209270.575868731277296 ], [ 447859.3491, 209270.575868731277296 ], [ 447860.3491, 209268.575868731277296 ], [ 447864.3491, 209268.575868731277296 ], [ 447869.8491, 209266.075868731277296 ] ], [ [ 447869.3491, 209266.075868731277296 ], [ 447869.3491, 209265.575868731277296 ], [ 447869.8491, 209265.575868731277296 ], [ 447869.8491, 209266.075868731277296 ], [ 447869.3491, 209266.075868731277296 ] ] ], [ [ [ 447853.3491, 209228.575868731277296 ], [ 447853.3491, 209229.575868731277296 ], [ 447853.3491, 209232.575868731277296 ], [ 447854.8491, 209233.575868731277296 ], [ 447855.8491, 209232.575868731277296 ], [ 447856.8491, 209219.075868731277296 ], [ 447858.3491, 209217.075868731277296 ], [ 447856.8491, 209215.075868731277296 ], [ 447854.8491, 209217.575868731277296 ], [ 447855.8491, 209219.075868731277296 ], [ 447854.3491, 209220.575868731277296 ], [ 447852.8491, 209220.575868731277296 ], [ 447852.3491, 209222.075868731277296 ], [ 447852.3491, 209225.075868731277296 ], [ 447853.8491, 209224.575868731277296 ], [ 447853.8491, 209226.575868731277296 ], [ 447852.3491, 209226.575868731277296 ], [ 447852.3491, 209228.575868731277296 ], [ 447853.3491, 209228.575868731277296 ] ], [ [ 447853.3491, 209228.075868731277296 ], [ 447853.8491, 209228.075868731277296 ], [ 447853.8491, 209228.575868731277296 ], [ 447853.3491, 209228.575868731277296 ], [ 447853.3491, 209228.075868731277296 ] ], [ [ 447855.8491, 209219.575868731277296 ], [ 447856.3491, 209219.575868731277296 ], [ 447856.3491, 209220.075868731277296 ], [ 447855.8491, 209220.075868731277296 ], [ 447855.8491, 209219.575868731277296 ] ], [ [ 447854.8491, 209224.075868731277296 ], [ 447855.8491, 209224.075868731277296 ], [ 447855.8491, 209224.575868731277296 ], [ 447854.8491, 209224.575868731277296 ], [ 447854.8491, 209224.075868731277296 ] ], [ [ 447852.8491, 209222.575868731277296 ], [ 447853.8491, 209222.575868731277296 ], [ 447853.8491, 209223.075868731277296 ], [ 447852.8491, 209223.075868731277296 ], [ 447852.8491, 209222.575868731277296 ] ] ] ] } },
{ "type": "Feature", "properties": { "mainhabs": "Lowland meadows", "habcodes": "LMEAD", "featdesc": null, "featcodes": null, "otherclass": null, "addhabs": null, "primsource": "Feedback from Natural England adviser or specialist 2021 (LMEAD)", "areaha": "0.03", "version": "Sep_25", "uid": "PHID44791603_020936693", "shape_length": null, "shape_area": null, "site": "northfieldfarm", "pid": 26, "method": "grabcut2" }, "geometry": { "type": "Polygon", "coordinates": [ [ [ 447943.8491, 209402.575868731277296 ], [ 447945.8491, 209402.075868731277296 ], [ 447947.3491, 209399.575868731277296 ], [ 447939.3491, 209394.575868731277296 ], [ 447937.8491, 209394.575868731277296 ], [ 447937.8491, 209393.575868731277296 ], [ 447936.8491, 209393.575868731277296 ], [ 447932.8491, 209389.575868731277296 ], [ 447932.8491, 209388.575868731277296 ], [ 447931.8491, 209388.575868731277296 ], [ 447929.3491, 209382.575868731277296 ], [ 447928.3491, 209382.575868731277296 ], [ 447927.3491, 209379.575868731277296 ], [ 447925.8491, 209378.575868731277296 ], [ 447925.8491, 209377.075868731277296 ], [ 447920.8491, 209372.075868731277296 ], [ 447919.8491, 209369.075868731277296 ], [ 447918.3491, 209368.075868731277296 ], [ 447917.8491, 209365.575868731277296 ], [ 447915.8491, 209363.075868731277296 ], [ 447915.3491, 209360.575868731277296 ], [ 447913.8491, 209359.575868731277296 ], [ 447913.8491, 209358.075868731277296 ], [ 447912.3491, 209356.575868731277296 ], [ 447908.3491, 209347.575868731277296 ], [ 447904.3491, 209346.075868731277296 ], [ 447903.8491, 209345.075868731277296 ], [ 447902.3491, 209345.575868731277296 ], [ 447901.8491, 209346.575868731277296 ], [ 447905.3491, 209349.075868731277296 ], [ 447906.3491, 209352.075868731277296 ], [ 447907.3491, 209352.575868731277296 ], [ 447907.8491, 209355.575868731277296 ], [ 447909.8491, 209358.075868731277296 ], [ 447909.8491, 209360.075868731277296 ], [ 447913.8491, 209366.575868731277296 ], [ 447913.8491, 209368.075868731277296 ], [ 447915.8491, 209370.075868731277296 ], [ 447915.8491, 209371.575868731277296 ], [ 447921.8491, 209378.075868731277296 ], [ 447922.8491, 209380.575868731277296 ], [ 447923.8491, 209380.575868731277296 ], [ 447923.8491, 209382.075868731277296 ], [ 447925.8491, 209383.075868731277296 ], [ 447930.3491, 209392.575868731277296 ], [ 447936.3491, 209396.575868731277296 ], [ 447937.8491, 209398.575868731277296 ], [ 447939.3491, 209398.575868731277296 ], [ 447940.8491, 209400.575868731277296 ], [ 447942.8491, 209401.075868731277296 ], [ 447943.8491, 209402.575868731277296 ] ] ] } },
{ "type": "Feature", "properties": { "mainhabs": "Lowland meadows", "habcodes": "LMEAD", "featdesc": null, "featcodes": null, "otherclass": null, "addhabs": null, "primsource": "Feedback from Natural England adviser or specialist 2021 (LMEAD)", "areaha": "0.08", "version": "Sep_25", "uid": "PHID44792944_020945548", "shape_length": null, "shape_area": null, "site": "northfieldfarm", "pid": 27, "method": "grabcut2" }, "geometry": { "type": "MultiPolygon", "coordinates": [ [ [ [ 447927.3491, 209459.575868731277296 ], [ 447927.8491, 209458.575868731277296 ], [ 447929.8491, 209458.575868731277296 ], [ 447930.3491, 209456.575868731277296 ], [ 447931.8491, 209456.575868731277296 ], [ 447932.3491, 209453.075868731277296 ], [ 447934.8491, 209451.575868731277296 ], [ 447934.8491, 209448.575868731277296 ], [ 447935.8491, 209448.575868731277296 ], [ 447935.8491, 209447.075868731277296 ], [ 447937.8491, 209445.575868731277296 ], [ 447937.8491, 209444.575868731277296 ], [ 447939.8491, 209444.075868731277296 ], [ 447940.8491, 209440.575868731277296 ], [ 447941.8491, 209440.575868731277296 ], [ 447941.8491, 209435.575868731277296 ], [ 447943.3491, 209432.575868731277296 ], [ 447943.8491, 209422.575868731277296 ], [ 447944.8491, 209422.075868731277296 ], [ 447944.8491, 209419.075868731277296 ], [ 447945.8491, 209418.575868731277296 ], [ 447945.8491, 209416.575868731277296 ], [ 447947.8491, 209413.575868731277296 ], [ 447948.8491, 209408.575868731277296 ], [ 447949.8491, 209408.575868731277296 ], [ 447949.8491, 209406.575868731277296 ], [ 447948.8491, 209406.575868731277296 ], [ 447949.3491, 209404.575868731277296 ], [ 447947.8491, 209403.075868731277296 ], [ 447946.3491, 209404.075868731277296 ], [ 447946.8491, 209405.575868731277296 ], [ 447945.8491, 209407.075868731277296 ], [ 447945.8491, 209409.575868731277296 ], [ 447943.8491, 209412.075868731277296 ], [ 447939.8491, 209422.575868731277296 ], [ 447937.3491, 209439.575868731277296 ], [ 447933.3491, 209446.075868731277296 ], [ 447931.8491, 209447.075868731277296 ], [ 447931.8491, 209448.575868731277296 ], [ 447930.8491, 209448.575868731277296 ], [ 447929.8491, 209452.075868731277296 ], [ 447928.3491, 209453.075868731277296 ], [ 447927.8491, 209458.075868731277296 ], [ 447926.8491, 209458.575868731277296 ], [ 447927.3491, 209459.575868731277296 ] ] ], [ [ [ 447889.3491, 209502.075868731277296 ], [ 447891.8491, 209500.575868731277296 ], [ 447891.8491, 209497.575868731277296 ], [ 447893.8491, 209494.575868731277296 ], [ 447894.3491, 209486.575868731277296 ], [ 447894.3491, 209478.575868731277296 ], [ 447893.8491, 209476.575868731277296 ], [ 447891.8491, 209475.075868731277296 ], [ 447891.8491, 209473.075868731277296 ], [ 447890.3491, 209472.075868731277296 ], [ 447889.8491, 209465.075868731277296 ], [ 447897.8491, 209465.575868731277296 ], [ 447897.8491, 209464.575868731277296 ], [ 447899.3491, 209464.075868731277296 ], [ 447897.8491, 209462.075868731277296 ], [ 447896.3491, 209462.075868731277296 ], [ 447893.8491, 209460.075868731277296 ], [ 447888.8491, 209460.075868731277296 ], [ 447885.8491, 209461.575868731277296 ], [ 447886.3491, 209464.075868731277296 ], [ 447885.8491, 209467.075868731277296 ], [ 447884.8491, 209467.575868731277296 ], [ 447885.8491, 209469.575868731277296 ], [ 447884.8491, 209470.575868731277296 ], [ 447885.8491, 209470.575868731277296 ], [ 447886.3491, 209475.075868731277296 ], [ 447887.3491, 209475.575868731277296 ], [ 447889.8491, 209481.075868731277296 ], [ 447888.8491, 209492.575868731277296 ], [ 447887.8491, 209493.575868731277296 ], [ 447886.8491, 209498.575868731277296 ], [ 447871.3491, 209498.075868731277296 ], [ 447871.3491, 209499.075868731277296 ], [ 447869.8491, 209499.075868731277296 ], [ 447871.3491, 209500.575868731277296 ], [ 447875.8491, 209500.075868731277296 ], [ 447878.8491, 209502.075868731277296 ], [ 447889.3491, 209502.075868731277296 ] ] ] ] } }
]
}
